1838 8324
8721 9475
6167 2879
8607 3795
744 4983
5330 9516
1338 87
2294 6185
4393 9836
2650 1552
9867 6669
4608 9417
7290 4904
413 652
6733 6970
320 4619
8197 7002
8127 6410
6771 9378
1965 3367
3719 4587
6792 4361
1043 5957
7375 201
925 1744
7809 2839
5876 1129
8497 3339
5498 7316
453 3177
5792 4723
8205 6640
6223 9792
6080 9279
4706 7149
5874 2500
4161 6053
9667 5587
2857 4798
6609 3567
6951 3598
8781 5480
2899 8359
7291 8625
7385 4721
7987 8348
8914 1362
836 4949
1681 5436
6040 5272
9370 1299
6019 1119
5693 7289
5909 6396
896 6872
5119 8048
8666 9100
8642 6629
4268 4411
5731 7054
8042 4129
9546 7705
7479 2300
5306 7118
6319 8945
5627 6520
1085 8905
3411 3468
5373 3163
2419 458
4860 9303
9725 8575
9643 3532
8900 8804
6803 231
5787 5239
2562 8042
7008 3477
1523 1508
3298 9312
3612 818
28 738
4433 5602
7478 4783
9558 8111
9281 5568
6929 9118
304 4033
1102 6916
4950 1672
9292 2834
6170 2112
8676 9630
4791 2786
2282 3311
8608 6591
5373 4116
6977 5101
5576 4018
4864 9579
7835 2121
3138 274
1891 945
5146 714
6661 5926
1437 7734
1419 3805
5745 9885
3925 3026
5812 8566
3473 560
8376 5727
6453 2028
4988 3834
6488 8702
7398 2565
8880 9900
4956 3652
7607 245
3649 957
5287 8983
8141 3024
8612 3342
6230 7601
7289 1482
3674 3587
6522 5611
5519 7075
7736 4236
8833 6350
2228 7481
7658 3056
1563 9774
3729 8042
9647 3901
1113 1759
8710 1051
5641 9691
6395 1624
5964 49
3587 8746
5375 127
2650 7813
3112 8016
8988 9193
5446 2750
2287 1079
5603 2833
2557 2113
3765 9401
2624 1758
7348 4100
4342 3494
2583 7372
8772 4896
4839 9136
9639 6422
5653 989
8085 8257
9031 2745
9858 1543
7869 6205
3359 109
8066 2092
7452 6554
1566 8852
6510 8347
7272 9407
8076 812
825 5494
4355 649
316 755
7658 2786
5633 2514
7888 1044
3489 2692
6417 42
6251 3663
6983 319
397 6133
9180 638
9791 8206
5310 3672
8137 389
8924 7969
1252 8845
6525 9272
5406 3166
4992 5825
2983 6240
205 1937
7640 2338
3002 3333
6628 600
7674 7920
5431 143
9937 4399
7307 3981
1410 538
3209 4538
25 8249
9356 2437
6740 3984
4225 4389
7452 5849
955 8909
9137 5164
5219 8506
7716 9870
524 5164
526 4116
948 8238
2317 7458
8087 9028
1472 2820
3982 7409
6775 7927
532 3026
3773 7237
5865 427
7234 8668
2592 171
7089 1386
3347 6798
9712 3800
3286 6239
5638 2415
2713 5320
1239 987
6183 2536
7178 3802
4235 7631
2395 8897
3266 5593
557 8924
5707 6836
7943 2944
2875 7824
1263 5567
5438 4211
133 8774
5815 8198
6614 5142
8697 6703
4001 4062
1438 1419
4565 6529
5332 2632
1433 8105
6744 3644
8838 1176
6122 6662
6095 807
3328 4271
6817 4125
9751 2556
5653 3949
7859 4163
6706 6381
1592 1512
2207 9486
8449 3731
1174 6797
7150 2447
9764 4821
8939 8129
5101 382
5434 7251
8909 2646
1859 8748
2393 7658
6258 9934
260 6146
1998 5020
3614 6823
6154 7494
9942 1169
8149 6034
9888 9105
924 7897
7249 7543
6414 4763
7815 5793
3568 6016
1974 1521
471 4428
557 7274
1059 6541
3303 9735
956 6932
2878 5992
5780 5006
8393 153
1691 4814
4118 1729
2450 7785
3923 500
135 8078
5126 1701
9599 7904
9805 3628
5506 4929
9536 8384
6399 412
6706 4321
2896 4607
5334 9076
4729 5252
4845 6668
4266 9834
3454 7329
6260 1285
3567 8976
2872 4830
9424 8911
7755 7224
7095 8267
9398 177
4581 2704
8233 1153
2920 276
5455 6722
458 7488
7005 9323
9062 12
8501 5307
9706 9974
4615 7583
2568 5039
5446 7776
3031 9906
5448 8476
7319 338
375 7199
1458 2175
7510 6301
5693 3012
3293 7087
6478 8624
3461 3512
4983 2575
4959 5715
720 532
7598 1659
5219 2101
8213 5158
5489 8595
5035 5183
9458 1397
5563 6623
2250 2976
5352 5687
758 2277
734 7036
6374 7463
147 7183
6981 2631
9661 3912
803 238
5197 9086
2547 822
1257 6918
8320 9285
8679 6790
1947 4999
3780 3173
6128 1464
6677 7473
2855 8427
5093 1787
8886 6553
1374 4083
2499 3033
2211 1292
9990 7096
489 9660
6637 1142
6309 1203
4906 7533
1408 3557
4871 3438
1752 2805
3258 7369
6640 4079
1859 73
8872 1682
3522 2299
8343 9049
5477 569
1892 1877
9935 9639
1284 9241
9429 9304
4670 2065
2562 6574
9035 9519
9258 6876
2841 5603
6363 6346
5518 6151
6063 1413
6153 9972
1518 5040
9924 8149
7105 8507
1670 8598
1201 814
53 9480
8766 9938
8488 5700
1355 8332
5338 8985
4615 231
827 4500
2855 6941
1009 7211
6446 9169
4349 198
9854 8396
8056 570
1944 9683
5563 787
3664 3697
5005 5630
9868 8790
4647 1520
1611 6363
6692 5559
4642 3393
9988 2459
849 6918
3568 6495
2693 1923
7319 2826
5814 4852
5287 8413
6801 1956
8520 7393
8320 1925
8642 6142
1348 8633
1886 7178
5445 4321
5130 6460
7408 3791
7510 1708
8447 489
4556 1529
1831 7165
4781 7702
8251 8027
3301 1058
7661 8804
2368 2338
2197 8301
6519 7389
5706 6640
4995 2068
4157 2703
626 445
2757 2165
7494 7099
7972 6523
5546 8747
4281 9924
385 7772
207 3894
9927 1084
2211 9445
7913 2092
5491 830
2528 175
721 1405
4248 9380
7894 2075
5455 7245
4308 6215
5656 8684
6052 2384
9631 3177
9694 5468
6088 7554
7431 5032
7136 992
7589 4109
9461 7953
989 2459
4401 7032
9917 1445
8145 2029
8470 8088
1413 1554
449 4761
4672 1123
3251 3210
3870 8745
9259 8985
6949 4763
3656 7478
3061 8897
3719 2606
1849 1495
3017 9064
8559 6587
3924 7804
8692 7139
3504 6747
3720 1357
5330 9775
6449 549
485 4944
6460 6684
8868 2991
4110 3979
4 6963
5816 6789
2014 6973
9897 7553
9482 4794
1405 5068
9015 4486
3619 8058
7368 535
2237 6101
4376 8797
9761 9076
4046 1155
6796 2953
2139 5362
4549 5239
8336 7747
4047 6813
1277 5663
9545 6596
5333 1189
4560 7713
6557 6774
2100 7623
2514 1953
9367 1084
7930 8998
6562 1494
6466 8905
5794 9026
2679 2390
9839 2897
7905 843
2109 8368
6409 7334
6700 3826
7228 4475
4778 9068
4343 4546
5513 1788
3138 4396
4458 8167
6697 6224
7192 2174
5173 3942
2754 8988
3482 5166
2752 239
2297 5774
7383 2272
5126 6071
5191 2129
6100 4882
6865 3202
6828 3469
8998 9791
44 4092
9355 7994
860 5421
3577 3216
5099 4924
593 6491
3560 7344
3676 5428
4158 9840
4928 2098
3015 7142
1486 4579
1745 9534
9384 2806
7245 4842
6305 1155
9732 2902
7741 3112
6276 6306
231 1185
5433 5106
3969 7874
9143 6222
2998 2132
6674 2806
4268 8122
1072 9718
9333 2558
4359 4658
5252 1853
641 6030
7180 172
7390 7709
8340 9094
1768 6772
567 1299
5857 3161
2265 8806
9384 9805
3427 8787
955 7204
8111 9243
6167 7309
4943 8837
8234 9618
4312 795
9481 9662
8060 7102
6814 5269
6501 5479
6202 4917
9245 220
5048 1351
2618 7210
4769 8002
4631 6309
6524 3244
1310 6586
3981 6094
5618 5452
6862 6483
4184 4371
6652 2348
8005 6030
8824 9875
2338 7552
1118 2730
637 4526
7714 8368
7818 5940
5430 9919
1334 7023
5944 7461
7292 7082
6648 6508
9040 4664
200 5192
5112 5610
4684 9469
763 5790
7424 251
913 645
7753 9207
9818 6847
6723 8567
732 1733
2282 2473
6564 9331
2565 2304
3789 6720
6636 8956
4942 2939
3338 6022
3085 3380
2237 2309
9249 9316
9178 2783
726 7034
5134 3232
490 4978
6480 5888
5220 4052
2546 6036
2004 9143
2262 6771
7797 7424
6956 4659
3919 6139
4633 6704
6826 1540
8836 3016
4396 8883
5611 6822
6131 5490
2450 2376
3663 7708
2203 7807
1014 7363
8081 7748
7019 5150
2078 6226
8073 1021
5053 627
1321 5963
7946 2378
1299 1647
9429 7322
880 5183
7061 5361
5374 3297
9785 3221
8686 3631
2346 7626
4135 2359
2700 6460
4909 3564
163 7711
2396 4012
1122 7073
990 303
6223 1017
7916 5497
3555 9678
3697 3116
509 5910
8762 5517
3254 6650
7738 5857
7855 9490
6682 4403
3110 7106
542 3189
7880 8112
4002 4833
112 8945
2323 4859
8126 864
3834 2981
5410 9802
3379 7886
4263 5929
9884 7656
2846 5610
3737 9572
6335 7165
404 1725
8964 6697
5089 3469
7937 5097
5616 3808
9099 9767
4348 8659
8009 8755
7952 3432
3800 7985
7465 7817
4856 3852
6023 3703
3028 6091
8749 6446
5759 9310
7751 9894
8297 6228
507 2873
6450 4557
3593 9244
7397 7975
8652 844
5173 2215
1666 2278
4870 8166
7096 2882
1618 8342
8783 3101
6876 1375
6891 3778
3201 5674
8601 1589
3834 4905
5584 6732
9134 9889
5073 2569
8405 21
2985 8648
4711 9856
6069 2130
5682 8830
2436 5356
3595 408
4984 7551
267 1403
6790 8596
2059 8852
1758 8044
9275 8634
9844 1641
619 1415
8892 5021
6061 4084
5461 2061
1265 833
9436 1889
8672 846
6993 9963
6709 5528
342 2289
8645 9875
6644 3801
6175 9792
4696 3088
7391 8140
907 8502
4236 8598
7615 7018
8449 4330
6741 4270
7913 5438
1291 2039
1539 8536
9826 8723
6101 5930
3550 1654
5741 1051
2615 1955
5283 4275
9165 8868
8106 2035
5240 5767
1285 3199
7101 1925
7782 6585
6460 7839
4562 6635
9334 3495
736 6753
173 1768
6016 4753
7603 83
280 9831
1460 5720
4394 7601
6784 3213
5553 7875
4944 1198
8890 2664
714 7777
4944 3623
7632 6676
7567 6126
9298 6294
4026 4829
4676 1918
4728 7553
7882 5628
3689 7755
8511 1339
167 8620
9557 5983
8888 9120
1575 320
9215 677
5659 7171
2050 5638
8003 8322
5350 664
5090 5351
7590 1120
7851 8746
7155 2974
6661 8772
8629 6875
9756 3360
6640 8203
2273 7997
9250 1710
7073 4322
9160 4281
3955 3231
3344 7499
3034 1083
4410 207
5386 3487
6664 4430
5160 6655
7908 6301
7898 1200
9344 1434
1982 523
5096 2447
4279 7068
7780 7617
4305 7223
4937 200
8246 5624
4112 6602
6777 4197
6622 2406
4159 2338
5314 6842
5661 2193
4734 6642
2221 2436
125 8238
8090 8416
6130 7758
1387 1200
5313 8828
4717 8979
8887 8406
4136 9827
499 1271
6131 3779
2472 7426
7652 5940
3403 6266
5520 1860
2407 6992
176 2915
5600 3065
4804 6003
5860 8779
8097 1596
6653 197
4775 1498
7780 1369
7230 7380
3023 582
6654 8153
6507 4390
8941 9624
6325 5792
3794 6444
2530 5227
1353 7634
3726 7537
9328 6089
9729 891
2526 1077
8414 8126
6691 7760
4053 8658
2235 3166
3560 2027
9980 9915
1435 4502
830 7811
52 6418
842 7613
962 8920
5275 9749
8714 7560
5698 1669
3165 5569
21 415
3189 4477
8071 3033
9470 1831
8659 3430
3313 602
4562 9133
8908 2279
2556 6296
7197 9282
4539 1979
8461 2842
874 1359
7610 7635
2653 8794
2668 4898
6651 6429
3785 4548
9349 5546
1843 3851
2090 127
6159 4790
4371 3284
6370 4268
4010 7900
9316 1269
8168 2827
8118 7589
4219 341
6799 5798
7686 8975
7266 8001
434 2596
6347 2040
3811 8310
6761 8531
4773 479
4726 5861
1861 2914
4112 3178
6476 851
108 9311
9782 8496
2241 894
8337 1787
8527 9957
6257 3621
3235 9330
7168 9656
34 9037
3635 9456
610 1122
9191 3672
5496 3113
9834 1341
4748 4900
4535 7825
1338 4276
4041 1950
4273 5465
3184 2788
4638 6628
5298 8849
6355 5354
88 2252
7344 9319
4873 4798
3203 684
821 4782
6652 1496
2039 7240
6665 4718
4477 1241
2353 1800
7540 2537
2988 3288
5821 1701
2079 1063
9180 1512
9318 8380
4383 1925
4633 346
1163 532
6161 3478
4833 3014
1284 6116
3616 3159
8827 8989
9301 2992
5029 943
5549 6229
3349 2689
3563 6289
8471 7073
4564 6396
3968 7965
1767 3559
4242 330
2715 6404
4542 148
209 7028
7940 3714
7561 7870
2390 5189
8448 3945
3260 6957
5878 631
1536 1848
8158 4590
249 4600
9470 2899
5861 8640
3558 5349
7615 3163
4990 4564
4368 5560
4024 4844
1009 1846
101 1810
8127 9192
6836 8009
2327 7414
9700 6833
6769 4256
1178 8173
874 1567
7582 9216
9193 9561
1104 7636
3811 3840
7112 2390
5017 6217
9627 9761
7615 2324
9385 1893
7144 7277
3219 2196
8365 5149
1259 6857
5276 3341
2196 5429
7149 4297
3256 6007
1344 4253
5655 4439
8882 799
1981 192
2111 3016
9581 7208
6113 1552
2137 365
934 5477
1364 3133
4047 7272
1822 4290
7541 6196
9118 72
3719 5867
7039 6637
2254 5919
3713 3860
5233 4282
3168 7349
6340 7819
4130 6788
3803 4990
105 9245
2013 9894
2440 4169
4372 8281
643 7808
7696 1192
9551 2251
5675 6794
5672 8772
4359 1908
5457 5645
6436 6087
9046 4265
766 7381
5502 9723
9074 3105
8812 7993
369 8003
5765 8796
7726 8309
284 1543
7009 3630
1480 7714
286 9880
1655 1618
1951 8207
540 5862
6494 2632
3827 8304
1359 1899
3142 7022
2634 6047
824 9605
4838 97
638 5737
3393 1953
7070 5627
3292 7161
8639 9568
3187 7402
5408 3561
1915 516
4132 2388
9155 1298
2875 1759
7085 7280
3837 3876
2358 5211
1311 2373
2305 7139
3815 9285
3538 7503
1308 7105
7925 5133
8023 5273
991 9748
6182 47
6717 9816
3167 9259
2617 7257
9650 1096
7563 8377
1959 2063
2635 3528
9766 6686
8996 6862
6325 7780
9732 5956
8172 1148
7041 2991
5604 3651
1878 6522
8270 4567
538 3566
945 79
1441 1809
3275 8369
396 4185
2584 4116
3676 6299
4272 3842
9604 8165
5915 2745
3020 2308
6464 8991
322 2610
8795 3344
3675 7087
8668 822
2119 6939
5580 6643
2114 3918
2203 7421
9734 4004
2277 3622
862 7096
851 1543
6742 4700
2365 9817
7710 5554
9933 3344
5725 3915
5343 6837
8034 4521
9092 3406
6406 7794
9526 2028
1341 548
8502 9552
8012 6383
7089 9978
8516 1508
9009 8816
7276 8520
4911 6680
6813 4756
2823 6050
998 2077
5204 517
3856 3723
8634 9669
8204 872
2114 8077
1513 7494
8368 334
1762 4557
5520 3876
67 8657
3311 8561
4411 2908
3478 9145
2157 5565
8785 7818
9234 4828
1678 8277
3289 7272
6177 8333
1918 1951
8580 875
8904 9834
3132 9532
6955 8323
5175 3592
8174 4212
8449 5759
2184 7981
4597 2481
5204 1872
7809 3722
7571 6173
5522 7769
496 8277
6158 7404
5182 4062
9281 6154
4574 1106
2847 412
3821 7812
7897 5657
3002 8464
2090 8828
5701 1950
3969 2644
9827 755
6377 6312
1822 6563
7379 2773
8538 3671
7733 725
354 3654
5516 1741
9776 4004
5085 9332
4843 52
6842 8091
4107 363
4880 1246
968 8675
60 2757
400 9704
1182 3543
600 1363
6837 1868
8074 1792
4586 1932
4476 590
9193 1833
1345 9666
650 3895
473 9320
2846 852
6820 5800
3749 6183
9635 7233
7052 4089
5359 4452
7011 7962
9827 3888
2509 2402
532 2181
1793 710
4274 2679
5325 5474
8902 6721
6394 2201
6139 5683
1098 598
489 4554
4958 589
6988 1547
708 4980
2547 8267
7118 8024
4997 8622
6974 6989
2286 5194
5085 1973
694 9447
3083 6860
2851 6229
480 9854
7909 6394
3329 9845
4735 9607
574 5939
9318 7318
6169 6025
865 8066
8833 8754
4752 8066
4508 5423
2218 8291
4467 8175
1998 9633
6855 7274
9723 9074
2865 762
4859 7360
5719 9751
394 7937
3739 6542
2772 9141
9741 6045
172 6587
721 3741
330 8815
7323 3596
9484 4036
1175 8183
9101 5082
1269 4128
5618 8316
9985 9218
2929 6521
9745 9854
5773 5453
3719 6400
8892 1276
726 9715
73 4218
6738 8238
4565 2218
6480 8778
201 177
8044 2928
9590 2021
2698 820
4157 3175
8436 8728
2651 8250
9554 510
172 7056
6103 9039
9729 4832
2648 5041
7084 8517
2871 2631
2167 5206
3886 1883
6900 4141
520 6817
4815 7911
1081 40
9008 8791
3677 9170
5661 471
4990 7005
6492 7180
2783 8589
598 6964
7349 6136
9735 799
8086 9870
3202 1111
41 1523
7858 7038
125 1179
8347 6499
6342 3313
2686 7616
3137 4467
9675 8338
7625 8925
161 886
5314 3024
2417 1901
2963 5039
177 3131
9505 8662
2444 9714
3686 5176
2022 5462
9520 6323
5758 3037
6885 2226
8044 357
9061 7647
4009 8881
2312 7570
9854 3794
3478 411
5317 206
5685 5048
9244 3215
3789 5091
6392 7402
4488 108
4629 7531
5429 222
9419 3114
5643 9536
749 5596
7386 4538
8156 3832
9038 8754
4536 3251
6269 5426
1846 8235
8127 8632
1676 2493
1806 9194
1689 5492
4931 6147
179 4015
8687 4719
7320 9885
9835 9135
7030 4615
8263 3209
9958 842
9487 5391
3234 6591
9036 3610
504 297
1478 3218
6566 267
2199 3597
2981 5139
2411 9027
8115 6279
7572 393
7720 7626
985 2370
3354 6667
830 9086
7788 5595
4719 2653
3841 745
2231 8453
2510 9115
8829 1548
7006 9275
9197 8882
2159 3116
8901 3805
7497 2151
2710 1523
6191 2742
1482 5934
3262 2972
4101 8655
434 8656
8499 7634
7352 5172
641 9881
7150 3718
5016 9911
2391 3634
5668 4652
1643 9586
9748 7928
1674 2243
6345 4286
4721 5685
1393 6918
6949 2222
9405 8015
3821 4972
7150 8735
2076 3446
2607 4744
1163 909
9388 9066
8854 9060
4064 1919
2701 2281
4636 8822
5722 9615
7651 4255
498 329
3586 5920
5300 2933
9885 7186
3551 7299
7893 5931
4225 1793
5125 3176
4953 6053
4268 1399
5182 9221
8965 2015
4968 2550
2273 4092
6460 6239
6855 1467
8646 617
8161 3662
1263 5413
9656 1036
7933 4042
874 3576
9290 8186
9751 8844
140 9328
4460 1459
2275 6137
6566 6000
9250 2524
9000 5998
6181 3750
5544 436
8161 54
5315 5540
5673 8946
8257 8785
3180 1957
627 3019
9803 2853
8169 8585
2040 7525
9744 6513
795 5764
1304 4246
7054 4031
2068 5007
840 1946
2139 4928
1927 6726
1035 4408
3942 224
5725 1078
2734 2326
2163 8840
4953 8391
3022 5121
3489 3189
2061 2230
7879 4921
4831 9094
576 7684
3193 5876
9130 9678
708 7666
3452 4813
5821 9387
971 642
5520 9149
3369 8355
1903 2050
9159 7777
1115 106
76 4855
9334 9335
7470 3406
239 2403
3068 8430
5836 2672
5198 9845
1430 6686
2276 4317
830 6452
9628 3214
6446 5212
8927 2512
3242 4222
4267 106
1060 6470
3883 9900
9391 5380
5105 277
6060 4289
3302 3858
4640 1865
361 2324
5223 3801
4339 9069
9617 693
1916 9974
2298 1414
8262 3072
7896 463
6358 3269
1405 2171
4051 5914
6876 1973
8215 5076
3625 5812
5010 6259
1305 3408
350 47
9193 1589
6430 2110
9322 3875
1007 2656
5097 831
7984 5335
5533 3194
2414 838
8618 6764
6920 100
4034 4525
7234 3469
7723 8384
9476 2038
8028 8140
6962 8427
4369 6152
55 4774
29 9090
8794 334
2399 9740
2115 3802
6350 6659
647 3072
270 5725
9214 1647
2468 6383
1270 2293
2630 4297
2161 1230
1963 1279
649 6170
6962 148
8579 441
9103 7173
8769 7509
9136 7455
9378 780
2062 3182
804 1177
9710 2323
1754 5918
5255 2928
9192 2544
2254 5860
7067 6127
9964 8590
342 5793
9330 8895
5670 7386
6403 8337
5239 3753
8943 1918
5504 2434
5249 158
8970 6755
526 6976
7150 6070
973 2612
3371 4722
7414 1187
551 5550
1635 5132
5981 1875
1507 2284
2293 909
2589 8265
6241 3790
6370 2027
483 7487
3467 1368
5980 1684
5330 2538
4383 138
668 7150
8036 1871
2771 5644
5705 4574
9954 190
8275 1718
8106 2336
546 8199
3026 2258
898 904
7755 188
3518 7143
7121 1039
4927 2238
1501 9764
2770 4606
1447 4195
2039 6043
8185 1954
3349 724
3743 5736
1164 1981
251 4813
1586 6939
6405 64
1295 3611
2863 5252
9284 8479
4934 9400
3094 4582
308 3170
7401 6279
3827 2551
8935 9754
7836 2313
5360 2099
1469 3774
9755 6779
985 6601
6618 8541
1802 1591
4331 122
5313 6615
4731 6346
8590 8279
9462 9104
411 1672
1273 4152
4770 9181
3369 735
1888 2693
4860 3727
5009 6403
7188 822
5850 5126
7500 6066
2213 6010
9035 6075
935 5066
6102 3341
6734 5487
8402 8816
966 554
9703 6886
7307 522
3824 8976
6168 1979
7550 3149
1102 5579
7100 6832
5040 3674
3134 3933
8411 798
6563 8289
8563 8431
2985 859
4617 69
4351 2010
7352 925
613 3108
3951 7346
736 831
7785 8702
7323 5984
4648 1948
2311 5183
736 6856
9106 3267
1983 2406
3765 847
7946 4796
9880 1176
6627 3757
1856 9922
3799 4963
9817 3542
3059 9464
5566 1650
6055 6257
309 3565
6867 8904
4392 7813
8718 212
414 8215
3157 7687
3096 6266
5504 1588
6423 6841
2704 2219
2010 7707
8501 9730
3925 1505
3580 2097
2526 5467
4086 9370
385 1367
1779 1140
1476 839
685 6323
1908 1422
1586 3429
9854 7222
7065 2107
2682 5553
2229 6290
3313 6907
8599 2989
7439 4280
1789 5729
9379 6047
953 4444
1348 6802
1069 8419
4110 7673
3570 3159
7354 5066
4488 1107
1995 7016
4120 1573
6501 4373
4373 4758
7160 1092
8336 4888
9226 6512
1019 3163
898 5810
8181 348
544 6051
9156 6538
5707 3663
3073 1782
1619 114
1533 3398
4580 7762
578 7094
5100 5640
644 1597
4115 6652
8966 839
2233 2716
8777 7236
574 7048
4238 252
4715 1069
1245 9053
1982 5709
7966 8035
6066 6663
5189 4146
429 6505
5739 2435
4259 3166
9303 5817
3863 4997
7371 3774
6370 736
5915 6671
3100 6437
2264 8497
7975 229
1450 655
9580 1638
4973 6289
2493 624
6866 4554
2713 0
599 9534
4334 7436
8193 3886
1480 9908
3604 3138
3544 9041
2373 9890
1456 8317
407 5808
4026 2782
5793 7669
8152 912
5233 9079
263 5134
5018 3779
6461 7293
1193 4829
337 3781
518 1938
3609 8061
8085 1366
4110 1314
4971 9662
5709 1140
6334 1292
9559 605
7158 2083
679 4142
3232 7830
3875 5607
7953 8449
8348 9203
1622 8675
2368 3214
9034 663
1087 9284
1362 1694
3722 2872
8002 6666
8183 4573
7058 1977
7297 5524
7691 3644
5613 2179
12 7603
3607 1278
9673 5767
7291 2085
9650 9572
1183 4346
6706 945
525 6349
3534 4398
3343 982
9645 8344
7763 6126
2935 9947
7534 8522
9654 4421
8893 2132
7097 6707
358 6856
4904 10
9549 6489
1985 6900
1282 9038
4017 1110
1400 6252
1646 5178
3313 528
1185 2205
4900 3833
9681 3366
1057 3568
6410 610
2379 8486
5517 8425
4388 552
5249 718
2055 9265
9303 9400
7246 8060
987 1384
3043 2101
3222 214
5988 2635
4624 780
9535 4947
99 1583
7997 4284
7275 9638
3100 9259
6474 5736
9205 6803
9256 1702
4716 1522
2839 7698
9605 8731
9364 3627
7139 4475
3994 6070
2555 2410
2416 75
6072 561
3699 4937
7944 6178
4398 6150
6212 920
1717 7334
9341 9964
7138 807
945 9089
8022 6104
5596 796
9649 5444
9179 3524
9069 1807
8300 4930
4517 3323
2082 3525
8851 5943
1381 8869
5254 6117
3238 6577
3666 3927
5983 4455
8450 4005
1753 2464
6024 4797
4983 1462
1813 3335
16 3234
9364 2164
5690 2230
1201 9187
5138 1492
9192 5183
760 8489
4471 9833
8614 1034
4421 6653
1089 5881
3612 9427
9833 7396
6817 4117
8059 554
5445 3752
9077 906
2164 4841
8745 7723
2394 7013
5947 5010
7973 3972
9125 8307
1270 8436
7866 2775
3457 3086
7462 6837
7444 1270
4500 7777
9333 4660
3178 238
2771 1434
383 2577
2478 1682
2397 2435
3571 3830
3266 5203
6656 1867
4720 3990
6230 3914
8675 7403
5275 6284
2850 9104
191 5266
7567 1866
6775 9470
9306 6757
1797 5650
2114 4457
2313 7347
1370 6789
3712 9353
2538 3930
2395 8118
1388 5334
8267 4400
8999 9772
8439 2381
4474 9581
2320 6858
8190 1653
7148 152
2557 9428
1630 1828
6145 7623
9527 3905
2164 5266
4294 5427
5239 701
8011 667
9551 1688
7161 3066
8890 9452
5385 2036
6752 4496
1403 8243
4180 2021
8936 7909
7752 2478
9683 4867
3968 1423
8510 3854
2800 4737
7624 6184
5599 2063
7076 3676
140 192
3717 7596
5967 2065
8213 421
281 7358
7365 3521
7701 5757
238 2152
5856 6968
9991 4068
7988 133
8560 6112
2960 6483
4458 6283
5444 9635
8777 8143
9111 5953
3586 2441
6235 9485
3486 7556
4953 4234
6977 2711
9190 5539
3060 263
4535 9205
958 7978
9201 1165
305 2442
4601 2958
9073 817
762 9678
6271 7271
1397 447
8724 6246
7602 3205
4777 1638
8916 889
2259 7530
9435 121
5516 1397
5555 57
1260 8154
5658 6394
4551 3200
1071 1765
911 1406
1110 357
4554 5864
8952 8206
4399 9222
9815 1038
2330 8126
6142 5614
7183 7917
3399 9140
4731 4151
8935 2649
8006 8248
148 7746
916 1638
1286 1661
7339 9494
7899 5130
2894 9079
133 2675
6408 1230
6974 4266
2485 1951
8076 6493
5578 8309
447 1304
3061 1919
4758 7304
6703 248
418 6967
7965 6576
1603 1321
5670 3948
5534 6546
5839 5190
4928 354
3970 7922
8348 5438
6797 8063
240 715
2743 326
5366 5785
3245 7523
2822 1227
4299 6861
7673 6831
7718 3763
2616 6350
901 4100
8850 6161
3248 427
3405 4109
2833 9478
7172 4845
6328 8865
9279 2091
6506 4260
2145 523
5001 6470
3450 1780
4158 2939
5852 4636
4355 3713
1898 4591
829 9796
9500 2155
4567 5929
8128 6539
5818 6461
7755 2925
3048 8106
1309 6850
1048 9554
5027 5618
539 3131
1557 1802
8573 344
8239 8211
6359 944
718 6976
4162 1342
8896 2132
7270 4196
4381 3437
6272 9212
2453 2417
8177 4364
8943 6819
2867 5157
7601 9986
7064 968
3901 3103
9563 902
5800 7736
2039 4275
6694 4790
1558 8486
2673 4559
7105 7536
4361 153
9095 1526
1413 9148
5753 9228
4087 8995
6002 6976
1998 399
9955 257
6613 935
4508 7274
5545 7359
6599 3934
4215 4356
3183 9985
6308 4450
5086 593
934 6978
4547 704
9487 7044
2306 6831
363 9797
1958 9800
6127 2844
9282 2568
9697 8662
5605 6631
6982 6284
8939 678
4182 7199
7424 9619
6844 4976
6271 3116
905 8365
3273 1886
5913 9995
3538 7256
6829 3005
6197 8081
7367 2623
647 6403
2757 7857
6729 8466
4948 6947
4599 5357
8933 6682
5181 912
8349 6972
5433 9379
3255 4013
4236 7811
5748 4311
5339 8475
6611 6031
9458 239
7003 1354
6663 9572
6612 9420
9660 8863
2406 1720
2078 6857
2042 4713
7211 1947
2797 9787
5200 5276
530 951
1856 1924
5846 5322
6273 9452
4255 1633
97 9253
7470 9074
5462 1793
2628 7546
5010 6321
7745 8463
6117 4940
6679 5873
2445 3481
2653 8258
7688 3818
1568 2078
778 7845
8931 4569
2650 16
7047 4308
5734 3943
8581 2300
3479 8621
1576 3775
4272 6493
281 9323
3536 1596
866 6069
7479 4318
8083 6435
7540 1009
1011 1111
7949 4073
4094 1960
5048 7305
5869 2270
9686 1947
6564 4474
5280 9244
2916 1056
4809 2375
4721 962
2387 6348
3998 9562
1757 3757
451 1091
2106 4725
2865 9524
6797 8581
8108 8635
2848 5341
4743 4914
3876 2563
190 6033
6707 6435
9020 3424
5025 6931
4781 8022
5425 5473
4718 6867
2852 235
3009 9270
9500 2075
2732 1660
7086 3229
320 214
6694 9406
2488 6677
2069 7652
6072 3205
9669 3188
4404 3939
1533 7524
2242 860
1487 1533
4664 9268
5679 1756
8015 4672
6383 2597
8554 880
2149 1716
6735 5212
3294 1666
355 8410
8635 4161
5765 6426
1193 581
9904 8110
4736 6430
9492 4632
4833 2357
4495 5970
9106 9683
8340 9973
6454 8057
3677 6726
7333 8303
1197 5859
171 8893
3678 5958
3052 2943
6377 1139
6693 8664
8213 4756
1006 6807
3990 4399
2395 3038
3910 6912
2850 6085
8066 552
4071 3482
315 290
6770 9938
7517 1118
9106 6017
8540 7068
1819 1906
4873 3622
4923 3987
709 8714
2203 6624
8109 6307
3457 1835
8547 4707
7169 2805
7709 2527
2228 8572
6150 2471
4881 224
7075 2240
215 9907
2465 224
5165 4509
5065 7429
7152 281
3893 5443
1916 3344
9820 72
9126 4640
4505 9406
3798 9368
4794 9356
9314 2931
6868 6809
5381 3966
8996 526
9566 3560
4592 6279
8469 5429
8172 3926
6952 239
5225 3011
3636 329
7944 5780
6127 7937
572 3333
1554 7202
7149 5461
228 8147
6296 605
1378 7200
4979 7613
2714 9571
943 9172
8471 7790
7015 1675
9863 8567
1269 4223
7287 6704
2836 218
9312 1954
2800 5101
3067 5527
745 1244
1680 9105
710 5206
6620 8745
4005 7023
4481 8615
2689 5115
1367 4043
2013 730
9904 9911
9021 8699
1465 5305
2453 4702
4973 680
2056 5577
4420 2490
4722 4998
9144 7551
1697 8232
5000 9950
9806 9
1125 3562
6810 3441
4057 177
2579 3077
9608 6161
8470 6041
4975 7719
3854 5267
9225 8422
1226 206
6849 9856
1901 5399
4481 6787
6703 6728
4985 2307
8209 7375
3227 9408
7054 3210
8098 7220
3965 7169
6083 4987
4818 31
3948 1887
8324 2463
1658 1215
3753 1519
3126 4828
6478 883
8607 2256
3667 5897
2307 7851
5491 2757
8262 2619
1745 7017
3974 6071
5853 2130
7765 5048
7350 4593
6501 4213
170 3508
7826 5033
5225 8001
6936 3539
7208 1374
7782 1370
3345 1600
8266 2843
3895 6351
236 9009
9319 3138
6439 2335
4650 4284
1793 8780
3367 914
3916 6812
4421 5943
4181 8711
1838 2199
6938 2489
2368 6892
2121 9237
9373 8304
7491 582
4386 3872
9951 7236
4228 5945
4651 3663
1974 7010
5725 5516
8887 9046
2071 5753
89 8108
4553 2734
2028 3429
9233 961
73 401
6781 102
475 798
1185 9394
3991 1374
3156 5562
3276 8179
8773 3325
5093 7386
8923 5818
7004 9714
8441 9839
2457 7463
8241 1920
3911 1488
7343 3968
5912 241
1846 4559
2303 4189
7944 5153
7547 4347
4047 5046
9747 3380
5961 5467
9916 8983
5584 1564
3128 2489
6647 8500
3513 3164
9664 2083
3187 5899
4122 5226
5120 4911
1112 3430
5069 3073
9245 1687
5921 4573
5571 5996
5949 9231
7420 6605
1327 6860
4735 4533
5057 2288
8468 3993
8702 4463
6795 8825
2389 9818
4821 787
4646 6625
3350 7406
9865 751
2499 9369
8638 4774
7798 48
7326 1064
4704 7864
1617 1423
5390 8041
1817 6825
2324 837
6412 9844
8437 4776
2351 7586
2213 7166
6109 1673
5990 8891
775 8554
1486 4411
9205 4795
9690 7127
8635 6275
7228 2496
8022 2706
3391 3436
4630 507
299 1306
6486 1983
1364 8147
5974 5174
1805 8367
3370 2396
5866 3137
8379 9815
9763 4337
1451 48
1396 6404
614 6197
1713 4281
5652 1642
5175 3282
3818 9400
7038 3693
8768 8851
6986 7838
5966 6171
9233 4572
7216 6783
9687 5221
5529 3000
628 2526
3843 538
2776 3898
740 5234
3669 4726
5868 6347
5802 7519
9723 6164
4352 289
8784 6998
4364 8110
2171 4996
1269 1607
8308 5076
7920 5497
9797 3140
1831 8807
7522 4986
7977 8543
7993 6509
9995 4796
6420 5386
5915 7256
6860 6067
2421 1644
5335 2858
2750 7909
1122 8614
8190 6676
4538 2384
6507 5363
1971 525
3184 1007
9740 8247
7068 8662
9002 7610
9959 7326
7968 5112
8384 1664
192 3082
3873 2559
8892 6244
2228 3417
3285 1700
9759 9337
293 1815
2122 2438
279 3239
9857 9851
4532 3684
2773 6788
9145 8126
13 4786
8707 2236
8331 491
6541 3293
6217 7761
0 5385
6721 5373
9833 6658
6092 6024
1081 5372
2434 4166
1478 614
5888 4687
8798 6261
3448 3131
3147 7404
3330 6905
7154 8569
4737 1565
806 5678
8224 372
5786 6971
4970 4901
3459 1813
9561 7125
8987 6325
3559 4615
6034 4975
4176 6334
1151 6013
8457 8336
5221 2344
4121 8122
6800 1939
4485 3098
8143 5748
5482 5597
1067 4111
9411 8709
6005 4192
2395 310
5503 4053
1692 6861
1808 6198
2230 9821
6987 3986
8715 296
5993 4343
327 9479
7858 4829
3517 7206
2971 7360
5308 8719
2970 2937
5728 4673
149 8856
9909 45
9656 111
9111 7628
1013 910
4405 8704
1861 5974
3411 9302
1693 860
1902 7637
6412 3517
6651 1062
9216 2936
9065 3151
6505 1581
7605 9502
597 8224
4843 8782
8922 2313
698 1289
9315 2619
7057 8459
5554 6718
1893 9150
1875 8972
1252 5511
5249 3301
7348 3724
5617 3616
1141 4561
2828 9694
7557 4894
9339 7004
8274 814
8267 3797
7674 2343
3631 5665
5854 5105
6325 7439
9845 6580
4945 4362
2781 3794
5621 587
9788 2494
3218 3210
8980 1272
1992 3986
3909 4023
7705 8065
1629 1313
5484 5400
906 2794
5710 7397
6688 2774
4914 3947
4278 4781
4921 8651
1883 4922
2573 8225
758 7647
8743 6829
8699 3577
8369 9708
7497 7452
8837 3906
688 5339
6564 1254
1296 4358
5346 6747
4284 7584
2383 8791
4702 763
6001 402
8596 4274
2140 9596
4936 2099
7572 4922
7421 6616
4346 9103
3573 6545
609 8132
6223 271
996 1332
9054 975
8449 214
9941 321
4045 1399
7567 4916
1067 9875
1499 3008
7528 2304
4436 4991
1533 3895
2014 1224
2919 4864
7084 8202
1667 3466
5679 6322
2515 4516
8985 745
3789 6138
6848 7325
3603 8607
1486 5370
7997 5699
6276 2581
2562 1553
815 1957
5478 376
7251 110
445 1492
9507 1675
622 712
2307 8712
7074 9434
5605 8169
4732 9900
63 6538
2547 354
5726 8195
2746 3397
2772 8216
6016 7603
524 267
8675 2864
8607 4830
48 8013
3646 7529
1189 1427
7359 6036
7208 6892
1558 5810
5872 5647
9480 794
5041 8598
6645 8755
917 2189
3998 395
3206 7497
9985 8756
6744 7987
9894 7147
3427 4960
5393 8679
7662 9774
4072 9483
791 5341
8575 8967
9247 8007
9343 4529
5506 1389
357 1596
9076 1072
6214 6242
2103 1817
6000 9108
6649 1430
1884 9306
3323 2705
4400 6408
6316 2686
2129 2704
5363 6192
6325 5182
9100 4921
5206 437
4377 5581
7683 2451
8058 1154
2033 8003
3896 1110
3086 2751
4938 6172
7654 5167
2491 8644
7118 5634
2691 3670
2030 2536
1457 8651
5564 4171
810 456
1107 1288
7387 104
8979 5117
2379 2805
1 8688
892 4643
6959 9097
7280 2697
5271 7421
6167 205
8752 6089
7511 6810
8995 503
6757 2368
6472 2464
2847 8617
6057 7246
5852 2596
1368 6797
6235 1903
8972 3885
8872 6949
471 8582
6525 4626
7075 6617
4565 4943
410 3695
5643 9823
7845 9505
9394 3397
3996 1186
5582 95
5212 4701
6831 7283
7623 1030
5598 8868
838 2624
7599 465
4761 6923
4086 1850
7374 8151
8039 3760
5040 8681
3829 6360
8103 8713
3020 7020
3917 5958
7851 7999
4961 5047
5112 7290
5557 4622
2311 567
9809 1563
5910 8537
154 4299
7951 9094
5789 1882
1345 4723
453 4012
1448 3850
3853 7300
8184 3882
7680 9807
7417 4763
3627 6064
4252 7261
7299 1209
7932 4076
8307 1074
5776 4658
6734 1977
3069 89
2531 663
1512 7435
2895 7723
2632 2344
2876 9893
6426 4755
5110 4561
6606 6282
8670 1229
3087 3920
7336 3289
6048 9656
9391 59
8242 176
2089 347
9314 8120
405 3250
1023 2477
2288 3818
6137 6071
4182 2753
4325 8731
5222 8080
9133 8029
6927 1746
8468 3558
294 84
1383 2878
266 4408
1983 6343
8606 741
884 9478
5909 846
3931 3150
3565 8829
1967 714
5778 2620
1214 7222
4770 7136
4682 3947
8641 163
9008 9909
6675 3852
3045 1379
566 5277
9148 6859
8883 5833
5157 6935
3417 8720
9855 9712
7657 5176
2926 1509
3393 1689
8600 4088
9360 5318
7513 5429
3464 3875
3286 3664
1985 3799
6318 8058
6313 5343
6653 975
4330 1260
1098 6000
2228 8875
9968 6744
5050 3839
3050 1533
4169 3373
9608 5348
1618 8340
1054 7665
6728 5751
4347 2378
981 6680
6711 4439
5815 9586
9221 6153
1896 2979
4424 500
1035 3204
178 3818
7234 4647
7319 933
6717 6204
2961 7600
2604 7088
2749 9730
4038 994
5138 5545
4498 403
786 351
418 8522
6936 9515
3984 8545
9601 5287
3633 3103
1448 2250
4246 6003
5418 4465
6945 154
3208 8846
6772 9949
3130 3789
2485 8426
2128 3823
5037 4332
196 1061
2624 8666
1019 8043
2840 1562
4027 1102
5562 2400
2983 443
8346 2103
9605 7270
7689 4746
4672 6148
1100 4639
9737 8997
2889 6112
7848 6961
9403 4472
4257 9918
4452 7335
7634 2843
1778 8978
9976 3853
234 266
6194 5315
4721 7831
2989 8007
3978 4304
8942 3924
361 6618
4318 9103
6902 7771
9983 1411
8333 3466
5725 1965
595 1028
1808 1344
2643 6141
6030 5926
8694 7570
461 5141
8208 3975
22 7529
343 9330
5013 7187
6687 7938
3933 8270
545 8237
6553 1097
2250 1829
8764 3190
4399 6263
6682 4511
1183 240
4384 288
5217 5787
6157 2004
7163 3515
8340 5855
6468 5138
5930 965
2562 4444
9930 9782
1661 7691
4936 1655
3173 3183
1059 3326
2286 4930
6387 1850
281 1373
4929 5532
8431 2186
5814 2150
646 1192
5660 94
5830 1092
7009 6414
1637 9754
4473 3916
3934 2248
8883 6753
1681 587
7172 9817
8420 7641
3440 5222
5702 8490
3463 1968
4500 8515
6203 5805
741 1312
6944 7961
6320 2638
4205 6770
7565 6786
5759 7619
3753 1673
8284 6123
179 9710
6052 4521
5795 8769
7060 5847
9819 122
8421 3247
549 8538
3969 1390
1147 1545
3925 356
1030 2978
3250 7285
2542 6871
4558 4432
113 9554
4359 8505
1199 9450
6136 2276
6769 3118
7764 9168
6777 9169
8095 7134
6373 9202
3115 8253
4430 4134
5968 6020
6557 9316
2453 411
3740 7357
2971 5270
7370 8967
3962 8878
9176 9268
9186 6910
8241 2531
1939 2919
2951 1539
8264 2768
4632 656
5102 1902
944 267
3971 1596
6055 2522
9098 4151
9579 4105
2746 3913
1848 6955
102 7904
100 6929
3496 5466
3447 9542
2822 1279
2600 3300
2070 3418
9331 4359
8094 6005
197 4701
340 9057
4282 9334
1268 8239
9294 4221
5808 2542
9536 8019
6193 4833
981 7284
4060 7052
9352 4600
4976 1291
8687 57
3004 2079
6425 4636
4349 5126
1059 3406
2805 7846
1034 7308
8680 3605
3162 1935
6111 3736
5877 9250
4751 2630
1664 6065
1172 9081
647 4000
1526 4432
7969 6469
8382 4451
4478 1971
5698 2341
8044 4308
668 6143
6569 7586
2713 3327
3443 1057
5597 3468
171 6237
6979 4548
4697 8492
8690 1780
8536 432
5964 3267
1362 6236
528 5579
9334 9743
2687 1109
2805 4689
1371 3073
29 2281
8971 3087
445 8697
1468 557
311 7096
2354 9517
3075 8170
2620 7265
464 8829
8341 2182
341 8706
1014 4811
4246 8117
9112 524
4530 2507
7480 1103
2537 648
9044 3242
2955 5690
5681 9823
4012 8902
9087 2518
4979 4445
3828 8773
6642 3898
1573 4286
4032 283
852 4421
4961 5961
226 9964
6359 1669
597 2094
1410 7025
7621 9460
3794 2745
7649 759
2014 5084
2703 3763
973 7483
6608 6339
9282 7532
8481 495
565 3531
7518 7503
2971 6270
2673 3611
5175 404
6376 8001
1882 1337
1397 7665
8791 5064
8206 24
7089 7102
5493 3799
5621 8966
9491 8864
3092 2375
9885 189
5481 3782
6856 4925
9129 569
8920 5307
9432 4410
9300 7116
9943 1252
3446 5797
6411 2813
3150 2983
7594 9663
8806 5544
5903 2276
6496 4511
8605 9854
8844 5948
4399 3313
4518 2497
142 334
7196 1393
3868 9452
4092 3076
5261 5125
4796 7044
3525 6410
6276 5415
7772 3060
5957 8713
6878 1128
6045 1141
288 2614
2306 2560
9085 5039
7004 5330
5182 1168
4976 5777
8615 7919
294 3180
9934 3905
7836 2722
5335 6597
1043 7100
9899 3505
9047 4701
1447 391
2189 5077
7617 4931
789 1996
1429 7300
8462 5217
7389 2116
3384 3791
2495 6582
69 8409
9104 5579
3257 2978
2518 7697
3505 6395
3180 8009
48 9402
4526 4419
1619 1667
7156 3064
9926 3350
3532 7220
4384 3332
896 430
5146 2063
7990 6437
7293 8286
9142 3176
3432 666
1590 7410
9393 2216
834 2545
4723 1874
8743 4866
7589 2420
5838 3594
6539 8992
2998 4339
4710 5007
3562 7953
1687 8805
417 3872
7042 2031
6885 1660
9325 4108
2347 8861
9766 4181
2993 2989
132 954
3478 8710
8662 4875
8082 3453
4552 7456
7974 4581
4773 8181
6303 946
2854 1189
6884 267
6487 3489
4559 1083
4651 7501
8665 9172
7990 1112
6029 8528
7544 2311
9198 1301
1674 2573
8452 5236
7440 520
3762 1791
1055 2746
707 6245
8472 8546
4979 2795
2546 711
3994 9576
7350 9266
3667 8541
3508 1461
395 3135
9875 8843
9604 9490
3173 9644
8281 6100
2296 925
8220 548
8441 9219
9723 7213
772 4418
6658 6483
4454 1078
4633 5304
1827 3565
8126 4891
6948 2783
5838 4221
8184 1531
9068 1666
6827 2799
660 3697
8532 1459
6041 6424
8631 2899
3802 8607
6764 9959
2804 4774
9575 1889
4481 8254
9446 4243
2414 4433
2969 5978
1354 176
5403 8219
2474 9767
2144 4280
1849 6510
3735 5486
61 4943
3694 3454
1061 5950
6068 7015
5694 5818
1433 5677
1333 8287
1682 4760
1686 1590
8905 4107
4531 1434
3714 958
5761 4423
5384 331
7660 3248
8629 5330
9547 2445
6320 3897
6670 4640
3297 2676
4836 4546
7200 989
5865 5727
8700 416
2732 9147
8439 1253
94 8671
6446 3178
758 308
8263 7116
722 5563
9315 8451
8233 9302
9555 3096
2363 4503
8454 675
5305 5075
6592 3301
545 913
7879 8462
3234 2501
7559 6092
5006 8996
5269 4466
4237 5572
5201 8368
830 9010
5780 6885
7561 5983
9833 6605
7183 3143
9320 4264
3107 1599
7517 6938
402 9131
9656 8744
813 6841
3533 1861
6552 2093
8507 1529
442 1482
2826 7915
901 42
397 2715
623 2282
8424 2239
4703 4741
3611 5111
3844 5020
4891 6991
3263 7070
6018 5745
9073 9226
9933 2788
6974 2478
4611 4069
5137 602
9910 8400
345 8406
5522 7627
4833 9533
3474 3695
2302 6821
5826 7204
7601 2652
799 4136
908 3857
2538 8460
7889 9147
4683 1515
8262 2650
5826 5880
6645 728
8617 2995
1472 4892
134 375
818 3147
5997 1763
5152 5995
8465 2307
9838 7317
6875 1338
1453 4550
8723 4510
7187 3042
4027 5697
4435 6822
4428 6407
6651 7353
8071 4377
5069 6110
46 6580
997 3672
7275 878
3209 6266
637 4071
7550 4922
4388 4264
8311 5377
6370 5596
7657 7283
4241 2871
6810 4725
3491 8342
823 9055
53 7509
9012 5568
2685 2663
607 2648
9394 8661
78 9015
1034 7222
3334 2367
190 2647
125 6040
698 4488
3895 7008
6433 4515
2989 3292
8606 7561
829 2496
7957 5099
6058 23
9095 3986
8531 4272
9764 8107
418 3781
1003 8227
6475 1241
9549 2778
5652 4685
2320 5255
1091 607
1791 3784
7074 8287
2223 2628
2656 1151
8828 2400
5602 4823
9570 1738
4231 4690
6199 9109
7465 9785
3877 8337
7342 6298
7430 3526
430 3605
3752 8541
4000 7330
6400 7019
4541 290
7066 1355
2678 4464
6766 1975
7328 6292
5551 4835
7997 8740
2334 2630
3431 7
5211 2581
6246 1624
8539 8078
5697 3827
2293 2910
7585 6095
22 2591
9152 1448
9604 1394
2721 55
4944 389
4233 2289
6116 6097
4602 8089
7116 7858
9329 9779
1170 4772
5461 4278
4065 8390
2736 5148
3675 1246
8315 937
806 7977
3729 9414
1505 8701
6533 2569
1700 9581
3072 5219
3557 2503
4994 469
183 2014
9434 1456
7821 9408
5713 9272
3405 4291
8528 3171
2207 5792
2402 484
8676 4300
9299 7455
3988 7455
4312 984
2416 4627
2297 8621
7878 1483
5721 5596
5890 8541
5046 9010
7633 5950
3260 1090
2705 1768
2372 2606
741 6618
3881 5844
9925 9916
9867 7160
3809 5022
5100 9050
2886 2540
2008 5396
521 5056
50 1491
6753 788
3018 719
9585 7282
1178 1128
7459 2266
976 9583
1600 7775
9637 8862
491 6878
2860 7317
9310 252
6182 3234
235 8395
8690 1372
661 7177
5187 4652
4728 1238
1817 4345
2018 5007
4209 5326
7317 9276
9112 2810
4757 9458
2379 9732
7867 1157
9786 2809
7276 9534
5882 8260
4388 7909
2778 7800
6124 4348
6462 2397
3659 3527
6695 6773
3560 1771
2259 8537
3197 1474
6032 7397
3191 2584
6092 1340
618 1030
681 4969
3521 7945
1596 7588
8964 9229
1956 4606
7826 4139
1271 5529
1453 4604
760 5318
2326 4873
1941 4620
9309 5857
7453 3042
1034 2070
4863 3897
8410 4756
7005 1945
1441 6383
1104 7702
3550 2936
3765 8095
1548 9563
2820 4932
5188 6024
4209 657
7664 5148
539 5979
7483 9180
7762 5717
7956 8750
5111 3471
7905 67
4683 8892
9823 2053
9241 5583
9992 8553
5567 7538
4974 8656
1719 4850
1347 6208
8389 5210
4763 6202
2473 6122
1817 5880
6980 8307
6326 1077
2951 7298
2673 4712
7350 6167
3232 4799
5020 7282
9236 5620
6664 6201
5851 4494
6454 7383
6414 1959
2872 5716
1803 1605
8194 717
5757 4168
7942 8384
6519 8159
2276 4743
3568 695
7987 2878
567 5024
1405 7794
7480 8574
2356 440
3527 425
9938 3672
5177 7297
7103 3156
9027 5283
2876 2616
3018 6848
9052 4944
3913 8800
7138 2336
416 386
1700 1140
7273 4766
9311 4869
9351 5242
5429 3125
8775 1141
8594 6295
8568 1427
9645 5102
1303 6086
1177 3488
3635 9493
90 7686
2400 2012
3780 3523
7815 6463
7711 3934
1130 6700
4008 3982
6740 92
2561 6994
2655 5318
9273 7418
8272 497
9430 5285
6253 7443
6270 4008
7646 7674
1700 8903
4065 8118
3456 9779
1303 7234
7080 1776
9805 9005
6810 6434
9141 3801
3420 6004
5298 3279
2346 36
9923 4845
8942 2078
4918 2142
8718 3491
4702 2628
5231 6150
6175 260
7592 1028
342 382
6929 3933
3878 5463
3770 9555
4349 1221
4680 4718
213 4342
1834 5785
2262 9101
2234 1357
4360 8539
6782 9719
375 5974
7198 3881
6367 2968
1857 954
6263 9399
5824 4810
8922 7756
6828 5319
8656 2018
7819 2165
267 2829
7917 5037
9341 8709
4061 4757
1031 8125
2931 5496
3932 3684
5862 5729
1365 1144
6350 4441
669 194
6584 7579
3868 5713
8307 5776
2946 6070
7096 909
5545 9178
1078 6261
8684 4712
8187 427
1478 7482
3663 4712
1859 51
6073 485
7540 6918
8213 6262
6926 5922
9310 9459
7617 1643
7061 2308
6518 8005
5907 585
8418 8895
4171 1187
744 5914
9640 4579
3834 6869
5542 3948
9199 9142
829 471
2304 4343
4008 6355
7629 9163
1028 8583
45 8012
9716 7110
4930 9890
2513 9486
1307 5665
6926 2205
659 6592
2617 5664
3926 4145
2654 8297
6644 4370
6502 4428
4638 7247
6412 9190
574 7858
832 4523
9491 8281
6277 3083
9209 6033
7653 4127
3543 7716
9332 9894
3074 9693
3969 6519
3119 4516
2969 9074
38 9194
1126 2935
8210 1394
1493 1474
3413 2234
2709 8514
3704 9317
6363 5013
5439 1335
7891 5106
5387 2924
161 7378
6554 7477
6933 6427
7001 8176
5452 2923
4681 4179
5555 7389
9167 756
2183 7595
2341 9960
2920 5457
9967 6966
1564 1049
6664 4327
5567 4585
331 829
1656 357
2941 5757
2327 8450
519 266
8523 5640
161 6000
240 4226
4634 665
8693 6118
3940 6879
9532 4795
573 8607
3834 8988
5160 5782
5166 8184
905 5147
318 3011
7136 7464
9053 3021
7485 8727
8442 1037
3762 4693
5009 7162
4934 7909
1476 4949
1989 9620
9333 6822
9237 3460
3786 5681
6083 2823
67 7685
9004 490
1015 7697
2760 9819
8410 467
7472 4329
124 8990
6160 2855
3531 3992
3944 5004
7480 2158
7436 3786
4071 2324
3803 7992
4896 7612
1485 4958
2066 3537
2662 8765
6375 1458
1879 7993
6771 1542
8020 2389
7622 1232
159 1193
9825 5744
5747 3169
5301 4387
6989 9429
4199 4009
2597 2849
1247 8113
3003 1968
2096 3603
1691 8714
3154 9161
7923 6151
4907 2427
8700 3950
4460 1990
8195 1567
7703 5928
7660 5834
1871 8346
7564 7642
5464 5050
9765 7457
4029 7764
9503 9248
192 877
6257 7955
8347 2380
3470 8504
6486 454
9676 5690
6338 1524
1937 5438
3074 5778
502 6377
4393 9894
2061 5244
1246 2923
6159 3453
5084 6714
3278 4067
4774 2852
4297 4526
9576 7726
6766 6928
2280 8746
9289 492
3691 7470
2411 2506
9300 2307
9702 7219
1928 3371
6532 1535
4093 368
4616 5913
3809 4773
4028 92
2118 8924
2713 3629
2507 6340
7701 4004
1910 5371
9911 2023
269 7192
1414 6645
2596 9646
8239 4093
3168 3118
3142 5976
5706 2588
7123 569
4751 3563
5037 6608
1493 7672
229 4821
4440 1072
4153 8023
5635 5871
6345 4577
8730 6054
7910 6501
1411 4952
5014 2601
5749 7121
5461 2267
1656 8868
7333 6945
4908 9823
7958 4113
2246 9485
2128 2522
3861 8344
9805 3550
2867 3000
5204 6908
6983 477
7600 7966
6807 3141
3167 6316
9866 7322
4150 4426
1723 4891
1314 4901
3482 3733
4377 7318
333 5278
2207 9792
8980 5118
7732 3820
8026 795
4251 4046
8711 9487
8294 7667
7634 7944
6525 1626
8836 1100
1197 1980
2264 2310
9997 6153
5118 4625
6939 48
9375 7984
6469 6251
9546 7720
4404 581
8525 9499
2595 4985
6400 7538
8589 1992
3179 2742
5188 598
4087 3195
1966 2546
8786 7129
6218 6368
9116 2648
9953 1077
3039 9191
7815 6559
9403 5769
3344 8478
1039 5757
1791 4578
9620 1225
3162 9826
9667 6771
4649 2358
4263 9627
3918 9890
5149 4391
1694 8720
5768 9708
5901 8345
193 5719
5992 335
5019 7142
4492 3226
8020 6245
500 621
2984 9976
4063 8116
7760 4754
6752 1533
3351 3808
3135 8560
4605 4517
6701 9772
3269 9891
1444 3151
7609 9715
4077 7233
6653 625
8636 8926
5329 4935
8293 8526
2064 7940
5122 7507
7685 9208
5132 8046
6573 8431
1174 8446
1239 7703
634 6823
7160 96
4731 9915
5564 7616
9273 6023
87 7967
3203 925
1865 7318
9367 8617
7215 8079
5861 7154
8998 3464
5202 4799
2459 362
3368 2291
2430 9969
5274 9478
1285 8391
3268 626
9101 3569
6593 2615
1675 8901
1111 6059
9376 1910
3518 1010
778 4639
414 549
8808 3592
2261 338
7414 8615
2855 5936
518 7270
8928 6189
7632 2588
1093 2967
9488 7259
5097 1139
573 1094
6507 7501
9802 1549
4316 284
7718 8758
7711 3233
7326 9402
7802 3068
9986 8969
664 4107
9396 314
3280 4209
7692 6403
9329 3006
7689 7010
532 9376
5107 1318
3571 2390
8204 3597
1032 4221
5044 4346
5854 4217
2012 7874
2996 2337
7618 7076
8816 5416
5707 6627
176 7220
8111 6913
3339 7228
5325 5529
662 9138
4415 4121
4915 555
5929 7371
324 6791
1851 7918
4925 3890
4454 9317
1320 934
6763 6460
2993 6538
7551 2371
6641 1786
7979 6761
441 9940
351 9989
9700 2749
4374 1843
1279 6831
1253 3178
9925 4400
9198 9638
4930 1983
9361 7831
2009 9997
1009 7702
8369 1845
4276 4942
7018 9721
292 4014
4333 843
3876 4746
8946 9077
9612 8489
1643 8118
1077 9391
9390 8954
9664 8327
1360 3780
8304 5324
7116 1690
6088 2516
7698 3277
2959 7338
8861 5620
7760 4198
9965 2692
8046 2987
6659 1070
7093 9406
2875 5925
9276 8558
4595 7962
7574 2259
4810 5574
8151 775
2228 1587
5604 6316
682 6488
307 9513
8654 3967
4786 7956
1596 3588
5075 5485
7788 140
9445 4005
9795 7167
5166 474
2137 7812
8068 4752
118 4712
5195 6701
5254 9627
6600 6481
188 3575
4084 1519
4002 3165
8141 1021
5758 174
8278 1108
1856 9347
7151 5108
8423 9641
6735 4424
6404 7596
5901 129
5079 8767
4911 2753
757 9973
1945 5591
6091 1280
2791 2818
220 2788
2054 5219
2006 2886
3308 1604
2723 2486
2248 4158
7756 4806
7764 3788
1271 9894
5799 2714
9505 6718
119 4505
4118 6743
795 6722
573 6582
4607 5124
8817 582
8464 4492
1274 8465
7752 32
2731 8331
8180 1176
3908 2539
3232 5225
5287 2918
8068 3375
3863 1017
4775 1383
7597 7555
4242 870
6437 8702
8496 1433
4021 9864
9681 4778
8365 7090
8222 6172
7897 6308
4806 580
1844 4954
6855 6708
6887 6912
6585 36
9199 5317
9812 1551
9053 5919
8785 5624
3238 8507
9854 3991
4843 5726
6331 5139
9347 558
6754 1933
1972 854
516 2695
3936 4090
5965 2704
6876 3799
9337 7630
2988 2134
7313 406
9738 5773
3358 2314
86 5265
206 4912
5191 5405
2307 4634
4032 1432
5513 4679
9773 5445
3952 1126
7181 5004
4871 8339
809 4609
3226 2831
2626 7118
4034 5200
8393 1346
4043 770
3544 4325
2387 2920
3166 8279
3933 2324
7816 4996
2693 5966
9387 837
6495 1220
3469 3559
8392 2463
6883 7440
2238 9181
3093 9619
5963 9632
9006 2818
1533 6195
9504 5915
8705 4628
1108 9088
8957 1955
5903 9479
7677 9141
8112 1914
836 7109
5813 684
101 648
78 6986
7178 4283
6713 3497
2225 1868
284 9873
6279 5409
7330 277
1196 7336
236 3614
1654 6252
8777 3668
898 2353
7392 6984
2885 4557
6810 3905
6272 5203
8156 3521
3362 93
9794 6931
9207 1445
3384 371
3551 3456
802 2041
9193 2728
3467 5684
9390 5892
874 4560
8506 6774
2320 2163
1652 7665
3870 4537
8191 2404
2164 6154
8922 1640
6084 2485
2962 8930
1349 4076
9015 517
6739 7403
8171 3975
4452 9349
5415 7134
2390 2398
5384 5639
4707 8079
9766 4083
6694 1193
4629 6879
3240 1209
1077 2478
8739 5348
1012 5269
3976 5023
3284 946
1371 1358
6855 5498
8572 8871
6773 4142
2401 338
4720 1337
2494 1663
7375 8809
9751 5316
4567 7543
4876 6498
6664 8580
4643 6163
6083 8355
8164 3666
633 733
5197 1398
2767 3428
1910 2796
6558 9016
655 6913
535 8720
965 8505
323 6
8755 4911
88 8113
5141 4377
6039 3551
7240 4998
9234 6719
5454 1303
9388 1801
9373 440
7929 4139
1239 9626
6804 288
6084 414
399 8223
299 287
5365 8814
3104 2877
4924 7280
7047 4466
3126 6738
9831 3426
6678 1246
457 4980
6479 5546
4112 2439
9352 5360
2114 2979
1964 8059
6692 2430
5583 2507
3989 4551
9658 1317
5953 4610
1415 762
9829 432
1544 9025
1154 5851
3298 372
5658 4923
4615 388
488 72
4273 5370
6908 9164
6794 2187
1700 1540
6920 3031
886 6835
3638 2607
2953 6563
2174 3952
1076 1977
9587 6240
5902 963
9034 7892
5220 1377
6328 4219
9674 510
3702 9227
137 2617
8466 6310
1286 3332
7168 8136
7170 680
5469 2064
4046 9347
6516 7273
5175 1823
2217 932
8335 5024
7250 7907
2460 2218
6038 4388
5578 3261
3549 7672
3723 7262
5672 4783
3311 7875
26 4834
3839 9882
7939 2621
6738 166
5245 8599
6387 616
7327 7295
8250 678
6095 7781
3622 8202
2772 1634
1388 698
3114 8612
8617 3855
1135 6394
1155 7284
1050 7513
2222 6845
4219 7593
555 5201
3853 4607
3515 4934
9016 3655
49 9608
9140 941
9781 4277
2536 3448
2916 7816
6559 9253
1877 672
9356 1131
5831 8732
5236 8464
2326 4133
2426 9608
2972 3080
7721 2980
8388 5102
1610 1615
3097 3306
5237 6880
589 3247
1460 4092
3398 5756
9186 6476
9043 9236
3171 759
9213 6734
1085 988
6488 230
2692 9934
3817 6542
2084 8939
6881 9764
3271 2763
2599 4033
4134 50
3443 908
5900 4034
375 3481
1014 2336
5752 4209
5415 3520
1546 5470
392 4064
4923 6739
3037 719
4805 1543
9410 744
1863 2956
4948 3935
4461 4016
1308 422
5307 5295
8598 6044
6729 7811
8000 8611
5576 201
5070 6300
1011 4849
1818 9729
4817 8850
7752 3167
9302 9959
6136 2350
2329 3354
3509 3679
5153 7420
9370 5777
3608 9294
1092 3423
4881 1743
7043 7546
5094 50
9322 8078
2970 250
1941 3907
1182 4534
3642 9443
8159 8915
7753 3155
1756 7906
6557 4447
5669 3384
1524 1063
2623 6411
8427 416
2308 9104
8371 8824
855 4478
4576 6378
5877 606
9279 8874
5991 3362
7015 6045
7668 1823
7721 1240
6291 1288
6850 580
4015 4536
7007 6779
6099 8972
6463 8274
1972 3035
3732 7314
734 6050
1747 6772
3078 160
252 5657
5279 9467
4883 915
9817 5102
9324 3844
2979 3264
7446 257
33 5633
1278 9842
2665 2307
5252 5401
3271 3635
4666 8812
6240 6274
5785 7264
5187 5733
9054 3476
5483 7893
5026 2824
1138 388
1351 9305
2544 9293
4830 5946
1457 2262
5493 8063
4772 5829
301 6793
8831 7420
106 4793
288 8754
420 4787
5391 7792
3131 6417
4223 4021
2151 7328
4675 2294
6717 11
7485 2565
4397 3283
5953 8732
5320 3464
3129 6454
3680 9318
8050 4315
1479 5166
3907 1974
7273 8336
6269 2437
7958 7138
7358 973
215 416
7024 8007
8562 6832
270 218
4857 336
8983 9670
7148 8254
9259 3498
3823 8180
2018 2675
7958 5439
1244 2594
6412 3402
8739 3545
2963 524
6156 6577
8950 8714
2013 5275
6459 9002
6840 177
9588 9893
8470 8104
3636 2488
1663 2277
2478 4632
725 89
9209 2831
3504 266
1265 9399
7908 2175
7575 4370
1550 7239
3848 1044
398 2231
4811 7389
207 3807
563 9303
9873 5367
4900 9656
6456 9179
5891 7572
3277 4096
9238 451
242 130
4171 2842
3763 731
2997 3657
2152 4194
6704 2881
2679 3582
5830 1327
8422 5654
7338 7929
8078 310
7153 5027
1739 4496
5696 8286
4176 3964
5025 2175
1479 6013
5343 2712
5126 3442
1409 2805
301 1142
5156 2164
4972 2549
9168 8002
6290 8203
492 9454
624 5754
3454 3693
907 8615
4187 9065
3552 754
7068 7478
691 1313
7873 6979
1264 7944
9008 3273
9042 6150
6294 1668
2721 5391
2606 4474
4278 9810
1903 7212
2219 4118
4495 3113
4157 7734
4694 4841
4147 8309
3917 9677
4153 4096
9797 4017
5701 4127
2004 6442
8202 5880
1163 2706
8410 6144
8451 365
5511 7902
9461 3543
9778 4190
6088 8204
9061 9279
9045 3427
2508 4426
7655 5880
4813 7311
1391 4356
1464 446
1875 5484
7626 6654
9686 1763
8748 557
4643 5053
7384 7125
5107 1105
9563 7767
6814 9033
4742 2391
4734 4985
7743 4708
2431 3178
1572 8626
3042 7202
3935 1126
7217 8866
6805 5277
5533 8460
9625 7273
6034 142
5854 8970
2589 9295
377 8373
4004 5653
2420 5283
5507 2945
4367 5784
6775 4664
2146 6189
4707 3774
541 5309
7552 5553
1792 4810
6946 6431
4198 2809
6853 9013
2332 128
2310 7078
624 3626
9070 6356
373 485
9785 5902
5666 4729
7893 5333
522 6852
662 7165
3590 870
3750 2781
2846 6439
1034 6498
3208 7552
1455 5414
5271 5981
3075 9977
2372 380
5761 5897
1738 1442
5332 20
75 6091
3516 6871
3408 315
1119 8081
4414 982
9574 6473
6788 8201
1448 8152
5713 8131
3557 5493
1522 9971
104 908
9273 2815
7632 7146
2153 7934
8104 5255
5374 659
2081 2448
9386 3846
9137 7231
2537 5360
6069 1402
3734 4260
4802 6037
3014 5397
6457 6037
2386 6359
1705 3155
3251 2230
7631 8920
2934 2845
4520 187
6847 6164
4935 2980
825 1161
4529 5228
6155 4249
6261 9524
3815 8331
3306 4878
2988 2426
9041 8043
8619 9805
2218 7314
5174 4389
1490 9274
2324 9522
7097 676
5954 1746
514 696
2035 3639
7523 203
4808 8980
5404 4410
1243 9556
8037 4677
3013 4487
64 2027
2704 89
1854 4029
9574 7745
4862 1186
9464 4259
7151 3479
1211 7058
7030 5232
7468 1238
6715 4704
3492 677
7886 5617
935 9682
55 8144
6967 6319
2683 296
6565 7311
9978 6921
4423 845
2630 4645
6549 6531
5326 1927
6750 4056
4296 432
8983 2088
3949 3007
7075 7297
2381 2924
6127 9992
7684 2850
5396 6790
2805 8391
191 8579
1762 2377
2125 6285
4670 2086
9120 6117
3785 1976
7679 5446
9467 4747
4809 8019
1852 8652
3450 699
9215 5792
438 8732
9071 7503
5170 2753
7682 6187
2866 7065
5450 4945
6509 2774
6362 4682
2652 1758
1766 3966
7714 6642
9347 8694
8630 7129
2765 7804
635 5704
8663 8225
6336 1792
4301 3771
9603 1092
1846 2633
3553 7957
9478 405
1977 4684
271 4821
9166 5747
8071 4749
2667 720
7428 6724
4832 399
6548 7425
4379 1883
394 739
3458 5785
9266 6810
765 8210
710 6629
8481 2186
7369 1865
9478 8897
4336 1194
3786 7222
3409 9177
5262 4179
6547 6282
238 761
3685 6577
7950 2745
1402 1257
2512 6139
34 4177
9554 2303
565 7763
8693 7998
2488 6113
4760 9963
289 6430
4018 4236
6023 71
4047 9359
8163 8444
1170 7147
1603 639
6072 5892
6717 7704
9037 5818
4385 4130
664 3887
6119 6966
1281 5827
3399 5826
3316 6190
8583 8277
5341 4521
815 7673
9042 1305
9960 3038
1472 1945
7235 5007
6462 4227
8599 9523
8974 9066
3842 7043
9906 55
6448 9731
9515 7247
9897 1086
5852 4045
5429 2386
5853 3137
7163 9349
2427 5748
7367 3587
1277 6135
9273 8197
914 9879
4042 4544
8806 1183
1930 5255
5476 6987
3765 9117
7716 6404
3300 7707
5045 5388
5407 5946
8182 1656
240 8638
8671 7077
1507 8496
4141 2296
2889 1590
5066 134
3484 8416
7386 9677
6701 5090
6049 9837
729 4153
3155 8231
1994 9324
7284 2880
7946 209
461 3153
210 1160
6992 3775
256 2056
8451 2722
9687 3172
7576 676
9568 1162
7869 4280
3823 24
8479 5476
5040 9915
8090 1852
6656 4533
3931 4700
7608 5626
8198 9810
3844 8808
2323 3846
194 2640
7203 6215
8230 3333
4337 3396
8059 9936
7684 5507
2307 2493
1249 5169
2575 5574
4365 8999
730 7802
2991 6501
9199 9530
6036 5374
5100 6192
5901 9471
5310 6124
4883 2701
1691 1948
7642 2602
1647 1735
371 5732
7966 374
2939 7546
7929 8719
4513 5740
7867 5424
293 1726
1139 1957
3244 1048
6220 7398
1648 7181
3079 1087
4340 8406
3370 6701
8485 8491
3890 2194
6396 4333
6804 5750
1169 4211
1490 3178
809 3806
1929 5241
255 2811
4598 1182
8145 1781
3209 6620
305 1733
5281 6542
6444 7911
6503 7980
8424 2538
8871 1622
3142 8883
4377 3888
1015 6446
6750 7579
9898 7939
5702 9531
6995 8049
910 4698
6280 5978
4662 8296
8533 9274
9969 4957
6895 6772
6534 4189
8213 6635
5587 2663
3859 5947
4961 8970
4720 7410
8738 4709
3736 2830
4887 5433
6772 7571
5678 4492
1156 1961
2137 3821
6574 5840
8170 6991
7568 1009
4970 9173
6818 9555
9817 2360
4855 1559
6815 8264
1954 3520
801 668
438 674
1871 8407
6437 278
2923 474
4138 6919
2116 9520
9138 684
9856 1529
7860 7170
6648 8983
6386 7158
4365 4095
4359 2140
8072 220
4880 9582
8863 9414
3336 6436
2756 1481
7564 13
9575 1846
1517 840
3164 5923
4835 8705
1943 6479
3262 2907
9396 8998
1240 4518
1251 3917
8791 6974
1552 5739
8367 1216
8625 5333
1827 4665
7000 3876
5755 4572
1896 3796
7074 8336
3733 2636
1543 164
6500 9461
6643 832
3457 6872
6362 8969
3344 4057
2474 5712
1019 9578
5009 3849
6586 6493
7595 7667
320 2714
5640 9240
4818 7801
5468 9106
5154 7341
3968 5160
3690 4670
9463 1124
4389 1104
11 1539
2407 7989
7461 968
5420 3980
4347 8893
6718 9700
8163 4295
1968 6817
102 1396
5223 5225
7472 9940
8937 1340
8900 8098
3981 5038
3932 8237
5586 979
7598 8359
1996 8213
4091 6873
9289 821
8785 1073
5553 9868
1232 8329
3500 1692
8025 8837
7085 2776
1441 6297
188 9100
86 5028
4274 1642
4169 8237
2397 4019
8761 3993
1363 6543
2609 1910
52 9497
871 9416
1032 1081
2693 8285
5575 8623
612 7278
8775 7737
8516 6244
9808 2705
665 8277
6812 982
5584 9306
7882 6438
5807 7694
561 2501
8218 9477
5153 1436
3761 7382
4358 2097
967 6007
710 9294
1885 627
6826 9393
5005 2219
8345 4656
7939 6646
7551 3158
5029 166
9084 3118
3348 5913
8441 6939
5306 6232
6214 5890
1155 4080
3855 2581
8537 9386
9597 6397
2215 7737
2680 8595
1071 8784
7674 283
2167 3981
3663 5341
1069 6262
6841 7761
7676 9631
5375 6471
2535 2901
1925 592
418 9081
7111 4620
5344 1980
2432 8961
8742 164
7783 692
382 4568
9752 9336
8521 3054
5905 3184
2300 2798
2451 2562
9083 6179
3464 3243
2371 8270
8116 8153
8816 9270
3491 3320
6671 6880
9218 8940
9774 5462
8010 7544
7824 5607
9671 825
4012 1580
9304 8595
1077 3890
591 2646
3797 345
8759 9995
7970 3752
4661 3681
7538 5642
6694 1614
2763 7353
6152 4548
5123 2309
5494 2899
8166 2993
6603 7988
8518 9099
4936 9097
8253 3046
7328 5439
1822 9974
8272 8573
8153 3031
5916 1788
2349 9434
1205 1458
9415 2684
4374 6476
8665 2229
8030 9560
3750 3562
1752 5564
8890 320
3797 3431
9543 1518
9788 5746
6026 3677
6168 195
4187 1327
3535 350
2147 905
802 9351
7592 910
7760 3688
8596 1257
7638 4507
5828 1366
7025 3542
3516 1342
3524 7921
6552 9054
7269 1172
9021 6563
7569 5537
5613 691
912 827
5929 3803
7187 6242
3890 3793
5658 2108
4504 5381
7650 1218
3971 7721
8827 1460
3744 2218
2616 5434
3075 6857
4016 8776
2235 1723
609 6444
7875 3033
20 2632
356 7077
7963 2822
5560 4362
9255 5581
6601 4286
8007 7231
88 2727
6218 8236
4682 6982
6694 8759
652 4021
2625 194
9944 2569
1500 5816
6288 8356
7167 5943
6662 3082
9327 4617
6382 205
1132 6077
5547 2391
4616 8919
1446 3731
3250 7952
1102 3673
368 1979
4809 2516
2619 4342
4680 3506
7972 9001
4520 9783
4789 5742
1829 3166
3522 9629
3449 2974
1021 6178
7954 8196
7737 7853
3714 2435
3911 7654
1904 9109
8444 3563
3244 8236
612 3176
303 8873
1023 3362
352 4616
1225 6176
1795 7862
5592 1446
3037 2832
414 6335
8834 9162
8078 7078
5711 1769
9484 7329
4020 830
9085 8395
9305 2607
6574 5981
97 2803
4208 3128
9468 9593
4768 9793
7046 3510
5717 185
2669 8041
7715 9688
6208 3005
1100 5462
2418 4938
5558 1078
542 2984
4552 3279
6469 3778
750 7527
7938 1123
4076 9454
7599 1247
5566 5221
8609 8080
3678 2538
4285 3260
9663 3681
9822 3711
5254 4528
3343 2475
8057 7767
50 6664
1071 8682
3635 8377
9383 4764
8135 5933
8837 4138
8814 6686
167 657
1703 8026
1606 7085
1715 2044
8711 6399
6625 1143
8561 665
6313 8750
3385 6393
36 418
1817 7601
4952 4728
6623 1151
6578 9398
1009 2190
9324 4187
3791 391
4398 7848
7921 6693
1008 7119
4783 1460
3053 9942
7231 3589
2164 4616
9353 6465
6248 3576
1719 1607
1400 4755
648 2100
5976 465
4771 6046
3102 8679
649 5261
5801 6221
9555 9014
6970 7543
3115 6006
1367 9330
1686 6407
5797 8685
5758 1330
595 8689
9038 4833
2438 990
1383 5359
5102 3251
8928 655
1943 7049
4010 726
9131 4845
1713 5014
5253 3785
3646 5224
8209 4910
1097 9236
2591 4608
7500 9104
4967 9598
7827 5139
230 4156
7968 1685
4006 9423
2827 6549
1932 2916
5942 4278
4458 2909
6046 55
7941 3209
4733 5502
49 8655
9789 1712
4840 1719
1943 5727
7273 1333
793 5232
6637 6675
2278 4920
1365 5897
7064 5427
1648 2044
1393 5073
1721 4272
5294 6670
9164 6171
1116 9660
4361 1720
4869 6350
5425 3301
579 9267
6093 106
1301 718
207 389
1391 9662
1440 8166
7019 2095
5832 7364
190 6540
1532 8507
9990 4478
7985 9955
8911 3382
1342 9214
3957 6211
5984 8349
4115 9057
9432 1599
234 3630
2159 8456
1501 7386
8697 7434
2121 9850
8087 4498
8786 5673
5446 2769
5401 5436
7526 2245
6746 5616
1493 8612
497 9763
4201 21
5388 6075
9260 3019
2940 6679
9665 5102
9845 4752
8278 2183
7125 5627
5394 5128
2625 9902
4013 8470
1355 6108
9615 4325
2032 4767
5360 1070
1869 2881
2751 2975
4882 4519
2047 2351
7391 955
5419 3068
5371 7668
601 9091
6291 1540
1660 9116
6495 6174
6052 1487
4064 9985
7569 8406
4326 4262
229 2737
9678 4274
215 7536
3129 7320
6019 7873
4311 830
1790 4454
8354 5642
8168 2146
2280 4298
4026 8928
1856 189
8415 4463
13 7648
7055 8206
3824 5673
2487 8016
7303 9930
4580 732
1124 2978
4285 6757
4745 7734
6689 6544
8767 1895
965 39
1718 6432
6320 8217
6615 687
4402 891
1845 1437
4286 3776
2354 7692
5177 2016
573 5580
6699 5224
5048 4329
1170 2845
9720 4757
4005 3742
4407 6590
8662 9062
5363 9979
9857 7435
5657 232
7937 2918
780 7275
7826 399
8687 1715
4881 9412
2179 8061
1055 1461
9689 3346
8052 16
57 4736
7649 9892
5195 5698
5998 6164
4931 5631
8690 6170
7338 5517
4640 9301
215 5343
2062 5392
812 4098
1889 6144
7197 4816
7429 8554
891 5983
1353 111
8143 9978
7335 1302
2530 7577
368 6564
8296 6095
3958 9818
8030 7936
7843 6138
4905 733
1719 8151
6173 7854
2543 2121
5183 5002
4208 6602
5762 3878
5684 6464
9165 7352
9851 1095
8574 3414
5314 6938
296 9520
2689 4862
872 3559
4078 2220
9446 5656
2624 680
9814 1017
5678 1218
669 5903
7317 441
2721 9050
2664 6583
538 1374
9378 7789
3301 9854
4439 5995
7431 8070
8536 5660
7981 2549
6342 6332
8818 7045
1501 4199
3195 2569
4882 1472
2940 7427
792 4042
6733 8847
7611 1239
2535 9007
4095 1674
5945 6435
6643 4139
8167 6436
6831 7255
6865 2446
5885 0
3634 5832
388 3528
8207 3265
4046 1622
8671 4617
6492 6195
4250 1321
1072 9204
1850 2464
3735 8132
7038 1563
6377 6060
5262 6575
8873 7682
3000 9142
8136 7724
153 548
1830 3775
7271 5781
1304 5017
1275 6
1941 6838
6988 8956
6346 6499
5286 6420
7070 509
5674 4232
6031 1477
6511 8603
9723 1026
5798 1714
1739 5347
7707 9086
3178 2224
8631 1658
35 9179
274 3165
1768 2105
9190 125
6447 9399
6496 2417
1159 874
9231 9696
6168 5143
6574 6155
2392 780
4254 9412
9834 8633
3724 4778
5425 7934
6915 3906
19 4371
7386 915
4569 6238
2654 9838
4210 7620
970 4841
4310 8575
1042 7238
1544 552
8992 7092
3781 1250
581 3586
9050 915
4273 507
9266 4655
6062 8179
124 5106
871 5676
5259 6810
7942 2693
215 1951
2186 7744
1616 2896
519 4719
1203 2780
7512 3002
2422 2921
9055 7039
1677 6356
3965 4566
4751 6981
2110 6896
6802 7150
1051 2716
18 8577
9971 645
5489 4891
1667 5131
553 945
274 6045
7181 549
314 5120
8909 7621
1776 6559
9080 4176
1509 3599
5452 9830
8341 173
2105 6395
1532 3654
1315 759
5880 7442
7558 333
890 190
3748 1398
4886 7173
8234 3802
8138 1755
1793 1418
9772 3014
1120 5660
9083 4457
5422 6564
8407 5118
4805 4284
2269 7919
5522 7424
7403 4368
457 8824
9938 3533
4518 4291
2889 6108
5694 7772
2477 7535
6148 6252
70 5304
4103 5900
69 569
9576 9492
6538 7335
7514 4997
3058 3290
610 3056
4574 8868
5134 9297
8943 6603
6866 5035
7821 2245
7181 4337
4150 8751
8426 3886
819 8362
979 898
3430 8034
9711 3738
7344 3628
2316 7419
7936 3452
3736 7706
1238 960
5833 1787
9797 573
8253 9764
9670 2420
1499 7165
3705 4992
7768 1430
3319 542
2886 9540
915 6234
1239 4170
7311 7730
5919 1569
810 2745
4311 9092
2839 7002
5918 1082
4425 8647
4938 4080
2682 7245
9500 1426
8555 645
8050 2694
1158 6698
2950 9030
2671 9106
5427 2184
5065 1820
743 763
3076 7108
612 624
2228 3125
1441 5139
494 892
9278 4084
8139 5092
9908 967
175 8916
2747 180
4499 8065
1429 5195
398 7297
7079 4728
7794 2014
4584 8238
1395 7634
5522 980
2482 7781
2390 8889
3688 4497
5004 3381
686 7182
1928 845
5209 4895
9719 8562
8643 535
1225 855
2436 8265
3945 1982
6448 5868
7031 6670
7578 6663
5814 1362
7606 7614
9793 4577
2955 3849
4457 3429
695 9501
2810 3818
413 6554
5036 4901
570 2321
6628 7167
1798 5375
1562 5773
7077 2218
4582 6877
8509 7430
1508 2543
8481 7029
8742 8557
1372 7673
1096 697
5450 1239
4911 1250
8672 8442
9547 2370
2460 6609
8780 8566
8967 6838
7264 171
8262 6556
6986 5650
8304 1668
527 7711
362 9196
921 3556
8094 7061
3022 1749
9210 3695
4187 5128
2501 9651
3562 8811
8604 7133
7076 2449
3995 2692
4895 2682
1975 1447
5927 4638
3208 3589
2491 6982
4659 6297
9407 7512
8757 8672
2719 541
8445 4761
9939 176
3216 5433
5213 581
6592 4951
4575 6099
4182 8922
7866 9647
9580 6253
3170 3783
1303 1692
5229 4072
8626 1071
138 7757
5078 2480
6862 8244
7701 9417
2217 4110
2998 5791
8679 4995
9178 2053
5715 1056
237 8687
9286 351
6680 9892
8221 400
4276 6958
3001 6393
3929 8674
383 4615
196 2918
3295 5280
7127 3908
3442 7
3562 4074
2461 635
431 1450
5315 7565
5315 1621
2182 3436
8640 8559
989 5502
7504 9935
5682 2845
5820 6070
1986 6683
7811 7161
775 6692
7798 8636
6611 3983
7728 2541
1282 2736
4322 442
8002 5389
7820 3889
3279 283
4952 9058
3959 8484
8561 6786
3308 5847
4849 8207
5128 9997
9639 7867
9530 7155
4103 8519
3246 393
9356 6173
2379 8198
9481 4154
4470 2133
45 7142
6741 8928
5092 4401
1117 935
1338 4236
4284 253
8218 8897
1587 2656
8677 4817
939 9203
6895 40
7001 6121
8067 7918
3788 5680
9094 7516
4498 8744
6793 8345
4298 2111
6056 4193
4645 5978
8575 5361
3542 5553
3692 5777
3928 1320
7952 9134
1679 6614
6144 9539
6054 6852
7736 9475
4184 5315
9678 2246
5866 6170
5252 270
3461 9515
6791 3508
3761 513
4613 7924
8829 1321
9627 2802
5004 5177
3196 3815
633 3729
9086 1852
7643 2429
1663 5410
1075 5396
2293 4843
9090 3792
514 8264
5752 3322
7014 3040
5927 9217
1007 730
4246 8647
2827 3048
6209 7192
6670 2128
2030 8040
6927 55
3962 9608
2332 9020
7970 8549
5326 7823
7230 765
5736 3228
8567 6062
4809 6792
2905 6029
6017 1703
4740 3056
4416 3639
5117 8105
1945 2444
529 1535
8789 8393
3033 4026
1492 6264
6936 7723
5263 214
5170 4678
8073 8974
2343 4493
9428 2800
8237 9290
6143 334
1372 5176
6365 9219
3618 1615
9969 3648
6999 8026
9765 9956
4587 375
7658 6712
7563 1658
5242 5748
9250 6638
3849 4033
2412 6713
2058 4236
5110 1531
1406 916
2945 2067
1319 8368
2870 1246
9738 7792
6243 4637
7971 8366
8083 5441
7459 2688
4956 3686
4436 3966
2034 9209
5725 1498
9817 6248
3552 8001
103 5748
4561 7436
4072 9829
5906 451
7675 4747
4713 4399
5546 2924
7587 3386
1287 2062
6289 8150
9553 147
5217 6310
7302 780
1928 6829
7506 7484
122 49
9222 6202
5948 5612
3940 4162
3697 5407
5911 9353
3025 8242
9503 5098
3480 5004
4618 5122
922 6556
5022 4837
5604 9730
1122 1834
190 6525
3037 2666
6940 8338
4262 8528
2964 229
7050 2334
7066 2088
5628 6348
4246 7005
7687 6237
7479 633
7823 5632
6017 1319
8918 1183
2338 5141
1386 7656
99 8415
1931 2950
8762 4135
7003 8027
1772 2334
5598 7436
1519 7778
8016 3785
8189 5123
4822 4295
5156 2531
668 1452
4475 5242
6030 5991
7343 6227
9650 8473
2860 919
4850 1012
9399 4724
9144 3486
7160 7257
1939 8770
8805 6257
3574 2963
3913 8457
8383 7054
2499 7408
6756 9739
4267 650
9881 9967
7519 9456
7919 5906
5004 2168
1894 2312
7272 4477
7363 254
988 8715
4589 7218
4383 7049
8609 7791
6174 6083
4246 4980
4040 9074
1499 1440
4645 9451
5980 1581
758 9841
4083 5094
3975 3511
1402 2373
753 7190
6815 605
7021 231
1473 9329
19 4974
487 9536
9376 8196
9632 206
1686 6799
4981 3056
9773 4832
1466 1475
9751 9800
5955 4073
1313 2872
2499 4609
1350 9620
2464 5122
5166 8035
4131 4756
4387 3717
4955 7291
8964 9505
1393 4128
546 4954
4374 1262
3496 6414
152 3734
8375 939
3827 5184
8655 4382
3765 6862
1274 7225
8986 3246
2227 4928
9046 3213
2452 6865
5873 3826
3965 7790
3484 1934
5456 3895
8545 9390
6120 5400
5721 5002
4106 9053
5400 5486
1332 5982
7538 7554
7091 8283
129 3911
9232 8341
878 8449
970 1206
8909 5276
3327 6062
6133 9532
9907 123
4108 4069
3156 9412
322 7747
8420 9218
2884 6503
6549 588
5889 6079
6675 1149
6777 3585
9866 3940
1056 6324
3705 4792
2914 8090
2462 7190
2305 1870
2033 1448
9066 1830
2541 20
3206 7733
7817 1406
2348 2160
1044 5227
1140 3626
9679 5427
822 8847
5476 8834
5440 3418
5604 4427
934 6179
9119 6713
6804 8
8524 6036
9663 7766
2889 92
7466 6580
4588 2662
7125 8620
2391 5504
895 2840
6714 8865
5852 3685
3891 338
2881 822
8320 4404
9708 4376
277 7180
3617 4173
7369 2674
6720 7800
4683 5602
7634 8404
2802 492
8993 5152
6129 6398
327 6139
1098 1932
2831 5912
8457 9865
9208 3742
7521 1013
3272 9391
3909 7027
4957 8275
1228 454
1519 2880
2615 8055
1857 6264
6735 3894
9654 9599
7479 1786
6256 9112
6609 3526
3411 7355
4540 8603
1160 53
3435 4532
5182 731
7169 9218
8539 4044
8808 1444
2129 6915
6290 2466
4939 7158
4518 9238
918 286
7948 4072
3901 5395
5108 2485
3772 2226
5296 8443
6694 7374
8465 5348
3890 1809
9455 4300
208 2989
6755 6544
2794 3924
9230 6757
9477 9520
1533 18
4375 5360
8404 2540
18 271
6518 6700
8798 7506
439 2814
5237 6270
1817 5673
9448 1972
2834 4294
4800 4331
2367 6911
238 7864
3682 2117
3395 9275
1718 2526
6939 5737
9619 3577
7764 6578
4077 8847
4894 1503
5111 56
9722 8442
2005 2567
8772 6825
9103 5459
8701 4392
9537 2211
5745 5442
9119 1270
1112 2988
8630 2556
4120 9134
350 2452
647 8511
7483 8914
2318 3483
5379 3052
2217 6452
154 2210
6010 7715
6104 3657
654 217
9981 8226
5912 5254
4667 9451
9097 3205
769 753
929 3234
1944 2240
4686 9497
2133 3210
6163 7837
9375 8703
7813 6689
6459 6175
7695 4102
8788 5065
5189 866
5110 9263
7413 3433
5353 3305
8825 1723
8538 50
6041 1706
1301 5378
9534 5269
2735 297
4017 7542
8592 5413
8338 6437
270 17
8533 1319
7764 2202
6070 6711
4017 4638
3149 7502
1197 595
1421 1522
9943 9730
1718 2057
2249 478
5098 8296
173 7877
8749 7580
1289 6897
3381 5252
3333 6571
7393 7689
8957 5166
3318 1819
210 8083
644 7690
7563 6206
6872 2846
5210 772
4267 6339
2569 1768
2663 9172
6402 2945
7033 354
4174 6584
3154 4914
4773 7795
7575 6097
8868 1962
7529 9748
1885 9331
4399 8208
3752 4238
9519 5378
6504 1471
4859 6525
8488 5683
8680 3966
4483 7616
1114 4829
8899 1166
3948 4626
8418 2380
2812 1266
3756 7697
3186 4309
1766 5104
5216 5988
23 39
1765 6324
4804 1620
4412 9898
8474 9011
2242 1226
5700 9737
5493 2016
2365 8390
23 3850
3615 4619
6482 6080
794 24
5621 8209
480 400
7949 3979
1229 2108
8655 6343
4580 504
5297 9119
9908 1614
6040 2236
9929 6701
6844 7952
9951 7525
2680 1325
8402 9858
9390 7136
9361 4403
8855 3150
5984 3766
1624 953
8748 3810
6896 8686
90 9936
9822 3247
9641 7046
6543 3640
3222 1233
9685 9376
3501 4191
7523 782
6157 9447
1701 6757
2677 197
3436 2254
9914 8278
4471 3168
9034 1308
4877 9023
5019 2846
7 7086
5677 5872
9419 9666
3102 5786
3506 2308
8588 6919
8907 9202
6501 4157
1545 6004
4042 2003
2327 3014
2946 164
8492 3366
8699 7791
2538 5628
7387 1528
7904 7841
2612 527
2415 2253
3782 9019
7545 1569
6527 2546
8117 8238
3197 9671
7791 8608
4228 9105
3277 8106
6139 7716
7181 3631
8913 4735
5882 8378
7789 6833
3437 9147
83 7464
8895 7951
4626 6184
9596 1306
5674 3460
5892 756
1835 3388
3132 5085
6440 3811
5585 6718
219 1371
5484 3566
2706 3103
4993 4717
2791 6077
3730 9713
8621 9903
4240 6362
2998 6309
2593 7412
4769 4496
2333 5145
7217 5981
9570 8720
9465 3324
4168 8214
5556 5147
6559 4231
8865 8884
1156 4169
6363 6625
83 1222
4870 5159
7622 8196
9541 3158
635 8242
969 8987
8579 3921
6884 8879
2343 652
284 4144
1797 1846
2795 6426
3481 5631
4146 1266
3959 6306
4590 5215
5364 3422
9619 2581
4628 4735
8661 4879
4541 7224
7221 9048
9259 2672
1640 3671
8941 8854
1348 7301
8509 6914
1347 6139
8685 777
9386 6092
5613 1852
179 3101
9993 4958
3431 7821
8094 6096
6024 3781
4285 1883
1625 8541
7784 6137
2209 8359
5754 8785
6244 7997
7428 8157
4066 7426
1073 1546
9452 4663
5258 7115
3072 7869
6582 5033
9686 3250
5193 9019
6674 202
7166 9342
5194 4987
3359 4626
2898 9333
7921 3473
5571 1372
5052 9709
730 8228
4488 7460
3324 6871
8724 4386
5319 8245
5871 1636
500 5529
969 1684
6649 9348
2868 6486
8891 6745
9764 2030
9504 3572
5045 4331
1186 1864
7020 6036
1232 3283
6566 9918
9903 5216
6380 4727
6653 3816
7672 6130
4774 6742
4481 7119
5071 4790
4386 7414
1776 6425
2330 7008
3407 1288
7292 1395
9735 1506
8326 6168
408 1957
9902 7450
7591 1269
9160 3068
9734 8683
9461 8871
9935 5260
5862 9984
7993 8708
5710 6499
5725 1456
341 9294
9907 7862
169 2539
9141 3473
8078 1131
8917 1692
3590 5612
9610 6666
7388 2999
7974 8144
2682 1320
1347 1120
5163 187
2715 563
7259 1439
7607 898
5738 9290
3567 6208
8751 9289
3425 6439
8841 1970
236 126
1537 616
2140 8436
1163 3866
8448 9309
4124 2697
2582 5718
7525 1635
5609 5205
9837 7457
8033 9266
893 905
6985 7500
4244 785
1437 7017
379 4625
5586 3774
3987 2995
8191 8727
1930 2970
2793 2980
5693 428
7949 6017
3783 8766
7847 368
4584 3242
7567 388
1873 9439
5619 8669
1739 6102
8383 1947
7991 9980
4968 656
9472 2305
2553 4407
3709 1963
6965 9467
3042 9735
475 4838
8342 6318
9912 887
1440 6160
6806 3678
650 2832
2401 4743
1256 2028
442 7536
8082 7943
3445 1513
6188 100
7869 9303
7271 6449
1560 2837
2592 5118
2965 2952
598 7017
2257 6766
8073 9335
5673 9490
1038 9728
2057 542
9167 2840
2179 2509
2783 3174
684 5771
9339 7475
4496 8892
2348 1680
2885 6518
921 3812
4637 1853
8218 3313
278 6217
3799 3394
8476 5141
862 9011
6141 6390
2772 5533
573 1622
2754 9308
7632 5164
8033 991
9733 7754
2529 508
5538 8163
1874 4669
9769 87
3974 3387
8954 3484
4782 1861
3587 5418
3280 6285
8611 9539
4314 9759
9260 4702
9857 8479
4710 7631
7890 3998
832 4884
201 6489
6545 1262
2128 9950
2044 7562
9839 395
6403 2459
8818 389
8883 8342
5272 6290
7645 5962
167 2275
3860 4442
2717 7570
4290 4280
7922 9044
4549 7183
9593 3834
199 6157
2837 1722
7259 6123
3816 5845
5331 6971
4103 8693
6399 6237
1625 8613
5295 6910
4734 1629
9274 6093
2045 584
2935 6635
6773 387
600 7279
5269 9813
9863 3203
5159 3750
8905 9982
7559 1757
6927 5919
4881 793
4507 3122
2456 1228
6911 435
4115 8303
5489 9564
7891 582
4282 4236
6751 1954
5310 3047
5072 9404
471 6148
904 7173
9530 535
3197 1543
1835 9674
4724 790
6603 9050
9865 1785
2159 8621
9082 9440
9821 2347
1379 7601
7088 7936
6405 1858
3498 652
5007 4165
697 7796
5310 8027
4850 7385
5424 5894
2618 9442
7509 7888
4612 889
5422 9569
8404 6944
4984 8321
5778 5102
7314 9915
6747 5433
9001 5081
817 6449
8437 1714
5010 4935
9404 5853
1878 2937
2788 224
9665 8827
9798 3177
1705 9107
1262 5081
9458 4880
4735 3848
1189 6056
4899 9401
7391 621
9680 1771
7845 651
2758 7416
6214 2721
965 5902
745 3066
8828 8055
5876 6599
9036 6616
5246 3707
4827 2163
9389 1346
5908 3704
5657 1710
8523 9295
4626 7055
7438 1931
3692 9038
2152 2219
568 6695
8607 7842
1359 1489
5133 4897
5735 2492
7611 3182
2728 757
6281 9652
7928 7736
8203 7766
4578 1075
3006 3345
2614 6995
7672 8445
4186 5358
7804 8223
7181 6828
5389 1022
2940 8322
8826 9136
334 540
152 3569
9562 8887
7693 7200
5656 392
5960 4133
5061 6908
5135 9250
9104 3629
5088 134
4849 9070
7992 5688
3498 1092
1090 5974
5557 448
8200 1529
1372 9229
2101 7828
7288 3795
411 1690
6193 1477
2815 7162
421 3309
7090 8904
2788 9938
9755 7609
8727 1203
6320 6954
8704 115
3892 717
4669 5393
3850 5361
7591 5410
2343 1660
9047 2605
7862 1480
6279 4819
2341 4728
9286 3961
2508 1030
6965 2372
9054 9290
3327 1776
9944 984
6886 1357
6246 3431
3080 6742
8773 7898
8161 5967
9939 252
3577 7178
1010 2861
7454 1110
5420 3587
3964 390
1601 2511
8249 6713
4651 4686
8766 8042
3250 3752
5391 3558
6508 9800
3067 502
8556 760
4990 8792
3963 7465
9316 3614
3828 9068
9273 6995
7129 4096
8268 8965
8100 6712
5090 3332
7960 1480
4342 8069
8693 7484
2942 9635
7466 4965
6041 5699
9588 6049
6580 434
3813 7974
9724 2605
5072 2459
1421 8237
3185 8562
6233 7933
4313 4950
5125 1801
8855 829
653 2309
6851 1290
5672 7271
5219 1906
8742 1330
64 6920
9717 479
7203 8535
467 7738
3721 9916
5470 8535
1302 3294
3943 608
8950 7659
3158 4092
5710 3632
7430 509
816 9572
1953 1477
8477 2674
1430 3094
5493 5681
2854 8965
5803 1137
7839 3706
2484 2500
5536 9591
5774 8055
1435 5634
1164 5196
9848 8881
1263 3381
9750 257
1569 9247
684 6739
6571 9705
5438 3636
5927 6335
4619 3095
8687 4455
99 705
2260 2919
8710 2480
603 161
8520 9081
9266 6445
9152 8093
8048 8913
784 6407
634 7455
3791 8420
7761 1739
7185 9056
1465 1128
7528 4409
6133 6254
6148 8738
5614 762
3318 1910
323 3153
7986 3463
8345 2466
6466 5490
1539 4680
7512 9297
9822 7944
5820 7277
8963 9821
1555 2445
3951 1278
2368 9855
7456 5033
9140 818
261 8254
8834 7326
440 4699
957 2257
7976 3487
2002 2918
9086 5516
2978 3860
6625 9022
4104 4304
1301 3443
7273 9232
4239 6566
4137 3998
6611 8972
4729 9717
6158 8506
4574 3242
8144 1777
6798 522
8017 9992
8388 9532
3044 7988
9619 3059
1160 997
5078 323
6139 8528
9750 2253
6586 4389
1349 6200
8196 5884
1287 6318
6124 9553
2752 6432
7229 7929
712 887
6248 800
6203 4088
5096 6225
1966 3971
8759 2481
1292 6969
1529 4616
2286 4983
5798 9421
6904 9891
9318 9644
5008 8818
7492 5479
2058 3283
7877 6711
9535 2124
3170 5245
3869 5759
1136 5289
2183 5496
8705 3478
7148 1478
5364 2128
2981 9091
5271 2067
7864 9378
6460 9393
4170 3524
8106 5231
6561 1175
8762 9102
8744 252
4162 449
6283 2467
5567 8079
386 469
6731 5447
7227 2750
3662 1531
9056 4613
2240 5499
6647 2521
4572 5214
7320 3801
9697 271
4313 2864
2258 3602
6022 4124
7869 6482
1468 7754
633 7880
8868 5887
1896 986
7933 2277
3676 3533
3234 5392
294 6072
3035 5420
3849 3880
5215 8725
5741 5321
1142 1234
6432 7320
4029 831
3703 3778
2307 1638
9762 3767
9088 4698
877 353
7942 5407
2946 6587
2127 1737
6380 576
1237 3903
6983 4722
3985 4476
7379 787
1452 8818
264 1763
8913 5467
5699 1142
1827 2589
9582 1393
8106 5705
8397 1393
5753 4641
6948 1768
8443 1043
2375 9558
6828 7031
9514 7328
6516 5441
5831 31
8798 2275
6477 1383
7207 1778
2661 6146
753 1730
2304 409
615 5169
4125 7118
6043 9742
9047 5913
9787 7396
1146 9245
6035 9158
9702 7606
9643 5353
8284 3730
9825 1640
3941 1289
7394 7048
4658 5978
2241 3689
2190 3619
2042 1798
4080 3036
5696 8937
2557 3073
7634 7374
1642 491
1245 4146
5279 8378
8747 3543
1094 2864
7977 6295
2275 7836
806 3411
398 6226
9015 8615
7915 1828
6439 9915
6491 1327
5116 5992
3355 2341
1013 1189
4010 5490
8879 4350
2297 1037
6151 288
6587 8653
8681 5827
6027 3797
3671 8788
4604 1870
262 8254
779 2303
6387 7781
7698 8283
4754 3903
1078 1288
1430 3678
7391 4103
765 9998
5448 3637
3395 1992
4332 1133
4439 193
3761 3575
4714 4274
8977 9857
4579 4020
2466 2809
6736 9624
8855 8724
1256 4336
2496 9422
1435 6973
9501 8894
9642 1590
7776 1797
2851 2498
7919 212
4901 6659
6713 1367
5794 6671
1264 5777
2802 1004
9588 2085
5780 6343
2689 6254
6240 3824
9023 6316
9015 2086
5239 6251
60 3499
1861 8738
8492 723
8904 5365
1448 639
3303 2888
9044 3696
4398 9280
3111 8442
5894 5895
2147 4519
2930 620
3759 1108
1925 8933
8463 6764
3569 6098
9749 7887
7691 2735
1537 3599
6250 7686
8644 4119
7679 46
3266 9881
6446 9140
1558 7074
9498 5876
9119 571
2734 916
3096 6639
3304 7149
8710 9556
6000 8631
7210 776
5526 5585
3494 6970
2010 697
9116 7169
4245 3774
610 2429
7797 8815
7570 8488
7781 7471
1854 1208
9563 8456
2129 5125
9498 3065
8256 4609
2520 590
7199 1129
1930 7418
4896 4631
732 9876
9094 1504
9741 4267
6151 7777
5638 6246
3936 3937
9067 6333
5795 914
9034 2926
9548 5642
5665 9453
3921 921
6428 315
4999 2086
3499 7121
9665 8970
8754 9993
2772 776
8603 9513
6678 1624
8374 3214
7300 5263
8448 33
3395 8557
5121 5496
6830 9378
9951 7403
6190 8669
2849 7873
3320 5219
7406 2872
9647 4217
8051 5629
7339 8462
5059 9341
3458 6151
40 9865
3954 6120
5672 8239
6496 9148
3092 6843
4475 9410
7210 410
138 6356
858 1142
5956 7876
7749 4515
4894 7766
8193 5172
3182 6932
1081 9515
2319 706
1009 7868
4381 7183
7304 9148
3504 8244
5142 507
2582 940
3941 347
249 5968
108 2492
6911 4366
6965 3350
2224 1285
3808 3266
5699 4128
1201 6886
7713 2381
9637 2378
6747 1656
6482 5323
3974 3512
5004 2908
8404 1686
9251 4484
6351 1654
122 1433
9119 2116
3043 3750
2251 1788
9221 6747
4988 2357
7647 3650
2332 4523
9255 2633
4542 5591
5755 4849
4343 8814
5369 5874
937 9075
3402 9801
609 8185
569 2319
7415 3561
849 9495
8322 7885
6692 99
5262 1991
6936 4547
581 8912
699 2300
5882 4977
8712 6353
2022 6391
5234 2433
2489 3127
7773 7388
2930 5758
7724 7203
3258 5587
1156 2875
1226 2364
6560 6030
509 8106
430 3038
5023 7634
9238 214
741 3048
5499 3120
631 2522
6282 1212
4584 3318
6064 1588
5670 6345
152 2809
1693 2934
8241 2040
6758 9135
8973 7455
5148 1202
8118 5959
207 3075
9740 7229
2401 9778
666 9184
9006 5737
8374 6937
8137 6661
8806 5426
4866 7326
4224 5349
6404 7396
2474 7586
9866 7304
4001 5548
7297 9924
3653 800
5000 5048
8128 7219
7796 7122
3255 1816
2288 393
4073 9659
674 2470
6277 3500
5353 4784
6969 411
1730 50
2437 2796
2602 571
621 9191
9982 6914
6253 528
1358 5908
9191 5838
304 5500
40 1385
7728 5517
7688 7125
6869 3759
9312 8582
1471 5027
1590 9742
1708 1029
1076 5834
4187 2813
3975 7670
3768 5858
4819 1016
2421 8332
2564 2608
3193 1444
63 8570
9746 2650
8887 604
9783 4499
411 8242
5304 8605
7484 7700
9719 560
2333 3825
8399 866
2563 2187
1106 8823
668 6030
1 7444
3180 1710
117 5662
9618 1644
9835 1668
7049 9252
7307 7974
4378 4391
7801 6880
5759 4592
7044 5799
866 6996
4029 2558
6276 491
338 3029
2474 358
3031 9119
3538 3276
5302 6735
1363 3941
3821 5598
322 2402
7414 4652
5857 118
3781 2177
5474 6853
2042 5150
7657 6600
3590 3700
6271 1274
3994 4272
7139 5763
7162 8306
8683 3502
3505 2521
104 6680
9391 4366
2711 520
8621 9385
1684 7445
2528 9539
6457 6953
2684 6617
9781 1952
8752 3161
4855 1804
4175 3421
7449 6169
5583 6097
5706 6088
5194 2738
2708 7498
3794 3877
3852 6794
6546 6241
6487 6280
2271 4763
2713 4718
1597 2828
4985 6656
4846 5009
1553 9669
6693 4974
5538 1068
4377 3167
6772 5197
5957 877
2106 3534
7228 5802
3428 7262
9337 7257
526 6850
4837 1341
646 7321
4482 6316
7739 429
1268 6031
2961 3289
399 585
6912 6274
5580 5745
6796 3523
2085 9310
8016 89
5455 1871
4500 1687
8248 4228
7949 6999
6902 8140
8819 4462
9135 3355
6558 7275
3670 6680
7017 5724
3651 993
4745 6668
1132 523
3703 7149
7679 7258
2681 7486
6338 4280
6879 7577
1665 2662
6344 3900
470 6125
8757 321
679 9007
5381 6556
1097 7391
9056 1713
9475 6442
4736 5232
9933 336
2393 2942
3335 2883
2520 8097
1014 2379
4137 9287
6057 7827
4947 5092
7242 5811
8351 4358
1872 6939
2710 2310
2208 9273
6984 6126
5988 6584
9416 3249
7684 9733
1284 7211
2705 1903
6435 1575
2641 9226
4184 2279
7668 5663
6035 8659
3157 8100
4422 769
556 2467
6548 8029
7392 1930
3653 3061
6586 623
4663 8676
1588 7662
3519 8649
3472 8432
8381 243
4374 7961
5229 6923
2069 7679
250 4366
9531 6098
7885 9366
4896 2956
2515 8052
9020 246
3772 3531
6200 2356
4016 3676
2434 4510
4380 906
666 3420
4714 4457
3017 8046
2751 8408
9874 2469
5245 9464
9776 3841
3481 8888
3055 6024
2487 1599
5703 4656
6241 8389
6387 6393
615 8685
3296 9098
544 4739
5201 2358
7566 2718
159 1435
6303 1603
1245 4871
4608 8166
7305 1415
4941 4445
655 6061
740 8818
5768 9437
6439 5237
2959 9284
7759 108
212 8134
270 4376
7722 8946
2173 3638
7083 6612
8148 2014
1979 9032
9160 4027
6313 7094
2830 5495
5378 2062
3454 2307
944 2720
3939 4240
2320 2760
6270 7245
6769 213
4346 1693
9304 741
1995 644
1761 3631
8336 3598
272 7228
8535 5052
9157 6706
7823 6203
7597 5791
3017 6051
8469 7230
6648 8042
5882 9993
3175 4738
8780 5932
3513 6374
8401 4273
8732 7852
1509 6062
4999 7126
6815 9079
6082 9819
3903 6368
6661 5390
1668 196
3801 7144
6922 1803
2010 1271
3184 3979
7198 6961
9224 7006
2991 230
9239 2284
2836 2194
6652 8421
7582 940
8285 973
4046 2815
1181 3380
8132 738
3371 1793
8274 9381
3300 5514
7471 3338
7559 9059
5575 3326
697 2449
6191 8451
5519 4889
7975 5771
3625 9689
8920 9427
6991 2243
9229 2538
2146 1442
783 7068
9781 5194
4456 8815
7477 7056
1640 4601
6979 7139
4022 9180
9763 9286
7422 9599
157 1100
5177 8235
7200 4062
3786 3071
4726 9787
3669 7872
1155 6733
9722 8864
4343 4308
2079 3897
5075 8609
140 151
9208 8001
4383 6815
5291 7508
7295 6064
1140 6985
2686 1973
9446 6984
5592 7987
1033 8507
2952 5477
4147 6426
9738 6994
9909 9330
1723 7576
545 7665
7676 8855
1194 6192
7318 9228
4100 493
6311 5144
8970 532
8202 6509
7806 4634
2949 8917
6474 2886
2252 30
2678 9948
8451 7670
6035 4871
8192 9390
5828 8755
3727 6510
6412 3764
3487 6694
6946 614
1145 4236
6561 9506
8721 1111
6268 6937
8166 6167
3151 2624
4595 4414
6240 6328
3896 9375
8708 5769
2402 4114
2063 8667
6471 4929
9283 2305
1662 818
7353 7490
874 2065
2494 9653
9928 4856
2948 9560
8302 6014
7530 3069
3203 6538
7654 3346
1197 5683
5406 2268
2790 390
3222 623
2904 7154
4707 9996
8039 2083
7006 2487
3198 2249
5908 1443
6961 6660
3467 6605
865 1534
4847 2274
7951 8805
8507 2766
7448 8612
8803 5458
9006 2270
9965 8289
1799 6726
3728 2423
4238 8653
5060 6678
4248 5625
153 3375
961 1822
4388 5930
3957 411
3380 4865
4826 5972
4019 4671
6490 3544
408 5872
543 8046
5545 517
5671 8481
7149 3832
2983 8677
7535 9526
5692 5716
2543 8413
6172 2314
7859 4355
923 6825
1915 9712
3290 7546
7138 4234
4618 6305
144 4091
3998 6443
5452 641
6285 1639
7983 6850
4231 7358
3332 1145
831 4976
1243 3473
6471 7101
2797 4429
2298 7612
4393 8050
2978 7627
45 2994
4409 996
8561 9910
1613 3881
1949 5415
1181 7132
9962 2521
8032 4957
7750 8932
7989 9456
833 7312
2324 9850
4437 5788
4947 3448
6930 8107
8181 5644
9607 5404
2190 1877
8637 6357
7649 5322
2333 8523
2794 8163
9474 7873
1495 4021
6153 7658
7489 5191
1349 3356
953 6677
6783 8899
4861 3361
2826 2079
7337 5472
244 7996
7274 3032
9273 6732
5903 788
4674 8451
7528 4066
5451 2974
8016 3898
4193 6752
4983 9499
9786 5531
5976 4115
3551 5160
4442 6970
7252 2307
9217 8156
4265 6517
244 2353
265 7439
5993 7339
1999 7953
7677 2796
8904 1876
1424 4481
1011 3754
2012 9262
2245 1728
8374 9687
4586 6796
1550 57
6278 6969
7777 9363
7849 6637
2190 6820
8832 9251
7285 8482
5704 2617
2218 2260
2302 1160
6041 2765
8050 7659
9268 6966
4890 8383
2472 7302
1715 7590
8590 688
7458 6055
9245 8681
9096 7205
156 4805
6004 7194
3205 8109
5538 1841
2229 1231
9537 1549
9905 3107
2610 5736
6146 3717
141 1884
5937 4435
1150 5160
3341 308
9228 7664
569 4467
9834 1556
5443 616
775 9690
6975 5505
5280 6186
834 1666
8437 7943
9306 6646
6200 2933
3131 6368
8977 6491
1156 9411
2367 9607
656 7402
1866 8232
1865 8772
7732 5004
807 3360
5070 5366
3141 1361
6758 2699
7636 3439
9277 8058
9193 6314
2087 9350
338 7035
9292 9089
631 9784
5419 8310
2379 9636
78 3091
3873 8769
3929 4977
3227 9811
2828 6546
6877 6498
8616 1878
2160 7787
3134 8538
3139 3716
4947 2062
6188 4954
9536 1392
7388 8809
7557 8714
6241 343
3389 8245
4949 6365
7325 57
7459 3475
9895 6642
9081 2663
5307 6384
6489 1274
8124 1435
5514 9703
5248 5953
6828 7089
6530 7102
5769 7591
3698 2935
2038 9143
6395 7891
2121 5261
8165 5286
5972 9429
7217 2459
6543 6853
6242 4109
4084 5760
2651 1938
5940 3304
8307 2549
1095 7427
453 8398
7233 5465
2420 2928
559 4887
9644 7743
5201 8899
7204 8156
6146 8061
4719 6751
5202 4062
5169 2032
4149 9840
1135 6338
4996 8810
4559 2316
3521 4086
3055 3732
4775 1328
7825 314
2368 7341
3780 4111
2385 9510
9710 6401
6432 2000
5781 5700
5638 3689
4301 1742
5006 8048
4987 9486
7741 7569
856 2394
9228 4285
8450 373
4945 3330
4092 2169
8524 364
918 6886
8909 2631
455 1863
8963 6288
4278 285
8142 2343
425 9386
9254 6115
2292 8844
8501 3474
147 4021
2415 8891
9027 9187
5890 6690
9546 9584
216 999
7399 4760
9769 7196
4484 9826
302 2817
344 2574
9072 8686
361 9049
7103 9404
6510 720
6974 8560
3251 9967
1052 3893
6646 1476
302 9045
718 6916
2087 6420
9051 1529
5625 2985
3464 8072
5685 1529
9629 4971
8543 4546
7457 6095
1501 2945
8349 4044
2094 1360
7132 1676
4487 2384
2590 9802
8729 2990
7676 2729
9198 6901
6325 8270
5474 5393
4983 2203
3422 2347
5882 1672
1295 6294
134 2992
9557 5444
3956 9989
7208 9957
5138 3713
2677 1710
8224 6411
9798 1554
9480 8722
9312 3824
1691 377
9798 4872
2021 6367
3595 4699
9602 4026
1604 750
7947 9567
7627 3146
873 5472
2880 1444
9402 7906
3594 8308
2640 5514
2571 3700
6183 6836
8002 55
5135 3872
4954 979
6311 4585
1520 8716
3787 7155
2306 2975
3220 7761
1762 375
9230 608
2090 6896
615 6563
2521 9590
66 3291
2155 6280
7435 8803
1783 9951
9350 8582
6274 8389
928 9357
1858 7668
4807 5897
5037 6956
6550 1497
9119 9919
4616 4649
1161 7469
7949 6327
3047 9864
4266 4467
1098 1555
7643 1042
6772 9036
9124 5999
6051 3746
9477 5471
4644 181
379 7535
1065 6297
8003 4828
8373 1046
9578 5055
4851 4000
6608 8403
3463 8717
6347 7412
6748 216
424 7670
8205 5058
7020 5775
8351 1903
2744 6498
8587 1124
9019 1145
2394 7803
5713 1550
1912 4528
5978 9510
6347 556
2693 3067
6877 2619
507 8660
1685 6332
1384 5075
8053 6020
3139 2426
6140 2992
7359 139
6026 1205
1995 2667
4276 1413
7460 259
6222 7313
570 947
6837 3381
4751 5010
4847 6149
3996 8646
2825 9682
5726 9196
2688 5944
4813 1493
5916 7815
158 1662
1638 7116
6894 7658
6363 332
590 4654
7688 8541
5903 5768
933 5424
3587 3917
9182 8334
7858 1326
5484 830
7822 3430
5939 4897
8622 1443
6676 2442
8071 2670
99 7693
3561 8824
1491 7507
7637 7395
5661 743
2685 363
6127 6385
6051 1407
113 2268
3 6096
6931 1829
93 7476
9362 402
4106 7735
3561 8285
3856 5136
2900 8732
9888 5707
6752 7711
269 5560
5390 6981
9223 1759
7287 5642
2501 1325
4377 641
8097 6160
9488 8714
8430 8572
3440 1233
6148 2631
5822 2323
9100 1703
1422 301
9975 6566
2198 7859
2584 6943
9298 4921
4226 8456
593 8817
1884 859
4269 6450
5874 6499
5832 4226
6933 7312
2353 8112
7298 6214
5958 6464
5775 3960
4564 8932
8497 7693
1017 1987
4508 7964
8939 1448
9378 4330
3457 9914
6029 2429
5663 5155
1831 7467
8431 1376
9190 4100
618 5860
8758 4105
7511 1513
4254 7927
874 5140
7444 4116
8158 4468
3708 8773
7053 2327
683 1081
5643 3576
4139 8166
6051 6344
1351 5166
1177 3592
5222 8301
6815 5153
8484 34
2387 7697
5148 8456
1589 1235
6354 2319
3127 585
7612 7244
7741 9688
529 8218
9075 9151
9322 5163
8046 1573
389 271
8683 6655
3208 4367
8371 3963
2674 1463
4960 6029
6925 7070
4521 9859
6688 1523
4073 7238
3825 5590
3886 7408
5815 9695
4510 4996
8030 7775
9107 766
4340 6210
1543 7208
9456 9854
8027 374
5986 1818
5697 9872
3573 9790
5209 1193
7937 8867
504 1824
6174 7750
5413 9587
9507 5518
5694 6346
5179 4471
4983 2903
8489 5931
8322 2120
1523 5821
2986 7782
4345 4961
1561 1118
3449 2859
6218 7930
5163 4914
7289 9483
1047 7505
3974 3396
8247 7162
5112 598
8534 9847
2206 8100
4568 5311
5265 770
6739 2641
8709 8895
9307 9919
2302 8204
9244 7514
2751 792
8144 9542
2830 6761
176 4666
3876 5977
6103 7015
3568 2763
8770 6595
8635 7496
7012 7728
4614 1019
246 7501
5263 1045
4748 6777
803 2509
2658 1839
1949 9256
5733 4371
5693 6225
7358 6583
4852 37
8969 8122
5819 2669
4212 62
4131 4665
3571 5412
9718 4326
7616 6246
2781 4891
4431 6609
6620 7414
7488 6125
2024 4446
7230 6523
2696 3012
5268 5834
249 1051
1439 6997
3819 3281
4079 7100
8329 4697
6551 7358
8742 1031
9555 1504
1491 5383
953 3517
8045 3978
1065 7209
3315 4526
8014 8115
8293 584
2566 535
5175 2097
3406 7566
2245 890
4519 1283
305 349
9237 7666
7864 8306
5925 8798
8019 5163
846 7871
1946 9277
3169 1719
1074 9691
5851 4240
7990 6528
6633 1780
7363 2985
5482 7351
8926 8061
8560 9701
3585 6810
6592 1396
2274 8397
5354 1654
5332 3885
2258 8957
7670 9476
8828 3706
6394 347
3335 2213
5889 3905
2816 5443
689 3512
7911 4790
3080 1277
9918 9655
3034 6098
318 8008
3815 1289
516 1977
6232 7263
2185 6122
7655 2034
3055 7672
5342 545
5479 5541
4376 3598
4847 5720
6948 882
3592 4206
1177 3230
8710 6108
3459 1162
3601 5155
1018 5788
9145 5790
2387 7446
1814 266
1280 8876
9469 5026
707 832
9790 1175
3473 8556
6362 3032
7457 1372
5539 6500
7763 8741
3851 793
1837 7718
7390 8167
2145 7849
6924 4231
5034 3126
6014 7361
21 9765
9098 5823
189 6365
674 396
6798 5390
3462 5415
6555 631
2218 9258
7692 853
5602 3970
7743 4842
7433 5434
4254 21
7057 2616
3905 3795
2693 9732
6666 5569
9419 5937
3551 1853
8085 4889
8133 3401
1206 3465
8711 938
5314 822
7782 7859
78 2298
8218 7897
4598 4879
5287 4499
7261 6663
667 9025
3599 6534
9475 7269
6275 3036
5278 6098
5916 7395
5545 7183
1150 9585
1865 6264
5502 6474
6231 498
5923 7606
1781 8457
6776 3498
8527 9048
595 4870
4109 5667
1343 4698
2293 6740
4150 8006
3485 801
7467 1052
574 1255
6339 8084
852 2405
9699 1292
7937 4551
5525 826
6882 2780
1492 7312
3722 5719
1015 1722
778 2783
4219 150
8658 1267
7688 8801
5280 8014
5109 3466
4167 8386
4760 5109
8956 4932
7270 9711
6506 9140
2984 7769
5845 1880
4558 9651
9643 1492
5598 5286
6551 8952
9125 173
7279 2789
6846 705
6493 9965
7984 272
4842 5238
5665 1194
8470 9499
4873 1751
7701 7728
5809 2776
6915 3919
5786 8104
5192 1716
3114 9151
3527 145
3106 7124
8800 9807
7883 9019
6085 4018
238 2610
6426 9943
7874 4452
1269 7260
6752 6777
7813 7388
5939 555
4480 2535
748 7092
996 8170
3057 8889
8798 8095
293 2349
9465 7668
9875 2611
7647 7168
7300 325
731 2520
2016 6522
286 8061
2721 6743
656 5502
5443 3189
2943 7618
7831 6266
7667 9930
4663 967
6786 6519
292 3214
5951 7992
5179 5437
4620 269
6342 139
3329 3469
3806 3742
9109 8736
6046 6983
6761 7434
4371 8987
8644 8373
4048 9262
1033 745
2606 2542
613 2427
9953 2217
6276 0
1765 1628
1795 28
4775 3082
5328 1675
1136 8117
7885 7418
1052 7292
3092 4195
2345 5552
3668 3300
1547 4500
9434 7323
1068 9233
827 5168
1313 7332
4589 9215
455 5845
8646 3312
1996 4181
7308 5893
9627 130
3835 127
4015 9737
9429 3933
1224 7402
5939 2579
7468 7281
9754 483
8804 6358
3977 682
4679 6322
142 3481
8613 716
1641 6654
6457 3295
5481 959
7394 5802
6178 3491
251 2181
2559 9885
7173 7930
5668 8197
9910 4871
1997 9109
8251 159
3938 3485
585 2279
268 947
4961 8852
2993 8875
1522 8095
1083 414
8281 5473
8374 7866
7331 5809
1736 6486
8275 7559
9980 3776
9134 1004
7063 6021
5508 7776
9579 2797
6889 3960
2009 8064
1937 6290
5665 7145
4635 8294
4694 5605
8772 6139
3021 8344
6124 7442
7347 7485
4246 947
4702 5783
7576 2547
2124 8408
4355 47
3288 9357
2988 7463
4107 5909
9977 8745
238 8877
935 2857
4606 265
9848 8091
4056 9936
794 3149
3556 452
2642 7555
8927 3501
504 6400
8384 6658
6684 4797
6780 1667
4582 8938
2228 4757
4747 2127
4380 6107
3707 6701
5655 6157
6168 9701
2446 7816
2033 7573
5103 7762
9868 3979
4978 8632
6434 4103
87 8566
1427 7569
475 3857
7307 8756
4554 8741
6445 1142
1470 3943
2923 4004
4805 4198
2776 6511
2945 9026
7492 2685
5368 5849
9623 7054
6556 9994
8185 8428
2133 9240
845 5533
5562 5821
1998 9417
7775 8760
1090 9586
3720 3268
1563 8196
3548 6647
204 219
5157 6548
4505 491
8595 9053
7911 6721
400 8680
7346 1332
8126 972
5309 7894
6109 7545
1396 4797
5465 8178
7406 4136
7023 3048
6383 1376
704 1124
6969 9406
1087 6592
5410 3267
548 6338
6432 727
6259 8438
2081 7537
5271 5975
9096 2320
8327 4890
5777 5140
2138 4200
8534 7932
3127 2294
1866 3117
6630 4754
3298 2731
2642 1083
1652 583
3455 8941
775 9909
1192 8264
8346 6777
514 9213
6433 4078
6237 5925
6505 5970
4280 3661
7565 2257
7187 9745
6865 8701
4992 2020
8603 7511
5379 537
354 1981
8441 3602
6863 8959
9476 2930
5392 7071
6244 8561
7739 389
2722 460
7440 7340
8950 5446
487 7197
760 8751
1720 3093
4195 9102
57 902
8677 5774
2498 5479
6708 8611
7740 9657
7787 7608
88 3015
4657 8711
4237 1128
8747 276
3449 7941
1927 4742
8488 257
8409 9042
7939 6106
963 2741
5983 6331
397 158
4390 923
2933 6263
5907 9462
8688 1246
2823 4293
6958 6052
9096 6508
6203 5120
6777 2257
2753 1905
1317 7620
8811 3455
9429 7071
8037 9357
2113 2539
2431 5005
6275 7276
8096 3647
4103 2698
1159 9576
2222 3662
3117 9995
8850 7461
4327 4934
6868 692
7287 8700
1 2536
9473 4506
9811 5176
8619 3160
7124 698
8030 239
6941 5694
5594 7969
9884 8859
2261 5929
4164 7860
8355 7168
398 2183
9746 5145
3454 2866
1757 4682
8736 6226
4192 375
5873 121
1291 3581
2106 5899
2735 6327
9927 2901
6789 1153
4054 9851
7598 8039
8779 9885
997 5576
4625 3493
4689 6301
2282 9295
7158 7184
8967 2405
8587 2506
6163 4102
8023 8157
8249 4835
725 7819
6807 3990
6070 3553
3834 4367
1973 9940
680 5132
3397 8102
8317 8708
7879 2309
2221 6112
4072 2385
3449 662
2967 2743
1260 6692
6309 1918
4933 677
3012 5453
5583 3635
1826 488
2587 2138
2623 6213
959 4181
2489 1391
7288 1271
2649 9238
7707 7479
8902 3761
746 9689
2328 5602
2 1045
1687 6820
4144 4151
6466 6227
7924 3218
1515 1639
5229 1665
3327 2271
1460 1468
5283 5830
8741 1251
3274 7445
9048 7274
404 2309
9710 4081
5569 7374
1975 4895
3443 369
6256 8027
6432 271
6233 8118
7942 9508
5605 1480
9466 8740
1643 1413
8329 6448
2009 1244
7583 6020
648 4812
8582 1568
2506 1811
7254 5905
9616 1925
4347 7964
5768 6181
5732 8262
4020 2675
7048 7219
6838 9346
307 953
3383 8549
9550 1264
3127 7493
9548 7736
862 9025
9408 9831
449 9859
9404 717
1040 5227
8981 5350
9229 6890
7250 7660
3271 5453
5955 7126
7300 4180
4815 3602
8109 9822
4981 7850
5075 6419
980 5493
4239 1150
1782 4445
9207 2276
2439 9352
9901 2901
9875 2917
7841 6094
8302 2053
6199 2985
7005 5140
5907 2258
8465 7666
241 1718
5060 9923
2801 2714
4028 4799
4447 6805
9500 6006
8705 3707
5898 4052
4905 6680
4811 4701
234 4085
2250 6629
8456 169
408 4078
2088 5199
3582 3327
2022 3072
9454 6862
3782 2845
7367 2090
7010 5644
3574 6407
1442 876
8441 9126
1897 9990
9232 160
988 1218
141 528
4014 1043
6282 858
614 9536
5145 9868
1826 8368
9686 5967
9845 2017
4137 154
1659 5926
8744 4195
1870 4810
3978 546
7489 2693
9941 3253
7433 9754
9449 6010
6924 5258
6374 956
6513 3465
1063 2380
1271 3898
3010 2107
3586 6410
743 3042
1792 2070
7510 4607
1481 3050
7070 9868
4181 6072
6496 3581
6679 8369
6626 8278
2983 3986
2463 2103
9310 4365
5211 5461
9338 755
421 7398
8753 2652
6581 9720
7315 7955
3893 7726
1304 8816
3531 6744
8920 2739
8468 126
5625 3738
5821 5770
8275 719
7979 3503
9360 1617
2234 4649
7183 1629
2275 9218
9815 9738
7334 7454
4472 6958
3767 3332
7406 159
7589 218
5983 2330
7701 5292
2020 202
4909 5560
2084 8661
877 2393
7851 2889
8632 3917
6297 2558
2639 9205
3607 888
5551 9226
1765 1404
3985 3750
3807 3500
6127 5094
5870 4689
87 6122
6618 3796
8776 181
3165 7609
3384 7064
2675 8552
5736 4550
5486 8601
303 451
5701 6219
7491 3582
2028 4034
3607 6088
9216 2427
1134 8847
409 733
1390 5708
161 717
719 4150
8499 1069
3954 3584
7021 3091
735 7366
7664 5282
7574 2159
7910 9687
9143 527
611 9938
5677 7196
1299 8175
7590 7259
7523 9040
6238 6487
8620 3801
2056 7309
8107 2871
1486 870
1004 5582
2288 5394
8996 3965
8568 8861
9565 2384
6622 545
5932 5938
2056 7768
7486 2797
4969 4236
3969 3648
3866 3598
7856 3435
8903 9647
4230 6714
816 6621
8036 9996
3375 3534
685 3935
8809 610
878 4697
3037 6136
7211 5829
6906 3872
6821 6585
9598 8472
9624 4048
1624 133
3840 6489
1743 352
5643 5210
8716 2554
7753 9858
5905 5965
8513 1114
6205 6097
7374 5639
7976 3784
3638 3200
5129 1271
9418 8182
6967 7121
6089 3556
7931 1633
3104 8724
3941 8212
9020 6460
5750 7792
9088 5555
2554 5013
3138 3492
6984 2975
9103 5630
9682 4661
5167 8101
9447 7057
7795 8137
7736 9020
4971 5424
9352 581
7940 3475
1276 6254
3679 7282
4865 1556
1788 2357
493 8825
5573 7776
3822 2047
2695 4689
9983 482
3003 9657
8793 547
2148 6901
9926 8445
5056 2729
769 2854
4529 6504
6777 7860
1494 7762
2323 4009
9026 7433
5871 3084
2350 3570
9059 2309
7370 7605
8260 5269
9006 6049
756 4192
5743 9920
4917 9480
1054 2353
4267 9703
2170 9832
8335 633
2069 3262
767 7219
9268 2182
6531 7892
6928 1614
4571 7158
6490 3694
2629 8609
3836 2320
6266 8221
8730 9867
1400 9041
2054 2878
4634 9805
4499 9046
4451 4448
1202 5052
4633 2647
7480 7070
1966 9747
7025 7656
2139 3205
2141 8943
9349 7657
5784 4618
9297 8124
9480 4221
7603 2268
607 9955
1810 7787
7345 9575
2632 2798
2831 1103
8645 7672
9233 966
435 3982
6419 4037
5189 3911
2534 9101
7560 4162
3063 7667
5147 1284
9629 5384
3483 3052
5292 4900
3735 9173
326 9151
8755 1960
6993 6443
4056 9595
5908 3937
8039 8777
7275 6903
6318 8655
7850 7979
2244 7521
5709 2447
910 3735
7598 8849
3764 455
1072 8885
8589 4512
1448 7473
2727 7920
4908 8277
5268 5155
100 5349
1182 8680
5868 5732
7130 4609
5387 4686
5338 2040
942 6979
8301 4185
6878 4859
1 3088
3152 9402
6745 2751
7323 2882
1337 9371
1828 9583
7854 8212
7653 1779
9227 4175
2732 239
3037 2418
7615 8090
4960 108
9214 7313
5019 7358
7137 6347
7271 4794
7792 9624
1165 5430
4497 9062
237 1165
9852 2207
8714 2259
8827 7666
5138 8178
5949 8652
4844 2790
7642 1971
1018 1457
8048 815
8350 3643
1979 4837
2585 5466
9204 3682
4686 1194
7360 512
2294 2890
2969 2888
6812 963
7162 1988
8888 2101
8052 1743
5289 5951
5006 4572
7979 9275
7641 5056
3769 6180
8705 4381
3212 3412
7183 2139
7633 3823
6203 3461
8472 4390
4767 5134
7816 840
1943 6734
865 3436
8901 1613
2378 2019
9713 1674
9576 2285
1421 3464
4848 5323
950 8182
2387 6253
9878 9609
7848 6807
2807 8377
4392 7220
3090 2277
4723 6551
3766 2483
7920 6554
3796 9064
5905 7062
3878 8656
6068 1101
256 4955
9110 8535
2510 6773
339 8903
1757 2815
7289 8057
3479 9679
234 2106
9814 4481
3455 2788
185 3880
6713 6789
404 8566
6179 7243
7969 5955
6964 5006
4325 8301
593 5065
3102 8877
9871 4679
5896 546
8326 886
5023 3404
5377 1515
4174 8823
2433 7970
9878 5745
2401 8671
8218 7082
5941 2310
7367 8103
5612 8419
6753 3315
3764 7831
8009 1123
3740 5248
523 532
5796 3508
4515 308
9217 3642
2031 7785
6302 1701
8640 6497
156 5693
8586 3320
3529 1756
3643 7104
9119 1570
9624 416
1571 85
5203 6795
3758 1944
7177 107
4168 5623
2952 7738
7536 8812
4093 6365
8216 513
4843 7630
141 8691
8216 3556
2085 4784
497 3041
6497 4365
3390 8775
4722 9270
816 8968
5464 9442
2183 9066
8565 7153
9056 5187
5983 2694
1964 3942
7109 8187
8620 6841
2617 2102
1367 578
4459 4022
5486 6190
9431 1769
6903 7438
5093 2030
5733 5263
5342 1873
9737 3732
9150 5977
7906 498
2773 2874
3151 8280
9047 8007
1317 7225
9203 8024
1997 3799
3217 7379
2756 6493
1268 9674
2726 4073
9552 993
7829 5220
8069 4827
5603 399
5849 1312
1471 5037
1187 3197
9307 2663
5331 8776
3276 5520
7920 5326
9996 7893
6474 122
5098 8992
3230 4980
2128 7642
9671 5412
6276 9418
5617 9778
2424 2799
5224 7996
3981 7877
7648 1331
7076 8680
8334 2642
9989 7490
3571 5739
8200 6258
5993 6048
3473 6636
3302 763
2521 4118
910 6283
5959 6502
8021 2651
2941 8006
5249 65
7439 7889
5133 5168
6766 8493
7723 4922
7651 6709
6241 405
8215 3937
1124 2392
8575 9172
594 7411
9301 4354
5929 729
1249 2892
3301 2107
8342 6250
343 7921
8313 7667
2977 4215
9037 4652
4429 3027
8730 3291
3501 8815
4987 1718
9582 311
2566 9149
5078 2496
7 1345
3724 5586
8134 527
1878 1828
1943 3869
3229 3875
2496 6304
2014 6990
5764 4792
8650 2801
6110 7928
9788 4684
8570 7813
7722 4512
5549 4267
6437 261
7476 471
5595 6475
4762 2580
4604 1723
9764 9237
25 7736
9670 2940
4344 824
9864 3877
1940 2201
899 4802
306 1394
5446 6243
3070 6567
4101 353
68 792
5313 2904
586 5127
2098 6383
7994 7716
1840 6293
2958 9718
3249 6570
5748 9432
237 2279
2401 6846
7870 6267
8578 5299
5155 8210
2685 1153
2660 9748
2310 555
8703 3752
8701 1386
4881 7971
4021 3970
8672 5633
6192 8929
7829 8399
6230 4660
9191 6802
1252 7509
914 9127
9344 2260
2151 9368
2027 3137
1565 440
0 3572
8501 5131
1705 9817
9995 9253
5344 8299
3816 4158
2243 8348
453 7742
2401 5166
1466 8491
4385 4065
4372 1739
4289 2042
2692 6296
2364 1244
5236 5888
5605 9365
1461 3158
2640 4631
2309 5033
2272 4594
9852 4030
7723 683
2101 5884
697 1995
3849 9732
6123 3143
3430 1883
4873 2279
8991 3462
4084 804
542 321
5866 9779
229 7980
1175 2745
4401 9826
696 202
6847 3847
1435 9891
2985 8077
6083 2847
7337 4499
1608 7641
2158 8043
2459 6672
6508 4934
5031 7552
5422 4591
6834 6226
8534 2321
1187 8930
1877 4661
2573 4921
8663 4651
3817 8167
773 9845
6995 526
3534 2475
2331 9134
7087 1582
7564 7336
6607 3741
7321 9682
9464 5741
4306 262
4255 361
6054 4503
2565 4486
211 6689
4582 1680
360 4827
4510 4135
7660 2924
4411 3488
296 8487
190 5033
6271 5845
3435 5165
8366 9070
1088 7136
6061 9187
3219 1352
3493 811
8595 7448
5804 8903
544 954
8268 8084
6871 71
8419 9757
7382 5958
7091 4779
6462 3040
8472 1258
8742 4860
4026 3464
8571 5004
3144 2269
3573 8290
3509 3554
8725 9248
2895 8208
6651 9019
1689 2229
229 9851
715 5429
6305 1058
8064 9723
1843 4006
4221 1307
8210 2781
1377 3365
1196 6484
2951 8344
6314 2140
9528 7313
5423 3953
2254 9182
3321 120
7348 6899
2122 2645
3737 6888
6049 5350
8579 6749
3041 5344
3791 6923
2211 4644
7255 2585
7079 8557
2301 5799
6502 1112
5364 7387
3827 1776
9565 6806
6432 3814
7935 9857
8060 9354
1136 3017
3930 9272
7136 5588
6749 6593
3029 6399
1599 149
2768 8903
3825 9546
4078 9472
9565 3740
3595 1716
1143 8593
9553 2299
1234 8247
4959 1860
78 845
8581 2670
9167 2203
827 9749
1706 1679
6992 6412
6968 8724
2768 6643
7613 5840
4799 6277
6530 4171
9779 1057
6014 7144
9886 1203
7827 2945
2056 4223
7221 563
1259 3289
2053 9731
104 1267
8268 6331
8887 2676
4035 9206
6571 3810
7007 8611
2100 8572
7178 7737
1598 7478
1852 3496
711 3889
2713 903
2350 4694
6372 1568
5047 6415
8305 2100
8715 3747
5415 1820
3644 7596
6004 3517
4709 3975
4251 8455
3152 5431
8345 6858
7618 3813
8518 726
8561 7496
9318 5598
5333 8862
4879 8887
3980 1892
5012 1202
5784 9160
3504 3028
435 9176
1103 9695
7747 1782
4934 8143
3944 3547
8387 867
2737 4965
1471 4213
2111 4766
6239 9192
5090 2570
6362 4413
9503 1789
3541 6866
1043 7398
1626 5544
9841 700
3591 3503
5719 1316
5139 6128
1247 6732
3147 9814
6897 8519
2923 378
9734 8885
9048 8362
7095 6222
1962 6294
612 7484
503 8167
3280 3234
5305 3451
3593 4380
4402 3857
5990 3620
3318 8029
5450 6110
8087 5849
2245 1681
5054 6345
6073 1587
8997 6729
4601 5503
6401 8981
3070 5526
8253 2148
6403 4271
8802 2482
7088 4828
8898 5081
7141 9787
9652 5356
5260 9861
153 3039
9088 4694
637 214
7709 9962
8809 5848
5357 4113
1638 479
4929 2190
8060 3919
8721 6178
5048 7521
10 2847
7916 9324
6806 2252
7424 1262
4090 2581
2982 2188
3960 6235
5723 6724
9733 4767
1849 8347
4261 5494
474 9432
9362 6810
2920 8748
1724 2686
1951 6412
7018 9995
3219 4860
7310 7195
8238 2602
8311 7969
6433 6676
9984 4227
1628 3655
8582 8262
7305 1254
2838 9413
4243 4819
1909 6509
4676 3645
2905 1927
4571 3526
3717 8051
7997 7391
9842 6909
5602 6306
9080 7487
7696 8828
4892 3219
2501 2677
371 6371
6173 9837
869 3871
3284 4549
2333 7818
9973 4727
9965 4706
3665 2339
9982 9130
12 9800
7236 1381
2353 2059
6848 5857
3893 7302
5936 830
1369 7280
6433 9434
5961 5157
3076 2698
8529 6658
9134 8887
512 5695
810 5586
6324 7897
1401 7189
5205 7739
1786 920
94 248
5924 9021
9093 6776
560 7113
8124 9629
8819 1743
7008 9424
2569 3194
4255 2237
5838 2214
2134 8568
6837 5916
536 858
7948 4632
7595 3676
710 2457
2477 670
8888 6229
9988 4181
8432 3926
1394 6511
9486 5205
359 612
6502 3777
8289 8139
9118 2444
7278 2838
7411 7779
5234 5083
6296 3144
5172 2175
3822 8653
6850 4753
1055 7166
1510 8993
5843 8988
6000 9483
9318 34
5362 7444
4033 70
6907 5055
7765 5629
3547 7693
3974 3531
7909 1519
5732 5847
3714 3641
7220 8919
7986 3124
8573 636
3822 3728
4863 9932
6185 4117
2718 3080
2469 7412
2845 4490
3665 9967
2532 1789
3888 9953
9012 8153
6085 3611
8513 2873
8618 236
1758 539
48 9277
1847 6387
8305 5782
391 4940
6193 4512
5690 2253
4947 6936
669 1587
8328 4781
2370 8816
9122 4262
6527 8000
6230 3603
1254 2852
5472 7566
8479 8062
9825 5997
4481 8503
7747 8536
5743 7024
1085 2193
4895 7891
8369 3605
6327 8773
7843 413
8705 6154
8549 2513
7245 5205
7341 6842
2516 3083
1336 9346
1658 8195
9143 6955
8494 9228
3512 152
4940 9211
3264 5804
8433 7263
7251 5149
6574 2658
3078 3284
2581 3471
2908 2820
4512 1995
3981 2261
2242 6706
6661 2428
3157 2974
6664 1865
7762 4358
2579 8124
7424 4593
2766 5188
2067 8853
5949 5094
9893 8225
7350 3606
4323 4387
2589 7861
4926 5254
7514 3688
6578 4908
2380 6704
35 4916
1559 3291
6787 4473
3321 439
3008 3494
8667 5326
6362 9769
4691 2307
3266 8867
1782 7159
1454 4505
1962 6151
6826 7483
441 4630
5480 2351
6817 9827
7000 9369
5753 3383
8626 9624
1022 4381
5600 9024
1676 9246
7369 8351
9048 4520
4936 6702
1514 5898
4811 1671
6136 8350
5527 1390
3517 4708
1129 5053
2232 5863
5767 5327
6161 2111
1813 5273
3206 3842
2692 0
3124 8903
5525 2731
7377 1289
4875 6454
502 7716
9006 5935
1130 5567
3467 6545
3146 2390
7225 4203
8485 5250
8438 8861
9139 6519
1840 1678
6469 4139
6208 3900
2567 7870
5393 9873
6034 1738
8287 414
7295 2200
2154 935
7414 6204
4505 8730
4388 2895
987 3245
4571 6791
3064 4996
2227 6885
5270 5484
5822 4522
1129 5415
9898 2807
9026 2580
3631 928
7880 2522
9272 1899
7251 9441
3214 2235
3140 7565
7888 7940
4275 71
5391 3658
7009 9514
806 7403
7612 167
2838 901
8049 4086
4175 389
1115 3210
1179 7229
1881 5279
8805 2417
5390 450
3895 7535
9650 2493
5937 7944
8230 4253
5445 6975
5205 4610
5694 5805
3686 6915
9009 2607
8109 4844
5340 2205
7761 5349
4924 8455
2584 2256
1531 5998
751 5726
3813 236
2838 5982
1643 9601
680 4915
1537 3275
8904 6353
5666 9137
5399 1540
5203 5724
1858 3165
7925 386
6087 2331
6004 8993
2520 6961
8428 549
1081 713
9772 9030
4244 9669
3586 6977
8012 813
5926 608
8382 7770
3603 8585
1203 2894
7280 4112
4130 9358
5884 3226
8418 878
3624 4623
1981 3655
6238 3786
6177 2199
6015 6065
6320 2309
2635 3260
6167 8351
4841 8404
5323 1026
8519 9529
2015 3541
5915 5231
3810 8403
3079 7750
7302 4291
8827 8597
7003 997
8165 1059
6570 7516
8931 5681
2878 3378
8841 6167
6092 5580
3918 6922
915 636
1217 6054
3278 5581
2585 3534
3127 1758
4874 5933
5094 9006
8003 6088
4103 4816
83 3826
3737 7915
6124 8923
7282 2945
2257 342
3728 4826
9817 5046
2682 5900
1221 8916
2677 617
8942 9727
7363 1894
6327 1633
3446 1635
5234 9082
1827 8299
7166 748
6865 2410
606 3762
9136 3670
6661 9645
3638 7771
1470 5788
5268 599
8296 9735
344 2175
2221 2888
8700 1484
8676 1863
7355 9254
2621 6945
6356 1307
7770 5908
4919 1323
8413 2042
1548 5427
2491 5743
8931 1061
6688 3776
7253 2848
2525 7826
6474 4833
4172 8572
8580 8166
6996 9859
4649 299
7559 8240
5678 6163
3961 9647
7838 8548
6876 3079
5946 8287
7398 113
7530 3290
7460 5991
6386 7756
8040 7722
6976 4997
5885 6127
2321 3015
5339 7880
5443 8709
3398 5643
6997 7159
4161 8289
3979 6087
4432 9389
3822 3771
7771 6806
2976 6287
4126 5299
4493 3758
8013 9330
7341 1213
8981 2822
613 5396
6574 1819
7854 1258
4476 7398
5421 9244
2165 3773
1281 2025
7437 7312
9676 6109
2349 2403
6984 2248
1202 7242
7291 3643
1537 7024
3733 7758
9048 3
438 5312
4288 1887
3805 4604
3470 4693
6699 3125
9225 4072
5621 3358
8646 4229
2648 9192
4224 8492
7479 1513
7363 5151
5504 5605
4471 3126
7710 2364
8953 7836
983 240
5749 8761
7444 1073
9600 6525
4065 1446
3586 9734
1819 490
1633 6206
4070 7041
3864 1333
4737 9974
3430 6630
2897 8995
8531 4920
4505 7339
1838 3011
8155 4871
9633 3101
1769 8491
4550 353
5492 2196
7411 394
5606 9425
1456 7649
8043 7275
7945 4993
2057 6051
7343 2019
7248 2790
698 5115
2252 4703
9385 7742
1400 8169
345 7694
5149 7119
1955 9428
3161 2371
7648 1065
4602 2663
7752 7729
7113 923
2728 2485
2787 8243
9842 7867
8370 7012
6398 9475
7467 1068
7887 8080
8161 7803
5216 1346
663 5105
2845 5916
8866 6982
1581 3799
6604 3456
9357 8002
4629 7812
7833 6852
4580 6844
7955 6032
8124 4977
5589 611
2410 3013
5123 814
1466 6480
4650 4314
4377 6437
6406 9740
3412 8321
4431 71
4992 6879
1474 5737
5843 6538
9150 1075
5408 3520
5669 504
176 8480
3683 8129
2363 2080
7739 6986
5287 1069
7036 2797
8199 1199
1298 6873
180 6104
1641 7598
9689 6970
8845 5848
4744 4610
2973 6166
5994 3173
1469 9846
2708 309
8891 8446
1957 383
4841 8457
6667 5509
4713 5085
9110 899
4999 6997
788 2336
6863 5168
4428 675
6048 309
5046 6815
201 1728
2119 2717
7519 7358
6266 5909
6304 977
1530 2072
2226 272
1852 972
8357 2047
5529 8933
3687 9670
8586 701
1110 8256
7548 8816
4752 1570
9746 2694
6 8230
3338 9565
2191 1460
2808 2371
1097 5052
4302 4589
8106 7826
2957 8055
7956 1174
8309 4233
3815 8094
4360 7969
8289 9955
5581 1155
1617 6293
7537 602
1689 6460
9816 4201
3297 1900
8944 1299
6567 4836
8998 2131
2292 787
5810 5273
8427 4135
3454 8290
6923 4099
6916 2643
2980 1741
4965 4705
9622 3905
2245 8991
2340 8565
36 1509
3720 3483
6728 7930
6032 5932
7046 1615
7830 871
1167 4183
8301 6822
279 5366
2487 6136
593 196
8243 497
6405 4510
1812 6411
3732 3338
5533 3574
1219 789
4105 211
9587 2235
7543 2809
1457 9075
9602 9074
5208 6212
5758 5734
5892 3239
494 2130
2242 4618
8243 1732
3860 2126
4815 3973
7344 3119
9336 2739
1560 7357
9832 8714
5796 3835
2576 2383
283 1155
1869 537
8817 6116
5843 6860
3354 922
4630 5475
4893 8313
1031 1753
5220 3749
6667 8916
4703 9712
6296 3823
6936 7169
5048 4787
4273 9581
256 8417
2825 2693
891 4142
7214 5388
559 6300
3325 8675
2481 7521
7477 4772
9795 9685
8425 1703
6172 8333
1284 9075
49 9807
9430 9509
8159 2050
7213 358
3658 8436
5695 5612
2831 8935
3 9456
5558 7033
336 7687
6483 8734
7597 1375
8732 5740
9416 8151
9269 6051
5330 9804
1191 183
7623 5532
2607 2779
9387 3513
834 3340
5280 268
4990 4327
1700 1314
1596 7432
792 2056
1762 1888
8347 1310
4677 2978
5508 2171
1531 4842
7215 9614
1534 5722
2350 972
4653 7075
1585 9786
6973 1292
1137 1880
8668 5362
8086 712
8806 4157
3704 5034
3760 5562
9234 1974
658 9786
482 1878
8610 9062
125 6269
3035 5837
6928 4007
3613 8924
8130 9518
3981 9721
7413 8342
8061 7180
5739 8822
9511 4907
453 4867
4786 8032
9398 1675
8855 441
1574 8027
7278 3884
5666 5166
9825 1300
2849 3650
2738 7900
2066 5240
9448 6311
7089 1352
8901 9002
1992 3999
211 4615
930 7462
2924 2295
5627 9040
1833 1922
7235 1727
1714 5774
913 2308
8437 3074
4532 3169
3506 1142
9829 1661
3842 2441
2488 8115
1495 6622
4417 2087
4687 2564
5060 2439
4322 4177
4676 6265
1291 8682
3149 4567
7684 5106
8494 5571
8297 8396
9421 5912
543 7582
6415 2976
5325 8452
2127 8940
3384 5118
9787 5923
4637 4584
3406 6953
3512 3476
5799 6955
4273 8261
9961 1093
9254 3658
8124 672
7027 8502
8210 4411
5374 7864
6387 4869
4703 9596
3961 7285
860 2893
3512 5862
9555 4405
7749 1826
5217 7234
7447 9433
544 5799
1019 9118
7868 8716
7521 2590
4934 643
5812 2702
6338 25
3495 6545
6907 2740
4843 307
5767 9583
2205 1268
9541 7519
4396 8276
6770 6049
3496 5719
4587 1155
9126 6838
4908 3003
9360 754
4311 1064
8697 6517
8145 7347
7070 5559
6390 7537
4616 9961
7388 2472
9423 3026
5589 6651
984 7908
7679 6164
8926 4090
3366 6814
8847 7905
5785 9452
3965 2511
9817 1320
2277 3044
2189 1036
7980 2812
4467 4695
9253 4605
9617 541
3584 7012
5529 1741
3437 470
619 3648
6909 7301
1541 6507
393 8722
6454 6273
9804 7530
1776 2729
3579 5854
4747 4119
422 2099
2326 5881
6614 5746
1448 6080
7317 1292
4725 2489
8174 398
7692 5303
8057 3581
4077 8271
5545 47
4296 2400
1601 8726
8800 8749
4928 7513
8511 5704
3262 7936
2467 7212
6782 1644
1814 1111
2627 9824
7835 3394
7999 7488
9172 1663
8375 7621
3729 7406
5154 7162
8706 3099
1664 7767
3326 88
2087 183
5772 4579
3577 1720
270 3427
7857 2414
446 3252
8300 1636
9937 5133
9845 5408
4696 6714
9369 2
6741 2795
7609 1657
9578 9736
8013 5218
7293 1391
9637 5678
4008 5868
4331 3326
3996 1060
6197 3742
5910 1933
3270 1915
8698 5725
4180 5282
2348 2414
8628 4727
5309 6907
6433 9070
1970 5114
7356 4442
7217 4166
6349 1616
4869 3512
6008 8343
3152 9585
9403 5870
9536 1222
5732 4121
4026 9800
6271 1578
9363 9934
2684 600
7310 914
6831 8959
431 4726
9585 4611
5758 4129
500 8098
8408 2025
4276 8038
9759 7102
3769 8371
6529 9345
6457 4003
662 6703
2890 1435
1682 6638
5621 5306
8203 3491
6774 1902
2213 9118
6176 8418
9849 3843
9774 4008
1524 565
3364 4015
9868 7520
6355 5601
1341 4019
1515 5452
9185 1305
2635 7931
398 2499
3748 9680
6680 4739
5403 6912
3912 2983
4573 8891
3557 7073
5566 7478
703 4383
4522 6551
9739 9563
2332 9948
3607 7985
1884 1097
9839 9176
7907 4076
1768 9535
8715 5630
6010 1078
434 9561
7691 6438
9309 5505
6694 3838
120 2336
987 8587
331 3969
1456 115
1561 9160
5781 478
1538 3789
4900 6097
3480 1827
4951 1512
2111 5065
4660 1615
3694 509
4708 4654
2626 2920
5329 8127
769 4250
7229 1181
1259 8402
367 8315
4077 2537
6729 7021
7008 5532
8325 5719
5646 5221
1533 4081
4853 1653
4378 7251
5795 4624
5 1571
5617 8196
2505 6312
7005 8263
2521 1930
5359 3533
5613 6824
221 1203
680 6917
4602 7307
3941 8847
1593 532
8192 2350
9935 9941
2145 1382
7990 1573
2594 7497
6030 4282
7474 924
9247 3197
8082 628
3865 1430
5309 7485
7916 3466
9429 119
8851 7277
4696 9805
6795 5029
3858 8899
9986 9069
1339 4155
4923 7826
785 7012
7534 9150
416 7024
8555 9454
1150 5665
6287 5010
4692 9567
5407 1681
3414 9800
4273 6247
7491 8197
6027 2748
2839 1108
5347 8433
5966 7383
3749 6474
1748 4537
8355 7682
3784 6504
5334 7216
8911 1988
5043 9589
7156 1458
4921 5966
8061 781
9303 7852
6489 8698
7099 8861
8677 3398
6132 5238
4910 2190
8617 3056
7280 2778
2322 4621
5741 6056
8980 6149
9498 6657
5947 65
2851 1417
2607 5763
6991 9176
7881 6000
5662 5168
5519 8363
8670 9723
8475 1168
2893 7315
9754 2857
4617 5325
224 256
4563 4835
4760 1170
7267 4748
5529 6252
7332 5306
4805 5557
4272 5903
3339 9752
1574 5629
3516 9708
7127 9225
2858 7425
7953 6379
9677 2314
2627 5765
6143 5297
6079 4845
2455 411
3245 7305
5971 4778
8716 1606
718 3849
8931 9637
9121 8279
8102 2499
1989 5459
2116 9299
3927 5248
9949 1466
8597 2837
5761 8118
2485 3204
2196 8316
9524 3012
813 1533
2411 7374
7726 7076
3182 8161
9342 8350
9791 9490
6929 4518
1295 6131
6473 2765
629 5598
7606 7299
4247 4287
5145 5684
3492 4268
5046 8738
7924 881
200 4794
567 5612
6110 5094
298 6018
6467 8287
9001 9676
6331 8524
366 1873
3945 7051
2295 3521
8350 923
5366 9788
6605 260
8402 3517
5865 7011
7210 7574
7263 2742
3898 1209
7952 5584
8934 3712
8487 1514
3155 9657
9257 7495
197 3810
6074 178
6003 7085
203 9269
7847 9376
4897 8952
9441 1436
3266 5845
3995 4791
6633 6660
5799 1832
1241 3048
7205 222
7245 8341
9329 2766
6174 5628
4729 6744
5150 4164
9868 4629
1185 3047
7245 6878
6635 4886
6759 7436
6116 7498
4986 455
1704 7640
8516 5181
3276 6288
4236 3394
5131 9122
6183 5678
1806 1566
9741 712
1434 7127
8565 3901
4290 4050
2189 1852
6701 5505
8198 6145
2163 5062
972 7244
9122 1862
9780 4109
6205 7885
9022 5855
3 2695
7241 1086
1917 8658
901 6598
8337 1854
5604 7609
8228 4205
7674 285
7149 8541
4116 1168
7748 1807
6149 1752
1065 7171
4411 2716
7344 4546
6447 4136
1626 3383
8107 6049
4112 2427
6311 5062
6456 8477
7948 990
2778 9914
2089 6708
3916 1806
6228 588
6778 2167
5688 4113
3649 7233
7292 7004
9754 36
3349 3763
1556 1927
2402 5708
2330 607
8068 3308
5444 3752
3617 4720
7209 4366
3182 487
1569 7944
4201 6298
1737 802
8649 2713
560 3222
365 9348
174 6967
6321 8610
6293 2153
4464 2673
8879 6608
1171 8683
7559 4307
3527 9970
9667 2572
460 3640
8687 8544
2633 7901
2197 3302
4541 437
6440 4965
6401 2101
865 350
5930 698
1184 8867
5114 5559
7588 8386
5893 1065
2709 3795
2785 1512
2334 7066
2071 9068
6553 3080
3879 6793
3475 7652
8056 5881
6334 6914
3276 9493
2581 8254
4417 608
6778 7015
6196 1167
4363 7099
2097 1257
7748 6842
8677 135
9438 5257
4340 6663
388 54
7751 1987
86 6547
8269 6089
5830 6289
9490 1367
384 1387
8061 3862
5799 7483
5347 9600
762 1148
665 6158
214 430
2006 4178
2789 6768
8615 1837
3060 2957
9773 5295
2050 325
6961 7097
5492 2391
9239 3440
8821 1672
5728 513
9867 5922
6841 8427
1317 6380
2273 1021
4320 1122
2296 1197
6537 9585
4419 8978
4861 9249
4412 1903
6939 6287
455 461
3163 790
2511 6707
1833 9754
4782 1765
6969 4688
6315 3430
2926 6125
7886 4827
3270 1738
7167 1453
3085 7953
1677 7450
2114 6054
8762 4777
2070 2293
9763 6649
6096 6932
3662 7829
5550 8660
6028 5205
3959 4042
622 4756
6251 4820
1987 3562
8411 1866
1231 7062
4709 2867
9240 8873
4680 8865
9306 5393
4198 1194
7771 9952
3655 1908
5144 6905
6762 1116
8573 6951
4391 2930
4388 5994
8224 4181
1189 2159
9189 9703
796 7434
7030 1468
3433 6003
4051 6964
8320 186
8416 1443
6608 7560
3492 218
1473 2579
753 2883
2918 4414
5166 2686
6995 3259
6559 1875
3816 9742
5462 5027
7275 1327
1955 9984
6547 187
2103 4565
1472 504
1974 4883
5721 2723
59 778
6461 3592
2789 7056
315 445
6495 9233
2733 2604
5390 3827
3919 5419
4147 6212
9102 713
8016 978
4411 5831
4215 5015
5998 9216
830 4368
4583 9511
5775 8968
9056 3196
2764 1669
351 5274
7152 2927
8680 1088
9248 5368
734 4553
2000 8365
5066 1947
3570 6983
2964 3561
2921 1662
5486 6357
5579 6667
1649 3414
6293 5448
1375 8129
9833 967
1159 7239
4803 8668
7510 2523
3705 487
5403 174
7184 1858
739 9017
6699 195
9443 2982
9567 9086
9828 364
370 4395
7945 6245
177 735
9932 6813
4673 1882
6902 4025
813 9996
8029 5122
4238 8164
9479 7693
4281 6583
2669 7608
2449 5721
6219 6018
6638 2748
2724 2120
5542 4978
5011 8776
7399 6416
9068 3988
4566 6737
4368 6212
7298 9811
640 2872
3634 9507
3416 6393
3485 1056
1085 2059
3112 206
9121 3490
665 5354
9635 3645
3243 4997
2084 5779
1178 7663
4867 6328
574 9537
3067 8748
2293 1430
5122 6929
4921 9271
9538 6120
7841 6434
8597 7863
5842 5638
297 4984
4038 9886
835 5008
9605 759
8559 6106
9584 3200
1270 1808
8477 1053
9960 9205
11 2744
5113 6274
951 8181
8632 4508
2904 4431
122 1518
6981 3124
8390 1961
7399 6635
4665 7764
6249 4109
6521 7873
8715 2103
8439 29
8149 2090
4062 5715
5433 9645
6776 9327
2337 5040
2927 6458
7016 5565
1504 2279
2884 4685
3132 4152
1889 4069
8713 7438
2809 3659
4086 5163
8351 4408
7915 2661
8604 8380
4718 6410
6816 1737
4994 5643
1914 589
6202 1574
4131 4943
7596 3956
852 3941
5360 7435
88 8304
9431 9009
2444 3957
1513 5118
3650 1256
4615 8492
4037 7991
5295 4766
7015 4608
4701 5866
2150 9392
9470 3844
2670 7561
7152 4153
3176 6703
4406 1221
7743 4640
504 3201
8483 1838
8135 2076
3078 8842
1837 2229
5668 2382
7715 1858
1889 7910
8908 2704
1914 2396
143 9160
9629 9264
2722 8970
6692 8704
7137 1097
8796 9465
5998 243
6644 3546
1107 4939
2273 8258
7843 9684
4590 7142
638 188
1985 2832
5395 3810
6057 5894
3935 7094
3539 2614
4516 5132
4380 1340
8838 3693
1057 4224
7806 2794
5682 7151
3217 4973
6965 1028
1659 8590
3926 18
5797 2398
1324 6321
6454 2852
711 8322
1333 5794
677 3025
8460 6643
8133 4550
3160 7603
9907 3400
1517 1627
6433 3023
4279 3447
3590 4996
5051 5798
5776 6871
9723 9806
2278 7276
6473 2617
6936 9812
1251 6671
5784 1683
7276 4402
3441 2307
2972 9376
1573 8213
6445 2361
3766 8671
758 3229
7082 6854
5605 8224
1937 1145
933 4062
130 2327
2576 6309
4673 6063
7373 8563
493 2258
2106 8461
2551 647
1093 3672
909 2443
6932 6840
5971 2578
2516 9267
2003 1375
7615 4769
9404 3275
3447 3091
7510 4518
9327 8861
6677 9303
1816 8032
3451 1697
8104 4184
2360 8309
5704 4015
6861 5038
6852 7197
1663 6045
8725 5869
8854 8225
1627 9277
1541 9842
1172 8401
9316 1451
7562 3044
6536 6530
520 6444
3797 341
5036 1048
7834 5458
2808 1241
8794 130
9987 6571
9643 3092
77 975
1015 898
4239 6230
1200 5362
7680 4780
3873 3771
5397 3710
3967 8354
432 9529
1614 7888
8329 753
3120 8529
3370 5370
4280 2076
1715 631
1565 9306
6398 3581
6986 9573
3982 8434
5042 8542
7920 1496
4704 9323
2420 6704
1357 5947
3957 6428
9995 4088
530 806
6286 456
337 4230
5722 9791
7514 212
1336 4164
9743 6394
6786 2574
8395 4725
8861 9163
9656 5752
1111 5886
5243 9677
3126 5203
7898 2169
8656 3519
1341 2699
5289 7145
3858 913
1286 9630
9131 7590
9072 3238
8290 700
3652 7985
2476 8722
1416 7661
9675 4002
8552 2424
6110 7578
3502 9676
611 9620
9984 635
9933 4868
2275 8264
3680 7166
9246 5808
8505 2930
8153 3875
3963 2805
9076 7507
324 3965
4660 8168
2558 233
9592 9597
9345 8154
1834 2634
5414 2993
2177 9583
6790 5527
9938 5226
1632 2787
2871 7590
1130 1659
8712 768
2623 6347
3014 598
8039 3739
4375 7775
9364 3744
6539 801
4504 4833
9837 9779
8548 4596
3861 6303
8652 1221
2554 9955
6694 3778
6149 4853
2689 6486
8688 1345
3378 3472
1213 8032
1705 4575
2612 3846
8322 9436
3700 9640
2647 6100
1787 937
5299 5713
2161 3520
4866 8100
14 727
9205 3681
8155 4065
2305 5878
5910 6457
8839 4585
7583 1140
2030 8094
8639 9315
9771 7586
5801 7927
4035 359
9481 5264
663 6267
3192 4356
3198 7831
3842 5145
4961 9202
9086 7215
7312 4480
444 7373
2482 9674
5566 7894
6777 8283
4669 5207
404 7892
3436 3889
8942 2700
5545 4477
2628 8616
5056 7089
7859 3651
7962 317
3039 6314
4242 3874
2865 9863
7976 3472
8840 87
8207 8202
3632 7114
8881 6569
7296 3143
5506 649
9773 7289
2465 3236
8252 6474
4203 2041
5365 4587
4154 4633
2563 5933
4011 6206
6600 7695
8045 9768
9037 2708
5333 6037
8838 4784
7951 5611
4756 3375
2335 4229
8181 4226
8069 2025
8710 679
6062 6098
9784 755
8743 9439
5904 2079
4637 7111
6377 6893
6016 6199
6324 3765
8614 2665
3695 6400
6875 962
3796 1536
5766 3577
1720 4858
4023 959
772 4673
925 4767
5680 3312
5732 9620
8123 2324
1339 4017
3063 3060
7076 2161
6146 6798
8196 2124
8591 8703
5466 8738
9827 2350
893 1879
9979 5221
9037 555
7258 2237
6796 8213
705 8870
9286 5019
9191 6000
7626 6753
3704 1096
5981 7275
7962 258
4516 8737
7594 6064
5919 8766
6629 924
2870 8148
3891 1448
7771 2481
2045 4943
3854 5782
4815 5175
5487 3465
4345 6710
6142 5657
8783 4334
1407 6569
2545 215
6282 4044
6117 983
6926 9931
303 9024
3605 9141
866 6134
8915 6452
1457 1035
1288 7208
2782 7481
1557 50
9796 8012
6523 6351
8928 9066
9695 8255
6442 1743
1737 9553
6306 8457
4396 669
5973 4732
7184 6141
3246 6675
8171 8873
2793 6613
4926 5005
1571 3472
1643 841
349 6916
4789 1222
8543 7486
2384 8624
6506 2719
7991 660
4694 2137
6828 3991
8938 1670
3274 3840
553 2676
390 6675
7481 8369
7236 7195
1824 7119
8310 9075
2375 1636
6223 4866
9696 624
7606 4945
5236 6300
8086 6393
2037 4236
130 5902
1282 9712
3862 8674
7897 6269
7432 9383
2310 6739
701 4053
4346 8266
473 9556
8567 7022
6014 711
232 4148
9861 1013
4301 8504
731 8437
4595 4645
1554 4693
1170 9855
5273 1959
6417 9745
1670 6249
3396 7902
2879 4111
7861 326
2568 3648
7233 9783
1622 8889
3081 1453
818 8001
7112 1784
6010 2459
1124 5560
2129 9985
4894 2344
9862 8836
6100 3268
9667 7149
9174 9848
2812 1486
9061 54
1111 7882
7015 1395
4795 3533
1560 6927
3216 537
2282 9104
9974 5071
4141 4378
9282 8054
6073 7181
6515 251
3480 8138
3395 4902
4369 5395
5609 820
4879 847
4251 9638
9808 4310
6944 2134
1401 143
9315 2801
727 484
5348 3909
3248 9390
2297 9736
1256 9667
9186 2514
3456 7432
2442 5817
6504 4004
8377 4247
9749 820
1415 3610
8958 7876
3482 7975
9584 1984
4208 7020
4466 9927
168 1585
6258 5641
4443 9082
1854 1149
2360 2588
5183 306
8349 2729
8928 288
8786 3258
7804 5481
7839 872
5797 1889
7741 8406
849 6295
5690 4687
959 5759
6998 5463
3448 7102
8875 2833
6000 1969
1721 6493
8315 8266
8175 2491
6380 3321
6870 961
4649 9523
1895 3204
8762 7281
3853 2406
5601 2519
7925 7597
9139 5935
2914 7788
4068 6305
2973 1456
2273 5970
105 2505
2487 9703
4660 9603
593 9012
5818 8176
6766 9685
9060 1908
4353 3495
2046 5756
4546 9396
5317 539
34 9466
7359 9619
7756 4071
1861 9244
2406 7331
3947 6517
3511 6250
2913 9828
5042 9493
8706 8971
5921 6739
5161 7273
1629 169
9123 1162
137 3171
8415 8397
3679 934
3346 1600
8322 4676
9544 5161
1267 1546
549 435
110 249
3689 1715
3124 2991
5153 167
1316 306
8842 9850
3139 8457
1489 1270
2987 5095
3670 9494
2383 7589
5711 3127
7852 6650
1929 4379
5946 5193
7721 7209
4530 392
7792 804
7371 1544
2989 6630
9325 1974
8028 3305
326 5469
7820 1219
2378 4389
6046 9707
4869 2252
8250 8220
6700 4559
5580 3397
5650 1622
6827 2666
2870 3865
586 4570
1274 131
6184 4062
3806 2066
1826 5307
7947 4007
7928 3268
2572 9552
7372 928
9478 8671
6838 2627
2168 2631
2133 7739
5277 5427
7393 2906
7534 3987
5052 6282
9317 8243
4279 9458
9405 2010
7376 9316
5797 8124
1272 6256
2387 6892
8483 9480
8245 98
7913 9393
7538 8549
3721 8515
9807 133
5101 4045
8334 6215
8473 7832
4209 46
6061 950
5436 7650
3082 2375
7689 3856
849 2648
9636 6590
4279 7000
983 5737
5637 9304
7904 1805
539 4383
493 7376
7717 4807
1242 2235
8613 7016
5970 1558
9456 5198
4641 8159
3141 3001
3962 3191
2007 561
7892 9625
8108 8564
8351 408
1599 4398
1893 4916
6720 6980
2923 3880
9802 525
6742 8899
4469 7309
2683 8321
3778 9694
5103 5893
8452 5070
429 1333
6766 7712
6342 4818
9063 575
4114 3843
8858 1750
7476 6493
5514 6213
3116 8049
7251 3633
5830 5234
4620 3035
5936 7249
9960 2619
8105 1847
5995 9913
6261 9902
3066 5863
3741 8748
9419 2254
4499 2381
7452 2084
5443 4476
8319 5367
8197 4351
611 7337
2782 8780
5694 1624
3334 9915
7862 5720
2677 6521
7551 8191
6551 4373
6686 9100
4639 2012
5116 3237
9447 4764
1543 2444
3301 2982
1122 7966
6169 1093
2685 2248
2051 6470
191 2070
4753 963
2239 3929
2550 160
8515 6195
2870 4752
1871 7058
9566 9300
1791 183
6497 9506
5328 5443
1437 255
7624 7149
6493 1273
6822 7010
7335 4707
772 6969
2148 4301
6873 6114
6032 9215
5115 6522
2967 5890
849 5629
336 411
8311 9625
9270 837
587 3387
9713 7530
6948 2217
8820 4109
9474 2843
7487 5879
5792 8870
2036 9837
9110 3511
3831 6778
91 3176
6830 1982
3128 2626
8360 482
9640 6047
7642 2567
1227 9114
5364 3467
2618 5926
4546 8023
3444 8424
127 8663
6711 1953
708 5286
5275 6588
7086 4646
296 6577
4462 8825
2615 9155
3482 7520
8022 5388
8864 6061
2053 755
8634 2326
7070 8951
5453 4041
9874 8683
1963 9222
5806 9102
3065 5822
8380 6757
5115 6646
9109 5576
27 5784
6404 422
2313 86
2550 133
2268 1547
4654 7674
6071 5824
4597 5921
6919 7128
94 3946
3304 1609
4935 528
2294 9735
1164 6647
7009 4543
7126 7618
1483 2813
8673 3182
9659 2282
7179 7934
3972 821
215 467
1551 9677
7250 8744
1188 9832
9869 4872
9272 4723
2728 7788
464 1815
6032 3333
6596 3316
4144 2386
9151 4365
2611 8975
3219 7951
6185 3706
7865 4111
8519 7539
8614 9231
809 4207
6841 8317
7971 6665
4144 2809
1877 422
6315 9216
316 131
3144 3609
2933 2525
7085 5644
3805 8605
5845 410
644 5262
6609 2109
5745 6556
4176 733
8430 8747
5609 2475
5379 2865
8053 7102
8624 1377
8554 7751
9380 5941
7057 9907
4315 8791
8905 7630
9765 1452
3781 8574
7073 7821
3504 6627
8328 2612
8961 8968
5174 4912
9993 4902
7874 2052
1273 2902
8591 9778
4465 5137
1276 4911
9683 6822
7798 1459
9126 8102
9277 4144
2583 2384
6147 3949
4361 6420
8465 7614
1197 9606
7508 3105
8221 7601
6548 6711
5346 6854
2086 6124
2261 6672
3015 4598
9874 9220
4200 4278
3433 6714
5882 7838
1599 2738
5343 6832
7425 2582
6608 2606
7848 7915
44 2323
9064 2834
9005 9724
9202 6001
8583 7413
8746 3977
8394 3500
66 7763
8567 3732
9973 5372
368 6617
8961 1547
6247 2634
3419 4507
5480 6040
7350 2169
9955 2521
3998 60
6593 3849
1999 6107
568 7518
7891 4527
5545 2631
56 6519
471 2737
8655 2546
4674 6261
3249 8301
8497 5376
9996 24
2974 384
1771 9799
2396 5976
6516 6082
4211 8817
5547 937
1132 8446
9444 4248
6040 7274
4886 4099
3658 6000
8762 6526
9285 7782
6611 9340
2976 5350
2535 8802
4807 8202
5755 7398
3355 6628
9726 1161
5209 5064
748 1615
5527 5895
8322 775
4667 2777
3953 523
1334 4277
4571 854
1213 1456
2795 4588
6105 64
3121 7211
9572 3995
2315 3356
6468 4769
1919 5750
5205 9683
3620 1535
7294 5566
4977 3552
1701 7016
3405 5844
8894 422
3750 5868
9934 9143
9213 7922
4335 5073
462 4584
4508 9974
7165 1645
2668 2546
2316 4955
2891 9812
745 2304
3876 6742
2900 1766
3019 4059
4350 5313
4182 3381
8478 2549
2156 5216
1341 4066
5270 9230
5969 6461
6482 2191
6262 7404
22 7388
7480 6333
5985 7441
654 6035
6813 5541
5344 4654
5537 7207
6937 8199
9667 3862
983 3301
7242 5085
1967 9118
6162 5226
7262 1934
6265 2362
3770 8157
7478 5426
4264 7296
5225 7052
7462 3278
1293 28
6344 1405
5898 6062
8480 5849
1320 5375
7334 9616
526 6676
3719 1261
9032 906
7018 7038
3574 7339
5806 4116
3265 9194
1663 6664
1640 91
1271 9188
5945 1362
6497 9781
844 4742
296 7051
5769 9634
3886 5738
2810 2328
4682 6032
7754 3170
7225 483
5389 6166
6628 5878
8137 725
962 6776
6322 6049
4452 1546
4564 6793
334 4475
4473 3170
3046 1698
6730 9107
9157 5558
3170 6349
6218 3549
6367 5349
9854 832
1393 7360
4130 4983
6933 8122
4788 7990
891 9298
9297 9859
4434 7878
1972 5811
838 7750
1596 6337
9024 1224
1996 4698
3356 2999
1308 9352
9208 9064
6461 2376
1752 8492
2234 5386
8486 1035
7162 9141
7638 5379
3313 9956
6712 8540
6134 3713
727 1479
6768 732
2686 7011
1673 3929
1018 3771
1445 4611
1467 9423
7035 4352
244 2222
5554 499
7634 2445
3527 3096
7657 3030
5882 5888
569 5760
6377 2153
4591 9783
2820 2664
1832 456
480 3190
3601 9564
1207 9845
4267 238
9532 3309
6090 2874
2588 7623
9228 1123
1520 4629
5942 145
5391 2043
9401 3766
704 2255
6148 8508
2766 4681
1987 540
3780 8838
8357 4173
4231 687
156 8120
4067 705
6542 7700
2126 9705
6808 3090
7384 6206
7185 3703
308 4330
9036 1665
4256 9654
5640 5864
8608 8146
4738 8451
7994 1486
3834 9716
2266 8247
6787 8225
629 17
6403 1264
5482 6253
9770 9294
3940 568
4896 7276
3565 8737
7063 2822
4797 2404
7552 5585
7392 1943
41 8417
9669 4368
1268 2548
9266 2209
6402 5359
6853 2593
3726 4643
4646 760
4247 7690
552 6631
9445 6164
7230 6386
5101 377
5402 9355
1503 3098
6896 1308
5853 9257
8026 2177
8262 4897
8581 7823
1760 4020
2024 5029
7027 4095
5444 9982
7074 604
6535 5951
7557 4563
7659 435
3010 4509
6299 6385
1243 2088
7142 5782
1632 1184
3868 6901
8725 3088
7877 4584
558 4628
4785 1521
438 9962
2842 1489
8879 2021
1030 1444
4372 2254
9304 6760
1579 4087
134 4984
2358 4893
469 9993
4840 5338
3984 1424
5221 6195
8104 6077
9954 4229
8021 1385
4971 5031
2203 1319
4723 4636
8200 4090
2486 6023
8873 5539
8091 875
156 8693
5253 590
4848 4504
4825 9386
4489 7301
9209 8592
192 1652
1343 2425
1911 736
5013 7722
9162 6244
6817 4115
7953 2709
3439 7908
3554 4875
246 9068
4547 9068
8732 8800
7533 7735
1461 7621
4252 4890
183 2794
4851 4545
761 1796
4284 5564
5401 3799
8045 3435
8189 5006
8342 8072
8066 4520
7015 4353
6736 1983
5423 5025
5199 4694
2879 1467
8610 894
2797 2242
9985 6325
7396 8295
8612 9900
5368 9087
1019 2899
775 5568
4908 1043
7131 9273
1188 1303
7580 7003
6990 9480
8563 9016
113 2564
506 6599
5843 922
7214 8112
6844 8757
5670 2330
5013 6691
2670 7679
2511 3584
5276 3448
6544 2612
5987 1594
1385 8949
8646 2141
275 2538
532 7397
1175 5998
4801 7903
5932 3613
8278 7386
9179 6542
3007 303
3519 9885
5666 3902
5337 5108
1536 1238
3311 389
5603 2177
8756 6375
1399 2010
5043 5866
8405 7756
5 8376
4890 9032
8850 2171
1783 610
6420 5189
626 1369
9655 4800
6969 8929
5884 7570
7286 1103
2381 2492
4382 2592
2491 8687
4244 8502
2915 6716
411 6656
4495 1047
5000 5701
456 1927
7334 9597
9593 2877
2370 2332
1343 3070
7895 3020
925 7022
8516 6806
9932 4267
4409 1916
1696 3603
2769 6246
6549 9027
1065 6231
1768 9806
4351 7115
6066 9542
598 4431
6095 601
4293 8141
2381 9499
2271 3619
7776 7212
541 1183
2514 8774
5575 5897
6040 9894
8179 5901
9583 1076
7220 6723
1813 2832
5683 285
6821 3931
5579 1004
5306 2687
8462 1488
3348 7788
6533 4090
9561 4385
2149 9055
9410 8963
509 4731
3430 892
6268 2879
9381 1155
4959 2218
7258 6931
1416 1647
1748 7915
8730 2792
9198 4898
4321 759
4489 7909
2527 8437
363 6015
7472 9417
1617 4308
495 2342
1024 7193
4049 6273
4681 4867
7407 1630
8283 506
8450 3334
995 6058
5655 327
9198 1031
5090 7096
4271 730
1182 2887
7243 8956
2818 9426
3842 9021
9488 1694
2328 2529
4087 5911
3233 1529
7032 2756
3676 5098
7077 8630
3686 5243
597 7741
1823 8864
9141 1559
6394 8750
3497 8998
1197 5163
287 6717
3801 2019
8996 3239
8707 857
7424 2323
4449 2056
1565 2528
8912 3525
2997 6545
8834 5780
4057 5118
9493 7427
9934 583
5054 8550
3201 9029
1461 9536
939 9998
5482 8586
240 468
6853 3652
578 7676
6507 5013
1714 6678
5788 3761
4262 8413
7226 774
4006 6973
7540 9026
6465 6956
9600 3125
381 5543
5927 879
3803 1498
9833 8134
3528 6715
9714 5845
5711 1363
7541 5220
7900 1962
8132 7776
2396 8062
6370 6168
3473 3968
8159 5299
7682 7195
275 6753
9614 6113
1254 7548
8081 1332
5643 3786
4911 6222
813 8322
3933 4686
8690 393
4319 624
956 4232
2908 359
7358 7836
9837 9673
428 5321
117 919
8635 3387
2587 9416
8279 7291
258 209
9731 5355
7353 371
5547 9870
4478 8432
9222 7639
1086 2699
4744 8844
3624 9820
9251 9606
2383 5165
7517 8680
7726 277
5532 9482
2518 1022
9822 3537
8050 9332
7334 1308
2700 4268
9520 5822
8904 9662
950 4339
5470 689
3179 1296
2421 162
916 3756
5211 4208
4311 8725
7649 3944
8363 3856
7651 4232
8255 8449
2085 2417
3559 611
1929 1326
1152 6020
4686 3851
2821 768
5794 7476
9658 1721
9127 3100
9446 9584
5572 7079
461 1714
882 356
4811 226
2919 1418
3709 7279
3360 317
570 4370
1622 9149
1327 9606
1251 5548
5751 8867
9967 3914
9945 3721
7763 8095
5083 6358
398 1332
5733 6149
3461 3758
2336 3267
9717 7832
6638 175
1253 6811
8547 8301
5063 2461
4608 9942
2589 4388
3040 5456
8312 2357
908 486
1067 6750
1913 1636
4606 6747
657 8945
7967 3945
5103 7080
210 4037
5476 1637
6377 7952
486 2297
9551 3698
5608 10
1343 4903
1973 9835
8450 9866
1750 4867
5492 2749
9523 6652
2056 7218
3254 3546
130 6121
6523 2853
7986 1623
8659 7557
3041 9871
9016 8922
3763 3344
7867 5237
7852 5466
1945 1239
1776 4653
4972 4308
7411 5505
430 5202
7471 332
8232 7588
227 7155
1128 4334
9592 4961
8225 5316
319 2845
8940 1843
8742 4410
6125 4092
7722 1968
944 2569
9975 8547
6178 4205
8970 2045
364 7020
6423 6733
5898 8979
8758 9243
298 614
2425 4358
336 3221
4376 8284
1671 8602
7869 6534
9217 7873
812 6862
4095 4788
5146 9053
7260 9890
7055 5445
2435 8156
9925 9880
5442 8700
560 7268
838 9554
7016 4315
5638 4892
8577 355
2683 4128
1404 7862
1772 5562
6998 2119
1497 4893
9022 3794
3838 1512
9876 2318
5095 2214
733 1939
9682 3905
5779 9922
2943 2037
1337 8709
5716 8397
9436 2147
6398 2380
2838 5744
306 6105
524 1199
1650 4680
3910 6421
7963 3889
1391 4140
6682 7776
6962 1008
543 4920
356 6281
7370 644
9377 9190
4673 1276
1183 5666
6787 480
9695 9670
6231 1988
4770 3051
6062 6472
9079 2074
8728 7507
6050 6690
7426 1131
7417 5300
4236 5364
1480 4383
105 8083
3492 1459
9632 6669
4397 964
8927 977
732 3965
8671 1310
3852 7006
3090 8962
5349 7156
8009 8945
8547 8868
5314 3454
4229 8787
1631 9817
6193 8901
3666 7461
2101 8400
1892 8037
8665 4364
2757 2962
2176 5433
5133 4667
46 7821
6609 8122
3235 409
4242 5279
6724 8678
9423 8683
1803 4609
1162 8139
1333 9889
1176 3135
4681 1905
4066 9574
7561 4206
3321 1304
3889 3454
2934 5136
5340 8091
1087 1747
5653 7355
390 6033
2187 349
7931 5847
8478 7250
5042 159
6614 614
6255 4341
6692 2634
9870 630
335 7439
9311 6631
5632 8816
7534 6703
2458 6092
7969 2034
3232 1583
9002 6395
5835 4157
6428 3990
851 7066
9771 2423
3642 105
284 2106
6264 1982
6252 6760
8641 8194
4700 6946
3139 9331
8921 2158
8124 4773
2106 7067
7016 2106
9698 2450
3927 6441
8198 2347
1757 749
4665 5321
8884 1149
8994 6243
8252 4691
1695 192
3618 3692
6787 1886
638 7963
314 7535
1334 9818
4782 3041
5536 2958
5506 5097
9893 5973
7371 6779
913 3327
7263 3208
1751 1238
7381 6564
7202 140
6044 5170
4358 7535
1800 8607
6948 444
2215 6152
2924 5085
6097 5529
1981 3472
6222 4099
1256 8630
5137 5225
979 9747
6754 4904
9353 3433
9482 6752
9454 1452
1911 9059
9568 8450
3391 3960
7914 4457
6066 7308
6498 7252
3816 4183
6674 7140
9673 7990
8660 8543
6923 3755
6406 2463
758 8013
4460 6521
5524 5420
2533 1528
2196 1029
2246 183
4093 3710
6051 3848
3264 3632
5244 6883
5222 9998
9652 6557
7304 3414
9068 2020
7102 4466
6638 9541
8239 2795
2982 5227
3815 8748
2587 5941
1894 1918
7675 4962
2373 4389
8420 7915
3780 8630
8223 5053
31 2499
7606 4385
367 7365
246 1594
3980 5877
7632 5131
1184 807
2762 6882
7431 5715
6419 2757
2371 4497
8083 8935
2652 1376
9824 6679
4 8292
781 9110
8072 2186
1869 8371
8674 6296
229 8244
3003 1382
3264 9635
655 2019
1884 851
9289 6934
753 173
3565 4914
1442 9531
5508 5028
5180 4064
6802 5596
7147 2227
5315 9254
4412 630
772 8116
6317 6583
7535 8442
6689 5762
6190 2373
3839 3600
1888 2296
3258 8369
7721 3477
5164 3730
7203 1141
4507 570
2083 20
797 7495
2918 9340
296 1120
8571 924
7170 3622
7162 436
9959 636
5809 6032
5721 992
4624 4927
2690 2693
6586 4975
1237 4734
8444 4998
1554 217
2634 4543
3352 406
8133 8367
9076 6179
3385 7476
3608 2261
2386 1945
3463 1205
5854 3480
7869 4453
1181 429
6204 2957
5542 2802
2609 374
2468 6108
580 3457
5181 4817
6654 3989
114 7125
1717 8436
7250 976
4275 6601
4250 3869
917 7345
1415 6337
5727 4371
2732 2310
5789 9596
2959 8980
8180 1787
6957 6523
2182 8822
6238 3135
3509 6919
3139 2112
1999 5559
1324 116
2711 5622
1302 3044
3364 2036
7426 592
1139 8190
6624 9183
7400 9464
5674 2568
6466 6547
7981 8902
8220 3244
7186 7387
5119 5233
9052 7188
3301 8608
5641 1797
9416 5038
8667 9809
2249 4641
3169 9255
6925 4907
9934 2604
2738 1187
6043 9378
575 3826
6824 1810
4841 4758
7197 1995
4481 4182
8191 1366
11 3571
7039 7813
6010 2935
2684 9128
6087 5726
5560 3564
8193 1565
5928 337
4670 3939
9573 7382
1727 4122
7072 3938
1905 7658
8803 178
4720 6523
9554 8346
8774 2628
9376 4506
49 4517
6717 9663
5267 3341
3149 4418
1267 617
2436 2145
4481 3882
6974 6120
9622 1858
955 7196
505 7066
4839 4676
4190 2707
3896 3140
1658 3191
8144 8263
50 1579
5363 2872
6928 2484
8882 2365
5015 5634
8789 4529
2638 4845
1240 7340
7832 7931
4044 8850
5941 3388
8846 8741
8417 8450
4309 9495
6458 3840
213 336
5631 3805
8752 8999
4195 1557
4540 6065
2497 1661
2784 7172
3274 7745
2808 6807
7674 6219
8392 8072
7032 3474
4396 6649
5148 9613
2446 1704
3387 8978
3361 6569
5293 192
8090 8626
3728 6597
2047 1059
1237 9197
3384 4687
4888 7752
6225 988
1694 2614
6737 8579
6295 593
6677 4356
2594 5399
1270 9914
6320 8627
1897 2918
8240 5943
8581 6635
4922 2376
3743 4309
2999 5654
4513 4534
8413 8455
2873 4095
4825 5295
3261 6743
3749 5837
429 7915
7145 9813
9937 6178
9357 453
4769 3052
1261 8679
755 6087
5541 5042
7775 6349
1372 4093
3647 365
4205 113
2626 820
2319 1322
1888 6744
7943 6442
7431 273
5204 8602
1427 8596
7128 9774
2461 4445
470 8227
4730 6521
1830 2455
3268 4606
486 3893
5015 2359
4635 9372
3329 367
7237 1500
8300 6473
4256 8252
216 4762
9910 3642
1489 5252
9458 8144
976 5743
816 191
157 3926
8577 9707
6146 7980
730 9651
6779 2985
4667 4139
5562 9828
9181 7224
4103 2495
9477 6039
1812 8042
6581 8218
6686 3541
4386 8032
4607 4373
576 528
2625 5954
2841 7874
6493 3547
1132 3898
3778 2582
2498 4385
4401 616
6364 1826
5636 8333
8249 4318
7119 4197
3028 1629
926 5643
937 674
1198 2723
3480 2009
1289 8928
6690 7823
8457 7215
3073 5214
2349 2947
8308 4340
1753 3422
7847 5791
2103 1000
3089 2375
4908 8287
3063 5512
6758 8444
9310 3658
7137 7278
3134 1695
4841 2805
6305 2792
8857 9212
9979 1108
722 8980
3076 8150
407 1642
7344 1058
4837 8964
3440 724
4976 2941
7714 8542
9481 4186
947 5340
1196 904
596 2996
3989 8740
1034 6015
6578 5415
8223 1823
6084 1164
5383 1277
3119 1440
4637 4480
4929 3892
6539 843
8751 4273
2328 5811
8859 9226
5884 9803
8098 9863
5072 6047
9698 3795
1520 6186
8904 4323
4946 4196
9911 2336
160 9003
2469 6756
992 5084
6463 5598
5558 2686
5053 4625
5855 6332
3648 6223
942 8781
936 6669
5060 3602
6050 948
1432 5259
3103 7172
3430 1158
2688 8932
8260 5397
8588 3658
9615 3194
8244 2515
4020 7362
4718 1792
5194 3452
2781 2542
9773 5877
1554 8752
7206 4305
1580 3547
8261 7735
4954 2878
9057 6697
1473 3003
5958 2783
2122 455
6589 6879
4643 1050
4793 2059
4021 6962
1725 824
6661 9515
6460 2214
9652 947
3720 6896
4401 2237
8668 4050
6175 6933
2805 6338
3217 8586
5403 2733
1409 3629
4829 9439
1424 6549
9002 4718
7911 4556
3724 2915
7820 1433
9087 5462
5393 9323
3040 965
7575 3742
7360 3680
4320 1485
8984 1444
9025 7077
7702 275
3142 4002
5829 5164
1503 1512
8571 4604
2856 3472
6491 6609
9927 5405
3339 1095
5326 730
9873 7697
7329 9298
1462 6949
5105 4907
9564 7156
7015 6959
7900 2324
892 601
4536 605
5685 7193
4223 7100
9628 1316
5662 7351
617 3771
532 8798
8975 9909
9422 2586
2451 4940
9361 5477
1800 7010
2743 4965
5174 8893
7056 4742
633 9222
2841 7747
8869 9722
5226 865
3814 9771
9050 24
918 9958
6621 2175
6984 1505
6541 5427
3842 7921
7750 1459
7031 7397
7291 2699
7266 5155
9863 9148
7903 3293
7150 4
9347 448
2 31
5324 1321
9905 9785
7554 675
8347 8878
3581 3281
5281 7809
8880 6612
441 5589
1667 2298
3710 4555
3471 8084
2196 2009
3731 1315
5370 1059
867 7278
8600 7017
7504 6178
8712 2221
9138 9654
7649 6879
6945 2361
9854 1415
420 7611
9837 158
3408 8053
4003 297
4754 2885
4076 4306
7608 8234
2705 8277
4138 2937
1458 9429
1606 2314
9107 2521
2537 6786
5924 1158
2009 7261
7751 4761
7887 7143
2070 5265
5154 2136
8253 2743
3982 8490
4451 4412
3812 5416
5798 5325
4747 9637
836 7573
6276 8533
6918 7615
1243 5292
1143 4646
7641 9297
9682 8988
5847 7919
9385 2099
2141 8264
5234 4427
7944 7366
1388 6137
3017 4416
3919 7600
9578 4309
5009 4302
3324 6872
1445 2870
2157 4152
2927 8773
5317 730
9090 195
895 5685
8762 8505
3444 6202
3461 6185
6114 3390
5851 6350
4428 3942
383 9569
9772 3902
7854 8996
5828 870
8101 6079
7073 457
7775 5430
6640 4043
5659 1779
5195 1230
8860 5957
5900 2945
6282 2084
4914 6774
69 8575
4145 8862
890 1268
6516 2180
2943 348
3326 3170
3288 1681
2589 9732
5084 1372
4240 663
9217 1423
7407 7629
4019 5308
8745 8609
2004 3712
1419 2593
7598 7232
8636 4972
1284 6718
4454 4698
3975 5992
9470 3458
8755 1325
5653 764
4009 8508
6103 948
6936 9164
2016 5511
6581 5826
8782 6398
9817 8914
6210 9076
681 437
5264 5941
1281 8786
630 821
1610 1756
8538 8554
6427 8185
8347 167
3131 7563
1402 4421
9860 2684
3473 7344
851 6522
9105 1868
4396 7997
138 2195
8491 8977
755 1420
3973 2325
1865 7432
2861 4238
2500 12
7298 5864
8453 5094
3669 4923
1516 7631
7321 982
8615 6092
8099 1722
3748 8976
7249 9109
7655 961
1719 2906
2119 5573
3188 9162
498 9817
6067 2049
3441 6717
4334 1167
999 6640
8076 5569
9971 5908
4331 9851
3892 6414
9545 2565
4956 9068
7564 9071
3933 7139
9810 5250
8224 291
146 6901
4917 2345
9377 2153
4645 2146
1313 2161
2755 2199
4196 7297
5681 7338
2270 2098
62 3066
4024 1806
9213 8422
865 2559
4081 8492
8191 9695
3828 717
9859 5931
215 3631
7387 7705
4324 8510
3921 227
3391 3232
4672 1151
3227 3331
9030 2268
2504 902
5 3739
2106 609
3396 2279
7910 1857
7331 3491
8837 7332
6012 3759
9979 3245
3300 4503
1665 165
2064 9288
8494 927
8277 8558
8324 469
6792 3407
3591 3012
9572 4574
7497 4705
665 3726
5856 5158
849 9059
3688 2941
5327 4982
4693 2088
4529 4469
3633 1883
5508 9716
3844 7255
3910 2788
8562 6243
9510 4686
4334 9529
407 8893
6460 8202
9140 1861
8819 2895
5326 4211
3473 5405
7969 4931
5737 9732
2997 5048
6920 2996
735 8732
2502 5005
5447 9940
6503 9713
9669 3758
7137 920
565 7498
1352 9536
1033 4274
9844 3407
6590 376
8308 5255
6 586
1404 4468
2532 9156
6058 2629
6407 2643
1255 2132
205 5073
760 6068
8393 4578
532 5590
1360 6746
7888 9784
5069 4376
5254 3131
404 6611
5157 6367
963 8128
7697 9517
2724 3869
2091 4448
8415 5581
5419 9681
6492 9761
505 8798
9543 3599
556 9271
1164 5633
3290 7620
8450 4716
3165 7222
4100 683
359 7737
858 2216
3852 5458
806 5079
8350 3451
2586 1023
1110 2264
1127 1126
4174 6725
9617 5896
6812 8718
7326 3539
8664 8042
3053 1281
7678 2581
9091 6051
8207 3977
8560 9079
4402 4360
2720 886
2328 1321
7806 8861
3165 1980
7811 1365
5258 396
1900 6961
9640 8960
8986 6548
8527 5165
5522 4268
572 6428
549 2143
5761 2195
2458 6048
1494 3779
6790 6494
7229 4766
9614 5258
5123 5970
6403 2402
3234 5223
9933 7263
3860 385
1667 4423
3619 9857
9701 4304
5851 9038
1741 6082
880 9484
2314 4776
8220 6919
4684 6771
2449 4190
8686 9946
9324 7278
3052 1969
8874 5754
6982 9637
917 4788
61 4402
3431 2139
7691 1617
6384 7441
3647 4050
9202 5031
9925 1841
7736 3607
6884 7736
6439 5469
737 769
13 3940
9474 2934
7398 1273
5916 5800
3950 318
8941 1992
7696 8541
8518 7012
1629 8806
8288 449
5401 1767
3664 3986
9743 264
1797 3827
1204 7344
3197 2964
4793 5031
9304 533
6826 9832
7652 9339
8435 4562
3079 7644
4755 7069
7323 2956
3688 1156
2868 9413
7738 1010
9933 7084
9924 2317
7473 3142
3772 1098
6821 8391
5316 7643
3730 5426
8889 6188
4592 1602
3177 8294
9070 3139
1586 509
2159 5662
917 6461
9390 2352
7960 156
5938 7862
2283 4795
1564 5894
4707 1391
4077 1389
1042 4470
6901 8433
2312 5592
4534 5698
7683 6412
5223 6674
9905 8419
8596 3629
9862 117
9683 6903
2601 7959
6401 3937
3625 4550
9435 2472
3597 3715
9897 7290
9400 2314
1428 5557
7707 8784
377 686
7189 8728
5109 5771
7446 1106
7360 9886
9233 1058
4006 5566
2335 984
7264 3091
9856 5937
6722 3886
9821 1370
8125 5667
3481 4860
7444 7396
4022 5416
7596 7659
8659 8767
9181 4307
3539 5807
2469 1635
9481 1878
604 7497
8271 1412
6034 1551
8086 3665
8292 893
4760 1768
5869 4475
9097 8127
2569 8960
9308 5156
4821 2236
658 1589
1938 6542
8125 1340
9833 8067
9954 7717
6952 5532
4413 2238
7098 7978
8911 3690
8949 8329
4818 2129
8957 8934
4653 9368
2726 3758
7506 9928
5815 7189
2565 6798
7161 7968
3176 367
686 8399
3425 2453
6543 3658
701 4778
4894 9303
7885 335
6890 1637
1295 7338
6241 9545
5784 6763
6576 8290
8733 9241
9973 1483
1184 2461
2213 1276
6599 5530
9258 9853
9945 6472
68 5945
2226 44
2721 9307
7318 2277
5255 4023
2834 9078
9597 6471
8478 3499
6330 928
1934 5834
6933 1201
6696 567
4187 4680
9504 2387
7984 9505
3614 7042
2140 1451
9969 6760
1302 121
5485 8528
6431 7810
9440 5113
1701 5077
2243 1709
9352 4732
6460 1582
7114 9724
4240 7040
3231 1703
2421 5277
6003 6062
2325 2153
4299 9782
4062 7027
7587 117
2391 2340
807 1705
3405 3623
8813 2294
1756 1733
1680 3706
4233 5611
8008 1551
6604 5995
4068 8732
171 796
2505 936
4881 6127
2484 8844
333 6863
5051 8244
8487 3220
5570 4162
5581 8628
9322 4142
8684 3942
435 1358
8010 2661
2882 4430
9840 3965
1998 5933
9334 8933
3349 6660
9334 3176
8219 5955
7618 9682
7890 3929
8993 2404
8901 8991
5860 9396
7422 4082
6455 3189
9112 4332
7667 4478
6990 7022
929 8489
4386 9436
2729 8026
8890 5285
5992 3546
3317 6813
5648 7471
3068 6136
3065 7258
8675 7077
6981 5660
4318 5221
4258 8517
3632 2936
7032 2539
783 6626
3778 7492
9332 7022
4489 4689
6030 8847
8812 2311
54 8511
7228 1258
8141 694
9380 199
6561 6697
1861 1279
4558 5244
8575 2796
1154 4981
4157 3665
3337 6095
3623 9378
2535 1431
378 381
516 5223
1589 2531
4049 2301
2058 231
457 7719
7509 4546
3106 3581
6008 8177
5427 4250
308 6668
4240 9224
4021 6963
4544 6344
709 1206
7695 683
6000 8225
8880 4160
647 9171
7082 9579
2014 4602
2260 7310
1248 5005
9035 1478
3330 3446
6751 724
7669 3369
8718 230
4677 2853
2232 7922
9662 3126
1586 2510
7551 2964
758 1535
5030 5611
2615 6556
779 8072
3394 751
313 1437
239 4088
5399 8482
2136 1357
5476 7864
6913 5665
8529 1531
5093 2767
9912 7107
9825 260
2218 9383
1657 2839
5079 927
7721 9574
4118 5924
983 4574
5877 5382
3571 9510
1274 1161
5072 889
3879 4957
7260 430
9756 3513
1611 7862
1799 180
9090 2097
1126 1871
3407 3005
3917 7058
3014 6268
8963 6241
2935 9184
6359 9035
7275 9590
7136 3824
1884 2029
9010 5500
8356 7681
4172 5971
1150 3400
2910 2907
1097 7081
6519 9873
459 996
973 1209
5458 1025
5030 1349
5718 4937
5171 7809
6682 3659
1069 3353
2385 9164
7527 7800
9389 1406
755 3982
8210 1228
6336 8717
185 2655
1489 5408
3057 1680
8409 2727
113 2779
6067 6964
2440 5484
7774 1820
9140 8936
357 714
1825 8378
4044 1718
9722 9417
4550 3789
8971 9555
1988 237
3623 9145
2056 1775
1669 4102
5943 754
2757 9660
6461 6976
4129 7629
5275 831
7854 8035
4875 1638
562 1388
5140 6201
8255 7894
3129 1924
5469 9699
6171 4720
4567 2825
7327 9044
3691 9993
5866 8924
8997 3289
6537 5950
6853 5744
4638 6367
3068 4190
8404 3121
6902 4838
4499 3975
1122 2697
8191 6471
2061 8287
5995 6474
7739 596
4715 1539
9655 9501
2807 2729
8579 6406
7675 899
2984 938
9083 8223
5937 7934
2388 2959
371 4330
2750 7905
8340 1413
6829 8522
1405 5948
9335 7438
6010 526
7696 5758
2654 679
3697 2174
7139 7303
2599 6178
1007 2895
1319 7204
5026 4327
3151 3205
1676 1247
2072 8990
4091 288
7239 497
7202 7005
8803 2065
9686 5756
6050 8539
4434 907
1532 5199
8698 4896
3600 5087
9340 2818
4389 4962
1970 1629
2376 8549
7812 4166
6453 2496
667 940
8561 5473
1040 2823
3860 3047
2931 8864
2164 5516
5656 6540
8524 1807
3691 9653
4171 2574
724 935
5353 3709
2470 4180
9285 6741
9281 1317
6713 3836
6855 1150
4223 9724
9644 8989
5165 3235
1270 2302
8059 3607
5652 8142
3862 2740
5051 4346
3036 6531
2380 9571
6456 8568
6449 5776
3368 280
7718 4928
6585 5301
2708 6251
2244 6408
4344 5203
3554 5578
7027 9292
6587 2847
2570 1237
8156 6959
2526 2419
9831 3026
7542 9961
8308 6024
2600 6309
1398 2978
6839 5657
1800 4416
3333 3765
5270 5032
2842 766
1943 1136
4909 781
5240 3064
7615 3462
9797 3559
3287 1587
3184 6352
3719 5453
1508 544
3038 9031
658 9559
5431 4343
4698 4913
1775 6769
391 304
5892 1953
9281 8760
4712 3813
4134 9094
3317 3717
1634 6382
1594 1536
3146 8544
2452 3988
1081 4597
6936 3657
4562 8236
2716 3003
1028 2972
3749 499
5051 421
9931 3105
8371 7319
2281 7719
9304 830
6849 6773
4985 7401
7581 6716
2378 9125
8367 5073
6665 4955
3193 9281
712 5507
3177 5867
1321 676
2156 1327
8152 8377
3684 6897
5618 5121
8532 6313
9235 8162
5480 5290
317 107
3201 2428
9924 4325
686 3337
3751 5222
4102 6769
8777 7586
930 1419
3517 6493
5464 872
8176 4482
8001 1973
9232 1881
5788 4253
7643 8872
8012 5528
8082 841
956 8709
2796 8404
4963 3871
7015 6281
8867 1791
4457 3916
859 2701
8404 6621
7628 3300
2872 3778
4280 6114
3955 9652
9478 4824
7732 595
8370 9524
2461 8247
6130 201
4614 2564
9988 7800
5533 4984
3523 157
427 2037
2936 1352
771 646
3644 7750
3252 6431
3276 4059
9646 9941
1733 4718
6225 4791
8815 7314
2672 7960
38 3837
421 5978
9507 5046
8318 2521
9898 1904
8917 4417
9661 3533
9853 780
6765 9489
4552 7612
8032 6277
7334 8034
3870 3747
4407 7496
7061 3861
6130 8129
5853 7093
4782 8987
6278 6384
4573 4542
2733 1340
6665 3924
3038 8658
5366 2709
9331 666
8807 349
6266 8739
893 7964
9956 3451
5290 7611
8570 8737
4692 3814
7194 9460
5109 7466
7424 6456
5902 9340
3136 4069
8812 9507
1967 8251
6611 2707
7281 726
8983 8695
7804 121
8073 234
204 634
6846 5490
5441 2267
1948 9514
5778 8144
5693 2075
9284 2306
9718 4950
9254 799
5170 4976
6468 3947
3383 26
7339 7367
9178 3980
4188 9884
2558 9230
3434 7908
8663 7315
5885 1718
7933 9634
9001 6972
4140 1506
9112 1122
3656 2417
8820 13
4478 3537
3137 3750
4550 5552
6807 1634
7332 9506
2381 2015
9022 8797
560 2941
2904 705
1252 438
539 1666
7522 6827
4852 6835
9903 8077
5784 9057
9725 3781
3877 9881
6618 6609
4916 8423
7094 1787
4955 5612
8883 6007
6527 8459
4197 3640
7622 4224
2680 3264
3290 1773
7377 4707
458 1763
9245 3254
283 9641
9765 538
5291 6268
5955 6063
4086 4467
814 7654
4753 3182
657 9847
5716 9675
3867 1227
2741 20
2735 1223
5343 1336
1147 5238
3810 4900
3189 8802
9859 7454
6306 4783
3508 8878
9536 8692
1039 2474
4243 6471
7996 9292
7405 8483
9073 7218
4758 6536
3801 2113
2764 2640
2445 4135
8115 8121
8047 7004
1437 6932
5526 8932
5925 9977
2116 9092
582 2453
4355 7806
9816 7441
9901 4122
522 1472
1211 5987
5483 1381
3653 7820
8194 1646
9993 4365
4558 2497
6295 2014
6600 4497
9336 750
8581 7533
62 6800
4743 6165
727 4803
2242 490
6395 829
8124 5281
8565 6723
7742 5972
2175 7655
4023 4853
2581 9887
192 5472
9292 4926
2074 6652
4603 7793
8099 765
3495 2296
2712 1721
189 7343
1813 900
6313 1271
7575 7483
4659 678
4050 458
1097 8
6350 8266
2951 1841
156 4875
3731 8064
8455 1561
4501 6401
8134 8590
7283 4783
605 8260
7755 2771
4979 1925
7674 1998
6783 8305
4778 2368
8188 1579
4024 5362
5179 7761
9186 3014
4231 8870
7583 7704
7747 8781
3545 3777
5264 6068
9926 8521
5227 2715
4469 6710
6723 7871
8339 549
4888 4072
4317 1156
191 8027
2639 697
2194 1564
7659 819
4164 4260
1542 43
7058 9627
2988 102
4037 1859
980 2890
6164 6913
3101 7706
183 1255
1928 7552
3478 8946
1136 7398
9471 4574
2564 7906
1687 3729
7061 2667
9176 5435
154 3052
6312 9336
8161 2212
4570 9823
3632 8198
3710 2810
5033 740
6195 4338
1516 4548
8141 3974
4295 1068
5186 2072
1753 7103
6462 4884
8052 1363
8758 2814
8256 8494
7337 8503
7836 1742
194 3067
1551 4594
6443 5227
3661 712
9276 130
4133 7603
545 6309
439 3864
5673 3644
435 9238
5131 6808
9532 4783
8931 6528
6156 6183
2505 7260
257 377
1442 3901
8309 2128
9921 7
3451 2073
7974 9420
7621 7602
6262 214
2099 9471
1499 3920
1701 889
3314 641
3234 9091
514 8663
8225 2171
972 492
9173 7672
6302 4343
8245 3926
5154 7794
3769 8316
6260 7524
9121 3622
5008 1882
1631 9876
265 4454
3637 3086
951 7972
1289 7314
5320 7077
3077 4460
5414 7674
3018 5168
5993 9023
1669 503
3604 7825
7402 8676
3882 2333
1453 5554
2035 5223
8143 1724
9626 5028
3045 3000
7982 3796
5765 7681
3416 3327
5258 9135
140 1867
4102 7541
6072 8631
9863 839
1017 984
4802 918
3037 3981
7468 8186
4644 8640
6408 8731
1120 60
8010 8843
7899 470
4826 4611
7495 6633
2181 5769
7680 6978
5405 6395
5758 5636
9712 1899
3319 5577
5734 5926
9665 9447
6772 2642
6325 3706
525 2244
9503 1971
3816 2236
1682 4477
7213 8654
9128 5591
3513 9597
9591 9715
3858 6629
9071 7035
9076 5717
5808 5082
3929 3912
5529 9598
9591 95
2251 4840
515 5292
5612 5885
1347 8237
2999 7837
2401 9891
4016 6877
7564 6751
8437 6979
1113 6264
8529 8414
5558 475
890 495
4559 8655
9386 4008
313 7555
6042 879
2716 9111
3770 4110
9790 3796
270 8683
8266 297
4531 8047
2016 595
7631 2533
4566 8967
2661 1410
6716 3727
744 2763
1068 8896
8119 8199
752 9460
8951 1298
1358 584
158 1018
3583 4804
5531 122
7949 7794
9492 5441
7066 301
695 9118
9389 6264
3266 4362
4728 9495
5949 4418
5893 1406
4261 6784
495 4981
1956 7973
5692 9460
60 3109
9192 2385
9091 6383
9757 1971
4759 3607
5614 3361
6370 8897
4467 3388
7417 2588
1567 2102
2703 6697
1229 6622
7943 1735
2393 3834
4870 6061
5595 9055
3495 8659
7901 3327
3816 3725
6270 3263
2129 9700
1392 2916
6101 5827
8523 362
161 4683
9444 3057
2209 6803
6520 9604
9826 3968
547 4295
3890 541
3677 6860
8787 3367
8436 690
5215 6744
949 267
8918 9406
7667 9017
8178 1639
4618 7524
4540 5738
2829 7258
5143 1605
9643 8147
1161 9935
5312 528
618 1754
1272 7696
2630 3831
5583 4783
5612 5797
420 7691
9497 3367
1308 8483
5087 3873
4834 8175
1614 7407
5612 8726
997 9586
4809 4336
8481 4232
9862 3881
9540 2135
7280 9471
913 2421
5955 9848
6948 8055
1441 9730
6703 548
943 2216
2222 6582
4281 7438
9452 3116
4438 1066
6143 5582
3222 4191
2718 991
3767 7271
1554 9240
1831 6076
5114 2823
3396 3011
8489 3203
9072 9621
6011 5754
9536 2044
4277 8489
1635 8230
5881 9191
7183 1097
8536 2958
3158 1700
8355 1159
4488 7997
2314 3490
115 7356
4853 9551
6934 2451
8705 4780
4931 840
6881 5835
5778 5025
6518 3950
1698 2635
3738 3954
298 2631
1142 3029
2926 4466
1604 2214
9533 3647
9326 2328
9127 2690
9653 7314
9324 1484
4750 7798
9376 3662
4167 9244
2475 9052
3047 3002
5452 2961
819 8018
9549 8952
6716 168
8529 2109
8614 6590
2058 4673
212 2623
6472 9764
5119 8004
4492 5650
582 2950
2938 7021
9390 6977
1037 6978
9819 8928
5764 8331
7863 9035
426 8144
110 5914
7987 1563
9869 3365
5123 3575
7023 9610
6553 5060
1014 2937
8264 6393
1867 9919
2501 4774
8445 7677
3916 22
6405 2085
5054 957
8410 5873
7494 644
4896 6064
8473 6062
4748 7709
4107 7237
3602 7597
702 6966
111 2725
6245 8822
467 4454
7686 6336
1046 7910
3150 8892
4539 8540
6863 525
1281 4296
6116 6246
2918 7708
102 4810
3223 6427
1431 4928
8883 5453
5643 2367
3406 3340
6742 6060
8288 6430
4672 6301
3773 4703
2245 3368
6080 3210
1258 2973
336 9620
9466 3084
8037 1013
7134 4325
4755 3971
7419 8507
4165 4797
2116 307
3525 3457
8128 1199
8136 1547
2119 3025
6759 5019
3367 6638
599 4034
6723 5505
3338 7096
5210 2537
223 1884
4885 577
8228 1705
6426 9241
924 9202
4670 1030
7211 8810
9496 7731
8398 2386
3584 3377
3959 336
1382 1059
4278 1720
1422 2351
7972 90
5593 8001
6553 5735
3104 8226
1661 8721
2634 6832
9899 8111
6204 7627
1266 650
1968 2172
1077 6614
6494 7377
9778 8144
7798 8537
7344 4993
9184 3097
1553 8940
6379 4873
663 6730
7890 4302
259 8479
157 7748
5176 696
2611 4695
5950 276
2492 4222
6499 3612
3157 3605
2924 5728
3453 2342
6601 464
8380 7315
8838 2900
5540 6403
9101 5288
3599 2615
8825 2535
8360 3063
2246 5378
8645 6077
5492 7677
2882 9934
1227 5671
9273 8144
8376 8165
1901 13
1909 3545
119 8931
7990 2756
8919 2404
5328 6613
5180 8033
6980 4684
7838 1966
8489 2112
2136 4210
7672 4346
5796 2542
8192 188
6239 7815
4010 6017
8859 6626
9512 3041
7571 5115
8422 3009
9289 3953
6018 1126
491 9729
7927 8420
661 4766
1157 7511
4704 2074
7949 3981
5031 9012
856 7374
7306 8830
4263 6185
5995 4697
8501 8540
9078 8575
8425 4607
5214 3645
4072 1326
1170 635
5431 7633
8575 5210
3182 1786
7295 8633
9960 1835
175 9651
7942 7201
4830 7976
3043 5153
7121 2678
9538 7965
3331 2485
2100 1010
6826 9964
279 561
2661 1283
6104 633
7233 5014
7560 5006
3179 2290
6780 56
1792 3439
190 1866
5024 986
6513 7404
6976 3614
3058 6040
4687 1631
1483 6446
5056 34
8161 9172
9142 8092
6381 9166
1215 4998
9431 3286
9271 3370
8685 39
4621 4668
5924 7356
6498 6136
6758 6928
6878 628
7977 8321
4204 3377
2433 2215
7910 3652
1003 1595
1147 5099
7514 1701
477 4782
6735 1590
3159 9076
6145 8766
1435 4351
7820 7963
9962 8677
37 7664
9309 9867
1644 2621
8112 4032
1386 3296
4526 2180
5706 8136
5496 2836
1476 2658
9358 5442
452 2819
6704 8421
3897 8624
3838 8346
8362 8956
9004 5094
9443 3391
6801 5689
2045 6816
6463 2192
8315 2063
7357 8600
3408 1361
6031 3482
9598 361
6199 8967
9770 5264
2501 5985
8508 7568
8314 5795
4738 9363
7434 4542
387 5491
6800 594
6929 1341
2043 3973
9864 535
7542 5251
7891 6202
9382 3042
3885 1886
9980 1488
1301 1073
7866 9291
4043 1828
8402 621
9720 338
8666 4578
4138 4990
124 7400
5868 2664
1242 3330
452 2443
7455 8136
3317 4678
6112 5327
3765 4869
3105 1553
9705 4715
868 8664
9725 6238
3884 8748
8336 4463
9759 6902
7707 2229
2586 9824
1122 5909
4223 9676
8019 3840
5626 7982
9884 2585
3249 5670
8217 7969
2969 3118
5883 9745
6453 2460
36 6180
3258 1092
1342 622
4926 94
155 1756
8318 7055
7927 345
9887 1655
3274 2571
1420 3382
9754 7960
4910 8203
5230 1000
2378 747
2109 6648
2867 7610
452 6328
4305 5097
5558 8050
3578 6829
5118 2263
3676 2264
5216 2136
7308 9846
7229 2766
9513 7061
9829 1638
1594 6642
6631 4653
7926 2364
5684 4259
7346 9063
9410 4527
2404 7456
7228 5023
535 4568
3398 4330
4615 527
7647 6437
204 4814
1295 782
2228 5040
2224 7704
8521 5806
3769 3539
8994 5030
8452 3207
1028 2775
4817 8013
585 7132
5076 4826
4553 8834
9082 505
6405 7976
8201 276
4227 8674
4725 8047
739 3498
3342 497
7919 9347
8695 6127
113 7451
9554 7527
575 4893
8694 9222
978 4160
7203 134
5237 3616
5708 1432
7752 4823
2770 4778
6339 9175
6498 6293
3304 8679
3365 6229
8849 103
6198 1509
9481 8225
2160 5591
9815 6254
3653 4078
9764 2402
2267 6440
7453 7062
3264 1611
9157 9744
2735 4650
6210 7297
9963 8755
6839 5179
5272 9273
3426 6652
4857 6842
7196 5275
5203 6380
4446 4958
209 680
3 5366
5457 8355
9544 6183
2412 6485
1903 4488
9538 536
9555 4787
2867 6463
9174 8346
4283 3872
5174 4263
837 6080
5055 6557
5568 6953
5962 8720
8639 5882
7826 7742
9561 7787
1735 9561
4241 3884
8700 5122
3473 4169
2682 1443
6495 4140
3816 3176
4130 8767
4850 2987
8941 9388
662 8315
681 8915
5790 3545
6258 8743
5703 9071
7304 1349
1184 9869
3493 434
2126 8225
6478 848
2636 5026
8307 3085
7984 4618
8208 7369
969 1085
4518 3025
1204 4602
3332 8781
5134 8525
1006 930
4468 6894
2304 4100
3446 7242
7308 1260
2026 75
9023 8370
5708 4711
1105 4488
8691 8018
1211 2482
7807 6417
1683 1541
8031 7052
1475 43
1263 6015
2344 3056
6078 2846
4134 5357
3405 2450
265 7486
1651 9828
998 7058
7086 7028
1936 2415
325 9094
6710 1167
3640 5994
7929 2459
5353 5927
3916 82
2323 7124
6564 4310
2424 3
9167 9891
5338 9977
5777 8909
4511 158
345 1525
3463 9934
4802 1959
153 3225
2261 3331
4569 5261
4108 1382
2455 3294
4625 9717
7665 9744
7653 9910
9336 3297
4701 8362
4191 2677
8359 699
1856 2030
8522 830
3002 3976
5947 2340
869 9679
4236 8579
469 7294
1743 4060
1916 3701
5640 1129
3034 5542
8928 9973
6768 3884
7942 1511
7891 2792
1312 6220
2635 9625
9935 3201
3803 8743
2832 5162
1051 2461
175 4898
8288 3745
2886 8047
6750 3472
4004 7601
9524 2331
8328 791
1349 3752
4604 4397
855 7271
5279 6710
1380 7506
5499 7267
5262 5599
6613 5997
8080 1493
8034 9380
2879 6393
6486 4036
8143 5732
9176 8929
8210 5266
962 224
2411 8874
8725 2513
3953 9317
1401 588
7615 6189
2049 5143
9560 4755
2909 1809
855 4077
4025 6190
9893 5978
1891 4080
228 1091
8138 9470
9480 8016
6130 2803
8613 2724
3043 774
5668 5303
1569 9634
9679 2654
1303 2849
9820 8632
9725 890
6726 7623
6280 4675
1494 9882
7792 1237
7345 9731
8125 91
3595 7353
8891 8006
5225 7276
7884 9793
7940 9681
5164 3979
6297 3849
4656 3654
2046 5906
2584 9579
4575 7257
2643 9320
5078 8842
5730 4360
2793 903
837 2765
3101 2177
8001 8236
8473 8005
4131 6916
2277 1606
3838 2077
9857 8659
3888 8618
3602 1844
9778 4202
7655 3623
5231 8080
346 8881
7148 5117
2914 2883
5093 5415
133 8795
1913 920
1370 9203
8475 774
9596 1323
7242 3130
267 3934
9594 7359
1005 4867
1057 5193
7042 5683
4526 3376
1141 5905
1363 1223
1710 2235
7315 5757
1092 6860
5734 7616
3904 6011
4522 9768
8572 4739
5044 855
6747 2512
9044 2507
8850 5619
9126 7390
4836 3730
4709 2411
8347 4703
5322 4492
4322 691
8690 6340
6096 8039
4493 4390
2942 6623
1571 5025
4074 7764
2593 648
324 7996
945 8706
7109 4151
7432 7099
816 6441
6888 4741
2145 5903
6982 3327
2113 528
3814 7631
3228 1697
2770 8399
969 4053
3850 1746
5864 4112
3813 7138
2379 8950
9637 5431
6731 4212
2505 8853
6011 7194
6140 9987
5321 5556
2234 7331
8369 6612
483 8659
3772 3182
2392 4799
9125 896
5666 9617
3868 7595
6803 6087
2948 6082
3364 2606
7383 7406
2589 5424
8777 9979
1043 1976
409 1059
7339 830
4660 4245
9197 8531
4148 2082
8388 3498
1782 7044
4177 3377
9930 4234
2079 9387
9667 8836
9394 6252
3501 4456
9897 3872
7918 6319
1618 7496
4357 2144
4908 5922
2415 1782
7464 4436
3417 7424
1241 7188
16 533
8074 2567
1668 9665
6351 3460
1067 4161
7683 2468
8705 9047
8320 1081
4669 9082
9630 3368
6079 1982
802 8788
7862 939
1928 9705
7358 7437
7275 8145
2022 519
7665 4022
7424 964
7988 6277
3217 7388
5851 1451
5000 8895
9239 3695
7004 961
2009 3531
3309 1602
5521 248
1229 5528
833 2950
3656 9084
8992 2917
4190 3262
2506 2723
3169 1062
6148 3202
9641 2456
4718 8900
7637 1971
7378 5654
4813 646
2872 9046
5971 9695
5564 2275
1207 3282
3367 4432
4601 9330
3657 9300
3833 9295
1497 8097
6043 7580
771 4158
8487 8027
4080 2051
1932 904
6516 4593
8229 4751
6896 6220
8035 7755
4823 5927
7321 5163
5694 8090
2663 3475
9021 1073
8814 7373
7698 5028
803 9658
1636 558
5551 3753
3637 3917
3986 4417
4433 5974
7767 943
7635 8594
7667 5879
9463 7128
4727 3305
1162 1752
8981 1570
925 4338
2464 1372
8313 4913
3708 9203
1948 855
6308 3380
1457 2277
7946 2356
8526 535
3961 4122
4503 5291
6662 7690
8368 8460
8805 3727
6255 1119
4856 7444
4400 2425
2690 4784
4114 5883
266 2972
6383 7611
8523 8961
3001 2288
7048 3155
1599 3130
3277 3812
95 7691
9248 4022
3429 3254
8534 3905
1666 7458
5219 2029
3944 523
985 2877
4721 7670
5009 7992
9199 3199
3736 9061
511 8305
1328 1378
9271 6769
1896 8241
7118 8823
998 4784
4459 6649
4256 4307
6405 9894
7674 5776
9177 9004
6425 5031
4394 2935
7830 5244
3171 2551
6623 8195
4600 5804
8167 4870
6619 1569
1054 2342
2026 6610
7099 8779
3125 1659
5973 9370
7853 5998
8241 4434
2264 9985
7814 2979
849 9586
6812 7500
3037 1703
3235 7439
920 6982
1264 1971
9134 9854
8482 7029
1893 2545
1683 3453
3143 7726
5098 4200
6734 2511
9965 3911
7176 1772
8115 3811
9179 4969
7751 1771
8017 2579
761 1805
5380 1043
4335 4829
3861 6284
9657 5108
4357 2327
8274 8951
7863 1464
2274 1539
8973 3292
6209 7554
8846 4657
7845 6061
3386 5651
1932 6991
6148 5327
3461 3249
6078 869
7705 5351
9443 8479
2311 3862
4445 1112
7773 3056
4102 9883
5939 2814
3292 9289
1537 9816
9694 2838
9936 9732
195 5409
3294 5097
6730 5950
2827 8687
6747 5330
689 86
8925 6443
2640 6159
3521 6137
7431 426
5019 6876
3183 3917
3936 2219
9041 7869
7803 6734
6264 8460
9658 1529
1153 4912
4598 8918
6623 4588
7728 9726
8507 3149
6182 9779
8424 3
2420 5709
8308 1770
5704 6527
4187 5892
6430 4597
7958 2180
1530 6845
8353 1034
6148 7551
8666 2934
6156 3049
8500 6443
9263 5516
9579 2673
2275 2637
1954 8486
4940 9353
1961 8275
4289 1560
7195 7767
4680 908
3267 578
7646 1782
9742 7872
4387 7013
7787 1392
6290 9805
9327 1295
4350 3728
1126 2470
6375 4811
4468 9949
6332 6080
3721 2314
1067 1451
5042 6058
7732 1475
9100 5867
3211 415
2532 8628
7628 8130
9978 8881
9865 9316
6260 558
5535 1167
3135 7343
6615 4099
7680 4891
9448 3686
2504 6115
9465 1900
598 4530
8548 8286
3318 1394
1799 3722
1127 152
6404 9575
4219 8942
343 3411
3527 476
3160 9484
9818 2674
7270 2103
2235 4979
5892 4544
9098 7649
9760 9502
9161 7106
4334 5410
7652 172
3443 764
6379 178
3885 5322
3600 7707
7568 5438
139 43
9435 5163
4028 4816
5993 6828
6904 4219
4004 1473
3556 841
868 3191
7888 1854
772 2306
7258 3837
9077 7065
2467 9605
8173 3295
5583 427
5495 729
2838 3056
1134 9665
7271 3200
7252 7654
5644 1271
1724 9038
7545 2991
8520 4521
4062 2714
7676 6195
8540 4216
2209 3461
1476 1318
2262 1305
8939 6947
1681 8456
5146 2080
5411 5073
2689 6756
4058 4521
9868 3113
6288 586
5805 7462
7056 2970
6745 6890
8681 7320
3551 1090
6027 7364
5170 3959
1630 460
7192 8887
9537 351
716 4782
6128 5312
7278 7584
3199 7609
1402 7974
2580 5177
4325 6163
7473 3596
7267 8914
4110 693
1974 7966
4101 6378
945 2365
5031 316
4971 8474
3164 6482
1839 8542
6824 5569
8016 8954
5929 1226
2426 5011
8188 4720
8564 6602
1919 6196
2161 5095
3297 1423
4965 7826
3814 2443
3909 2829
343 2446
4631 2737
6838 3173
6841 4596
3374 1881
893 4052
3225 5488
5154 5267
764 8418
3806 9550
797 2230
5879 3691
8309 3001
2929 3103
8784 5627
4209 6906
3360 3046
7552 3808
8962 8923
6284 8820
600 5275
56 8259
6389 8558
372 9130
3976 4596
2983 4804
1728 2294
9592 2644
781 7416
2573 6588
3207 205
8602 8168
9064 1255
1115 1066
7716 5306
9821 9219
7481 9723
4582 4058
9505 3978
9381 2492
228 9833
3668 4976
8411 5960
1546 2213
159 8095
7773 6683
9664 519
6324 331
6786 1925
6827 7508
5073 9380
2800 9107
5637 62
3482 2046
8176 9366
8313 3997
6564 7365
7256 4677
4995 8512
9023 1522
5854 210
9717 9681
7886 2635
3795 1848
7713 8565
4004 7954
7788 7438
4456 7946
4400 4663
2792 115
9191 3992
8675 5329
8285 4557
9079 9368
347 3698
3628 7312
3646 9222
986 3009
4422 9439
3627 4705
5483 7338
9194 6071
5002 3100
3034 9755
6574 5371
9268 2380
1049 2178
7577 2845
209 9637
710 4317
5944 1489
8181 4705
6003 8670
4191 8193
2188 1653
8815 8748
4515 984
9394 5000
2815 3090
6267 2698
1602 3949
5091 8046
827 4633
397 228
2005 9391
7783 2279
1085 1987
4221 187
6513 7967
6440 5474
2803 2978
1236 1019
9677 2980
6415 4089
5470 6292
5948 5435
5778 4033
2824 2845
5552 2097
564 5322
4942 2353
3536 8459
655 1498
4777 3073
3900 1196
8490 9355
3408 6826
8030 8052
5452 802
4101 173
3516 3446
1524 9106
4577 1356
7863 5692
6269 430
2594 4339
9870 4015
1637 1613
9393 2059
9501 6359
5432 7930
4055 4718
7078 7985
4176 7642
86 2004
3993 4025
3980 1756
2358 7972
3539 4065
1956 6288
1206 2612
474 1059
8394 8348
8249 5952
2360 427
6957 2417
3561 9388
9350 2928
5962 7643
1072 866
2878 8592
5725 6752
7651 9322
5365 9332
6124 4964
7860 6044
3390 9479
4721 4478
9047 3116
8927 8377
9080 5916
8333 6307
2083 8502
1960 5940
1663 9820
4000 8046
104 6906
9399 1496
4 1779
4038 9269
9984 8314
7770 7126
9257 6427
1132 1321
4759 7156
1102 7323
4004 6899
4656 1233
5402 861
6179 3903
2809 215
5733 2388
3144 2149
1867 4002
3956 2285
4589 5917
1972 7735
4778 4128
9820 2499
92 8886
752 2135
3143 1531
8768 3316
6379 8784
2850 6724
5913 773
2702 1874
6195 8374
9826 9381
395 9573
7078 186
1853 4080
4394 430
7161 910
5531 9093
296 9931
196 874
3616 1373
4417 2435
8226 9555
575 7567
9585 1657
3200 5967
1901 9594
3386 3615
253 9699
9695 2096
300 8192
2711 6163
2042 197
1129 6451
8418 5307
7465 7568
1708 4565
1771 4276
2889 4094
373 8291
588 4528
6803 4116
520 5107
8292 6502
3316 3185
4866 7057
3980 8402
9887 8091
1889 217
6762 5315
5904 3098
6449 2557
415 6326
9057 2986
2564 9509
6088 3955
4464 5422
6860 163
8985 3350
980 9295
4245 8978
8180 9650
5234 7003
2182 3625
9442 1150
6388 823
9140 7276
7410 5478
9278 277
7687 1531
3926 3820
1421 1236
5280 9894
6910 6321
6593 6341
7454 3341
7683 9708
7672 8007
6801 2318
5376 9985
6546 4279
7976 3460
258 2982
8894 2014
9740 9189
8003 5033
4724 7735
5430 8057
6704 7021
8974 1474
727 7909
4855 6852
2082 6928
1795 2596
5519 2127
5826 2616
4804 3657
5468 7662
384 9434
9947 2681
4653 1067
6806 9322
9090 9579
2968 9703
4309 6007
6512 7498
9566 3035
9889 4617
8198 725
4681 4381
8478 82
3966 2625
8508 6695
8884 5577
8096 8526
1980 1564
405 5083
8519 8944
1764 7770
3752 7825
8914 871
7143 2333
8105 5802
6769 8703
5156 1965
8637 3750
2531 587
5353 3569
1151 8342
9955 1449
9527 2933
8229 3435
2249 8249
7175 2272
3869 2682
8248 4859
6443 7618
5575 7295
1309 8470
5531 8202
3886 9853
9347 4354
4498 1262
6728 4555
5967 5002
1198 4546
6249 2611
7337 2713
5084 3832
3933 1486
1122 1582
9373 7690
7188 428
7237 7620
9613 8211
8099 4687
843 2008
3712 4887
3774 4000
2573 7155
3843 9335
5096 8247
6682 3516
62 7034
1778 9565
3530 9646
5479 9306
5596 497
6994 1400
4693 7247
6975 2261
2974 7650
3676 9027
4168 4951
4829 7124
1038 6878
7820 1152
6854 9566
2589 2005
5511 6434
848 9355
8965 9124
2864 7426
7143 6725
2312 9067
2186 9542
1397 1681
238 4582
2599 7922
2814 9688
8321 1549
6829 8447
3216 7434
8892 8345
6264 512
5096 3494
6953 4919
2544 5108
2448 4683
9028 9417
3659 7881
136 363
5173 1641
8968 8463
1951 6392
3783 7676
7647 7233
9824 4699
6226 2904
8093 6078
1165 1747
485 8970
6161 7141
431 3298
9309 1319
8117 5137
109 6469
6949 3556
304 323
4017 4354
5560 9626
2838 9352
459 916
6057 2933
2598 9727
3037 7103
8528 385
1154 4865
6044 1128
4519 1858
9577 92
4320 7202
7732 5924
8882 7843
5533 8114
603 9746
5959 1580
3327 2352
9256 4968
9022 5826
208 1539
209 8481
2023 7870
2290 6639
4063 869
8859 9191
6265 365
9335 6143
1763 6858
886 4253
2191 698
6524 4147
222 3250
4776 7368
3307 2130
9697 5205
2773 8231
6668 9544
7556 254
2299 24
1597 3120
3168 8807
8400 1582
9648 6781
4479 5546
2786 3190
3417 9743
6630 410
5892 4607
2418 4580
5048 7703
2296 1330
2744 6960
9812 6473
3708 9957
9712 9809
986 9948
2906 7300
5428 643
3438 3343
2346 8969
9149 274
2208 4902
8703 6362
7162 823
3972 6952
643 8570
4278 3150
5470 5794
4538 1141
147 4216
6998 4990
3627 4158
4540 7539
4919 8785
8900 6729
5226 1514
5432 8053
1064 2337
5113 9944
5878 8384
7216 7752
8544 5087
8430 1484
4297 5344
2100 403
5725 1097
8367 3186
4595 666
2795 5912
3790 4122
264 7120
6611 9763
2282 5667
9524 9158
1290 6407
6187 5612
2234 7640
5042 746
5446 2112
2351 4800
8934 3286
1854 4094
2592 4129
4806 7923
9562 8424
3645 2756
1437 2247
6855 4342
9893 8975
6010 1672
1988 6443
7773 8495
7991 5979
5935 7407
1521 2735
6323 2419
4595 4978
5561 506
6173 656
7000 958
4670 3557
3272 4722
6534 1139
8396 3511
3085 4863
8492 3195
9645 713
992 4575
858 3607
8825 1011
8082 9965
7626 1248
2384 5082
2291 7585
3402 9586
78 4207
7498 3987
4450 5672
2633 695
5717 2059
1991 5190
5823 1091
5128 8260
1273 8478
3016 6990
8836 5688
8431 8172
6630 3881
3536 1844
4864 3415
4075 1995
9963 4329
3154 9656
4784 5290
7385 6919
8246 9094
8039 7623
5190 4308
7865 9313
8379 4576
6325 5733
7670 7284
2859 9443
6974 7042
8696 4162
3939 5425
676 3376
835 1873
4908 6855
9382 4140
5466 7096
4356 5740
7184 4359
5639 9203
7427 4803
9403 4122
7956 6880
9713 9994
1626 7139
1059 6849
1195 4169
994 113
634 1300
9931 3739
8473 8804
5912 3603
1520 1214
8290 3616
8694 8539
4068 3154
28 6623
1083 320
7849 8099
7850 2286
9120 9634
6570 487
1134 1245
1039 5821
6159 4044
1893 970
1744 6706
8505 2481
7471 2443
8196 4038
2814 5845
3778 4711
5399 6360
8689 4230
5225 2130
4565 6884
3041 4947
6072 8459
7748 2947
7727 6712
6456 2811
5880 5459
8947 3239
1390 1164
923 9701
4383 4356
8572 2042
5365 7749
600 1250
4225 7791
440 9169
9910 4624
1377 6491
7489 7695
7042 7373
214 742
218 8822
3845 2921
9430 4629
4076 6103
3208 1024
4086 3244
5059 6510
1105 2288
4083 2130
4717 5792
4265 1588
3008 5895
8740 5133
6855 4552
7707 8799
4983 6011
4135 7520
9010 1138
7230 5297
852 8326
1482 3487
109 7731
24 8196
6281 1084
3035 3195
3611 8605
8737 9167
7720 4316
3198 6958
4656 9370
5140 2047
8487 2171
6292 2109
3617 816
4318 8255
4557 253
5749 2310
4216 6348
9358 2034
5762 3822
3814 6465
7646 217
2723 7605
898 3282
9075 2753
783 1032
6321 9168
410 3739
2742 6226
521 5367
1931 8067
1945 7617
4525 9082
6156 364
1066 4123
2112 1544
6471 7241
4954 1625
8244 2140
2098 9343
3639 3194
7672 6743
8325 7702
2084 7517
8143 1218
8651 6012
169 6049
5086 6036
22 7406
140 4919
9183 4674
711 7872
610 4134
4180 7632
9495 9846
1292 1270
4350 1294
4640 1675
9588 2884
121 2999
2293 7153
3133 1331
3787 6957
6253 7980
1028 4022
2492 8112
8658 1613
1003 4105
7099 8333
2111 899
5585 7049
9923 1244
1068 9472
649 6663
83 1552
4380 9452
9770 3028
7522 2016
2614 7099
1549 8284
8011 3703
2160 7293
4646 5454
5695 7335
2054 4737
2207 2102
9493 7
4428 8211
9509 2261
8970 6720
4374 8236
9267 576
68 4351
1630 2902
45 7583
3425 1688
3215 6917
1453 5183
3712 5787
3256 2574
6679 5031
5416 45
7912 9765
2283 3361
8846 1744
8500 3817
4528 1885
5712 3144
9894 9796
4998 2906
6164 8044
6524 5284
6629 1266
1526 1325
2147 4566
250 5187
323 1682
6351 7883
7566 9335
8628 473
2441 8502
6173 7911
3894 311
9191 5910
6899 5370
3373 351
6112 5512
9731 405
6943 8404
9856 2409
2548 1828
7912 3560
7500 8470
5399 2949
393 3281
1770 3791
843 953
2248 3054
7339 6206
1262 2512
993 338
8951 2682
5909 4693
6938 2941
146 5663
701 4407
5751 8217
5736 8563
8135 9240
8084 926
1568 6935
8451 5367
9672 7376
2217 8098
9524 3590
6183 4632
8019 5138
7144 2383
7174 1512
4021 5810
9587 8566
6611 5357
79 4521
7532 2295
952 1291
9291 795
3797 1533
8801 8165
8949 5372
8900 5318
3156 3939
3639 3748
4668 8478
2773 5521
1880 2662
5479 2679
7188 1709
4677 8045
5008 8968
41 9976
899 644
3103 2368
5276 1814
8360 2157
1908 5907
8318 9855
7296 2873
2210 3959
7522 6280
7249 966
1662 2993
2693 8303
9786 2409
7608 3483
3087 1401
6595 2074
7021 3830
8324 1889
5690 6840
7086 4420
9595 3849
2234 3552
6459 44
700 1637
6152 6183
1408 5999
3389 4334
3731 8369
4042 2589
6718 2397
864 8050
4269 4977
8008 613
9615 8337
9635 2197
1765 8572
4252 4017
9885 8670
5178 6879
4680 7107
5634 348
5943 8835
5641 2961
9237 6750
9862 862
8798 6548
5238 9526
9869 9201
6441 406
4306 5092
7962 147
5427 107
2957 4559
5433 1405
6192 4008
8187 1251
5139 1949
2761 8468
1572 3214
8111 5115
772 5423
9609 6327
8005 4824
4677 6143
3285 4332
8483 1488
5732 2916
6506 932
1808 5960
5556 2577
8562 1817
6170 4155
3105 9022
4890 7911
9861 584
4676 2653
9142 9972
1956 9112
1235 3149
7226 3310
254 1804
8742 3239
9844 9341
5006 5340
5899 5487
2754 13
4004 3527
2086 558
1183 7521
9198 5455
1086 2709
1177 8951
946 9506
7812 7420
833 1738
239 8914
8921 9097
4157 1822
3279 194
3013 8837
6192 2680
6085 8917
8553 7751
7894 3696
305 9869
1178 5921
9619 8200
2578 4429
6442 5484
1356 3367
8246 6913
3834 479
7435 7031
2046 1096
904 1319
3009 2868
3941 7704
6691 8527
3397 8971
8492 3125
9995 3635
2673 1569
9881 7716
6691 2851
9444 2759
6897 9260
9395 8439
4653 6457
8694 5115
1228 9098
5412 6400
9735 6174
252 8722
6143 5805
4685 344
3021 3761
5329 3017
1543 1234
932 1118
6735 9757
4275 1158
534 8160
3647 8048
4909 2676
3440 4920
3676 6136
8598 8481
9851 4614
6843 9563
8765 6372
5205 642
9677 1609
663 7619
3457 7369
8135 7931
5451 8255
8602 5437
1167 6919
7179 6672
6542 981
1019 739
1776 885
8995 3822
5009 9520
3701 5462
6786 3415
7744 9052
5616 703
8433 5092
8322 2122
1271 4573
8939 5326
2207 7873
3488 7300
5566 6794
3268 1759
1549 9471
8574 5494
382 6266
6508 8160
7933 856
7569 4651
4914 1420
1193 393
9187 7312
8846 504
7143 9497
1235 9260
9733 8405
9373 9708
6170 2564
8818 7717
8457 2384
7273 7743
300 2187
2417 2730
1417 3492
3678 8212
4305 3397
9422 8298
1154 5004
6441 7064
7563 9811
8487 1007
8431 6478
6795 9458
2451 8673
365 7085
6882 1515
5478 5859
8497 531
2628 515
3276 6942
2317 3877
8206 442
8817 6438
8464 3195
5608 6942
3721 6495
3050 9610
963 1375
6061 3899
4574 4292
3417 9819
3534 2532
9640 3095
1728 4264
1785 2573
9146 379
4083 5123
5967 2977
7687 9393
4322 1473
4846 7725
7810 6641
9889 481
5764 3308
6408 1947
4495 8483
9322 2289
7680 1293
5187 6846
4845 556
2035 9134
5527 6622
5427 850
5512 6620
7475 2800
3644 7779
9567 2042
925 8876
8304 6009
2470 3002
1806 8246
5593 7952
6947 1460
75 3228
1323 238
4717 4260
6360 681
8086 4876
5970 2645
3836 6512
4715 1301
4418 644
720 8249
9147 4870
8795 7236
5037 269
3349 6095
8672 1696
2378 1065
8437 997
3397 8121
308 5540
2666 3042
3165 792
9650 6321
8432 3202
2849 6710
3001 9561
6227 9965
2387 7666
1477 5048
6141 4599
5441 4875
9673 5287
2785 1859
7201 2267
6292 8499
1941 9840
1982 2765
9711 4742
2361 9674
9576 4500
1978 4806
9891 7317
3679 4651
342 3267
8820 664
1162 8526
6804 4605
1992 6633
204 1174
3011 4706
1740 3650
500 3900
247 142
8880 1195
1658 9235
8007 2299
1049 6809
1461 4237
2181 214
3099 3774
3578 5640
744 7462
708 9338
6864 3146
4897 8310
6127 5807
8418 1255
2039 460
2443 6042
7716 6298
4842 2305
9953 8315
676 6787
6500 5203
7227 5940
3444 1880
3755 7532
3755 8658
1764 6998
4710 6734
3074 2055
9577 7221
5144 1593
7855 7124
4652 2868
8735 5496
1819 7976
4715 7495
285 3864
4242 3182
259 5222
8277 1379
3581 1416
1655 2998
8424 3332
5485 9385
6229 9326
1397 7320
7812 9322
9042 5799
3183 9327
9941 1368
3507 6139
536 1989
4137 7405
1813 7279
2068 4387
9987 9172
9874 8016
1376 3335
7461 4201
1754 95
108 7949
8263 2173
7402 383
9204 9003
5272 2849
4266 5966
4198 5487
7629 8440
6956 8069
1263 9197
7359 6013
2322 3151
656 393
554 7288
9550 2921
9008 6035
6235 6794
9507 9208
1036 9852
7176 1330
6714 3229
2275 4191
6758 6791
302 3955
5850 4547
614 4217
9386 8473
821 4408
1849 3590
3977 7533
5079 3112
7764 3435
8616 984
7933 5515
4000 5844
8739 8610
5675 152
2530 3678
857 1528
1774 7164
3606 1581
2604 1401
5880 4314
3152 2626
4593 6490
6033 3035
9173 6729
6553 1497
149 6347
6553 4509
2089 2492
217 9517
8957 4772
7804 1008
3074 5782
9858 8885
4629 5543
279 3856
7741 2278
2248 4723
7694 1228
5318 342
7066 1120
340 1698
3415 1527
9291 4383
5868 39
3772 7704
6213 5175
9077 9960
6390 6789
3565 3427
4139 5763
4745 1859
1614 5454
8401 3150
5394 8317
6061 5952
5869 5043
1592 5530
5634 7696
6791 1287
668 3754
6355 9911
8374 9412
8897 2442
2631 2872
9635 314
6236 8022
712 7813
9118 9305
2270 5686
3810 5826
888 511
9375 8036
5962 8438
4346 2155
8897 1593
6733 9273
3168 1886
9558 1599
5365 4171
2283 1556
3641 9342
9948 7429
551 1355
3361 9593
5220 2065
8226 6976
9468 5831
5749 4423
9678 568
1986 7771
6701 8871
9571 5816
7495 1233
9543 188
8179 1262
4550 124
2771 7955
4014 8867
8841 888
8587 7347
2198 1137
1750 9881
2141 2923
8132 7842
6007 4404
5519 5363
1391 9975
5987 5706
8573 7124
2430 2815
7072 3336
3146 710
5076 5597
599 2371
980 2432
4401 4682
2889 5947
241 1267
7536 159
7296 4039
3561 1232
3205 2873
780 5821
5727 8243
3238 4234
6815 7916
1489 3884
333 8771
2289 2144
8683 3243
9435 1384
6646 3187
5536 9219
4136 7729
8007 8664
9931 7850
4489 4351
8312 4768
8982 5868
5166 8937
7381 7193
2958 1160
8872 9038
3026 1514
3438 9664
8142 1679
9601 3347
7582 6690
8912 9453
8303 967
9064 3369
5339 4801
9099 4773
5372 5405
1074 6232
1185 1326
2942 4659
7950 3109
8922 6307
109 6989
3101 4736
8099 9025
5068 2342
7998 6587
604 4861
8794 8809
2837 4135
6803 4174
370 149
7028 2754
4548 7158
9806 6743
4839 1214
580 9001
9980 6175
5219 3137
3173 3030
2319 9783
3423 1044
505 8033
4393 3191
7629 8316
2020 6869
5959 2117
3955 1461
7893 7845
4801 8585
8664 7735
9649 8876
5012 7047
5024 6500
5319 5753
1960 7268
1574 355
8766 1793
5715 6808
299 2223
11 8322
1495 8487
6444 8107
9009 3063
5475 6329
2011 5894
9635 4835
3426 4674
642 5204
3452 2488
8525 2618
3146 8399
348 5307
5581 1522
3248 7862
8309 7096
3097 5009
9492 1874
4053 2260
7216 3200
5410 2241
4760 224
6260 511
3966 7716
6177 9170
707 2159
3946 6680
5744 2732
517 2130
2144 2170
1845 189
1947 7240
1787 5964
9133 1849
8070 6132
2646 2340
9045 4708
6794 5324
2253 5774
2200 5142
8007 3446
8152 7388
1713 7159
4846 9693
3012 940
7051 2878
1733 7730
3762 6609
661 8215
5864 4913
51 590
8036 2103
8162 8723
3367 1676
6581 1013
7109 6636
1158 9029
3505 9507
5030 9706
5127 967
5518 2558
8930 7921
2452 376
6190 5417
106 6518
1751 4461
7297 9063
9089 125
7579 6995
9777 2567
557 4200
1640 5114
5235 1458
1632 3305
9709 2725
6095 2014
4503 8810
3865 6424
6455 6404
5970 7746
4127 1150
5536 2481
3907 2451
719 1866
8420 6809
302 9310
3275 5082
262 5028
9425 9153
6731 7345
9371 862
6443 6854
5171 6758
9524 5797
7345 3130
8658 9841
6936 7713
6854 8610
4637 229
7666 4706
211 5239
7696 1127
8242 7568
8467 3197
726 7510
8517 8095
9891 7351
7439 7938
4805 7716
9831 8031
1190 3709
1155 9690
153 2805
5389 4723
9044 4162
2479 4521
9034 4803
8365 1478
8342 6462
1201 5499
3812 1525
5202 8616
5865 20
830 232
387 6682
9046 2407
586 1090
4329 3633
9862 9933
424 6889
4906 1853
3385 6306
1007 9344
9048 7150
9995 8615
7719 1488
6960 530
613 112
6449 619
381 3899
2303 3851
6389 3779
1794 5405
7303 8042
5090 3053
8157 9207
870 7499
3061 9043
6275 3874
9300 2051
6838 2080
5479 3122
2318 6866
8916 3577
384 3198
4271 8622
3277 60
9129 3623
6513 4049
9138 9657
2498 4953
4815 1361
8489 9648
1063 9326
3741 190
775 1050
1530 7917
341 4931
9521 312
3474 538
9449 3249
185 4646
7987 3503
3508 1238
5787 4259
4877 1938
2618 2309
4834 892
9849 3456
7026 7225
80 4678
8772 2982
7900 6353
3110 4776
8126 1992
6963 356
6640 4826
5854 3560
2355 9434
2379 5844
3957 2838
8045 4792
2174 6534
3898 6348
7161 78
362 86
3007 8128
8702 1947
2414 65
8846 1461
6217 7558
2923 6637
6426 1243
4995 3222
2595 1135
3250 9766
2977 2160
5749 7361
4305 350
5275 9619
8189 8543
5188 6810
2495 3263
3067 7774
8438 4641
6048 6574
2294 9030
1262 6425
4186 5528
2347 9605
8645 3876
1406 751
6790 6835
6586 7007
7705 2867
2777 9415
7993 2182
9044 6297
4468 1575
3342 1122
5352 8868
4961 8599
1577 1324
5200 506
5972 9047
9515 2777
6285 1084
6961 7139
7813 4899
8448 9608
9064 6856
4312 8252
1090 7544
2381 6487
7857 5052
9547 460
9638 6671
7636 9492
8293 3789
9461 9094
156 2570
6390 7094
4593 8907
9696 6631
9028 9669
5354 9566
2547 7105
5708 7877
3707 3145
7124 8392
7788 7330
8502 4623
8006 1701
6174 8121
5088 7371
5313 6849
9399 8229
6897 128
3011 9350
7952 2623
6293 1517
2556 3958
6349 1106
6889 102
2553 5420
7068 9904
8471 5149
1523 3600
3419 3580
4610 7801
8412 5852
8744 7870
2744 2157
9376 2970
3768 31
1523 1309
847 2207
2427 9924
6156 5280
5747 8772
7582 1815
2762 5410
6823 7346
6214 4898
6809 5717
7908 9066
6573 4595
9950 6257
5203 3414
6950 2106
6612 1580
4159 2711
4739 910
9435 6316
274 9885
8702 7138
3856 3643
7281 6132
7552 9684
3235 1785
7109 4103
4730 8286
1881 4180
551 1359
8413 6308
9575 770
7947 6240
54 4353
9159 6431
2383 3058
2612 2303
5438 8132
1042 7039
6486 856
6261 7222
2574 8874
2498 4836
5542 6938
6258 6148
9415 4812
7961 1834
6200 5528
8768 7631
1710 2382
4878 5701
3851 1114
5445 6169
2215 1935
7545 4741
8412 5508
7676 7935
7499 8760
4436 737
8844 9555
1214 9973
1618 7802
2603 2381
4957 574
3224 4557
3673 2770
1804 6598
8788 6647
2859 7119
1933 2791
5800 3953
6200 410
3639 1152
7198 1415
3855 4129
1105 1243
1966 397
9661 2831
5559 7441
5225 4425
5159 2318
9405 4418
7142 4323
3822 7423
3848 9797
7365 414
8675 6937
8269 7327
11 910
4267 2748
4728 5866
7512 8615
5929 6799
7818 3807
8770 825
9617 3518
7985 7126
2269 4097
5359 7651
5852 1765
689 8768
3969 7818
4206 8607
400 3255
2267 6830
5478 3339
6018 525
9014 3803
6418 222
6046 1708
4511 6874
9592 4543
4298 2618
7756 6132
4875 7656
6771 5980
2506 5282
5750 2911
6974 2279
5749 5750
8237 6242
4691 7159
3026 9745
5839 123
7884 1633
3373 4813
5506 1127
6531 4513
6245 285
1728 3918
5742 2791
8278 2585
4919 5121
7992 160
3222 663
3247 9728
2371 3040
9863 2228
2394 7128
4470 9882
1788 4041
3548 5427
1584 3509
6309 6039
919 8483
1644 2403
8509 3747
1194 8881
1243 8767
7628 1441
8970 5809
6770 1081
1490 7643
3268 5030
1104 6695
2863 1134
9526 7755
6525 7540
9164 1384
2163 6695
8388 768
8403 7128
6907 9121
146 7958
8956 770
7780 6951
4702 6201
4195 2709
6782 8279
2047 4034
2903 5745
2895 6570
9645 7740
1397 5572
1066 8899
4704 7108
3936 4568
3883 5040
1596 4517
8291 5725
5820 494
3462 8949
5623 2805
3014 3847
9978 1624
1964 8860
2116 3019
7274 3121
231 6670
9625 1334
6446 8780
1041 3265
926 2015
1783 4576
3269 3394
8352 2938
7631 1237
3332 5568
6728 8599
8414 741
2956 2867
672 9367
3257 329
163 1129
1926 1175
2411 7374
925 5940
2937 3908
2595 9226
6059 7643
6809 8654
4510 8784
7515 7100
852 8395
2629 6131
9680 6145
1638 5131
5949 5927
9788 5022
4030 1252
6255 8234
3921 1489
4266 9090
9485 1999
6227 7739
4427 8853
3868 426
2497 2181
7650 9032
5960 1882
8419 3151
9183 2065
493 7507
4392 6912
1377 7680
2913 7559
1750 171
3101 7490
9065 8488
705 6008
1666 1704
2155 5027
3794 5549
5947 28
4441 6860
6150 3826
3525 5308
4159 2951
6868 1377
5894 3591
8538 6992
141 934
8078 2639
7829 1605
6047 1819
7416 2433
7748 868
9167 9112
5680 5129
5555 9656
708 2396
1712 374
7551 8833
4726 4152
7681 2760
1401 3312
6605 1765
4249 5013
6220 2952
3884 9039
4142 8110
5686 8143
8476 8371
2027 8025
3353 4610
4475 1759
2951 8396
8620 1291
4517 1088
5622 4344
4182 8364
119 8206
3549 1857
4870 8920
7588 1420
3541 8612
6108 9638
1200 9494
3471 8938
8163 441
6897 8286
999 1155
7653 4128
3692 3268
9084 8398
6899 6859
840 8482
2562 3941
5247 6248
1291 643
3658 318
70 4038
9053 6471
9962 1130
1809 6331
1451 8380
3469 6431
3965 874
3476 2204
5638 789
2119 7295
3746 9589
2299 9244
4128 6826
7301 4640
8282 8970
7250 8562
3474 7883
5907 5348
6343 4399
1078 3100
7335 631
176 3113
9886 4886
9782 7557
5549 1523
954 6550
790 5546
6338 5120
9923 6368
5253 7931
4583 6192
1743 9436
5788 9319
9924 4850
6395 8152
8881 528
7419 6317
1662 4866
128 3212
3759 8493
8805 3601
8042 872
1892 3885
6675 4545
8225 1595
3234 6829
9623 3835
5462 5088
7754 1037
1188 6789
5804 8219
3207 747
7243 4899
571 7324
6151 8512
229 7194
8321 3092
3482 9032
2527 6052
8112 6739
1677 2016
7233 1100
9229 1853
5755 3010
9503 9841
5077 2816
6875 203
7005 1889
1771 1724
3788 5435
9382 7750
2874 6879
8135 4175
6766 3660
1308 7922
6126 8826
4282 1394
5045 6122
398 2748
2962 9287
735 1928
4637 1032
9103 955
4452 5398
1231 8125
8724 7045
4578 6162
8035 7472
7514 6678
3338 4517
1519 4234
7857 2378
8030 6982
9074 8203
8830 1850
7599 4898
3277 2789
4895 6865
6057 5137
7795 4494
203 4489
9975 9228
4158 2775
7220 6994
6350 2926
8611 2506
6123 2801
4828 2024
716 8991
7580 6260
928 5228
6485 423
8415 2621
5679 3006
2336 6927
2092 5742
1652 2340
2378 3412
7919 6347
4065 3335
4599 9931
3020 4573
1972 4524
7076 9959
3400 9985
6072 2377
6680 3766
8569 2986
7544 3651
6258 4564
1301 3994
4309 9
9484 8451
8895 7714
8184 144
9070 8117
9481 8191
7369 5571
4783 4125
765 634
8245 4513
1609 8606
5243 6748
511 5247
4076 4859
8603 5975
8287 2966
3967 50
7128 2553
3277 74
1278 7148
6894 5391
2136 5024
7455 7375
9664 7641
43 9463
9513 8659
4675 886
9645 7842
203 2042
3951 2138
7886 7722
6480 4583
1665 3967
7341 8026
6469 2944
1733 4097
5206 5257
2039 5314
4256 2374
1466 2388
3202 8177
4935 7129
1131 2854
4065 4364
5456 9072
7525 3267
9711 9282
4620 5633
4686 9748
2493 651
4157 2551
5519 2308
3258 1383
9933 2328
9891 9500
690 1921
373 9613
6723 6618
787 9474
2124 7997
8867 7475
2770 4555
2003 1059
7384 1512
6825 9331
685 4927
2775 1476
2371 4634
1069 8845
3099 422
2777 1109
8395 1590
121 8205
3777 3047
9841 9613
2337 555
1368 5865
8906 9589
7149 656
3927 2047
5319 9297
2338 8459
5578 8507
771 5541
5765 6815
102 1457
3976 516
5594 1910
7570 2743
6229 9686
3449 6684
1749 8489
5731 7301
7697 9781
2449 1790
9118 2412
1980 7299
8142 6610
4471 3695
9331 2746
5684 9810
2338 2284
9090 2269
2722 8756
1300 8349
371 9962
3101 9170
8619 7034
4168 203
9771 5008
4468 5776
5633 1762
492 7948
2775 3465
1092 9749
6248 1148
9759 4601
8691 6763
5934 1190
4408 5158
8259 3429
1327 328
6851 2740
9640 3107
1290 7728
5901 7113
7225 9180
4275 7092
6154 8096
3743 3875
3524 4976
2438 81
9386 5687
1597 4259
1405 1441
671 7070
8386 8802
5165 3235
8926 486
7151 1353
5758 2022
7769 677
6868 7812
3273 4823
4491 5091
7756 996
1435 8917
6400 2860
3672 2914
9860 1032
4005 1667
8956 5346
5366 4248
9697 7456
8547 2988
757 5422
5400 6947
4644 2183
5721 1356
4854 3824
4067 905
5873 2081
9566 7768
6411 9648
7054 1166
6396 3388
1225 159
4354 6276
2499 6428
8367 7570
3541 25
2717 6999
2092 3914
6834 5507
1053 3401
926 7233
4646 9239
769 7181
8688 6957
3498 7219
5009 5853
154 8326
7853 8794
662 8201
7533 688
5531 5389
8696 2242
444 1688
9037 4302
7752 3918
5795 4927
2263 191
1319 1071
3602 5981
4101 6343
7154 2839
8482 5076
1072 4167
6454 5112
9628 5877
1671 3178
5769 5958
8784 682
886 6421
1456 1350
56 9467
5999 4018
9618 2718
4796 8855
1223 244
529 9739
5606 6946
8056 3928
4627 3157
2535 8828
8327 8204
5654 3325
6350 2784
1042 9110
254 7377
8858 6851
5815 6879
1878 6325
3766 3090
2375 6322
2995 2758
5625 1644
9643 4534
6133 9116
4008 1347
2580 827
4731 2770
142 4733
1020 5888
2192 1498
4696 242
716 3690
1690 5901
3819 941
2868 9070
8605 1396
4316 8936
8928 1951
7348 5208
4271 6548
6465 2326
9730 7529
3165 922
7635 9150
7896 4361
7633 8522
3609 2859
6317 1296
1779 7209
4818 2301
5251 8696
7569 5793
3381 5981
5658 4216
9686 3836
168 6660
2708 6353
3955 7865
785 5322
4105 8980
5031 111
5286 9353
8485 2927
8127 7047
4551 3000
4111 7626
6677 8099
1209 9486
7362 121
1628 8250
6996 4454
3700 2576
2227 1449
4477 2800
4762 7893
8643 36
1835 8823
9733 1515
5215 1747
1223 485
8379 7742
1815 4040
1262 6050
9271 6317
9127 3170
6505 3578
7283 9242
5193 4253
4499 5553
452 3809
4141 2014
4582 1888
6425 4676
6417 5094
8284 5708
3289 8061
209 7949
2061 154
3251 139
6240 6372
9719 7273
8197 2620
7174 748
8137 9101
4233 1325
938 1202
7933 8890
7686 8590
8822 7003
1662 9596
5839 1116
9977 6227
3791 4011
789 1238
4183 1552
8008 7734
5032 5220
8292 6628
8322 1071
9817 358
728 5794
4213 2341
1407 7214
407 1457
68 7871
881 7874
6525 3128
5307 4940
6439 5628
2851 2237
3759 6774
3763 4871
7293 3526
7803 4053
1067 7945
6125 1115
5747 8051
6360 2414
7798 1468
508 7629
8969 6196
4476 9051
3545 1668
2834 442
9951 8355
7548 6278
1503 8961
1268 1947
5338 3908
317 8835
5300 348
4409 9616
7392 853
9080 514
9975 7177
1162 822
5687 2783
4646 6748
9672 7796
6451 3059
6410 6468
643 1139
234 5285
2768 2758
9699 3761
4382 6788
2241 4798
3344 3049
6129 9451
9607 1093
4821 2217
7173 8673
8500 947
7040 3481
3949 6124
194 4266
1787 5988
1165 9192
3172 2070
6987 7356
4588 5025
8963 3530
1655 8465
4232 3419
6700 1497
1739 1547
4869 352
7393 5920
930 1717
5344 485
6637 4160
8498 6883
6200 5094
7516 9099
9202 4136
4585 834
3881 9481
6239 2409
8090 9194
7683 4744
548 9716
6952 7879
4410 9073
2194 537
9335 2856
4233 885
4091 1219
4521 3730
6548 3630
134 2718
2584 8287
525 555
2110 4060
7350 4919
2557 8829
4438 4102
3996 3759
3104 270
7449 6962
2667 4879
1813 4224
3359 1933
6348 619
9977 5627
9458 3649
8862 7430
6361 5598
3548 2843
400 6367
4796 5558
8773 5198
2388 5752
602 6719
1481 6595
133 4406
289 3302
7570 1426
7142 3424
996 7914
215 2578
9320 2819
4169 3670
218 5019
4442 822
3761 1973
7654 3786
4709 8353
6914 9234
4785 3527
3990 3148
435 9376
5608 8450
1249 5106
51 7763
8934 6886
6215 1468
7561 503
5914 1523
7438 6712
2235 2656
630 978
5207 5017
8834 1818
133 4072
9509 9420
3420 8842
7847 5494
8340 487
1237 7458
393 9034
1830 5217
7356 588
1481 9537
8533 5233
5498 6843
6483 3646
1875 5531
819 6804
9775 1741
2511 3982
1722 1232
6429 6500
8436 6218
1896 1226
372 6152
8781 3720
4169 6976
7468 4326
8924 5269
2958 419
4689 6438
9365 8722
1228 3780
1391 6786
7025 2813
7988 3097
6308 3354
6895 6796
6270 9441
9322 6733
3313 1128
8625 4898
643 3975
697 3742
742 6520
361 3806
7800 2766
5638 2450
4246 319
7997 1349
6955 3984
8762 8987
3335 7323
2117 8343
2090 4559
12 2950
6192 7733
491 2667
8135 9338
8904 6488
8155 7582
6283 8230
530 199
5098 9425
7747 5778
8468 6050
690 936
2499 410
9222 1625
2900 6792
3756 888
3379 9912
4004 6387
3887 9001
1289 765
3340 2488
8719 9305
2120 5822
132 8053
2901 8531
7784 5601
1141 7581
2825 2827
2180 5497
5671 4184
9199 2900
8535 7616
466 5207
1091 7767
9263 8829
9838 4372
9739 2739
9078 8528
4978 3643
1266 8044
2523 6652
3626 4319
566 2073
3765 1323
4593 5612
3581 459
5178 3951
4336 3339
1695 4279
8416 5332
9345 9070
5050 3506
3095 91
5508 9412
1503 1008
9135 480
9151 2720
8379 1856
1673 6843
3850 253
509 7767
5548 8022
2537 6157
1962 4301
3372 7261
1359 7966
8776 7662
3344 973
453 2342
4765 5707
1698 9523
6191 2773
5718 4740
1985 1545
3189 5638
4747 7557
4590 943
2409 8366
8657 8529
9962 1402
8574 1707
532 9018
9448 9602
6325 5288
2441 7303
5429 5865
8607 2790
8823 7630
5844 8090
1790 2061
4795 5568
8044 9607
5894 22
1190 8966
9493 5839
2259 3205
6793 9159
9459 2748
3334 3806
1628 6694
2806 4642
1440 2848
5291 9773
2203 9921
8476 6808
5496 8369
7441 235
4754 5127
9066 4578
1576 5282
2569 4125
8378 3940
7952 5716
2704 1766
8165 4389
2890 5452
7650 5244
3426 7495
9416 6077
5118 5920
260 7089
8977 4695
2682 9147
257 4313
5310 4326
3779 1127
8497 3261
98 7625
4248 3862
3439 6350
8857 9948
7827 702
7119 3687
1279 1280
3389 1578
5668 6769
4190 5529
7295 4758
4218 501
7324 7424
8501 9430
6811 4505
5298 6804
9888 3545
7301 881
3348 4744
2726 3606
6249 9841
6930 953
2635 4398
1147 5032
6002 5126
6127 4180
9764 368
7782 365
7416 2226
149 4774
8980 7226
5711 6069
1047 5960
3131 3114
1027 4519
321 3896
915 2119
2222 6597
4491 7720
6856 1386
8860 8740
8283 6695
9974 937
9313 6999
9112 3729
2320 3674
675 7297
1085 5125
9756 9755
7854 5043
7313 3039
9229 7222
8179 9109
6777 5742
8961 5712
4855 6197
2341 5583
4341 3044
5400 5829
5263 9686
6576 9011
7531 1783
5722 4127
7182 4616
1539 324
3089 8690
8160 741
9039 7508
7837 4798
4565 955
6642 282
556 8972
5410 6587
6147 9105
6429 4089
2132 6478
694 6218
2953 9616
446 8410
3992 2849
5039 9399
7498 8778
4453 4588
7257 6613
9254 7144
3831 9869
3171 1130
2603 3620
3510 5484
7 7393
4043 5129
2597 3621
1995 6891
7120 9864
3188 9285
8270 7477
8452 5114
2619 5502
6660 4217
6513 3693
9250 6550
4579 3113
2566 3494
5977 4305
5862 5430
6582 7256
1621 7735
7221 8477
4502 3290
1762 1445
3278 3461
85 9032
9623 7056
4712 1189
5473 1903
2714 4386
2756 4859
2109 820
5536 4975
3657 6519
8277 2604
5795 1754
6095 8154
1944 3195
3112 9035
3444 7387
1425 7165
7632 2349
4204 7453
2919 3728
1889 2514
3545 3526
4288 3037
312 8352
2806 4363
6528 5321
8600 7540
1556 1164
7948 5667
211 114
2856 6642
4922 8636
5906 2626
2275 7961
4774 9108
5994 2964
2326 935
1568 5934
8539 3134
1145 4403
570 3181
8064 1628
9426 9776
4459 1408
5970 9960
8041 2375
8040 131
5351 765
6515 1159
226 1504
9914 2171
2662 1974
5893 4065
4021 3309
5433 2468
1028 7360
7458 2874
5631 7427
2632 6726
9581 4524
3428 445
1166 1806
3260 2770
224 1059
8922 2544
7025 7429
5051 4132
3375 6825
2227 1925
8156 8376
7005 5729
1533 4859
1728 133
1025 9987
1998 4792
9550 2291
6550 1141
6870 3770
665 707
154 9569
7593 2770
8661 45
3262 2180
7321 7585
3234 2646
5031 675
9692 2138
2663 3625
2682 3394
2088 6752
4935 6587
4593 953
9708 6452
6950 6592
19 3625
5734 4074
1014 1840
1969 5083
3382 9727
5559 4162
7176 88
3452 1233
4793 3107
3000 6828
6082 1942
7354 7469
7847 7699
3276 1810
7370 6270
5377 5236
4077 3178
9499 5365
7364 3471
9786 9541
9832 2585
3871 3392
4071 1696
9646 9015
697 7776
1490 3626
9070 9829
3514 6063
4115 4964
7505 8434
9364 8328
9915 7673
411 9128
4764 4659
1414 2146
787 2988
2455 8374
2675 15
4261 9105
1554 8953
5983 821
825 6342
33 641
1324 682
6655 2530
9989 6926
9950 8806
5609 1044
9490 2584
7100 7705
6482 9357
9616 2567
904 9226
3832 4436
3700 6976
7098 8106
7120 21
6803 7812
5390 7904
7173 5249
4990 1185
4204 1976
3980 9499
4926 2265
6374 4111
1760 3724
5019 853
1701 4040
5262 3257
5585 2482
1594 1056
3420 703
6912 1510
3987 2856
3915 3750
6600 1082
5013 9125
6809 4086
5922 6763
2606 6667
2442 9871
7372 5614
5892 4829
1878 3700
3102 967
8852 1948
3817 9062
91 9420
2129 9243
1820 2614
7019 7558
8073 9062
9607 577
5281 9883
7732 3371
5277 1903
1555 5357
995 3125
4899 314
1480 7407
7371 1479
9763 3976
5031 1605
588 4724
5546 7815
2451 2066
1298 1236
6957 3644
9256 1275
4344 4539
6070 382
368 1769
9892 3501
7691 1876
3851 2719
4638 7644
8826 3711
979 2842
2935 6881
5858 5868
1741 3839
9131 9601
563 1637
7846 8478
8110 7189
1266 6346
4589 40
602 6236
7522 2258
8742 5343
8304 7009
2109 6768
5647 2657
2775 1652
9452 5406
5329 2648
4478 9848
3498 6934
1892 556
4394 9152
9082 1189
8195 9741
2987 574
623 9517
7296 98
5209 1755
2918 6146
5255 4750
6781 9923
9253 4571
9468 7570
7181 699
2450 4996
722 2965
5880 5518
6557 2152
6179 1885
7822 4134
3717 1075
5556 3392
3587 7440
1079 9482
49 5273
2962 3931
6936 183
1743 2244
9194 7710
2539 2026
8477 872
840 8802
7139 3550
6273 104
6795 1346
2440 5787
8287 1932
5211 5048
3886 1407
3638 4514
3268 5879
5186 9211
710 6354
2618 98
330 9944
9742 7305
6946 6936
4304 497
9001 1280
2460 4068
6774 6888
6453 6303
1214 8044
8603 1946
246 9237
5192 7366
4933 7346
9305 8897
3080 7176
890 7961
208 3347
3482 9771
246 1064
2766 4710
7646 1545
7009 5761
7209 9843
7561 9702
7092 2184
5733 2954
9806 8644
6482 1257
1511 8606
3117 5459
5268 9853
8339 3629
3136 8884
4964 6293
7084 3372
6917 5606
5846 6444
5637 4115
2103 6647
1527 5172
38 8307
9823 3931
827 7793
7112 8658
4718 5278
1697 1650
9662 3221
4472 4914
2317 7454
7742 2858
1560 2311
5787 6691
5189 6782
7034 7182
9669 4072
5621 8397
9769 2433
3163 7570
7681 1280
4702 8274
414 1526
8889 8181
233 4212
7678 4700
5677 7926
3774 9824
2368 6879
8626 3763
5215 1730
3222 4853
5431 3258
9157 9510
5455 5239
4224 1458
4050 5717
9431 5950
6956 3739
8202 1342
9194 3901
9673 9072
3203 5343
4200 5352
4501 1094
1902 2793
4680 4748
3613 5853
720 592
1900 7730
4590 2088
7567 1345
5221 4980
824 3995
1306 7040
2919 8658
6436 7798
8845 9393
9955 2765
6686 8617
2046 5410
645 4457
676 1617
7569 8378
9332 5504
7805 7220
8552 6792
7726 4256
7500 8705
7221 4540
1901 105
1028 1668
9804 9361
4189 2867
5185 9637
4806 6469
4413 6869
9481 9016
4343 2020
4328 9599
1464 6988
5550 9634
9539 3628
5888 7894
3212 9504
3026 8628
1977 4571
4774 5785
2613 2228
4495 698
769 1082
9379 4593
8118 660
5327 2296
8086 5818
9653 449
3920 9754
3585 1519
5265 2136
5945 2581
120 8021
3922 7449
5058 1802
3263 9173
4836 6609
6357 4730
9271 80
7386 4833
2958 7716
6939 9455
2211 9478
6077 4931
8543 5452
7515 4768
1256 8414
8894 8546
5348 8467
2827 239
9148 6136
1590 9643
5053 877
5556 743
9688 572
4606 1464
1960 4647
1649 5247
6595 5180
5410 4587
3274 4471
3632 39
907 2853
8354 4816
8454 240
1791 7032
1324 908
8284 7744
4306 2604
911 5766
3638 6146
4883 2826
6553 546
7205 8302
5418 5617
6730 1130
1428 7279
4899 9706
2317 8814
8089 2629
7103 5422
9235 8089
9956 8231
5766 9752
5322 3026
1500 7449
7350 1540
5949 3661
2805 6248
9722 3919
6109 6872
5561 7079
897 7400
6746 2827
68 5999
4295 2210
8261 6963
5962 9111
4761 4271
73 3206
791 6499
941 2870
2332 6905
6337 2803
2063 7631
517 5335
8526 1590
9601 6180
7927 1926
7063 4112
2947 3003
7185 430
1980 8145
3674 421
2592 5575
7097 2351
9853 4195
5047 2224
1020 402
5202 8881
8891 5962
7162 6216
5650 1166
5528 198
2568 141
7775 5036
4733 4423
8154 59
7991 3677
1317 1815
3755 9940
2696 8823
9057 3734
9118 1819
4635 9925
6068 5018
6238 8636
716 7976
46 8101
4225 6320
4248 624
2629 2468
1880 4454
8134 4366
8555 7483
1360 1505
3263 6585
4860 2241
5975 2111
613 5740
8715 5862
651 3299
2364 6971
1777 201
4404 4797
7089 9975
2668 8101
5487 4986
599 2461
714 8858
2220 3999
7423 6135
3425 3563
4200 8882
5666 9156
530 7621
7345 2967
5660 7424
9592 5321
2571 8609
6234 7805
3466 1103
2327 6318
3887 3059
846 3967
7129 3764
6669 8877
885 1246
8659 6237
8256 5534
5079 1575
9079 156
3170 591
5338 2293
3062 1724
703 1523
1906 518
6466 3004
5214 417
7834 1380
7009 9969
743 6368
3298 4008
2632 1048
6251 4883
7913 616
2185 8350
8441 2131
5152 1999
377 6373
8476 2694
6240 7523
386 8494
8012 3825
7124 2752
84 1536
3604 9093
5160 6913
5472 9382
938 2171
4731 7010
9382 8725
4941 4955
5227 9424
4960 7469
5406 3828
9835 9420
1268 7158
908 7689
8749 5091
6606 3616
6240 2251
6859 8898
5473 4236
7562 7370
5440 4138
4553 6909
2763 3256
262 6227
8131 4470
1911 1069
8380 2824
2666 8242
3725 2990
214 7322
1656 1109
5776 3525
6356 1721
362 8121
9493 5909
9557 9255
6301 6393
3688 9929
3596 8807
7545 3466
6227 3338
3831 8498
6535 9251
746 5228
1008 8305
8451 7301
6865 1772
5645 2419
5394 3998
9301 1856
8472 943
4213 8786
4055 4892
107 7753
862 7188
3017 7476
704 2222
3782 5792
9907 2041
5618 1262
1505 4146
2614 399
9372 4348
4953 4766
735 991
7824 5787
9695 3231
8829 2560
3696 8888
952 33
9860 5923
2283 8549
6302 600
2694 9211
8581 256
2436 6891
356 8661
8789 3451
7822 1496
7290 2522
9358 3103
1471 8749
1133 4841
6050 4595
4045 9855
6690 6214
4242 8473
4642 3329
7937 4618
9629 6808
5616 6218
228 7561
3276 1134
2867 606
9018 7333
2657 5067
309 4673
7190 4490
6342 2880
103 3280
6770 9927
3980 8299
5629 7066
7363 7675
4332 9162
3486 9419
8424 4203
8631 7659
8126 6433
5347 1130
6212 6071
3556 2277
5894 6043
2073 7974
2238 681
8416 5211
674 7747
5164 37
616 6186
3618 1945
3316 971
5036 2391
9345 3289
6320 2372
8190 1570
283 7254
7584 4113
1047 9163
2758 7840
2380 3719
6170 4312
1507 5048
6595 8423
4693 823
775 9740
5777 1198
349 305
7581 3088
7376 1158
6740 8233
6032 9846
878 2228
2275 3912
7213 7299
745 5541
2227 3134
461 832
4465 7675
2967 5495
5019 7782
7342 6053
5079 8893
8715 2033
9940 7371
4632 2198
2823 8767
8936 7104
3824 6536
7424 6688
5595 5103
4339 8828
3507 2145
9899 1750
9553 23
6595 3351
114 1620
1602 2888
8534 7275
3073 7965
7940 3611
318 9135
3596 6120
1401 1924
8533 5142
8171 9612
36 7620
7431 5947
9934 8755
5753 5518
388 4386
1387 9772
4109 6200
3606 7722
4915 9357
900 2139
3651 276
7540 9074
9783 1449
1800 7110
8625 307
3385 9153
6909 1510
7834 3668
9625 2521
25 8059
8065 8559
8514 3512
2034 6339
238 8735
2449 8661
2825 9230
5940 5515
2224 7558
2109 342
809 522
1143 2611
9629 2531
4681 6826
7008 8605
6392 7878
3538 7618
8042 3825
9261 257
1076 3931
5262 8475
3012 8552
8145 3209
5131 6788
3110 7021
5074 9699
1168 4372
3437 3896
9099 9925
8061 2114
3181 6025
8624 1006
5061 4119
723 2605
2816 8074
3127 5940
6827 4593
7905 4042
8179 5491
1692 4257
72 6092
1545 9780
8272 3993
6822 4905
7687 7372
9229 7378
5092 4476
5939 7846
4408 6493
4705 2056
4991 3943
8671 9761
2488 5013
7420 3054
4097 6013
7131 9640
3660 9527
2823 2988
9518 6011
4390 9287
5942 9596
124 5648
9131 9803
2615 3890
7389 9929
4519 2740
8238 2620
8432 470
7098 1117
7528 5706
6113 172
1756 7053
5653 865
1407 4305
3406 4928
5474 7720
5819 6360
5470 1583
740 7672
5950 7828
3787 3790
6586 3382
704 5630
2590 2728
9155 1707
7530 3041
5269 3285
1938 6611
4359 5727
54 2101
9284 8283
8844 7584
5611 7685
4024 4099
1108 4553
589 3331
1907 401
1422 5154
4954 9759
6942 4570
9081 8644
6709 3654
8593 3595
9523 4494
6599 7828
4479 3182
4148 8464
809 849
2552 8934
5278 9679
1646 4497
9545 7376
6027 8150
7702 6508
1824 6757
2978 1265
2303 4203
7358 1791
2139 1873
9107 1299
2408 9286
6943 3870
9137 6628
8269 9426
4552 3137
3315 6184
4696 5316
3877 1313
2182 2753
1766 9559
9606 6051
7615 3887
6154 3621
4104 6846
8325 2397
9220 4965
1966 4454
8889 5194
6736 8793
7740 1412
4062 5751
7067 739
3908 6918
4612 4825
6024 949
7908 6889
7424 3261
4137 7835
3341 5846
552 7049
9412 4035
2203 233
781 1835
7170 470
7669 405
7450 1981
2958 9375
4203 3778
2615 3499
1436 9917
3622 8711
9633 2597
5697 8087
8196 646
5580 3121
6690 2786
7980 6357
5404 9026
7786 7623
2973 2519
7556 234
9868 3537
8621 4667
3991 9882
7285 4375
5503 4976
4195 8362
3603 9310
798 4341
1509 6247
2043 1355
1849 7758
5297 5048
1883 9124
9240 31
815 1390
8800 2062
1076 9427
1022 8384
8386 47
1793 9487
3491 8039
8627 7379
766 7562
4091 3948
5886 9183
3375 3096
2081 7889
9526 4097
2444 9300
9884 9846
1868 9970
350 3684
8695 9767
7365 337
7633 7349
8544 9078
9419 8373
8026 7046
293 3003
699 4847
4148 6356
523 8587
1199 9951
6288 6339
9059 853
840 817
6535 5494
9986 7345
5706 2578
567 2996
311 6624
6759 9808
6890 9838
5357 87
1533 7750
5236 3809
4204 1449
83 2009
8119 4300
5411 8082
5845 4795
1250 9924
3252 7998
832 2215
8351 4327
3271 954
5321 1188
4903 5041
9926 4455
8063 2617
9705 511
2792 3160
5288 8611
811 2278
4220 843
5571 3970
9796 6251
2877 5715
5464 1165
4044 2636
1707 3082
4073 4682
4538 1813
3943 6157
6914 2339
5524 4256
6910 2602
540 1463
7373 4373
8408 9029
7010 2082
532 3095
2597 857
1278 3697
4951 1865
2073 4882
3923 944
7393 1558
9295 854
3786 6152
9634 6311
2097 2562
5935 5579
948 9059
2048 9636
4301 4923
4622 1012
2329 7238
6652 8504
9815 3442
8740 6548
2700 6047
2585 2988
20 5779
2124 525
547 743
9866 5702
7689 9137
6673 2870
1011 4862
6307 8131
7166 4076
388 2452
4295 5761
9742 1660
4014 9228
9668 2819
9049 9558
1651 6995
6021 7188
2196 8076
6199 3388
3773 7412
7568 6546
4392 7487
4991 6126
4300 9542
2096 6811
4599 6663
4674 6286
5405 1162
1463 497
3226 4219
2132 235
1443 5352
904 6398
6155 9720
4314 6189
9409 9942
8762 6904
8855 3049
2218 6758
5629 1682
3446 4189
8924 3554
3598 3904
9375 101
1924 6678
8059 990
4097 7619
1791 9503
2386 7893
7110 3222
9263 109
7401 6431
3932 2088
7058 6170
8409 4137
7020 8394
4388 6965
5430 1879
4430 635
9974 4369
4075 5598
2746 6897
9283 1664
249 1981
4053 2125
9960 3816
3276 944
6521 3380
4537 3862
7758 4853
2047 717
2428 8275
8382 809
970 923
1175 8835
792 355
6911 5310
7180 136
4223 8600
9687 1110
4695 9241
4886 9747
8707 8395
9861 264
9589 1157
2319 2029
626 3302
7328 9936
3577 4059
635 7170
6478 9565
2855 1998
9541 3978
4692 1239
6393 9838
4604 4924
8764 8157
7172 4651
7353 1824
2113 6591
4773 1610
8296 2279
3844 8054
9694 6453
1144 3503
350 7920
404 3835
5433 5943
367 3301
8903 2369
1908 7654
5051 5190
6966 1855
597 2387
4033 4405
8401 9854
6076 5913
5693 9223
186 9411
553 1639
9119 5530
7462 1784
8880 6115
7280 8753
4531 3524
8488 780
86 6500
8346 6037
8939 9777
5406 1425
9921 3133
6106 921
4734 7237
420 6913
5992 4847
1364 8330
3827 2592
2360 6128
6420 4488
3682 3168
5204 4811
2076 7434
5185 4732
6620 6351
1583 103
7138 4376
3787 2763
814 2210
3167 9827
4190 4601
4257 5312
9909 256
6935 7621
8216 4091
2293 4702
3121 5481
6103 77
4023 4257
5018 5746
4741 7591
4756 3719
854 3435
7588 6438
930 8719
7508 903
7041 8467
9579 8809
7583 4175
5375 2940
1497 3964
1799 2761
9747 8303
9487 4319
2763 6547
2149 219
4200 2786
1008 9811
813 2864
784 2927
5338 6292
4896 5252
9809 5523
936 6942
1686 987
671 5370
6271 9225
9214 6941
3579 1751
9968 4453
175 1318
7493 1530
9259 2723
6182 7759
3788 5481
4530 7867
7018 8276
9127 7855
289 8253
6157 1780
7102 6167
5596 5698
8335 2548
5854 1871
5693 1908
5694 2818
5397 7148
3680 8643
2449 6831
4058 2417
1350 2555
3664 8095
663 5907
7422 9068
7478 2372
4222 2157
4042 6615
3881 825
2061 1426
618 5681
9260 6635
4270 8619
6834 9962
3640 3114
7998 569
1057 3915
4976 6891
8556 7949
7187 3174
1895 542
5844 6142
9118 9359
4240 8447
8202 1091
28 1543
2135 2057
4622 5135
1715 4787
1321 3972
3426 9779
8262 5493
1198 7217
125 7419
6651 5163
6707 7424
7689 1130
4029 7389
6258 3996
371 389
7572 5812
9840 1623
9737 3466
3990 4868
5089 5488
7950 4894
1201 4402
5117 4072
5845 5257
6658 3344
5505 604
3003 9861
8501 6099
1832 9383
9502 8746
7703 1754
2057 4815
9950 2390
6851 3752
3704 8575
45 1748
7174 8331
5051 4188
1911 3653
5338 53
2946 7086
1169 8293
2800 1786
5009 927
7959 3470
3318 9453
1680 5092
7856 1017
1034 1592
7819 2984
9768 6755
5689 3267
7269 7729
482 7699
9304 465
2834 1881
6194 4072
2545 1288
2884 3427
5407 9344
526 6919
5678 9383
7602 1654
3338 757
8135 4081
9955 1532
9178 3092
5195 3762
670 2899
5931 5197
6260 1951
7200 1962
3750 7684
131 4202
285 8514
4246 8666
3874 2118
681 6445
6369 5045
6269 584
122 3365
7024 8298
5346 7095
1143 6133
4022 1764
4314 6493
1279 9139
9064 5900
2513 5509
8043 512
1101 6989
5143 5730
8119 2735
2732 8964
9618 3236
4012 1926
5446 4567
9030 7220
5796 2383
2831 6576
1744 7274
1634 1799
5133 9106
2399 2403
9207 8174
4079 1213
1578 8728
984 3756
432 422
4091 1710
4439 3352
8299 5730
6976 7917
2472 4288
4772 1377
1161 4054
5073 1175
2585 7520
2082 303
5352 1938
5229 3013
3986 981
2294 8358
572 9820
1 4703
6682 8609
2085 9283
414 3233
7723 2009
444 5665
5414 2800
6296 6828
2860 9184
9553 2330
4355 8799
9575 8782
8711 7596
951 1900
2839 9083
8423 2309
8367 3534
3757 6768
7200 2076
4586 2103
7404 992
1556 1595
1438 3825
4785 5285
5142 3145
1327 8075
5106 1029
8800 299
1976 9048
5779 2118
8655 5836
9950 5468
4254 9750
6631 6112
8332 6789
6258 6951
7191 4358
2228 1555
2848 8679
8519 9126
9283 4582
7094 3781
5588 4757
3896 4204
9045 5933
6745 1128
2964 2972
3428 9204
1201 1709
333 8579
8846 1314
5866 4278
4479 784
7810 587
9392 6
6798 1667
7126 4299
3660 8958
3501 4788
8242 230
289 8623
1087 5380
2617 8464
1133 3410
4157 4533
9859 222
1944 4247
2087 9080
4776 672
8001 5129
8050 4931
1178 7680
2963 9724
7139 8249
5554 6757
6882 8012
7137 9538
9815 7824
9025 7227
1597 8362
9685 9075
8045 1926
6095 3897
2348 7648
9143 8410
1108 832
7322 1169
4240 4704
8735 7357
5168 3611
5797 269
5869 3971
2168 106
6870 8719
2210 1
3049 6927
9854 2428
6750 3966
920 2700
7405 3923
9696 2388
2608 7172
3789 5957
3971 600
9230 386
3463 9478
1691 2943
7270 6175
3723 3819
1600 2133
3439 551
7844 8391
5147 6146
6955 3658
5237 4530
5887 5685
9718 2833
649 6889
2637 5970
9239 9979
5459 7630
315 2880
9721 6384
5313 4548
7789 9785
8281 4662
5580 5584
5378 6659
7281 2378
8520 622
171 1201
8308 6873
4541 8357
2338 1139
6943 6412
1008 3358
5202 3063
1666 3835
9553 4946
6306 3653
2515 6839
8148 774
6636 6641
4232 9274
5763 1352
6153 9598
9951 781
4834 9060
3386 1267
8736 9607
3624 9336
1811 6005
3616 8671
590 6925
5049 7372
3342 2582
1888 5451
5639 3898
1813 2941
7257 8094
9766 416
6802 1695
3043 9689
7789 8922
8449 7937
6984 1735
5306 2889
4611 5859
7361 7771
9124 2329
5699 2031
7608 3901
2041 183
1732 4261
650 6200
7785 2548
910 789
7846 7907
3821 393
1687 6622
4821 8753
3835 4681
1706 4260
1812 7629
5144 9776
856 8979
6549 4226
6116 8620
6594 4544
1503 4234
2687 4519
7836 1855
8782 1277
7658 6480
2799 7218
8838 1269
4955 3256
8224 2512
7869 9212
8123 9479
2730 3776
7741 8000
5153 9798
6166 9416
2990 8971
2430 3135
9960 1885
7447 2516
5482 5226
7778 2409
3631 9639
7053 7155
2198 1210
8874 6592
5429 4245
4507 9540
8826 6160
4856 5554
8653 5265
4467 4468
8689 3210
5011 7768
2617 9583
2349 3015
1959 3506
2994 914
4207 3821
9281 5307
6987 2379
3516 6269
1688 6292
9640 9609
973 7044
3966 575
2475 4390
974 3061
6464 9010
6980 8775
8662 6736
66 9195
1609 727
4797 7647
8165 567
6292 8530
3997 1423
7883 9931
3592 2332
6102 9610
5958 9103
560 9194
8337 8442
7516 7343
3327 6263
1586 849
2227 6404
2603 5909
4723 191
984 4501
3204 9753
9404 5403
7361 1498
1707 4479
1291 9250
4890 1818
7402 4967
6885 279
6450 4784
9375 2197
321 2285
8532 6987
5028 5408
2827 5817
1145 2076
391 5926
5216 3880
7197 4123
6842 2976
1663 9756
9299 8201
1143 3278
7053 3487
2079 4154
7153 9149
1533 3980
1354 8071
9101 4840
9181 4295
4870 1626
2832 9539
1070 8152
5708 936
9561 1654
2077 6277
2397 5862
1830 9094
897 4330
9601 4698
1956 7015
276 9764
2457 7368
3840 523
8272 3340
2258 6318
9168 9133
972 7928
8193 8782
4910 6251
8454 7312
5070 764
4359 5553
3031 8891
812 5201
269 3406
4134 6514
1342 6233
792 2012
260 3404
4002 603
4520 3976
3150 8294
2192 6495
6211 4828
3705 3671
5975 1660
752 7755
4322 3985
8553 4367
5277 7896
5907 2525
7273 2352
4435 8385
6765 6365
4124 4269
2407 9401
1217 5514
7635 7800
5553 7820
6281 5718
7601 3136
8209 655
4855 2292
7297 1658
2162 563
3911 8035
759 8700
6611 1556
4743 7983
4732 8607
3324 7427
4706 8378
722 614
643 4040
7810 5138
3351 5552
8585 5561
5574 4284
8088 3629
1946 6721
837 4653
1727 5509
3854 5792
886 1474
7758 4183
7737 1093
5175 5571
8313 9075
1247 6179
3267 3561
9464 1031
5809 3039
6311 5206
700 9512
7495 3528
5631 5752
3158 5505
4279 7795
108 7931
3687 286
2619 1726
3209 8260
2386 4735
3198 4103
3516 5890
4837 865
4486 5773
7498 9045
4462 155
8214 8663
9783 5978
9317 7557
9832 7698
8309 9505
9540 3154
4426 2396
356 8408
1486 1696
2593 4284
8886 9370
2846 3386
3680 5106
1777 7178
3240 3464
9154 286
6649 7517
764 263
5760 2859
1969 9364
3597 4466
1963 5785
7379 9584
7212 1640
1023 5964
8822 222
245 3808
1767 3804
5397 3072
6653 8208
3069 3339
7927 1584
5096 8845
5820 8963
7540 2286
4324 140
8545 8635
8836 9267
3061 9743
8279 2402
7357 7005
7176 3529
1326 7613
6653 3534
2282 7424
4061 4196
1741 3138
7249 3367
2663 252
5784 8498
148 1202
8053 925
3335 1887
595 6934
9429 5019
1625 1114
2286 2231
4489 8177
4230 8117
1106 2803
2833 7558
8181 667
3438 5345
3188 2790
3754 2861
902 5544
4101 3900
1144 8347
8690 9700
3982 5925
1895 8490
8262 2661
9637 6845
9565 1465
609 7693
6187 7408
8881 8438
5642 3463
1602 4013
1668 4018
5206 8901
3034 7624
1163 734
6593 5627
5734 6540
2006 803
3983 1055
6259 2391
3942 6324
9929 391
9139 2119
4701 4232
1867 2179
1343 5837
463 5112
5413 9278
8302 8248
5927 8888
6762 2990
964 1793
648 907
3922 5862
1393 7806
1506 4099
182 7951
257 6685
7392 1801
426 8608
7557 5586
4378 3249
6151 3496
476 1871
1830 2105
6450 6282
2182 1631
7045 5407
8523 9254
6067 768
3056 1100
872 6157
6551 4868
9032 8833
7915 4390
5064 3579
8274 7862
6556 7014
3150 1936
4987 5528
1650 5645
1183 8212
1874 8117
536 6652
2963 6273
9072 8422
8305 8379
9305 569
64 9045
2419 5461
1418 8498
4713 8429
4374 6981
9147 8370
4938 1492
9255 4909
615 6840
6672 9128
1491 3828
7185 3097
9476 5824
7691 5340
1976 9537
7433 2060
6930 550
8117 4766
9567 9633
5827 8043
4070 7040
6811 2328
8061 6664
9028 6915
8520 8845
5052 2827
8333 1552
8548 8300
9075 2694
2536 7894
1977 4432
5004 9962
4963 9388
3730 3553
3134 872
7049 4360
6261 766
6095 5467
9596 9984
4566 7725
522 3041
4261 5457
5220 46
1717 7737
2963 3240
6204 6488
2087 894
1175 9318
9814 3499
7823 2304
9757 7641
7950 8664
3479 4753
7484 2704
5211 5985
8418 7951
7599 2104
2687 750
1371 657
1448 4850
8377 6041
1290 5590
8040 174
2396 6548
5935 3927
6432 4336
3390 7242
7992 5840
7840 4446
6597 828
9790 7310
2650 686
765 7253
4767 4150
1175 8908
8018 7149
8215 6718
4695 8052
5310 9109
8096 3513
1378 2627
8616 7460
9734 8702
5210 2420
4405 4440
7055 6161
3128 2090
9251 8734
1911 3773
9241 4573
5500 4501
3829 6062
7235 8299
983 1766
2894 9045
8552 600
148 20
9228 7842
5113 8441
6072 9991
2953 5124
733 3844
5486 9691
9170 6369
2994 2596
6480 4119
7246 4384
2102 4136
4864 4931
8509 5887
5963 3108
5958 6325
7320 7069
3552 9069
6043 4383
3173 3469
4464 9926
2388 4761
3748 548
5337 5006
8209 1789
4008 8247
257 6127
7961 7759
2691 9131
7182 9525
1930 7524
400 5269
9955 7107
4566 1656
7535 2229
7751 138
4255 5250
4375 8548
4606 9914
2574 550
8024 6125
4614 7427
5304 3431
6195 1816
7630 4391
6413 8106
5264 2363
6312 507
7255 6650
2901 7769
331 7469
7329 1667
633 1147
1275 1673
2944 5439
2419 7375
8219 72
9134 4781
5784 9229
6822 6214
8951 3899
6462 3155
2191 7020
9380 2620
4506 1621
7775 1778
1457 5917
9127 3372
3858 2789
8131 8764
2653 8921
4718 460
654 1569
3587 619
9541 7268
7336 4350
6386 2858
2679 7045
8619 8891
9206 491
7328 5962
4152 6041
8181 920
2125 1864
9806 4438
6836 7248
1834 8106
4257 4962
8102 301
986 7551
403 352
2747 7091
1153 6104
425 1970
3354 9501
9844 1389
5115 2122
8997 8048
7181 7202
7719 2651
3810 9744
4370 3355
8539 3608
514 1252
934 5680
2086 4254
5845 9893
3252 458
6314 955
4667 4031
5598 8276
5152 3780
8321 7596
8458 6316
6155 3279
2681 6122
2977 4552
7296 9663
7252 470
3267 87
5987 5677
7980 7116
8960 1991
4168 5301
5440 1829
4958 1408
1276 8502
2832 7543
581 6034
4970 481
7012 2259
4231 1720
1263 4145
6226 2258
7800 2009
5914 8782
9984 6441
8111 5117
1960 5770
3609 3259
8856 1050
9433 6824
2696 8902
4359 2440
907 1697
697 947
9740 5811
245 377
8561 2176
8557 7414
9468 3843
2890 1038
7841 6279
2836 7061
3985 4723
5965 2125
3604 7648
9725 461
3510 232
7112 8459
728 5660
2780 8278
2311 161
4279 3506
4426 5801
2805 7200
2132 202
1142 6953
3898 3133
9518 280
1391 5588
7703 1025
7338 3401
9489 2562
7833 4800
2409 2660
9231 3720
8567 8493
2217 6083
8433 118
4750 7903
397 4484
9892 3120
1940 3046
479 8300
3170 1689
4101 3075
2618 3243
525 4057
5607 6490
9254 5458
3965 6120
2612 1337
4413 6222
9573 3740
1975 6858
3201 4711
1770 6854
9840 5675
7799 3270
8693 5419
5348 5726
2680 2115
8476 2494
4338 1446
3939 7019
353 3058
4023 5370
6220 9458
5411 8348
784 6928
9565 5345
3720 4148
2623 2778
4267 5534
1507 1119
7375 1228
1927 1930
7820 4072
7680 1326
8748 4402
474 7175
4814 5141
1805 5007
6825 3736
1388 9162
6606 5827
775 2303
3318 396
7313 3844
6250 2413
3916 1653
3330 9700
6431 4000
549 2375
4745 9440
2655 1537
7008 5731
8289 6734
5026 3034
9809 3679
4781 6014
9010 1850
3674 4425
3103 6481
4035 5592
2193 2205
6533 6491
7136 662
4257 6613
2966 8450
1453 1303
1391 5529
2232 4324
6317 2385
2794 768
3640 3434
1129 106
1378 4647
1592 6835
7848 6727
4570 9961
6932 5136
8292 4277
8239 8264
2193 4653
5237 3439
3391 6519
2737 3708
998 7788
183 4898
9817 2084
8320 6974
501 5907
320 2160
9366 8991
1075 68
5817 2685
4854 1420
5484 6680
5731 155
2610 205
404 9265
4995 9365
1256 1246
9935 7776
643 709
5635 746
2079 1391
9780 6653
8129 8232
9113 3379
6807 2138
9413 4054
9933 5395
5617 4455
1118 2054
6600 8311
9928 3724
2460 260
6424 6868
8407 2419
4180 1022
7868 3431
7560 7168
3995 6700
4968 6915
1011 5155
9653 1885
5969 1930
11 123
2807 9174
5846 9371
7193 496
7988 4932
9616 2761
9206 9394
5009 6443
1728 2418
1304 9070
2480 342
4045 9028
5339 7989
4441 1058
7795 1682
6450 5419
7173 4807
9794 298
2686 1519
6918 699
2862 7901
7074 5191
3364 6812
6706 8267
729 6739
5723 6596
4377 3396
5231 7705
2524 5522
1424 4692
6196 3581
8172 798
7902 908
8662 8854
2698 5045
5589 6270
5304 2363
9062 8739
8744 6181
3373 2151
612 2343
377 9004
9962 9808
8533 4686
6368 8591
2298 5534
5532 4610
1586 807
268 2972
3719 239
1599 3090
9594 8540
3879 5427
2464 1952
4822 7826
519 4498
6197 9217
2614 1226
2884 4748
8226 6985
795 9502
877 8083
287 7268
744 2538
4417 1677
4025 6200
752 1914
2344 3176
5662 1832
4484 2642
5280 486
2003 8034
9919 741
5990 6211
6236 2012
9418 9117
6545 3365
75 3799
8914 3656
1843 2347
1986 4417
6193 8646
2977 5504
9892 5400
6467 9982
8054 9838
9212 7927
6342 8249
1992 1336
3341 4810
2535 5349
1106 4973
8245 567
4314 3055
2472 1153
3687 8542
2466 6222
3185 1004
9463 4553
6754 1454
5496 4633
5738 3143
2526 1910
4771 2316
9378 7916
4879 5636
3016 3307
3614 7678
5628 6008
6860 3647
6021 7140
6103 6374
3895 9159
8926 3982
2309 9865
7844 3056
6130 4413
564 7553
2200 8650
3839 271
2 887
3009 6020
2532 3890
6145 1701
3802 8669
5831 9322
9438 2565
9464 3641
2387 5713
4316 1585
1823 131
6977 2688
7237 9774
9000 7569
6288 2309
6237 3126
8476 2587
1221 238
1053 973
6960 5524
8483 3208
2429 6628
3814 6440
9453 5881
4107 6062
4463 8952
393 1437
5115 1875
2501 8353
1674 2171
7705 9404
8738 8789
8003 7982
7136 1543
8073 8641
8942 7648
2987 3791
7716 833
1745 0
2810 300
9731 2979
9212 5735
168 7480
6950 8413
1349 8056
8127 1794
935 4722
5666 5856
5564 8339
8550 2402
6316 5521
2512 317
6661 1828
9039 5702
6851 4498
5749 7524
2287 5221
2181 5075
7310 7883
2775 354
2235 393
9305 1706
4415 9084
5008 6027
1515 7023
1868 6660
6584 3394
5689 8335
1302 2173
9457 5991
833 6081
511 1142
3842 3943
271 9872
1010 7207
1378 3286
4809 8695
4093 1847
3124 8622
4528 745
7876 7460
1780 1792
8147 1208
3262 7625
4546 7005
3184 7318
5166 530
3791 7783
977 4909
6271 3712
9061 1123
7290 972
115 1174
1695 1310
1322 4956
7815 2944
1979 5928
500 8491
6736 4311
9586 7809
4893 8985
8607 8890
3167 9673
5863 3209
1936 6427
3815 986
6317 7057
1763 7274
3071 7931
7236 8339
7381 8777
2217 4771
7859 5565
6478 4936
2676 7330
7658 5466
9114 4803
34 5348
7510 361
1707 5312
2435 6725
9917 7055
1597 4566
1874 4258
3903 7384
5918 8617
7818 2442
2937 2181
7601 8041
9976 155
1905 382
6409 8711
7646 9072
4317 4186
4473 6072
4736 3122
5038 8000
6195 7621
3817 3846
5931 4298
1192 3011
2162 1780
7068 9618
4556 3755
6777 9023
3524 6665
8205 6094
6980 5166
605 3893
4308 3232
107 9303
8601 7170
1780 8014
3215 9088
2934 436
5249 3764
2670 7614
2837 4456
4703 8534
4245 3673
1599 7779
2888 9493
75 1159
4511 2177
8139 6053
3674 4632
3009 4589
5515 2356
234 9317
5283 818
103 8885
8585 3542
7749 735
873 6938
3672 8634
4041 676
2054 9642
3862 7059
6928 8445
6205 5845
460 6388
8421 3385
9965 4316
6170 283
9300 600
8357 4754
1712 1661
7526 7362
4288 2649
5684 6382
698 1649
2235 9422
2164 1654
388 1400
7359 4579
3026 6894
8563 7590
1656 6004
3733 6920
1577 2333
198 139
8407 7857
5461 6207
9949 1677
485 3265
6792 7287
1353 6208
1936 5003
4459 2973
4980 2823
9308 1870
6851 4400
7461 6879
6007 2927
4508 6007
1228 6668
8131 2322
3839 7333
3835 7248
7137 1339
2070 6793
3195 4857
1625 8619
3339 929
9696 6562
6828 9317
5131 4626
3828 3663
9030 5364
6454 8222
8935 5611
7512 4221
4560 7202
4720 9618
7861 755
4503 592
5575 5782
9711 7529
3471 7189
4929 6483
2678 1177
4783 8757
7617 6290
1560 47
7498 5911
4586 1268
8473 8024
1985 5909
1090 1245
8765 2138
5559 3294
3138 9871
9486 8221
1770 1306
5918 9075
5685 4853
4131 8166
9088 1148
9025 2740
9667 4388
8196 3118
2197 8453
9638 8836
7082 5046
7610 9353
9548 1556
5142 4787
1447 7790
637 5889
7998 8928
9082 5257
8108 4410
1513 4093
5301 6493
5791 6393
3227 4241
1530 1788
6444 9542
8194 881
6856 309
1119 4425
5232 8417
7493 5718
8426 0
6746 6598
7729 9776
8456 9802
8473 6856
349 9122
1281 9868
7887 7432
3361 2108
1278 7509
3395 2298
7106 691
2206 2822
5139 3601
3997 5591
1640 6940
4318 7704
407 7680
4422 1901
1162 7259
737 2417
9091 5690
4744 5902
2086 291
8700 8807
6229 4925
8542 4485
1145 9520
1617 140
9003 7589
8103 8522
3971 2969
7511 4812
168 2548
4944 2220
598 4464
1320 4490
1790 6584
4830 1270
7 1038
9645 8168
2498 1625
4897 3180
7019 2266
1796 1789
3963 8425
7473 6557
3147 5057
570 1214
4147 9316
7477 2224
4928 8460
1057 8631
4179 4256
8566 2008
7110 4495
6091 7809
3771 2427
1569 6050
8397 853
9228 6972
1991 3026
8273 692
5235 8823
9803 1059
8698 7094
1624 221
6666 5316
1809 9229
9575 5894
5126 857
4840 5752
5239 3127
6690 6713
2752 9948
9154 8342
8924 316
8707 8002
3706 3204
1711 9775
3021 7023
5986 684
5389 856
6122 1403
1995 1341
9819 3374
9569 2813
2768 1693
9352 4670
652 6966
1667 2285
1518 9377
2329 6147
7922 143
7920 8288
9571 7855
3669 8758
3215 9308
9768 7509
2276 6519
1251 2110
7942 1676
8843 3543
1058 8547
8880 1290
7212 2118
6799 794
9733 7594
5126 7955
5033 7340
5911 1884
8772 7289
6662 2876
4149 1033
9260 9270
3866 3930
8734 7331
2331 7589
6328 8843
355 9438
5651 5871
248 8589
3078 5942
7676 9364
424 6529
140 4237
1939 2509
3669 7234
1540 3333
2295 7576
9183 9858
7106 4968
3120 6656
6957 4299
4172 9533
5509 4450
3206 6961
322 4240
8893 9029
9286 1924
4803 5985
3662 8326
7464 9382
9083 1245
5573 645
2986 7515
7956 2042
9823 5270
7196 6664
5953 8852
1467 8338
8622 4210
4476 5428
6159 7313
4521 1180
5655 1358
9610 3864
741 764
1370 9804
2936 2255
1338 3392
6866 1768
655 6724
5061 1784
6039 9041
9771 2787
6441 9502
7682 1523
2970 2683
3971 4646
28 8830
3171 7669
6881 8183
5427 6689
9709 4770
6482 4492
2506 313
7811 8289
4020 2115
2873 6834
7892 2845
974 2124
971 1332
5459 4633
1300 284
5650 8513
5420 6591
6431 7950
637 8693
8253 395
7605 8301
2733 6311
9622 5638
4144 9980
839 2028
6158 375
2280 7426
8095 9460
2755 9592
8599 7719
7805 969
6703 5448
4843 6484
2206 1228
8210 3189
8055 5277
4455 8656
6123 2806
3029 409
7807 1004
6732 2514
3752 124
822 2130
6419 1885
7926 4766
4129 9250
1338 1207
2111 7343
4927 6433
68 1284
6003 2491
8116 2411
5749 5151
7810 8250
4025 5287
2354 8886
2663 4906
7563 8932
8931 3010
3996 77
8616 171
4406 4989
1438 7883
5574 56
3402 3368
3126 9386
5284 7914
3865 1081
8196 8623
181 6698
5990 2052
6206 6908
5261 727
7900 164
7507 4566
2830 8614
7309 3939
4072 6974
9501 951
9384 9592
3746 1823
8119 4178
651 9160
4890 6171
7944 4787
1720 3224
929 1989
8246 2291
9344 4077
4606 3840
3625 242
6239 3950
4394 4553
5325 7958
3453 9424
2281 5908
1994 2666
5627 4063
8521 5511
267 2102
9142 6655
4608 8728
5021 8508
1504 2912
4485 6705
1926 8076
3113 3370
3137 7128
4257 7553
8968 8444
3279 2378
6988 4287
9445 5564
3286 8630
5477 285
9152 7148
2208 1736
5376 1872
8783 1117
4590 9670
6608 2310
2694 2235
4824 4290
4857 4153
935 4032
8238 2562
6682 5993
4790 9756
377 5113
7357 6218
2160 3180
5628 6195
2315 7346
316 786
2587 9166
4869 2937
2677 7313
3684 4434
8554 493
1723 1235
8785 5577
8418 1133
4511 7505
8971 5426
105 4342
5411 6880
8913 2105
581 7518
3932 7055
7336 6642
4900 9634
7625 9245
2185 1669
3795 2644
4786 2129
2026 7564
689 9376
4760 1952
9973 6005
3407 9394
5353 2006
9133 2428
8601 3848
9709 705
1109 2550
5401 9574
5070 5517
9533 4630
9150 2502
2456 7318
2548 5936
2652 7542
2364 4234
5124 4288
9502 2043
3669 7345
4157 7134
9309 5393
8607 701
9384 1313
1948 2968
5954 2799
5999 4738
1911 1993
2553 4265
9237 7612
7205 8192
8451 3255
6903 4042
9291 6145
8222 421
578 1828
4296 1009
5401 1556
3653 5804
3244 4896
9747 6011
8151 4772
4184 2359
3673 8760
111 641
2608 201
137 675
5972 994
2580 277
7456 7623
7210 9913
8026 4637
3152 8291
8116 5033
3071 2680
8507 9540
3744 179
669 6567
1423 9662
4072 7497
6018 5811
2605 7922
6467 8222
1475 1659
5625 3838
6215 7861
4261 9945
6081 6706
8792 7337
6691 3155
8226 1607
2906 5999
4773 4306
9207 8237
6584 5596
9735 6943
5431 3810
4654 2763
1976 5909
467 7799
7881 4154
8453 6320
244 4074
9179 8390
7076 9654
2824 1336
3298 3948
3229 7159
4168 2575
1385 8778
4566 5093
412 4238
3171 6306
713 9751
7115 2156
5177 3832
5911 9260
7884 3051
715 1376
2299 9965
9048 9503
137 3129
8114 490
8120 1583
5691 1531
8279 3041
9806 6221
8329 9210
1736 360
8977 6955
5617 8759
9081 2788
7705 1512
7506 4251
8525 6511
9654 8876
7048 6279
9337 2045
8934 3159
5198 5436
7060 7180
4294 8615
1555 6792
6131 920
8140 8119
9147 6251
2221 5210
2071 4334
7169 8739
7291 452
9118 7579
288 6373
5704 4211
8221 438
3859 853
8789 2016
8278 2070
841 1664
6410 1690
1134 4378
7345 6628
8713 6810
9332 3337
3495 8633
821 6432
3897 1753
4803 9128
8077 9022
4348 8613
7128 8264
3613 7721
9263 1681
9428 8923
9428 8959
9911 6951
1933 3174
2637 6738
593 3693
7385 5416
1372 5836
5784 2803
8818 2991
1840 1066
9584 7705
664 6628
9358 9049
5063 6375
6640 4657
1636 1570
2076 4281
5388 6323
9318 2271
8131 4021
7062 104
6977 2730
4076 4216
6462 6513
3002 7834
6504 7316
9839 8924
9408 2753
1635 5579
1062 5427
7566 7078
3017 8764
2900 6545
3648 9169
1547 5769
9974 1490
9501 2174
4576 1941
760 5714
1578 7390
4499 4573
2080 3084
7036 8058
7897 2514
4812 114
8429 1153
4779 6259
1447 3423
9040 9596
8133 6263
2865 7672
636 7965
1049 8100
9177 1083
5335 4719
2594 5228
5299 1661
6715 9972
1387 9384
4549 795
284 8915
5904 1461
9965 7308
2193 9343
1684 2782
9167 2455
9212 3840
7288 3656
5758 4526
7008 5265
7292 5186
7081 7937
7533 606
318 786
1138 1016
1625 7615
6519 6690
8485 3171
853 870
8845 623
3733 1307
8963 5351
2575 9782
8813 8697
3488 8095
5418 2811
3242 878
1587 593
757 243
7852 3000
6371 2704
2905 6562
354 899
6190 4430
3594 4899
5454 2227
6742 198
5829 9913
3487 9628
1377 772
3060 1548
2107 3805
4630 426
1348 1823
9424 7553
3434 6379
9044 2322
8954 8905
5824 5849
159 9372
4783 2169
88 4064
731 8052
7384 9202
1216 7176
6263 6508
3037 5929
7062 1915
9668 4551
8544 4879
9665 6204
7179 9391
5399 756
2990 9543
4933 2185
6829 7087
8759 8970
8783 793
8809 7912
961 7270
4806 6477
8163 9269
767 1801
3616 377
1320 826
107 630
8972 3399
8388 2472
9072 8873
7050 1216
7717 6167
3083 4604
6455 7788
5367 5282
9251 4407
1379 8313
8293 9903
3849 1652
5279 9409
316 1259
2469 8840
3257 4167
8837 8231
2297 8202
357 9493
4979 7033
5317 694
4894 5128
3027 9410
6276 1184
6861 725
370 5151
8400 8338
1293 9788
3151 2309
4622 4293
4304 995
4110 3463
7585 9968
7757 3865
4136 4973
3131 6662
3160 7067
6937 2165
2574 6177
7594 7526
8139 3605
2436 7612
8429 3563
7411 6001
5 3592
2012 2762
6349 7377
8606 7993
6979 7973
4836 3625
5998 8835
6967 3545
1618 4713
1233 4200
7998 3851
4381 1481
322 3708
2474 371
8141 9116
7070 7864
373 175
3255 4240
784 8133
1101 2929
2799 4267
4291 4845
539 3149
7116 4025
1495 2726
1226 9973
5237 1798
337 7612
2469 8462
2427 5034
2551 523
7204 8309
4129 5085
758 4857
1933 4387
3391 1668
6362 7717
1422 8619
5139 6174
4972 2887
4156 3012
4887 1472
7112 4612
7994 8132
3000 5823
1576 35
2238 2235
6648 250
2255 1463
7530 5723
3687 1264
5992 7445
7 6281
984 6325
6873 5882
605 5417
2836 3239
7853 1181
5195 4763
3837 8692
9407 9570
456 1956
2565 1232
3791 6862
9971 8209
6298 1800
6691 5790
2556 8697
9066 9112
5541 3921
3010 3621
3714 338
9539 6116
9231 9871
8705 7502
2876 592
6175 7275
5581 1951
5249 2750
6427 2834
4735 7343
168 1301
9813 8675
1952 3635
5911 5785
5690 9553
2882 9187
6894 1143
414 4815
7313 3932
368 6913
172 6765
4875 8992
619 7241
8006 7258
9297 5628
2569 9364
8024 8358
9489 4737
4550 3975
7779 2670
5739 7146
9693 6040
7495 5611
8472 9195
9976 9718
2938 5993
8977 3230
4359 7667
3799 1366
5608 2262
9365 1487
1812 3029
671 6207
6186 734
7811 8698
9377 3724
3835 2368
999 6985
831 8179
2085 3710
1208 7443
4579 568
7584 1623
5704 2984
3508 2202
1722 4424
4187 7792
5332 4069
7920 4596
4150 893
667 7088
7509 1958
7551 3623
3587 1881
7404 1442
1769 569
8676 197
1265 1844
2923 7197
9265 4229
2023 1449
9457 8387
6263 7346
6526 6569
9264 9465
967 8211
3683 859
7652 5442
9450 4611
5270 4748
3361 508
857 6483
7553 2641
6135 9136
8279 6948
5414 2924
9316 119
929 4971
4942 7370
9173 9509
3603 2385
1361 1442
589 4625
6321 3985
9873 6376
2020 1270
6722 7430
3640 3710
1602 2811
1416 9344
9513 4158
5628 5441
6622 8200
2702 5140
5250 3003
1085 7852
4444 1330
2570 6096
4783 5446
6208 234
6999 3625
7425 4747
4146 7539
4571 5631
6060 4663
4601 392
3635 6722
1845 794
1161 9375
252 7922
7112 1865
794 3395
1328 2014
6772 303
2603 1661
9813 1567
6833 9724
2896 2319
5351 2216
3172 9337
6835 1033
2461 4924
4139 7281
3351 8393
5083 1810
9374 5049
9476 6905
4257 1918
6850 2587
9573 1861
8870 810
2325 1813
5058 8659
6678 8823
644 7208
4601 7201
6089 5317
1338 2561
6659 801
1110 1938
5557 4803
4601 6718
363 1118
6485 7393
1670 6875
2830 6501
1909 5890
8275 6479
575 3796
7127 5510
5293 8327
9437 7483
5909 1935
9730 5113
705 2198
5972 3274
1933 4344
97 2308
5599 9613
1434 1551
3234 1107
9894 163
6362 1640
5811 3330
8204 8193
1271 4511
1606 810
1013 8250
1993 8219
3514 362
9831 9506
9751 1429
2023 2643
2154 463
8758 5433
3989 2396
2599 4599
1536 612
1723 928
9209 6354
7660 6303
4810 1816
8659 4292
211 467
25 5900
7110 7031
6811 764
162 1623
1110 5625
4983 7651
2482 1782
8441 5246
5804 9323
2527 8458
4187 351
762 4259
6163 4402
7395 2341
7976 5098
381 746
3834 4968
4570 3732
2095 3717
522 4995
9023 9118
3645 1620
9385 2601
8122 2839
4274 3571
5272 363
9757 7688
2793 2360
4614 5230
6775 4456
8617 1311
9846 4082
6224 9953
9322 4517
4313 6547
8721 8174
6405 2742
9328 8742
557 4950
9772 2443
6128 8019
1247 4346
8663 4928
5403 1701
5641 3127
8906 9318
6458 9879
3587 2736
782 8460
9241 3934
4060 2234
6365 5452
4461 4517
3524 4494
7300 1503
820 1088
3815 3183
2328 4442
2092 442
1634 7920
4271 9729
1648 3300
6527 4487
2519 504
3529 5773
508 1396
2683 6764
3666 5392
9307 5871
5629 3231
7760 8634
2341 6968
9950 6570
4518 3954
5647 3083
3780 43
2237 4752
6188 1573
348 9235
7350 5837
2836 9945
311 4106
2220 9104
8018 7215
5330 887
1070 3804
6791 3659
7635 1687
2055 8522
3198 4387
4182 22
3460 1866
6790 3688
163 4797
6469 6733
8276 4948
6483 6610
9277 3892
578 9591
6579 3500
1270 8787
8396 7307
1659 245
3779 4083
3862 8561
84 4754
5236 4623
2023 435
446 5996
2281 1552
8574 7291
6550 2817
9692 1452
2756 5302
1393 9159
9816 9964
8140 6998
5131 3232
5442 1356
7847 8526
8240 565
6988 3860
8317 4411
5536 8040
2411 2098
5810 98
1500 1825
5407 5943
8528 8877
9118 3956
2780 628
2582 5075
2439 9219
3407 1533
3567 2116
4357 5756
1945 5608
5881 7532
8324 9197
9155 4973
110 5324
7218 7895
4705 9378
6643 8667
8758 3736
9616 7106
1705 8113
879 517
4044 6911
5308 1223
3574 5619
5489 8195
7668 927
2241 605
5631 6474
8100 4856
8766 5503
8268 3972
3650 4722
3719 977
7359 1025
4317 3508
9003 6626
3321 2309
3039 9294
4341 3923
6138 6890
9821 9541
8725 5742
3622 2910
5841 8725
5992 2603
9181 9263
8677 8108
7811 7862
8750 3660
434 7819
2427 1855
2854 2620
983 7368
8387 7717
1215 4068
7425 1567
6687 7094
3745 4825
9757 1072
6206 2722
737 2138
6399 2785
9521 9346
7417 8209
2380 8593
129 9532
5852 4054
8190 5538
9246 9777
9325 1366
7502 302
3774 4613
2427 8363
8588 2708
5177 3256
2538 614
2374 5931
1049 6935
7204 1196
9654 5127
6597 7188
7008 7462
805 8829
5623 4904
9921 9797
2112 9926
901 1765
2181 1857
6163 4856
4617 3875
7952 9723
2905 2052
9400 7920
1550 6485
882 8990
8879 1389
8670 6808
9684 5134
8186 8280
6309 8419
9828 9880
7744 8520
9338 2861
1226 3462
7357 7585
7853 8874
9876 3739
2639 2832
1533 4493
8195 4545
2334 9338
1017 2998
9786 7106
704 5240
111 4891
1612 8294
3307 8829
5027 2434
3823 1979
625 9273
988 5033
8939 3708
6554 4542
6128 6207
7304 8983
8908 2830
5517 5397
7366 6391
6701 677
6185 648
1575 6907
3424 2246
5771 5674
10 1287
3929 8689
7582 7853
9236 6613
1416 4463
9878 7943
4512 3541
4557 5154
3228 4448
3283 580
7068 8483
8907 7286
9811 5074
6503 6858
5637 22
5655 7216
5388 5690
2844 2197
6229 6582
7018 7640
7031 8597
8379 7226
8403 7637
2017 3138
9863 7114
4 778
5453 3151
7993 649
3281 6186
7043 8462
5199 9995
243 8950
9898 785
1387 9210
9402 2745
4961 6024
3949 8772
9295 9804
8142 8931
6582 7194
2466 2401
3251 3275
1871 1374
7930 6898
1255 8244
9135 6666
7283 8584
7060 2222
3099 1182
8091 5636
801 4601
4477 726
3885 766
9316 8751
2851 2724
1699 1455
7089 8250
1381 3227
7988 7940
6610 9252
7082 8932
4974 1602
5315 4337
4668 5836
1089 7383
7169 2423
8414 7226
3794 4521
4716 8392
4223 6457
7975 9147
4025 9125
5159 215
8286 4126
1922 870
3846 724
4094 4093
678 5562
6068 2011
4449 4726
9360 5486
9022 9687
341 8337
9861 2979
3085 4262
6515 3148
7838 4172
3198 5199
7321 2333
4178 4889
3787 5511
2377 1269
1334 8293
3801 5766
6090 3193
1783 7646
3085 136
5001 2281
3642 6994
8377 2473
9653 1196
854 6590
5869 5244
8005 9122
8074 5776
6116 7278
5189 9596
9935 2972
8375 6110
4988 3803
3882 5167
6448 8296
8043 9817
6452 2704
5457 527
3347 8878
1640 3262
7498 8546
3494 6062
114 6241
5054 1716
5642 8195
4723 6616
8780 5901
2804 2909
418 9915
6374 8898
9602 1818
6287 3621
2613 9103
5518 2463
3941 7992
5305 32
36 7821
8462 583
3402 145
2763 6573
7782 2299
1065 7455
1829 3068
450 3511
3921 7612
4675 8086
6448 8358
8925 1312
5502 2508
806 1491
6165 8536
4780 7765
8280 2769
74 6170
3535 6630
3507 7695
8237 3962
3834 6566
5309 1468
1924 9518
2459 6769
4934 989
9951 4720
4328 1085
1891 9018
3483 1313
3846 4053
5430 9347
9098 5924
5596 8667
4103 6660
218 7902
3698 1444
3932 3824
5305 7634
959 4551
5061 9758
5073 1438
6594 382
5477 754
9450 7710
3682 5309
7949 7505
8971 8316
4301 8904
3593 5679
166 14
5541 4109
9403 6750
3410 7282
6235 7505
5414 7190
531 664
985 842
3309 1586
5431 2977
5493 4314
976 9241
7916 4641
414 7190
934 4979
8566 7305
238 1576
7255 3746
762 4058
6704 7823
6873 9870
1022 7231
7656 1985
4131 8455
8084 4400
3570 9328
3561 7092
9879 2444
521 9256
3124 2579
8617 24
4133 1438
7589 4792
101 8207
8580 1134
5866 3083
7478 7773
8747 725
554 6319
4001 3577
2811 2078
3867 1105
7066 8351
8508 8919
2504 859
9344 5416
5770 4779
4012 3681
6191 3040
4754 6681
237 4717
4452 443
7047 2545
9344 9022
6635 6468
7529 7762
631 4206
9206 4522
2652 46
5860 7744
3419 7758
8839 7289
2764 8337
4237 9255
4222 1013
9555 3365
9736 2539
3650 4690
7214 8639
7889 1309
9584 9462
6062 3577
1868 8404
7734 5341
6035 1384
2241 8923
8760 8084
3004 8922
7605 5500
8590 339
472 362
9516 1525
5739 8508
2472 7589
8161 955
9283 213
7660 72
9155 4287
4588 6389
9040 2351
2146 7790
3737 299
8562 834
9796 7599
423 9970
8098 8105
6400 1700
7008 830
9272 8036
9242 5767
6451 3912
3594 4427
1733 1887
1598 922
1741 5413
3992 420
1406 3653
4414 868
3710 2956
1426 4972
9559 6933
4556 5726
1098 871
7971 8004
4836 5591
8092 6732
1353 9499
5081 2756
269 5869
7122 8510
7634 3128
1824 6848
171 7378
8918 7850
2190 1861
3819 9093
6456 2299
1778 2421
2859 4278
9931 7914
6723 4410
4994 3337
1334 2344
5780 7762
2297 2135
8050 9678
47 5121
8063 7302
2028 8439
9155 3811
9400 4114
9650 1549
8496 4984
1799 5650
6342 374
6217 2582
6024 7360
6912 5425
1614 2002
7105 2730
6509 34
3524 3790
4264 4933
5223 8700
4087 6634
8667 3888
9472 7655
1388 1530
9697 4078
5166 826
3647 4667
2131 7915
9080 2669
2250 1689
1077 2398
6129 8224
7260 8737
955 6146
8402 6743
3404 6261
3166 2510
145 4967
2152 2903
2508 7566
3136 5426
2541 6465
7339 5480
957 4716
6743 1877
9140 8836
9296 6464
8954 1016
6844 2488
9579 959
8768 9725
2723 2916
3462 5399
5224 1179
9206 4695
2231 4575
161 9305
3079 9433
6428 9586
4618 2831
1433 7932
7602 4487
7506 3467
5104 2614
7359 1771
6423 7097
39 3992
3871 4655
3986 1818
2838 529
2589 7691
4913 6687
5911 5878
6016 4825
8904 2237
5951 4150
5826 1047
9544 7380
3343 4372
4534 2045
618 9262
5317 5715
2890 1999
9573 8344
312 4985
7134 9740
3905 7078
1069 8899
8119 5404
4444 6866
7219 6124
4799 2406
3109 9288
59 7794
2108 5167
7313 3651
4944 1574
7240 7137
9148 9636
1465 7252
6906 4714
308 1856
3063 3693
6703 4767
7493 2321
5935 7162
9375 5684
1135 9940
5095 7749
2781 2434
2860 111
7924 4539
5543 7670
4788 1384
8868 76
574 4455
2013 4896
2299 5842
8082 9028
7917 6311
9621 8921
7117 2084
7570 7625
1058 7730
4732 7041
6547 2250
3747 2137
3060 5288
8929 8481
7037 3355
5859 970
9577 2181
1365 9471
2697 2582
8694 9118
6520 2799
1291 70
634 325
6895 4910
2653 8629
8232 6720
3410 4846
3925 4800
1333 3023
4579 7789
279 4494
7039 6147
4189 5394
3366 1403
3025 9102
1096 9264
118 9979
5498 8350
7002 6768
8075 6968
8244 3041
5247 1686
8076 3329
5655 9754
5530 8677
6177 7005
6454 9926
4699 9851
3503 1314
3235 8376
6775 7568
3786 8573
2123 7119
8984 355
5073 5706
1081 3483
2042 1449
9604 3511
3046 7063
9340 5641
6791 6620
3599 1222
2046 3014
8939 6294
3106 5881
4977 5146
9007 1424
9970 746
2714 8270
471 1531
5635 3078
6429 6986
2307 3859
9852 7448
709 7093
1448 3457
513 2009
4624 2810
83 9987
8564 3639
3626 6155
4068 8022
8973 9137
8340 1979
6088 8638
1307 6761
5508 2520
2891 3626
4436 4322
4955 1659
6667 5230
4559 2519
8636 1568
1849 8991
1657 9152
1193 1410
1933 1547
6208 6943
4197 503
418 7812
5000 9505
3162 1249
7480 565
2759 3678
6673 6025
6148 3078
846 4167
1110 7231
9067 197
4734 6951
676 6658
7246 5165
8701 6399
3145 3336
2171 3255
9938 744
7007 2172
2710 1751
7907 112
6358 3884
7693 6878
301 9004
7120 435
5616 2829
674 2779
3331 1176
5305 7660
5032 5402
3230 5849
9970 6392
2563 2356
1480 444
832 5732
9732 8096
2041 6702
9515 342
4108 6595
4840 1809
3431 7318
6129 1924
5414 1000
6203 6437
8042 4034
522 3742
9093 5886
4080 5232
6097 7587
8438 5667
1600 4795
8552 6815
2558 354
283 5120
4307 637
7962 2090
2310 8981
9582 6249
4139 8063
8140 6642
3564 1273
2008 5228
5269 3986
2903 7621
2185 4887
9314 2290
6195 2950
182 599
2983 9265
2264 1663
454 8352
1223 329
3648 5363
3658 7439
6836 3827
296 292
4131 852
2966 9657
1763 8394
7754 4572
4991 6804
6975 9533
2204 2393
7810 5278
7958 2717
3544 1895
7768 6208
9170 4308
4235 2756
4313 3147
4790 6090
7428 845
9235 2727
7097 9977
9763 4344
8351 8775
135 4943
8129 5000
383 7656
8399 6263
8416 445
9519 2380
6430 4289
6897 8669
1418 6221
767 3825
5284 1334
2963 8291
1873 7895
6163 2415
6279 4464
9800 1644
8886 7867
6589 8726
9889 790
2226 2519
5482 2962
4975 3809
2651 6935
1926 4826
1648 5794
4385 3077
8227 4332
4811 7385
2575 4728
4475 32
3334 8824
9306 1470
4750 5469
6742 6172
9862 8889
1231 8112
86 8354
7246 4139
6836 8534
5782 2894
6803 9942
3138 1514
7206 6400
9006 3443
3027 3485
2642 5296
9858 915
2649 9249
6740 3512
6352 6573
4593 2244
2601 9655
2265 977
5087 3293
3740 7922
3540 5853
9974 7405
5367 404
578 2374
6801 7637
15 5546
7854 674
8016 7877
4968 3865
7740 6272
8623 110
454 8362
1174 5665
1704 9314
5927 5036
7832 8062
3062 4924
8093 3579
6546 7065
4282 3666
6072 7955
9784 1763
8962 8123
3315 3953
8493 3051
5899 1242
4408 5971
7354 273
2472 8289
9589 345
7768 5132
3356 6912
2206 6093
379 2453
5225 7339
8339 8968
7798 7778
6627 9997
8082 5774
9007 9949
106 1946
2883 1113
4750 5711
8433 7979
1860 9659
6438 7531
6888 8304
9723 5450
3969 4342
9974 1455
9263 1583
1425 7516
3345 6596
6210 956
5123 1761
7930 7803
2212 6489
7994 402
4389 1847
3214 9741
9869 6963
6637 8955
1946 3374
9593 5137
3123 3482
6929 6188
5833 5976
1830 1761
1403 1999
6795 7682
1656 7814
9701 1984
2494 1710
3602 1240
4658 927
7238 9083
9865 3086
9776 9213
4835 6375
651 3354
3607 4637
2496 1856
7129 43
2041 845
1961 6374
8017 8886
8533 8241
4167 592
8862 252
8336 4751
5576 6426
9740 3513
6474 6782
6113 390
6054 1730
4532 1911
9187 9523
1127 7279
789 8556
6860 1586
9118 5005
2023 6729
3790 1511
3153 2463
454 1335
7001 7004
4635 7885
8629 7211
9189 5849
3302 7721
1415 2337
1209 845
4857 7648
1066 3711
1424 5182
6100 278
928 2536
3123 6705
2536 9788
4826 6561
9371 8068
943 3250
7487 4460
6340 8949
254 9697
5362 827
7866 5017
4302 8112
4350 3849
7245 5425
7807 4982
5412 9419
3489 1643
6135 6562
6054 6612
5283 4666
8465 1541
9752 9574
2489 1883
4750 459
4073 5868
7624 2207
4164 4877
5366 660
6373 5280
884 3227
4821 2296
8032 8646
6662 1963
3257 9887
4908 5234
3827 2830
2556 7056
7047 1755
1868 317
3670 848
6441 9598
9214 490
7144 5026
6406 2604
724 4971
5043 1616
1062 311
9133 1675
3091 2987
1388 9820
2079 9691
9932 7889
7471 4168
3007 5317
7564 9270
289 6058
8003 969
7975 7295
7306 7916
3249 6414
7725 6717
4175 9685
9318 4952
271 142
6139 46
5396 5533
5506 3698
4834 2614
2639 3585
7350 9145
46 2331
3011 715
2939 7826
8343 6018
4590 4734
4316 5788
117 7482
3274 7565
3642 5983
2793 7107
8436 7786
1716 7895
5257 5117
7530 7939
8672 8831
4575 1098
9092 3680
5423 5977
6469 7214
8018 3544
6169 8317
2138 4380
3808 1958
7385 252
5781 671
5808 1918
2848 1315
1538 9790
8344 7293
2680 1930
9446 5446
8717 9085
1204 6185
4665 7878
3941 7040
8523 5508
1726 4109
2976 3248
1074 6518
5168 5095
3483 4541
8647 2979
5140 3083
8913 7381
6276 8681
5631 3009
116 619
4838 4133
5330 3977
9798 2615
2382 8155
7272 3547
6161 5457
2833 766
862 1676
2947 1249
49 4813
8835 3765
3524 3671
7509 3328
5664 275
2051 3690
4096 6705
9197 8919
8864 9317
1050 6928
9045 1253
7164 9056
1671 6142
1570 7480
7769 4894
9175 2799
346 1746
8071 2970
5299 5724
2290 5540
8048 6736
8457 8570
1500 6811
6166 6406
3732 9473
2712 3525
654 402
6747 9623
2659 9000
8822 723
2711 1759
1950 3844
8890 6321
8312 2484
3222 8957
780 5988
4536 7219
4389 1765
8316 3583
2884 422
4626 1536
5973 7962
8701 4228
3449 3861
5433 2722
7202 6067
3340 7635
8973 7253
4517 7709
7754 5049
2481 6558
9255 1412
2365 8001
202 6959
4342 7216
9709 4460
8268 2535
9860 3395
5445 7393
4538 3501
862 2049
1769 7452
9547 7694
425 789
6048 1548
431 5147
7528 9011
9335 2329
4514 3054
157 1372
76 2083
1236 8763
120 8554
5897 7604
3259 6875
338 2004
8980 600
4080 6178
8842 7284
7924 8792
8318 2591
9502 4031
335 3776
3280 1222
6652 8174
6401 5040
8612 6362
1229 231
473 6444
8986 5184
1027 4088
3285 5021
7505 1693
2507 5736
6811 8106
2900 3939
8259 8173
9417 2585
4857 4410
9558 6208
2541 4004
3915 2254
2960 2859
6236 2373
7043 4418
4696 2013
7537 6395
183 76
8649 6386
781 4564
3811 3779
2667 7257
1219 7800
5556 5741
9403 2579
2653 3066
1499 6260
3518 6428
4724 9304
7829 9960
6827 3471
9274 7581
41 5272
7596 1750
9838 331
106 168
389 8386
2399 5518
7587 9093
9108 1775
7785 3297
441 5449
2298 1204
3951 3596
9974 1607
4348 1845
5524 2280
6737 6085
2638 9283
4904 9726
7334 9741
7607 2938
7047 2653
8450 5943
3990 8920
2925 5043
8503 9399
2030 7920
9244 1014
6737 5572
8344 9291
4789 4015
3394 97
8004 7018
1589 8417
6032 457
1860 9804
2936 3212
4619 5927
282 7464
4800 3572
994 4668
9881 4649
4241 8243
5527 8063
6345 3622
3807 3064
1508 1627
6922 5950
2517 990
4098 405
5190 8170
781 5740
3920 8851
2646 261
9145 9171
9286 1438
3224 3712
2418 683
3012 6023
4270 6386
5018 1799
7855 8099
8589 9516
8670 5842
8120 2358
377 7458
351 7605
531 6432
8612 1604
1068 169
9013 863
1643 2009
2210 9826
2503 7985
3452 3295
3205 8404
1017 8091
2460 2270
788 1686
4836 2482
3570 8838
5533 526
735 4207
1948 7053
1783 8433
1664 153
753 4413
8563 6442
2485 9221
5100 5296
8461 3359
5169 7897
9770 630
41 8223
4622 8334
6400 433
3878 626
3923 4780
2971 8059
9371 2374
9582 7183
2008 6007
1120 1715
2386 7157
1748 2942
2516 2106
2348 6156
1397 3764
6672 8076
1323 393
9085 87
676 1908
873 4749
5903 9105
1269 3262
2773 2720
2412 3553
918 5657
5944 8981
8141 7229
9172 8209
9189 7829
3963 810
7813 4506
5375 3297
9382 5040
7574 4246
2950 6223
2127 2573
3525 7631
4386 6587
957 8847
5846 3229
1023 8370
7308 3013
3463 2472
2040 1251
4561 3924
1184 8492
4245 9839
9612 7577
638 7816
5789 126
3785 709
3339 4293
7689 3515
9431 5222
359 2167
5295 6390
8230 6199
9392 2090
6053 4119
5813 8854
93 123
6669 5158
1098 9510
8747 7175
151 4469
6375 9107
194 6236
4370 6584
3294 170
7862 148
2343 6603
4124 9007
4657 8394
3719 3269
6713 8801
7934 9519
5181 8079
4151 5420
5303 6420
3215 3121
9396 4492
358 3786
4243 661
1687 5483
8681 7439
6453 4953
3266 8496
9168 3006
7650 4401
6839 5260
9929 8296
1544 1569
4628 5458
467 6419
80 4237
2620 2537
1994 6959
1807 8182
2818 7591
6094 2419
5646 1710
3270 6631
1275 25
6992 5093
2142 7934
931 1363
6376 5505
3750 5330
4088 3002
5411 4591
1402 5668
6680 5909
7325 4852
5511 7996
1171 7780
8765 8994
2929 5435
1327 1012
5878 683
6608 8794
1929 1527
6847 5260
3915 9391
157 8741
571 5545
6525 9731
2600 7118
2340 5751
1153 6030
8816 6383
6680 1248
6197 9645
1222 9643
6306 8148
6952 3082
6579 5279
6982 5807
207 5006
6868 3431
5841 7853
1058 1541
4276 2771
2158 8462
2807 5940
3321 7281
272 6259
4647 8401
8892 9272
9760 4096
1957 5290
163 8697
2237 2937
507 3706
9799 8090
6489 3853
2581 1712
8880 2897
6763 6387
3296 9210
4626 6912
1515 7729
7705 9885
7939 5497
4486 2391
4436 3152
507 2410
7246 5245
4579 3724
9450 5884
1739 1062
653 5156
6061 9408
9963 3314
360 8504
3907 5315
9388 4223
7497 6259
1345 3088
2193 893
9063 7390
3846 4797
3447 6249
5514 8458
6441 5676
9224 954
2415 9286
6501 705
6750 5986
8725 5994
4333 9318
3002 7792
3478 7573
4007 7353
7322 545
5939 1168
6577 5825
633 669
8287 7850
9405 4675
1426 2205
7288 9751
9895 9485
1492 7080
1564 4299
9251 7150
9648 5936
5497 3731
8807 5894
6843 7305
1626 3811
6159 5319
3755 9523
6051 9380
134 6737
6793 5950
6338 6482
128 6166
1287 5135
1870 8092
154 4637
9769 3475
5268 8650
933 1009
2529 7493
8535 7078
9027 8523
2409 8710
7687 970
3462 9060
7487 1411
5445 3260
6367 5569
8146 2029
2339 9105
4135 7842
7389 5853
2395 9868
8765 8472
4993 9054
2200 9784
865 4596
1515 4475
6499 4272
3369 3384
9783 258
2048 6356
5186 3188
8490 7613
307 7727
2863 3862
5684 4510
5992 2495
9836 4781
1726 3600
2257 5997
65 4194
2490 5447
1701 9338
3331 9818
294 307
7498 1955
2476 4550
6566 6216
5625 2569
9399 8513
7232 5154
3048 1299
4432 1542
7361 5002
157 1603
6345 3651
9936 6070
8249 3139
5732 2537
1868 8951
5458 5821
2850 7802
8775 6496
9828 9564
9936 458
2578 1269
5160 3258
4839 822
2136 6920
5374 8871
3581 7975
8462 4403
6856 1529
8161 8589
1182 7374
8210 1741
1648 2523
2853 6298
9685 2851
4832 6118
4306 9493
3351 6017
6748 6881
2982 9466
5621 6440
1719 1641
2658 2975
8867 6882
3949 9423
3381 9159
6326 9533
7866 1694
4980 3777
1989 3209
2330 8181
9535 9640
7316 8220
3435 1399
4976 2748
4312 8725
4522 6521
3775 5747
2672 9424
3100 1524
4756 6477
3882 1527
7920 7593
119 734
3123 883
4215 8731
1482 2906
3060 8918
5562 116
6994 5981
4345 5134
5873 2857
4892 3809
6635 4040
8491 9741
4782 1516
6401 3077
6596 6800
8608 2646
7133 354
9121 6421
3710 2306
3656 6228
1795 9957
5958 7729
8272 694
9673 6492
6805 938
5230 9154
6480 5230
3383 7578
7628 9872
7303 3180
3398 2166
121 5321
3137 5486
7793 9803
2688 9492
1770 4697
5616 3449
8783 2919
9032 3446
7397 9912
3241 2413
597 8497
4623 4984
7544 460
6874 2817
2075 7445
9814 9389
4225 5557
1301 774
312 9816
2543 2003
1923 7965
7136 9478
6359 6650
208 5010
5266 2681
8720 6086
7701 9763
2175 8427
6018 6071
8972 5670
144 5206
6006 9834
9579 3439
4223 1453
665 450
304 4277
2504 3011
2838 1023
3298 4749
6058 3292
1698 9777
2206 9913
769 298
3602 5465
8905 621
2455 4081
6971 482
2267 9855
4331 2777
6563 2984
1929 1692
4647 9565
1899 8271
7238 4697
8741 2534
8075 9834
6379 9412
2567 9769
8397 3851
3614 6568
3793 3444
6254 599
2511 4124
4089 1090
9349 6698
595 3403
9019 89
39 783
8401 7990
9061 7704
9332 7976
6806 2927
8623 2166
2416 4427
7534 5513
1060 7034
7774 3664
7301 8363
1585 6362
8899 8278
9885 436
1909 5497
6788 5230
1398 7247
9662 8364
2070 7311
3122 86
7073 7423
2516 5804
5708 7618
5736 6202
8987 6053
6148 6868
176 5522
6772 878
623 1039
7751 4379
9901 6983
4471 9504
9446 1570
8934 5667
749 8435
9876 2325
6510 6702
6044 3690
2943 3604
558 3089
758 8844
712 84
8740 7728
509 366
7791 1425
295 675
4765 9688
8313 5665
364 6090
7213 1713
7934 5623
6637 4746
3986 3088
7133 8754
3646 898
8981 2529
2328 5475
7564 1349
2516 8648
9839 1596
9352 2721
8818 3729
235 3089
9597 8630
4251 9597
3928 2106
5406 2081
9825 5751
3921 3129
6378 1322
1980 3843
4096 6112
8710 8175
8021 1226
6004 5855
9295 8445
5917 2129
4730 3321
6458 6854
9912 9539
6121 622
9065 64
3728 6866
7189 7185
6958 4158
8438 9526
6941 5977
1699 4608
6708 8018
3639 7976
2745 2841
7377 7141
5060 6599
2580 2557
2142 9498
6414 4988
7464 8449
8309 9402
9640 5489
6973 9852
2894 178
8375 2761
5558 6921
7796 8823
6310 7410
8935 6561
5958 5465
1288 2168
8399 6998
2452 8452
6972 2531
7970 5828
6701 5290
4209 3065
4459 5840
9900 3308
6182 9033
2992 1383
9033 4454
2484 4567
4703 6530
8087 9420
2047 2900
1496 8986
8275 3665
5582 5439
5047 1522
2120 6545
2092 8750
4943 3539
2732 4004
3783 1620
3943 2551
2532 4853
7180 7525
1930 6421
7188 7334
6764 4715
6217 990
4550 5518
5140 7615
2311 2596
2243 2670
9397 6086
2585 5583
5348 5164
8383 816
7170 9626
7256 7968
2921 8950
2275 2570
8472 1029
8825 578
8747 4594
6 8346
5846 2346
4661 4865
6641 1782
1892 5465
7517 7382
1127 2915
3909 2087
4632 4649
5743 1633
9532 568
9170 9423
256 8057
4482 4715
2162 5930
8614 8101
3644 4045
3227 720
8252 2780
1377 5018
2495 3432
3747 1974
4971 9933
7284 6120
2348 8595
7765 8732
998 8420
5811 371
8521 2341
5997 3339
2867 8754
4643 3273
2207 7931
7018 6582
603 8725
6348 1972
9287 5694
1868 4267
9385 3393
6343 5764
6766 1170
1318 8560
6507 2918
2016 6230
1313 3394
3740 5401
6975 7151
6004 6594
7409 4407
8998 1454
7815 8831
3428 198
9600 5536
8939 3591
6597 4419
672 9726
4402 3177
3302 5554
2271 6836
8333 8493
7805 902
1348 2232
1451 260
3823 691
8744 7894
4163 2046
4419 846
190 1846
6671 5330
6789 2255
4370 1944
2709 4314
4684 2685
3882 2708
1333 1009
2702 6971
7903 1171
6265 1182
3659 6005
54 7632
2951 6363
7911 3208
181 5462
9407 2296
2647 7639
6957 3287
6294 146
4936 7085
7313 9809
8214 1947
674 289
1607 7557
4397 7117
9726 7773
6851 9974
351 2221
947 1948
1283 417
7423 6059
9881 4318
7340 2436
9288 4035
8995 1591
2111 5307
8804 2314
797 1531
8939 2601
1580 7358
939 8362
359 7339
5510 4683
4749 3599
6862 571
9070 4669
1910 9761
2322 4991
770 7101
5993 8647
9053 713
1149 2566
2058 76
1699 8424
1202 7387
4769 9851
5547 2748
2281 3610
9417 7272
5859 7914
4414 412
1370 6080
6014 7853
60 6492
4030 4293
6533 55
6154 2190
9685 3716
645 8602
813 406
7067 8925
7690 5646
9827 9736
6808 1503
3920 4882
9479 929
9975 2228
2475 6253
8138 1970
3997 8587
3251 6129
7967 6246
1340 6825
6765 6201
7755 5065
3167 1385
396 9026
3099 574
1126 9937
5959 6734
9871 220
6476 6296
267 9319
2406 7466
8208 4243
7800 5936
7173 6357
716 6042
2329 559
4088 7016
927 6909
7676 2676
2359 957
5048 3836
280 3564
9579 8811
5178 8457
7782 2948
5824 2057
9406 618
98 2278
32 8974
1465 7892
1551 9157
4867 994
3034 7813
8742 393
5065 2205
5185 8293
7061 9022
542 8796
6951 3562
4260 5263
7144 1672
3657 3133
7800 3776
7557 9023
9371 4089
1361 2003
2941 4956
3038 2456
3062 3877
7635 9826
2057 486
2878 1195
3494 2488
6683 6359
5680 9855
4530 2514
5224 9048
6507 9000
7624 2066
4365 7472
2028 2902
7155 22
4218 772
1024 3155
3314 299
9978 2140
145 9941
9921 6820
7664 9869
5155 5775
2361 574
1720 4196
4025 569
6840 7565
8801 9090
7853 6622
3334 4360
3667 1424
6265 6335
5563 889
1809 1084
6751 4986
7924 1116
9664 7157
9509 1985
7259 5944
8631 7658
6698 4586
5503 1118
8374 5729
8983 1589
9498 2254
1535 2419
7971 5254
8974 9538
4 6253
8791 5579
3239 7345
2471 9408
4333 32
7322 4281
6070 8472
4541 457
7611 8377
1454 6396
5864 3176
9455 9151
1576 8019
74 8300
1929 8732
4111 1009
2575 5332
8616 412
3092 1893
8061 6933
7437 9451
3475 2824
6376 3424
3664 6509
2577 2260
154 886
659 4118
6461 9988
9003 3249
2347 8326
5801 1221
2701 960
7184 4496
9432 644
7053 7177
3803 3951
2388 8969
4341 3970
1077 5015
931 9980
5806 6575
8055 5824
1818 4478
2612 4472
7367 124
8470 934
3013 9846
7838 2147
9386 5494
3163 3718
7459 2370
6852 4498
8917 9935
5026 4108
7890 783
2203 2648
6166 7470
8233 5471
9345 7028
889 9199
3311 6616
7215 6431
483 338
8358 509
1235 3595
581 1687
3772 8308
1837 8050
8421 8303
8304 6842
8866 1517
7516 4310
1887 8309
2820 2567
9340 5486
3183 8941
2056 681
4553 6054
6566 3310
5224 8276
3053 9666
7626 8938
7403 2866
330 803
4521 7950
7537 4718
217 1973
649 3034
4043 648
1500 6554
6672 8446
7915 7238
8214 2932
2778 5534
5378 3998
9737 2042
9628 2607
8574 3731
1332 7089
9358 2856
6882 9041
6378 2862
9547 9626
9542 6712
784 3516
3861 2878
6048 1465
5840 285
4557 5964
5 6075
6044 6358
1612 1557
8742 2070
5045 2407
9852 7668
3485 2439
391 3835
9888 8222
557 8689
328 5156
336 9556
6867 3159
7776 5202
8451 2296
3265 5813
9998 914
199 8873
9014 7943
3165 2347
3619 3881
4038 8161
9708 2386
7578 4720
3237 8833
7986 1341
4099 1042
7327 420
9962 1976
6517 2654
1047 5913
5125 9251
5338 5510
647 9308
2922 5333
5126 323
5773 334
3702 5737
2143 2718
865 2516
5487 3163
1790 3283
2698 6677
4499 3488
5167 6293
7425 4337
2865 3157
4734 378
2667 6972
8401 226
9805 8420
469 0
9941 6425
9664 1267
5065 880
7246 3227
5537 3249
6150 6503
9009 563
9358 7020
9396 547
2586 6078
5524 6960
7424 6702
4806 6294
6279 4401
6867 7878
7166 5560
5904 2942
617 8449
9391 9018
8197 8842
8558 3318
2173 9069
3694 718
821 8396
5422 7205
8484 4890
2309 2287
1247 9108
6015 651
895 1802
8303 5360
9876 7470
7778 7906
3956 1816
1028 1761
5676 227
8252 6671
7319 5784
8994 8620
3628 789
5057 7456
9169 5561
9160 6900
1502 7662
2234 9437
7549 8372
6837 8117
4269 2534
2848 472
9445 5547
1037 2665
2389 5708
2286 2639
9465 1405
883 4623
7079 217
6386 2903
1415 734
6624 9955
3154 4018
8939 1312
6211 8257
3562 1563
7515 9700
6300 5813
2257 3984
3885 4934
6405 6456
2743 1930
3909 7295
1925 8332
9913 8334
5107 2670
4617 7246
2705 8354
8495 2355
8694 2168
3255 406
354 8501
8419 3453
43 6444
8842 120
1161 2572
9088 267
3277 6389
6097 7123
3292 1527
4919 2759
8041 7178
7276 2301
9248 2804
2697 6101
8896 570
5084 3222
2352 70
1016 259
9186 2769
4886 3098
8916 5806
1018 3913
2211 9971
801 7757
8570 7796
5093 3272
6281 8142
1875 5902
7457 7997
2724 4013
7451 6826
6567 7350
6664 7012
6048 5308
8947 8185
2569 3672
3987 5186
294 1174
6941 2377
7015 3792
6598 135
2231 966
8613 7006
802 1238
3303 7904
611 6621
9596 7643
1498 858
3023 6161
7661 6891
8420 696
5190 4215
6777 7114
714 9447
639 122
3097 9985
3378 3492
3553 1363
7299 3375
5261 3209
5719 6131
1867 1099
9816 1713
2331 5381
8777 7395
1636 1892
1927 4624
7584 6570
2075 9948
1384 271
8364 6746
2890 6372
322 2575
3462 629
4245 1749
3465 2202
5620 7736
3648 4729
1377 6416
4638 204
5833 6620
3432 7163
882 471
4846 9030
8093 8826
7028 8306
7370 8574
4927 3181
4283 2716
2267 2910
9409 5555
5336 6830
9474 3412
9942 4909
29 3565
5429 4339
9236 4753
9519 244
8775 5937
2113 6703
6370 2825
5396 3411
5868 1497
1674 191
4848 9646
1108 1716
4185 5021
4737 3800
7351 1483
176 9642
7070 8972
9862 6798
4989 7206
8523 9492
8428 2385
8335 7225
5310 1789
634 3065
4230 5072
913 9534
9782 4219
4789 9722
4323 455
85 4046
1860 4961
6595 6325
7530 2944
3556 8384
4921 7599
257 4494
1427 6811
7323 2695
9046 890
3771 2213
9116 6694
3640 3888
3137 4149
8801 8020
3234 8422
6026 450
7120 2778
1411 7376
6899 9069
5188 2493
7147 1040
7269 5077
5362 4916
6425 6013
62 404
6587 4540
7330 9567
7617 807
2452 4353
9917 2039
8473 7102
787 5480
5773 5258
8260 1585
959 3112
2808 3099
56 2572
4267 6831
2300 2383
6270 7089
6201 1327
7870 4819
1788 8864
7458 5159
3220 4307
8141 5957
3214 2530
116 6901
7919 1877
1546 2042
6176 5604
8678 668
9875 4249
1830 4399
6820 2544
8813 2501
5899 3503
3192 6189
5198 7084
3182 1350
9604 4944
3989 5556
9940 2390
1378 5965
7163 5023
4680 8161
364 6309
530 8916
3777 7370
1771 4938
4480 7916
6586 8685
1578 6887
4236 414
7869 440
3417 8230
2552 1626
9145 6039
1839 5151
7871 9220
1268 5227
8915 5225
6613 8864
3102 6921
86 1586
3950 9218
5235 2583
8490 6815
7479 6141
831 4010
2283 2551
2488 2859
1334 309
5836 4642
3714 3920
7905 9149
2767 9695
127 6006
321 1752
3536 2748
4021 7286
147 3965
7297 3860
9359 6605
3913 3075
5237 5461
733 9166
4974 5067
2463 6135
5251 7145
6947 9549
8556 7485
4048 9469
4432 989
307 5810
6907 8932
3378 8491
3166 2653
3246 6695
2559 6283
4177 7711
3601 4659
791 7488
7679 1928
4890 8851
7250 1184
8565 8203
659 3831
7930 1787
4457 9712
319 4545
8323 4995
3266 6323
1106 1192
1982 9108
2702 9855
9654 9075
2505 857
4781 177
6496 8326
6088 7021
4653 5228
7068 61
2010 4944
8129 2827
8096 7077
2872 3562
5293 3454
777 3939
8628 2065
3876 5904
1262 395
9337 2852
5375 3530
6020 3014
6900 266
6304 3656
9767 5167
476 1672
2741 4044
6154 8482
615 6175
6996 4687
3820 297
1546 2847
6216 5245
2710 7887
693 6051
3073 1350
9400 9178
8238 4530
6639 1560
9108 7802
4422 6703
313 3903
7144 6191
5385 3636
6547 2561
3846 151
9364 695
713 1627
7250 6494
7975 6643
3190 3149
7472 1389
9608 3741
1776 5657
1237 436
9288 4965
4252 2511
9575 2598
2136 8156
5105 1221
7639 8578
8114 515
7882 8253
3068 7931
5909 3513
3147 8483
5126 7275
4458 9917
8034 6359
6607 4048
5211 7761
2337 9726
6366 8035
2170 4018
7704 840
9143 3561
3289 6403
7996 4426
8080 5023
292 7346
54 5827
1622 4880
8024 6193
1684 1066
1819 3340
4829 7594
1636 1540
9634 4489
5855 7472
3510 2039
8461 4294
7982 9716
9867 1289
264 4941
7405 3168
4696 6486
9529 4143
7548 9248
8032 3316
6513 2008
2743 8881
2704 6140
6484 8561
6048 7834
2037 5544
2575 5543
1769 6235
7371 1593
4290 6921
5658 6738
2882 1989
7337 8345
4034 65
9042 5751
866 6648
7286 8362
282 5176
9450 633
4015 8539
2287 2405
7186 4193
6201 4872
6034 5867
401 526
2 262
6550 8012
5700 2945
750 1073
1701 8797
2650 6327
2546 6657
7207 3814
7048 5511
2881 7766
2474 951
7090 7118
5003 5869
2824 3998
1099 7545
9605 853
5566 6643
4112 3376
5112 5449
5240 3472
8437 4903
9129 1399
6677 5714
6455 2110
324 3217
5447 166
8008 4360
7565 1609
6979 9042
7632 8924
3273 7050
8186 5732
3787 2454
2348 7681
7138 2545
6958 7563
7719 2004
8835 4312
8206 4832
8811 7736
708 5370
4290 6669
7133 7491
5974 6762
384 3011
9877 8166
1519 1346
1957 3597
7901 7251
2446 3668
8820 61
5074 6119
5743 1878
9244 3248
3858 6431
3670 5318
2250 6950
8180 5440
9310 7388
1822 4772
6852 1284
2540 3233
6641 3652
5129 8741
5720 9820
3994 4188
7284 7408
6136 4422
1745 2099
8440 4851
1748 2642
6220 6893
2282 1498
3875 5282
6046 4727
2171 6237
5300 2506
5095 3760
2323 9301
3979 7008
7072 8134
7460 3533
8117 4687
9429 3485
7072 1182
9916 9908
7671 8702
4899 2369
2058 5880
5714 8040
8481 7159
6433 9479
5444 6295
2971 888
4698 2313
5311 194
4728 8790
1776 2652
4779 6845
316 1951
3201 507
9562 7239
7874 9990
2412 4198
4236 7094
9220 6485
556 3457
5731 3256
232 2049
7661 9884
6600 51
3736 7327
4982 7631
4002 5228
7339 2255
1890 4050
5800 5518
4103 1264
5654 5231
6750 784
7541 6695
2415 3165
1473 2856
1222 4402
643 5355
2447 8176
5636 3192
7274 3835
7116 3381
447 226
6008 1177
2843 7993
4905 7340
3480 3445
1881 5917
6698 451
8265 8207
3958 8517
2934 8977
3453 746
3995 1145
5142 5465
3407 5532
2842 2058
4414 700
9049 17
6582 4046
5402 2311
3032 6503
3727 2679
3806 7428
999 6722
3532 7698
9821 8048
4719 1648
2445 5316
7314 687
3863 4650
1263 5458
9932 9647
3122 2728
1333 1325
7977 6004
436 8994
6696 9669
6642 524
3194 2727
2007 6179
6817 8149
439 3379
5982 9528
4218 6628
572 6257
4148 247
6263 95
6067 9440
5642 8334
3864 7979
8150 5836
1676 1724
6686 6697
3459 9143
5583 458
7454 9384
6174 2394
2874 4113
9369 5358
3574 3102
5935 5187
2899 7749
1899 3687
8564 8847
8987 6144
84 3902
1984 221
1702 9291
7278 2599
7208 8413
7923 1971
5905 5207
1061 2823
8729 3566
9075 3766
2392 8965
5917 522
6358 6696
7152 1485
898 8962
2057 9764
9902 9675
2155 4137
7863 3025
4204 6067
9075 4945
1801 4628
307 8338
7290 8447
9912 8159
7265 6163
4162 1583
4859 4825
8563 6579
8537 4230
9842 603
8984 7885
4251 4741
1964 3061
83 4947
2380 3009
5210 391
7878 8514
6057 7374
6115 3446
1099 6887
1477 8330
392 2975
9309 7892
1004 9162
9546 3542
3559 4415
9547 8287
5501 6016
1142 1332
4013 6293
6161 3014
9423 5060
2269 4016
7287 7983
9538 5792
8966 9995
6997 3199
1503 56
775 5599
3831 8225
7671 9792
6006 3442
2008 9438
5562 5665
7277 3931
4186 2155
3824 3397
6328 1884
8594 6451
4832 2985
5308 2753
3789 430
7381 5382
9451 831
1980 5614
2727 9373
6933 5353
9458 1640
6657 6111
6308 8107
2917 3742
7102 8393
2685 8193
3896 5697
4809 3327
3368 3872
8949 4718
4036 8148
1703 6434
2271 1193
1842 4117
4495 8898
6231 1268
7120 7445
1787 7060
3921 659
1939 6688
2555 3714
9515 5552
7522 3689
167 6887
1172 1944
2769 4009
9679 3554
4689 8215
8463 7672
6651 2089
7637 5667
5905 4838
83 7997
4841 1187
8387 7996
5242 4118
6664 7676
3360 6421
7980 9400
607 5648
3512 8181
6499 4856
5922 4731
6950 2395
2353 2561
923 2733
5148 4772
5528 6851
5312 8291
4353 5887
5968 3898
7470 8596
2183 202
6222 6229
3577 2481
6165 6622
2439 27
1265 4574
929 980
3770 9808
7526 3224
8920 4692
5831 1242
975 4319
9866 8285
1397 9292
9531 1282
5892 5053
8764 6079
9114 8674
7148 2824
8573 7476
5494 9613
4237 6031
9504 3920
5762 8922
6660 8241
3252 5588
7148 6712
3418 5693
4262 9518
8314 1998
9143 2344
4766 9126
7804 6512
9496 9938
9963 1394
9932 7623
6344 7953
2972 5791
7124 307
9825 254
1311 576
388 401
6446 5090
7725 3218
6664 2393
595 4441
4186 8750
1874 1538
8987 7410
2187 2167
3289 18
9813 59
3522 9753
8673 8131
863 5938
9275 16
9850 7576
540 9229
7377 8477
6429 2481
7971 2035
6854 1058
4775 8298
2420 743
6828 2023
41 6439
1210 8701
8028 9427
23 1370
6434 7437
6086 3281
8869 7956
4426 9631
928 5437
1993 316
8509 2624
8683 5744
2085 4683
5650 9856
5911 5255
2691 324
7012 4181
3122 2022
2054 4484
6540 328
9681 6483
2733 9122
6290 9709
5251 2264
2356 8582
7082 5028
3745 8336
3957 9973
5237 6794
3022 3827
8654 4118
2213 7197
1936 774
5589 5633
5654 4082
5556 9864
915 6728
201 5131
3814 4416
263 6758
3755 4075
7128 536
6478 7112
2197 9716
3850 7042
7409 5367
2880 6250
8070 5734
6595 316
1991 1971
400 256
20 5851
7467 4496
1692 8432
2101 2257
8349 4222
2874 1280
1511 2556
9398 1802
7374 9314
9224 9575
1438 1489
3230 4260
5577 4626
8944 2572
8012 4175
1913 4835
3696 6056
719 8239
6347 4964
1332 2659
9943 9125
9397 1049
1979 2725
4991 6667
2997 5666
5138 542
6217 3492
8126 8107
9987 5255
5226 7435
3976 170
883 9503
3387 2706
9649 9913
9899 1227
8118 3371
8361 8973
8671 874
1528 7671
1597 6974
5213 1914
6157 4953
9030 580
7555 3089
7431 3816
3606 9804
7487 6711
5172 5735
2025 3741
3126 3795
3102 5978
2463 7500
7576 8059
8942 295
978 5444
7938 3848
9579 829
7597 7566
665 694
9377 1451
2154 3144
9384 99
5749 2778
3040 80
5391 1853
2882 6575
8698 3012
6035 5884
840 7219
3652 9333
5069 7490
8628 2669
1298 8670
8854 5823
9350 9694
2061 3741
1983 4989
9971 9780
7246 8344
2041 2014
7809 6917
6297 6915
6145 9438
4951 4844
1036 9673
6310 9191
5309 2565
8263 5776
3719 5107
971 4114
5265 7886
5930 5530
9147 5625
9565 9795
5806 6948
8933 7956
7010 7850
4334 1554
4889 4091
7518 4563
5656 5456
1368 6673
9638 3360
13 614
429 9950
6754 2794
8142 7485
8140 6727
4737 7457
872 7557
1321 4723
9959 3399
1622 689
1862 9120
2692 3199
8380 4723
801 8286
5901 55
732 615
3756 9475
1833 4197
1469 283
5313 4828
632 711
6758 6537
1129 6028
1908 6744
9316 5786
3234 9740
9733 1442
8856 1727
1142 9953
491 5734
5418 8797
1940 879
2343 906
1678 2346
8801 2762
142 705
7344 7007
1821 6197
7875 3230
1905 3479
4350 6322
7434 2128
2767 5258
6968 8318
2927 5120
6201 5227
2228 6215
2800 7979
114 144
1841 4562
1985 8697
9145 9087
8058 3779
9483 2953
9836 2782
2133 9157
8123 3475
4961 6481
4904 3198
3607 1328
1067 5958
9696 5379
6300 8138
9493 976
498 9321
7878 4577
4659 9214
1254 9499
6906 5623
7524 2041
7686 9456
2341 6581
7631 4465
6300 9347
3091 4336
9163 5754
7135 5892
7027 8544
3033 7096
5688 9473
1258 2104
1888 5675
4185 9516
9418 1320
6562 1310
4459 6297
6278 5896
7795 4684
1404 4927
5438 5066
6453 3078
3783 5840
6749 1857
2311 2231
7277 615
2091 3522
718 4594
8035 6068
8472 6279
2583 907
2648 348
1924 8189
7568 4219
5364 6301
2648 6434
5436 3242
7842 3971
847 3045
379 9007
655 5516
4270 9754
4515 72
5154 8763
1732 9519
2308 691
9890 2407
5567 439
2660 3432
3239 1483
9965 1389
9046 3133
8441 5079
9726 7548
9222 6989
8973 771
1936 7011
9406 1621
6997 3878
939 1206
535 3730
4608 5444
5375 2336
4444 97
7423 464
8977 9230
624 334
8106 4485
6570 8388
3532 3043
7634 940
8821 6048
8189 6896
4225 3084
8835 6848
8668 6328
5999 4655
6130 8447
3939 555
257 6767
7368 3255
192 9591
3267 2839
9177 638
9250 7687
369 3085
4038 9207
7609 795
7387 5911
6525 2100
467 1035
2041 3893
897 3308
6076 5894
9584 9595
5540 100
8196 4706
5753 4522
6632 2297
6534 7675
4950 1202
5329 3375
9126 9202
7804 4872
702 7596
3972 6592
6775 8987
615 1952
3744 3899
4835 9359
460 1205
5289 597
1654 8662
6000 9851
9637 6698
4421 9970
3834 5674
4112 5276
3766 4464
6771 698
8041 3842
9275 4595
181 3283
5417 2254
7745 1634
7370 349
633 6780
5250 4486
435 6149
8632 2318
9980 4078
4235 5108
8577 1715
6754 5160
6106 5061
4224 4342
2608 9103
4134 1011
1167 8839
3027 9267
6231 2915
855 7124
1500 1364
8597 5722
558 4020
7126 6152
6771 3544
5418 4168
2463 4258
154 4087
8966 6245
7225 1120
3608 7909
4745 6563
4939 4523
4281 8034
3335 6963
7548 3576
3450 594
6453 582
4444 1335
7966 9804
4652 2748
2969 4560
1865 2617
2173 3165
2302 837
4402 2811
7973 5642
807 4311
1052 116
9680 2000
7508 4310
5566 2941
9045 6746
5047 4782
7696 7202
8516 2221
8173 8223
4313 6337
723 1997
2767 7487
8790 2569
5949 1148
6714 4368
5014 8244
7157 3526
5771 6960
6755 2240
8545 1000
6467 302
5645 2373
7647 7432
8300 6577
6713 4740
2544 6606
224 2849
4804 6687
7058 5988
32 5623
8411 1116
6040 3196
5036 6180
7294 6744
7527 7108
1305 8572
7175 7108
3005 9872
2780 7935
9977 4475
2483 2256
7392 6460
3189 7083
6511 9491
5462 3546
8606 3103
5437 4738
3090 3205
1556 1250
2190 7849
8981 6312
9945 4445
1124 9280
8491 275
4860 2457
8321 2080
9905 6342
7968 2367
2837 5774
5494 8526
7974 1136
5179 9881
2036 3446
983 114
4624 5589
3182 2986
4544 8079
7942 7599
4320 629
2521 7841
1938 8012
1590 4018
7238 5258
7697 7370
724 3725
2363 68
3318 809
9164 2825
6771 1884
1516 2631
7718 9088
466 3565
2493 1724
6548 5270
7694 439
3581 5471
419 8170
9964 8391
406 6993
1161 5810
8 1886
8898 9466
5402 1945
7700 5666
6015 4280
9014 7400
3049 1271
8270 2167
9248 1269
4967 2198
4545 9179
3722 1905
707 7816
8265 3073
2725 1870
299 9739
578 259
1105 546
7815 9605
6775 5337
3691 6190
3783 1337
4253 9903
4279 1003
3564 1404
4834 3828
255 6900
3460 6106
4741 235
7487 4070
6006 2549
8987 9672
6825 5969
8682 8129
4207 6736
6170 8034
3692 561
4483 2463
3126 2363
2928 7775
6149 7510
5290 5282
9739 6406
464 6879
4285 5653
1571 8809
9327 411
2270 8926
911 1821
1283 3452
2743 6399
48 608
8677 631
160 4700
1288 6208
7101 228
993 7335
3300 7942
697 3702
6561 1556
3809 8475
8393 2431
7283 1220
7735 8641
1384 3529
5518 4582
2787 4069
8669 6408
6139 6066
2128 2934
3319 3441
1811 6225
6833 7539
9153 851
956 8487
5963 8972
6946 5153
7877 6186
4150 5282
5194 9092
9 2170
8063 3395
8360 6439
5749 2798
4370 6072
3640 2032
4695 322
5333 9928
2923 7310
5336 9725
9978 4894
8163 8684
2966 7914
7034 8959
4012 6892
2027 5340
8517 6116
1276 2951
5720 3000
9645 9349
6637 4795
6700 3550
252 5480
1511 7838
3171 620
2459 792
5142 4846
2859 6487
3169 76
9293 1715
7481 1091
6015 5516
2641 4538
9367 6023
9481 2236
2072 1490
2560 48
2191 4388
8522 8967
1277 8374
6460 7185
4912 5881
6788 716
5098 9699
3638 3562
2770 6009
8161 9597
185 746
1601 4994
4389 373
9197 3432
4170 7528
4048 4331
3383 5015
117 5969
2636 8597
9691 3137
7097 4226
6408 5323
5137 8737
5226 6247
9053 5429
5704 3230
557 8648
152 7983
9258 8839
9082 3903
8343 1948
9376 7408
1926 5177
1985 2412
3511 703
899 2159
458 4457
9686 9215
5829 7528
4480 6921
930 7451
6723 4312
6848 8346
8106 180
3162 624
4546 9141
6628 4914
3590 4707
5473 9056
306 9804
7522 7543
377 1745
6505 9777
3762 2717
2843 330
8029 1826
2516 2815
4180 1122
9717 9189
5932 6407
5896 3875
4571 1215
6468 750
3395 9160
5772 4383
4668 9140
4513 9810
1872 5449
1432 4270
5696 7016
9687 5500
8036 2599
5496 8838
3696 2301
4624 29
4178 3098
2825 7591
8199 5361
9499 5331
3917 1699
5802 4522
4531 408
5897 6708
9213 1084
3228 8628
3268 1780
9355 6497
2058 8364
6130 4962
1979 5087
9397 1270
2751 3090
7697 2093
3212 365
9630 2454
9000 4935
9281 7349
2508 5869
973 992
52 4094
9433 3479
8866 4646
1469 9951
4659 9349
6358 7529
3929 4444
5833 8419
1064 5683
3508 8842
7980 2682
8464 2762
5127 8458
9891 2501
9801 7862
8065 9388
7047 6868
9139 8492
2062 2642
2512 7319
7330 6422
263 9614
5647 6007
2175 1113
992 2481
3926 1523
5629 553
4741 1652
8079 9070
6661 828
3055 1336
5002 73
8877 5808
1181 838
4333 8186
5208 6320
2747 4851
4763 85
8687 9940
6923 8235
4219 8512
4522 107
3954 3760
7474 3384
1315 8872
6362 5056
7954 4550
6043 9198
6664 2710
5628 4024
5169 4325
7354 9468
35 4928
8228 2194
5758 7656
818 9326
7807 4660
4565 3494
8590 675
6617 3226
4392 4893
3816 1700
3287 4500
9096 2573
5084 9308
4164 8792
4111 5476
8841 1696
8142 3169
630 1514
4017 4982
6503 2214
1566 9841
4155 5128
183 9988
6624 3101
401 4543
6513 1356
4464 2407
3974 5578
3230 3285
5657 8970
3099 5533
4489 8607
2799 7673
807 2335
9802 9954
2718 4103
6236 843
2736 5301
4800 1514
2123 6214
1555 7219
8906 6732
4803 2850
935 4602
3794 293
7791 3856
6634 1476
1550 1918
778 3118
7001 839
31 8817
2523 2532
1710 6501
8487 1969
109 8134
2700 2344
3921 909
3847 2696
4498 9450
5681 209
4843 143
6713 7455
5902 7163
5597 2017
436 6258
9938 2133
5970 422
7939 1682
5239 7781
853 8257
7506 6830
9001 2248
9232 3872
9099 2180
6291 5138
5576 9267
8030 9945
4508 588
716 7113
6617 3115
4961 250
7412 8525
1912 3302
9433 7604
4028 8413
302 2935
131 9782
4277 7194
5971 6050
8171 4101
7192 9790
2318 4211
3038 1285
7388 1610
8121 9503
8086 113
1092 9355
4115 5443
5158 2900
2769 5967
2528 6034
3110 9481
6707 5616
901 4897
6591 9062
9180 1726
7719 6099
7609 6678
224 1784
8189 2845
567 7411
2473 1575
5954 7991
1221 4811
8319 2549
5295 4391
472 9417
8785 810
6808 6147
1387 594
2120 5935
2367 9411
9890 1044
1740 8272
5975 8806
8514 89
9132 6569
5253 3601
1118 3827
9308 5258
5638 9883
5000 6223
5480 8900
6162 3534
3701 2304
733 7217
321 1315
3899 1544
8271 7366
5996 4884
8968 6595
4368 1474
7930 9460
894 7106
3965 2387
2813 3427
2449 6189
8063 5260
1123 5496
7550 6954
5918 7453
5151 1649
9230 4100
9251 929
592 8876
7979 8967
2662 5699
6972 3052
4519 6888
7224 4110
1682 9466
3484 2937
4178 5772
5657 274
8493 7913
3433 6976
3703 8014
1171 3735
2613 8680
9226 2770
6955 4826
8991 9004
6934 154
1399 92
677 6825
1768 7435
2562 5886
9693 2690
9439 847
5464 1173
2412 5547
5223 3958
6884 8758
2911 423
5255 4129
2869 2816
371 3525
6092 5177
6075 6268
4184 6980
938 1549
2945 1291
7232 994
2995 3761
2539 2919
4338 504
2081 81
331 8174
7626 9065
8886 1716
8298 2948
168 8398
476 4192
4452 3040
8506 2685
3329 2714
5960 4885
6759 690
6241 7561
7027 4699
202 9690
7562 2127
2610 8721
8939 8270
3659 203
6044 947
8178 6693
4486 5263
7641 3472
9805 3525
2855 1104
7159 7825
1077 8567
6591 806
1225 7321
5281 9874
9471 7515
8181 9696
2051 1437
7673 2745
6524 4514
5110 1320
3714 8568
1141 265
256 9240
2938 3533
8580 4763
7470 9597
1444 1526
9419 681
667 9652
7697 3660
1584 9375
5766 7709
9175 4315
393 6436
5569 79
5975 2310
8575 1969
4759 7824
6052 4604
9952 2972
6488 2032
4218 3187
3176 2759
1377 5007
59 7263
2486 9419
1744 8409
785 5210
1363 7037
481 3425
6142 6488
2515 6802
8364 5043
81 2374
7545 4609
8897 7798
3909 7781
9103 5749
4871 2541
7157 1197
302 5967
3126 5141
147 606
9098 1117
8762 2697
9283 7782
8136 7840
8399 1728
1198 2148
7894 6352
9635 1242
2179 318
9648 6204
6096 8105
2276 1932
506 8167
6040 5094
3283 7661
9853 5761
5830 1240
193 4577
1477 853
5889 3196
3134 4035
6552 3078
9820 1459
2262 5868
4650 4809
4540 4250
3570 8594
2531 9561
4931 9473
4940 5657
1506 4344
7794 3126
1255 7887
43 4314
3064 2484
3038 751
180 6512
7599 5679
9301 8162
2518 2538
856 7434
9197 979
8905 5412
6968 4936
9143 4510
430 9020
9254 1592
2630 8850
2292 3863
8669 7032
8051 8102
3316 1086
5173 1642
870 6097
9430 5777
4519 2377
6227 5254
2520 5627
2808 5603
1590 6331
9047 5955
2804 4386
8693 9874
1965 2696
6942 9988
9195 1503
4921 7839
4405 4267
4454 5319
5890 4305
1571 788
493 8027
8478 8593
4945 8086
7061 2531
8947 616
8137 4324
1887 8561
3009 5579
187 8445
2587 2426
9704 9043
4749 9636
4102 2381
6410 4937
8359 7268
5536 1151
9756 935
7293 5198
3275 8088
8322 9192
386 7651
5376 6884
7141 6284
2719 3030
260 9796
8990 828
9944 263
7108 8151
8716 8613
4885 9236
7896 2780
3952 8022
3368 446
5173 5058
123 3972
5364 4471
2407 5807
9584 2872
5802 5670
3683 6039
6828 2785
5147 7231
2608 1377
2194 4830
2825 1770
6475 637
7577 3790
4664 6990
9381 5879
4921 9713
8836 9344
1423 2531
3398 1936
8622 6707
4674 2341
160 1506
7991 4649
6391 1175
884 6595
5339 7420
8451 3693
6113 2968
3439 5021
8268 6858
9303 4867
1693 1406
2779 2958
2806 8800
8115 7051
6013 1978
6447 4059
524 9723
5689 4479
2501 1927
5047 5491
3154 4293
5708 356
1130 2633
8478 8447
5440 1454
2322 3736
4518 2015
6579 6372
2495 850
2546 8339
2369 721
6840 5133
7065 5911
982 2344
2425 4228
989 99
6652 2813
9226 3026
5370 3283
265 6471
5751 3582
9930 633
5206 5589
9025 8596
9180 8701
2871 6765
5071 764
4495 3903
3868 3864
771 4663
4727 2081
2123 2520
5053 4264
3215 3228
7318 3115
1301 2073
871 2942
1012 555
7427 1623
2393 7571
6705 837
9398 4780
2873 9310
888 6341
8905 836
9410 5216
9924 5124
8757 4839
5625 9179
3377 1301
161 132
3797 3960
6546 4306
7330 2321
6945 6263
6254 405
5300 7887
5412 5844
3237 9052
40 7459
8659 4526
5288 8072
4899 2094
7326 9666
9747 4760
35 4290
1967 8275
9086 6921
5197 8847
3945 6496
7554 6265
1236 9614
2392 7421
5587 4186
8231 4169
242 7757
9679 4954
665 6018
6632 7830
9547 4766
4065 2581
9048 134
4405 572
2403 9889
2011 9239
6509 8907
8876 899
5504 8002
4144 3717
8504 9889
7745 1690
8299 8423
897 3036
6346 9971
2472 5598
2623 1950
565 5797
6790 245
4277 9507
7577 7314
2466 9808
6195 518
7266 1863
5782 6021
4001 2282
4951 3406
9401 6259
5655 1573
1933 3913
8669 6718
1477 123
8303 56
1748 7452
6416 5684
9829 5355
9107 4737
6052 5037
9613 1142
8585 9529
1913 1419
1007 5696
4917 1748
354 2968
8105 7482
4871 3459
5112 5752
549 544
3934 8543
9313 3710
8202 9958
3641 9032
4966 1186
614 6642
8257 9502
4900 4367
7853 3943
6893 7868
372 1271
8497 4668
4565 9564
2146 5904
6669 8083
6220 1362
9665 9766
7938 5599
4008 8944
4755 3728
3141 2249
4652 4547
9281 8899
4119 5627
5255 7055
5648 4064
4985 3212
152 7219
3073 7149
2243 5443
1553 5094
5693 8725
9404 3635
6089 1908
6621 9317
1993 6581
1733 3498
8345 2773
4867 168
7894 8865
3483 1861
3869 434
7737 5686
1629 8275
7726 5202
6222 5440
9321 4770
3547 6589
6162 8232
6651 6128
9583 9641
1902 5500
7129 9177
3619 1930
2921 4833
6230 6134
9516 1711
3333 6468
6166 6682
5508 7774
978 9135
4759 7035
4551 1630
4173 1741
8455 1883
4460 9958
1073 7009
3431 1432
1398 7721
2796 6632
9193 7315
6713 6894
639 895
1791 1420
6357 9867
4431 5497
2273 1961
8593 4392
7313 4027
1492 5178
5552 1310
8240 9916
39 6592
8054 7662
464 5936
2649 4098
3301 9089
3158 6061
4311 1178
3262 8381
7019 4093
5044 1271
9454 1010
5154 7596
9402 7039
9142 2343
128 166
9450 7926
4501 2971
7569 9026
2186 2016
9053 4028
8067 272
1566 7366
7993 1620
8181 6780
3002 1253
4022 3181
4638 8063
3052 1242
3029 6253
8758 5001
844 4599
4591 4886
9519 725
988 7335
3720 6287
4894 490
997 4787
6455 2094
7224 7041
6969 1595
3048 7702
8714 3839
2724 803
6276 7029
2456 778
1416 8580
3960 261
7251 4577
1801 9635
2745 4834
415 2543
2478 4257
8945 1198
5444 2057
7177 6261
4126 2879
9543 3221
2 7360
9093 2148
973 6643
6182 937
7313 7371
407 6100
6186 1484
9383 2663
14 1159
9395 8053
8258 1747
4106 5366
7721 9018
6111 9796
1287 6461
8045 7189
6948 9941
6293 2789
4637 7687
9506 1407
7524 7907
1902 4311
2327 842
3485 3144
8494 7385
3991 517
3694 646
6836 526
9963 3766
7839 7329
9050 6840
8813 9466
7300 7490
9783 5257
3158 3558
4818 6335
4133 9376
2512 3428
5471 3423
847 9335
2029 9117
6256 4627
4085 1309
5218 6491
3420 6096
9613 7474
4921 4916
7162 4969
8964 7674
5503 4854
2301 2722
489 845
3257 1269
1970 8382
5302 1599
9186 7242
6928 2071
6801 4643
8957 252
9562 5328
5634 925
908 2586
985 5077
4074 8357
6282 914
6498 1966
6102 5585
4667 878
8322 3479
1735 184
5744 4862
2184 2565
2938 5754
959 6569
4872 2263
5663 6161
6145 3425
1280 4236
5933 3600
6432 8771
8329 5790
8531 3270
3204 4405
1451 9413
5302 3626
3748 6103
945 8256
1254 5499
2447 587
2141 2697
9803 7170
5573 9283
5884 4880
8174 3613
1275 5463
3055 1030
9189 7985
5831 546
6604 8916
1023 86
9145 7905
1804 4992
7292 5802
4128 6560
5524 9470
6112 1286
8297 3474
2544 6553
4087 4733
9210 9873
6501 4240
4013 5123
4851 3520
9346 4727
4035 8769
2026 2726
3917 2561
9396 6757
6118 1423
9275 2425
3180 1974
4347 5782
5240 9465
1844 2872
9142 8077
1847 6253
5728 2285
6541 7565
9366 7406
1479 4983
8106 1553
2624 7097
7800 6302
5583 5099
8915 1090
6201 6441
7291 968
9123 107
2298 141
5621 2307
1293 1907
7401 4819
6816 3060
8835 7400
3858 9425
9819 1030
5208 7638
4629 3154
7325 9691
2738 8038
4055 9898
9007 1988
1573 231
2283 4443
6740 9841
3639 5167
5633 4116
5141 8296
9385 1992
2339 8665
6812 6010
865 4250
7935 7077
6301 6805
2689 893
1504 3594
7782 8456
2050 3087
975 8969
2088 6136
7274 8921
4414 6078
5317 1380
7215 2287
7070 6638
6369 195
8022 3984
6398 8374
4389 6851
108 1238
9735 5688
1150 5963
1427 6929
612 686
6716 6367
6446 8391
8736 5209
5054 4903
350 4118
5418 8094
5844 3624
7584 4602
1943 2149
2677 9806
60 5699
2678 6458
7475 7487
3616 6716
9123 282
3946 8899
5152 5888
2464 9500
1097 1254
5963 411
4830 8719
1499 9704
2239 6780
9094 5539
1168 2030
9451 3045
3881 6473
4303 8981
7689 8919
1065 1219
1738 1973
5769 9636
1343 414
1442 4443
4490 9186
601 1393
715 7651
2949 3136
2915 7324
6294 7778
2023 1887
7203 9392
511 2553
7115 3386
1949 6931
9837 67
8731 4408
8195 821
222 5374
185 4328
1383 1251
3756 6874
4504 3190
9629 7260
1428 7262
6804 3689
1102 3515
3522 5220
8675 8135
9039 3085
4372 9593
4385 6431
6924 7830
5838 3945
2336 7188
457 5367
180 1724
5816 6476
2330 4571
9526 1422
2821 1061
3492 782
6748 4215
7451 5411
4666 8808
5469 4706
1793 9114
6537 5036
959 6787
7805 4276
841 3459
5701 4875
5029 8961
4609 6234
8916 9574
7109 1036
8939 7830
2539 2933
5122 6006
6739 3666
8373 7070
1450 9118
6841 9277
8520 5151
1625 4227
6339 5803
1310 1072
9553 6810
9885 1542
7835 5497
4810 7773
1758 9976
1562 8259
1883 7137
1094 6365
6717 5141
8139 6255
7802 3237
8559 836
6723 2378
8446 9515
7830 5313
5490 7918
3379 7030
8657 3728
7531 236
2080 4562
6084 9863
5445 2753
4713 5846
203 5392
9246 4192
5295 334
7746 7530
1335 516
1917 8242
257 6781
5048 2027
4233 770
1132 3509
8789 8529
6067 5544
8411 6857
6091 6285
3650 3637
505 7529
4485 6259
3418 2695
1300 3887
4900 4433
6789 1632
2923 331
2760 9903
815 6364
4376 304
1363 7209
6332 6575
7016 7248
2238 8632
9464 1086
9123 5714
3935 8221
3033 1145
7140 1582
5391 4310
6117 8687
9501 5470
8624 5641
6757 2404
9246 9800
4785 4155
2889 743
5404 7053
1887 5544
6285 9057
2047 8638
1405 2668
5935 7783
5466 5990
480 8360
228 7960
2170 2359
4756 8879
8017 959
6077 336
3961 5620
9066 7128
453 9332
1831 8094
6442 9509
4972 5080
563 9248
3108 2887
1550 1610
7436 7904
5427 5275
6422 4759
9621 4365
6477 8170
9297 9971
3475 6439
8339 5219
3911 8491
8504 5074
3890 185
8303 9978
8336 3779
2712 202
9755 3703
2766 8810
6339 6105
6465 9674
5755 393
7851 1158
9885 33
9941 4696
8109 926
2738 970
6682 7368
6729 2709
1825 9007
6832 9660
764 1028
7155 6510
5752 4241
2740 2316
4468 6214
8381 5960
693 5201
9969 965
6230 4169
6640 2833
1805 6247
5641 2620
5945 5218
7482 1267
807 5781
7010 6206
8004 6303
7096 4018
61 1143
4869 5459
6018 8202
1372 698
8009 3363
2393 8255
4014 4021
8935 2963
9608 2136
6236 5789
7703 5469
6719 6383
5386 6224
1130 3460
9933 6505
7530 5736
6255 4799
5139 3060
9777 2282
9729 2948
7755 6083
2233 8231
3224 2730
942 7539
5602 2868
111 4946
6345 239
8605 7565
1964 6995
2587 8243
6186 502
1502 9718
6738 2092
1220 3698
6486 4682
9584 5866
1870 9525
6723 2242
8761 844
2184 5491
1118 5615
2598 8350
7521 6090
9144 8832
3586 5234
4792 1790
2015 8106
6375 7326
4041 3170
106 961
2820 6893
1183 3537
1671 1342
2349 6178
3236 5599
2873 872
8226 4669
2661 8550
1397 2291
1603 8078
5583 1121
3127 4026
1600 7064
58 7637
8313 3109
875 9526
2879 3048
2911 138
6042 1136
618 606
7197 198
3830 4758
1952 8642
2544 9309
6889 6221
6498 3193
9881 5284
2826 7898
4290 7189
1706 1423
8918 5578
2217 2916
6987 4287
8103 4092
139 5745
3517 8344
4136 1013
8963 4001
7789 8947
3371 4439
7903 8701
7834 8934
34 6527
1799 4658
184 741
1564 9248
4116 7875
3322 9744
6365 1253
2649 5610
3982 9396
1036 1204
8330 5602
1443 7837
3469 2194
9338 5769
8941 9047
2143 4202
6943 8999
6673 6631
4870 5355
8931 2923
1335 1622
5072 813
1464 4655
3497 7464
8038 3277
3770 8646
3942 2415
2570 4174
483 7397
2321 2198
9990 2878
6484 4391
1524 494
123 4444
3633 8636
1844 5670
3506 6582
5281 3632
6048 5585
4444 7145
1144 9041
8666 4643
2368 2144
6909 2663
2580 1807
8724 3299
9710 2359
9246 3474
8052 5738
1307 5398
1164 8123
3251 8212
8010 7431
847 9675
1418 5790
8213 5075
9320 2658
5138 4702
4364 7115
7536 5694
2244 7780
4983 9411
9802 7302
6256 1967
7301 6206
2292 2776
4267 4685
6067 5464
1555 13
2880 949
5432 5947
8537 680
3146 3974
789 4748
2431 1490
7430 757
7799 168
9774 875
493 8830
3342 4625
217 1278
298 4278
4786 1286
136 1048
1313 540
631 7407
1681 1052
5820 2509
3330 3903
215 5568
8796 3993
5572 3442
3905 4736
5822 3758
3435 3780
1502 1326
1525 5119
4865 8821
8102 5178
87 2262
231 2521
2040 6383
9798 2052
9153 806
5779 8275
6940 6415
1768 2390
125 3559
9973 2510
9353 8368
9369 3547
3922 9433
7389 1107
6493 1512
90 2764
3076 5719
6715 5686
3910 3817
6877 4600
9212 7895
2978 5669
1384 524
5925 2235
4438 7433
1032 6104
7268 3317
3322 3673
3854 4885
3940 8480
3730 9700
4242 6945
1074 5199
367 2521
3415 8432
1784 7692
210 9956
4995 7305
6303 9787
7161 6572
9315 2380
8398 8321
1140 6019
802 576
6103 1128
5407 1929
4435 8140
9011 1724
4117 7458
1160 3397
9918 6776
8814 1187
6375 1201
1130 932
9205 8641
9543 2607
8918 6404
907 3677
8795 8731
2469 6324
304 1220
274 6114
5622 3349
4367 7410
9730 260
1017 7294
5551 5670
9648 8754
2894 8626
7802 5944
6958 7105
8916 7430
3894 9269
546 3968
2862 8339
8040 3258
9582 9678
7985 7727
3694 9905
1420 1319
3437 7417
5176 312
3406 1181
6548 7804
1516 8091
6008 7915
3470 4800
4802 5317
5413 5955
8649 7694
5010 734
4078 9350
1124 1146
6384 1524
1504 407
9358 14
7209 1589
7847 9768
3407 8402
8317 4855
3188 6511
1368 5168
4281 9649
7031 5025
2791 9730
8242 7180
3497 9873
75 2604
5655 4204
8882 4853
398 3721
5447 9629
8059 7612
2123 9600
4166 5175
7487 708
3595 4564
8462 1243
4227 5672
1735 4062
1089 7605
2498 1308
1961 495
6659 7007
8827 5656
9532 2503
6253 9723
6957 6085
1046 3713
6071 3382
6039 3923
5823 9994
3972 8076
2094 5760
3776 6410
3828 9312
6871 8114
156 7844
5028 5517
9387 2116
7987 7250
8770 8157
9681 9505
3300 6925
5951 7722
4833 8509
166 9992
96 7947
5636 1821
2027 9283
7492 5674
628 2874
6652 5115
3526 4071
4352 8974
9126 9598
9796 174
4360 5354
2926 9360
7518 6679
6602 6569
5259 697
4247 5530
5238 6012
1678 3753
1946 2121
4003 2861
7482 6017
9860 4869
626 9721
4175 806
2616 1651
3345 8208
4770 6005
5400 2123
8817 2087
6569 8211
3034 7902
9710 4349
4118 7393
487 9077
5535 1588
3505 3014
4539 233
6373 6309
8149 2815
6375 9082
8678 20
6830 7019
3283 3679
627 8519
3488 8979
4819 4012
2210 9137
1023 3254
7522 9661
9267 37
3950 1450
2179 4153
8233 9925
2080 1053
1267 1307
9626 413
6483 424
6896 7525
3600 1885
3460 5991
8767 2637
426 2601
1815 2580
7342 9769
6992 4612
6548 4717
2298 8062
9675 3819
4730 1386
7275 5682
607 3315
750 4164
2179 7697
6251 7024
6989 9828
7885 7536
2387 8073
4546 668
4876 7773
1839 5512
4340 3292
2001 1569
9401 324
1630 2063
98 7995
8602 104
1615 8425
9238 1202
2043 5396
6530 5602
2942 2198
6051 1541
2223 141
4160 6057
8167 7103
534 9498
5776 967
7116 7413
2781 6464
2545 5418
8659 637
48 9939
7301 6643
4086 7387
6813 5188
4970 8285
6662 105
8699 7162
4471 7067
9416 7798
4362 5838
1512 2608
2730 106
1305 7644
2474 167
8278 959
7139 7172
9394 4182
6214 5028
9089 4308
4319 3398
6326 3414
4650 5088
5047 8004
31 7607
8285 7606
329 5230
3767 2000
917 6008
8878 5324
2774 2459
7026 2291
8053 6308
52 7831
3797 1712
2333 4752
4229 1118
6715 8657
1710 7103
444 3094
6716 7031
1987 5501
9722 3091
7256 7502
6102 7606
6012 1527
4675 242
858 8329
1469 7568
5656 1417
7080 444
621 2723
3793 4048
8237 7698
2406 6410
767 7109
9665 9421
5023 1486
9807 1217
5280 5356
9055 104
3081 931
6135 703
8432 2117
7904 380
2757 223
993 9802
7029 898
1129 495
7279 1869
2054 3078
9042 5188
8530 9757
7861 4991
8141 4749
897 193
726 3729
745 8786
4915 2246
9226 6220
2289 6558
6253 5823
4373 7408
3401 8033
3264 6399
1845 3397
401 4037
8955 6871
8276 8669
5992 8482
7944 1082
6496 6222
4031 551
1263 5705
7486 8603
2586 2609
9076 6232
228 9995
3944 2577
685 6643
1595 2166
1620 3600
3084 1405
4092 9347
9450 9663
1645 8972
7908 1788
5634 6665
7612 4827
6288 5724
379 8642
5462 888
5710 4735
5999 7320
1629 6545
3140 9692
3052 8278
8815 2561
4699 9297
5963 4283
7608 1735
9159 865
4356 4775
2489 5110
4339 5892
8239 2175
3133 8288
8736 8438
7234 3622
2034 8394
6202 2084
4036 9313
7737 6371
4587 5771
3426 8133
3163 324
323 5530
8427 9397
2302 5935
75 5095
2711 4564
2497 5894
4649 8263
350 5118
7380 1826
3792 773
4609 7166
8048 8181
2390 9219
9884 9428
3620 4861
255 1873
1581 1916
2940 9196
8036 1976
522 9875
9485 5743
6953 3125
5587 7597
6083 1781
920 5543
2605 8653
9527 6948
2316 5756
2901 3208
7141 5390
4422 670
5101 9078
4588 7889
1439 2362
618 4503
3180 3915
5079 2779
6844 4816
4175 2821
6306 9694
6019 824
3662 4998
1055 6280
5149 7051
8204 7158
4779 2094
5516 3546
3064 9512
4787 2188
9447 5443
6662 7983
5859 3765
6555 7882
589 75
9952 2115
1217 2830
1495 5978
327 8628
4639 5952
3381 7205
9550 5523
7953 9720
3370 2103
9795 3754
1287 818
3593 6747
3066 9907
5525 1605
8909 9856
6449 1145
9979 6092
275 248
9627 4785
2027 6458
8665 8511
8329 7775
6575 8609
9275 3072
5572 1544
4420 7265
7435 7942
409 8901
476 9433
7669 734
6639 7059
60 4304
9332 4338
2828 8512
2912 2224
367 7182
9106 649
5805 7756
5236 2852
6863 6010
1181 1713
8718 5216
5459 1966
6970 1879
910 6325
9718 3876
5399 7413
2913 4978
4063 9547
2944 5147
844 7372
9622 5506
9374 2338
4725 3744
8752 8930
9518 890
7162 934
8341 4555
7427 1579
6832 3843
9764 8377
302 7068
6744 1210
5236 4324
9391 1993
18 2124
7122 8937
9237 9596
5329 7119
9781 4704
5959 5325
191 372
143 6523
6509 791
2976 6180
1584 7999
5764 7386
4432 2585
3782 9895
5354 3546
5770 7010
4408 2279
2278 6890
7871 7310
2798 1842
946 8704
8078 9865
8323 4363
480 4741
4330 6599
2541 9771
9454 9965
3264 8061
1840 2175
3574 7632
2503 1560
178 1865
725 2929
4861 5924
2153 2941
3898 6753
2446 610
9368 6588
8721 1093
8000 8230
5231 6096
8174 2885
4941 8450
5341 8309
5697 6499
5963 8041
2478 8642
828 7522
8861 2414
9098 5003
7110 861
4105 3007
334 5276
1481 3399
8491 5076
1125 2084
8034 1749
7160 9877
8337 5506
175 3286
5433 3928
9977 4533
8627 2348
4267 754
9972 1265
6401 9554
8475 7906
7055 6192
3303 9106
3589 9537
3893 8397
5649 1042
4950 5195
7806 3296
3440 1025
6330 8116
1819 5683
309 5001
6492 3194
485 6411
6542 3342
3478 3534
315 1728
223 8104
1963 8871
6337 4764
932 8885
2440 1540
4575 7045
7092 9034
683 9523
4977 8963
9675 1143
9601 6329
8378 9904
412 4771
6463 9961
5102 2243
8187 587
6575 9931
9615 7023
9552 2013
1259 8766
6688 5966
7105 4247
3198 7735
9288 220
4665 4536
7437 441
9876 4328
7939 2401
8725 8093
8491 3991
1724 420
2207 5591
7777 3822
8776 7087
2022 8120
8991 8461
2283 6229
9137 3734
8129 1450
7659 5887
326 9589
9877 5340
8815 7963
9275 35
804 6717
7254 1276
6340 278
6458 4247
9050 8436
2712 5546
8807 704
7556 3686
4239 5883
7857 9845
9680 3847
5495 2162
3884 6160
6615 4820
728 3461
501 9304
9580 3559
1268 5931
1483 2925
3856 2817
7341 3008
4757 3685
8600 4090
7325 2973
5294 4406
358 3704
3631 6612
1329 8327
6398 444
4855 582
3185 7436
86 1286
2899 8959
1577 9192
180 9724
54 8343
9248 9864
7905 6050
4156 1369
6926 6742
2316 8009
8692 9892
4210 1155
4605 8692
7218 6461
5081 3733
3873 3409
1298 5039
9819 7706
3402 7543
2451 9880
8208 3823
1445 2735
5842 5224
1015 914
7228 9620
6079 4616
9103 7772
7614 8409
1421 2603
2906 4423
7329 5990
1225 1947
2939 7880
3913 2634
4633 8173
1180 532
8321 4939
8977 8122
5323 377
1054 7273
3467 4189
2585 791
1595 4709
4742 4745
2808 5057
475 5070
7843 7339
7167 8652
3864 821
7136 4997
7467 7230
8116 1317
1918 4528
7944 6923
1615 5913
6084 2866
990 8915
8719 5403
9085 290
511 1512
1376 5130
264 7767
643 9291
1750 5897
8107 8986
1766 2350
2292 941
5598 4271
6826 4018
509 7352
3540 8364
9117 5824
7386 3868
4853 902
7831 3384
619 698
5913 1226
5959 2677
6901 6344
5426 3237
280 8139
4669 2265
8361 350
7470 6182
9050 7189
8901 820
9805 663
9326 520
4450 2506
2719 2158
1102 4666
3136 5026
5176 7925
5194 9531
4638 5750
392 5205
7940 6188
2346 7210
3068 1750
7609 7357
1105 5373
2677 2754
6701 78
3593 4237
3019 6658
240 2901
5879 1164
4705 661
5281 7759
4470 9535
7984 2793
7803 9677
2323 9856
8305 1606
5314 8840
9394 1897
5684 2270
5790 9096
8042 8115
132 996
2232 9336
7981 1489
84 739
2515 3399
9687 9996
1951 9268
544 8006
6895 3489
7128 1869
6742 3695
9232 3288
93 7901
4838 9387
6119 5018
919 5981
3155 4353
5054 3568
8906 7110
1098 3170
6424 1931
206 3535
2808 1375
8194 6257
7016 8756
5415 5877
5724 3243
7528 4443
9838 1198
4492 1914
2899 2970
6536 4573
5960 9111
9424 7182
3403 5302
5614 4830
3078 134
3307 8574
2455 2786
9627 477
5339 906
8454 7566
7624 5805
9664 4484
3626 8880
4473 2509
4853 9310
3216 4633
5081 1067
9187 7254
6804 4742
7250 5370
305 1019
3794 7915
2190 4195
1869 5502
3019 9305
1606 5130
4590 2009
5178 4744
8036 8118
7522 4586
1650 5656
4357 5205
3785 9441
523 5100
9208 3339
8092 2586
4315 9584
7430 5980
7458 4357
8958 1016
5964 3107
8525 7822
9250 1523
908 1930
1792 6806
3819 1747
6046 3422
4218 6580
6637 5325
3819 9044
7116 3016
7166 7411
4490 9207
8108 4883
9334 1995
992 7440
2291 6189
7103 2110
711 2031
5112 4575
6450 4753
3543 4013
1244 4019
291 4394
2471 2946
9159 1377
6420 3681
1086 9912
145 7892
5975 917
7680 2540
4584 794
5331 954
7119 6718
7427 4786
4676 9514
4703 7662
9546 7372
9762 6699
5396 6443
2077 8836
8068 5929
6132 3994
1503 830
165 2524
924 7974
4002 697
4635 6985
6032 2847
5314 6226
9000 2334
979 6575
3274 8127
8057 1060
5746 315
945 4172
643 4505
758 1454
2783 6983
9316 8584
8392 1203
3262 682
5857 5975
7371 481
1854 4000
2027 9902
1339 8361
6136 5315
3432 7401
3960 4649
7857 9061
4398 5121
3147 8083
1520 9413
2730 2332
291 1002
4592 3597
9058 9765
2849 4043
7550 4167
1282 2864
2559 4630
7919 2406
4265 777
5147 1615
5178 9087
6546 8495
9775 2749
9931 9478
4086 4866
6889 2574
9183 761
5633 1133
7131 7115
7813 8327
7863 1006
3199 276
2930 2941
8986 3049
1353 3061
8057 7814
5971 3898
8251 4587
4120 9108
614 9912
6894 7977
8912 543
3515 4472
6013 4392
8830 3215
5955 8401
6025 2170
3641 4336
5639 681
5918 9623
2731 6988
8773 802
4057 5758
3038 5887
4317 5707
7376 4011
1145 4174
3091 5333
7629 3724
1194 1153
4991 8743
925 1308
7722 9808
933 6999
2658 5180
832 2386
2933 7202
1220 9798
2045 5806
8352 3182
803 869
9294 5475
9725 3157
7461 8563
2728 3544
9451 9886
8385 3926
4392 7788
60 2627
9269 558
2072 8604
8643 7584
4090 3497
6281 1319
2582 1168
5141 1325
7036 8118
1443 7062
5134 82
2043 7261
2736 800
181 7536
3352 4911
7960 9686
7237 8824
8800 7593
4652 6267
9773 7315
8350 1591
9752 4697
8053 6022
4801 2334
7629 3635
5059 6838
2863 3833
2409 2600
7913 4617
1546 6286
921 8711
8576 492
1992 9122
5911 6219
3139 6478
2608 9825
3557 3984
7845 5583
3745 5125
3911 9591
1546 1215
5299 7943
277 9358
3795 6182
8870 4150
2000 2970
1112 4338
8181 1540
1289 2566
6496 6105
6049 4537
6609 8125
3763 3687
997 4798
2987 6881
6012 8842
7352 9007
2630 4494
9859 2372
4060 2061
4573 12
9131 985
6136 9685
3067 1329
9548 662
6589 5318
3241 6368
1524 7275
3948 3456
4283 6106
2106 2510
3188 2189
1769 918
4656 1119
6206 1905
8266 9136
49 3998
9805 3918
7261 2834
3958 7799
7860 4281
1525 5112
608 2663
8189 8240
515 6000
8971 1094
9936 9232
5507 4163
418 8169
5221 5806
3866 1559
8447 4691
7014 6241
4940 7198
7037 3710
3098 1034
6295 3360
5161 2833
2873 4546
4495 5678
5870 5226
553 407
4689 8731
2972 1856
5384 8091
170 974
9610 1323
6640 5610
4208 5944
7195 5117
6937 972
4634 5262
3000 2210
5743 7365
9977 4213
2000 4331
3489 7523
2506 7360
2434 5987
9925 1609
1309 4016
5106 9748
2978 7153
8768 1673
4419 7783
1662 335
4152 6546
2139 3047
6523 9376
8314 8105
8051 1683
6882 4746
6942 7726
1121 2503
214 1500
1008 6096
6567 653
7921 5732
8551 1101
837 2756
6499 131
1242 8759
7307 9987
9425 666
2100 5808
7278 7409
2092 7474
7897 2879
4010 2415
530 9742
4562 3066
4177 3515
6600 3253
2379 5409
6365 9347
4913 9184
1493 703
418 4329
3225 3186
2960 8378
7511 9477
1056 4689
519 7604
4907 1998
7449 6011
4338 6937
874 816
1630 4333
6806 5788
6469 400
535 6999
377 4096
3627 1327
8314 811
6259 3973
412 5530
3032 996
7827 3164
8729 2895
1818 6571
9087 8789
6500 9949
65 179
4938 9322
6771 7639
3698 5860
489 3501
6592 5319
6362 9192
151 5375
4896 5582
7016 5969
9883 1104
9595 4615
8997 1413
3755 1979
8688 1346
572 206
8796 7976
2824 566
1221 1050
4566 8866
8648 3177
972 9259
3430 7213
5275 7434
2946 8547
4553 7456
5604 6446
2877 309
8560 6971
3922 9984
6144 981
3742 3024
6974 4545
317 9157
2446 1559
982 8350
7064 4366
2927 1584
3859 7363
764 79
1517 3990
6387 4924
2519 1809
5947 3707
2157 9957
3059 5440
4916 9938
175 8502
8827 7379
6892 2347
3908 8389
4501 5020
3212 2882
9566 872
5638 2045
4430 1363
4646 6636
4858 5978
7464 9709
3531 4749
4641 6919
354 8750
6782 2862
1714 5061
4905 8898
587 1853
8026 6853
215 5535
2041 407
7405 6232
9841 320
9747 9130
9472 7337
4993 4812
268 2791
8993 8623
9808 2485
2354 4974
7155 7997
731 16
3993 9250
4748 8910
675 1677
1761 315
5282 3570
1104 9765
4217 415
9249 2855
3600 2609
5981 9208
3493 2626
3967 6116
1997 9091
6984 5172
6984 7473
8575 6444
3266 7031
8868 8594
7045 3152
1973 7494
4444 9848
8346 6642
7235 3310
9835 1871
3354 984
7890 8769
7976 4163
8203 2097
1340 9988
152 6965
2511 9584
7792 9917
1045 7733
9351 4669
5267 4323
1017 6722
938 6715
7152 35
3473 34
3846 9654
9345 8129
8164 2459
7177 5629
2376 7465
8818 62
7461 3811
5405 2030
5621 7751
3209 8223
841 1811
5744 4537
3809 2900
6241 7760
2982 8124
6648 4494
8405 4495
5513 5266
4183 7514
3549 3956
8283 9105
6035 2627
277 3508
3319 1614
1119 9069
8688 1787
1821 2824
2978 9559
7615 7871
6612 8395
3680 5137
4109 2727
524 7999
1960 5277
8302 4003
6422 381
2950 7901
3042 8633
7834 5275
9055 1268
6276 212
5774 2716
8201 9713
1196 3456
9897 4744
2184 6640
6098 4471
8834 6864
1423 2794
2063 3192
1790 632
8393 3323
2015 288
628 6306
7353 3484
9227 4469
1831 831
2120 6997
4815 8800
4242 1640
9026 2067
737 9042
3263 304
7501 6333
1075 771
5284 5173
1115 927
2155 499
6890 1391
3612 2387
5605 5387
7053 4276
5052 8979
3777 8907
1139 4299
6696 3796
5247 8739
7730 7079
8636 2242
2528 7427
202 3119
7899 3642
7721 7819
3246 8312
4025 9934
4958 9216
7668 3596
9115 2469
5063 9716
5918 2754
5051 1205
4530 8904
8162 4317
5359 5042
6445 336
7233 9285
9803 8433
1991 2921
5691 1312
5016 1422
3378 2032
2528 8813
648 8100
3543 2365
3773 7173
8259 2415
793 1362
772 9334
817 7221
6237 5702
4518 8542
6035 9064
3527 8719
6285 8999
6422 4690
8555 538
9912 8522
9603 2942
2838 3029
9463 5375
3409 1899
8515 3188
2163 2503
2466 7732
3008 7518
9616 8408
2250 3024
6009 9871
2996 7242
4976 1704
2126 22
9437 7551
3360 7520
9694 2743
2434 4725
6926 6784
9655 6378
1250 6982
5434 6678
5344 4982
4017 3022
5067 3069
5662 4427
7833 2478
7045 1577
7589 9232
7287 6798
9424 3490
3724 6997
7939 4476
2496 4551
9039 7027
1396 1110
5957 6168
4805 7205
7090 7311
4458 9958
3170 215
2183 529
8198 4394
2830 8366
6016 5906
8949 2704
4042 2054
3282 3406
438 9296
67 5839
944 9357
7003 4402
8512 7120
2039 9591
9260 4355
1182 1548
10 2491
2390 8152
3507 6230
5460 3406
2451 9588
6715 8207
5117 1375
4326 5727
60 5497
8832 6402
6388 5025
8992 18
7398 2417
5923 848
5906 4598
7777 4676
1511 2093
1618 979
7622 7319
5017 7917
8165 1497
5230 1647
4719 3122
2458 9339
4888 2201
8635 6930
3039 8371
9816 6652
2364 4494
1470 9268
40 958
8952 2834
1452 3409
269 4870
66 5920
4692 1070
2344 1908
5554 4500
1235 6307
1044 1543
6671 6214
3000 6981
1748 9432
2373 3490
7845 9037
6092 2583
3971 908
3206 5145
4862 1483
2108 3557
7339 3141
2774 2358
8944 6507
6187 7010
492 2900
4983 6087
9205 6802
5531 2125
2665 3747
8013 5720
8950 8736
112 2813
4773 9462
3983 1790
5088 6622
5987 8180
1989 635
3061 3864
8210 4144
284 4126
6448 8155
2807 2046
9421 1874
9591 8688
1777 2393
6548 6260
7362 4092
6960 4219
3763 3167
7352 9157
1655 7664
8118 2744
3843 6469
1700 9545
8082 536
3467 7211
6658 7324
4457 4417
7595 9258
6865 3425
5120 4749
9164 9992
9246 4710
9582 2404
2737 7772
8036 6673
8150 7603
8729 8819
4539 3016
9863 3597
9203 791
9578 1468
5686 3434
4672 6356
8372 9374
269 1604
3418 8659
1595 4360
1053 2912
7359 9227
9748 560
215 3623
1026 6125
1151 2523
1376 5719
1922 7719
2650 6929
6222 5623
6944 4169
7600 5834
2668 9490
4671 8142
8979 6976
2884 9641
6388 687
183 2518
6238 8239
3973 9275
7359 7200
2461 8035
822 7527
2970 2749
5850 9642
5418 831
7747 8862
1486 4888
518 9242
6554 8209
6671 7031
3468 159
5495 5303
1273 777
2772 6670
7459 3936
9055 9122
7495 2447
7009 9611
7506 8368
2039 5990
5924 9145
8469 4716
2685 5985
6567 8682
5139 1715
6210 5548
7094 3422
2025 8251
7034 8902
4235 4385
7268 5211
6969 421
9952 2691
2325 2343
2751 8135
4263 7689
6078 1335
8425 2071
7185 7339
4610 5829
6094 9015
7584 7300
1110 73
6078 1921
2127 7154
2805 5242
1964 5999
1327 8222
4046 3668
7718 4448
1363 4340
3035 2630
9261 7663
4915 9028
8622 2632
1260 4865
3999 6977
9677 5683
7888 8245
59 9596
1577 6674
6760 9344
2879 3234
5845 4369
7827 2228
6857 3097
3380 1836
1130 9699
4469 7315
8183 1463
9337 6988
1368 8416
922 8981
8381 684
6376 4134
7972 8719
8927 6217
8806 5908
9810 117
7216 3042
9764 3177
7296 2438
3781 8994
8501 467
4777 8905
9529 1330
6036 1820
7035 2247
226 6087
6020 2291
323 6031
5772 9248
2355 1115
5781 2524
2232 47
6388 9796
645 3830
5504 1996
7643 331
2451 5945
238 1396
9805 620
262 1452
5672 9579
9196 4972
5799 3181
5684 117
3399 9729
2379 8860
5991 2715
8117 6738
9812 6557
9673 4367
7005 8094
9033 8971
630 3994
1241 4328
2007 8870
6416 7680
5428 9566
9596 3382
7560 1437
7408 7819
3146 5895
8345 2192
4274 5414
1918 2387
3429 864
7653 9320
7803 9745
1011 6309
354 1658
3595 2122
7899 6342
4344 8811
1299 1765
7046 3179
332 9719
9050 8583
1721 8742
6497 8124
4825 8976
6502 3925
2026 4720
6253 6741
2559 7432
2205 5982
4156 8157
6923 9436
9678 4527
5009 5826
6839 6644
9277 3726
3479 9056
5414 5146
5815 530
2377 5282
3375 5470
7905 1774
4984 7571
4229 2155
4171 1080
28 2330
7 2936
987 8852
7426 3942
4495 9240
3047 191
7670 1923
4638 4619
2616 6939
425 3919
9251 7192
1866 2083
6740 7631
98 5355
7153 1949
7412 3492
3043 1404
6840 3292
9921 5957
1612 3038
5447 5922
7173 1865
4149 6238
3555 9645
7396 2332
9858 913
8180 3873
5981 99
7009 8415
9325 45
3156 734
191 4864
8214 2697
5555 3552
1695 8515
5968 3452
5068 9316
9781 3944
5822 2788
9067 7689
8575 9954
551 1292
8704 2081
5179 7475
3342 1936
9772 9725
8404 8020
4398 2769
3657 4485
2747 8279
73 5874
3523 4483
7986 9617
796 3263
2277 1767
8331 451
1276 624
2923 7076
5627 6700
3018 3318
2927 6023
7556 1039
6947 5331
2630 9562
865 707
1556 6213
8037 2326
3143 391
7309 2766
9198 1649
3325 7005
5541 2864
2352 2939
451 3900
72 3351
3357 8929
6806 1143
6088 9479
2069 2637
5308 6208
5137 1464
3604 13
165 836
1809 1389
5138 7631
6302 7812
347 7497
207 9283
6941 4071
7906 5722
413 4980
2520 3319
4937 5653
2509 153
9184 7815
1906 3398
7245 2344
9804 2133
142 2478
8342 7448
452 2952
1745 3450
5379 2063
2203 3297
7865 6792
3981 9008
9100 2377
8159 7996
3307 3605
5974 4633
7638 3782
4350 1104
6138 1014
1202 2975
6148 1658
6632 4045
2679 7756
8586 4344
3673 1651
4495 2285
743 2785
5784 4851
6665 1369
4070 4597
9409 9642
2200 2746
9484 3117
1810 8003
2747 5351
6234 2352
7979 2571
1964 6127
8176 847
46 8498
2369 4505
4525 1004
6540 2999
4198 1640
6346 4888
2657 5173
9773 2937
9863 9634
678 5775
500 3922
2260 8830
5991 4172
3687 3205
8727 6722
3330 4583
2784 7372
6158 2758
2331 4513
3483 1581
5579 3633
1153 7130
8756 7345
1269 7270
4198 1395
1256 9827
9207 5810
7369 4753
510 5367
5243 1532
6747 2955
5041 1238
1813 5114
4469 5532
27 2832
9928 6856
4316 7395
5219 1763
5699 6572
8109 8260
5161 8579
517 7978
894 9430
4575 9490
7650 1701
3852 181
1598 1166
5121 2976
8176 1824
5770 4289
6259 2238
3079 5884
9021 610
3124 8455
9090 5050
1799 9576
1845 2980
2131 7129
7343 9170
9705 3749
3816 6746
5918 5874
2706 8493
5719 4283
2038 1042
2448 3864
8374 4638
1357 3356
9585 9570
2552 2635
8229 5152
9385 4406
9694 3099
9780 9125
4189 5339
9067 975
100 3402
2436 5721
29 3694
9606 2457
3002 5987
3629 1157
4968 5348
1677 3133
573 6342
4931 4514
784 2066
166 497
4919 204
2604 1824
1963 6868
8186 3764
5673 345
1748 9085
2050 2533
6898 2590
1377 7193
4099 9517
9804 2725
7675 467
2772 1908
4808 7568
9575 9218
1650 8574
4293 9403
9425 3264
1999 1506
2393 2008
5659 8186
176 9010
580 7813
5696 5072
191 3478
9415 4418
7992 5125
9195 7809
8378 3438
2748 1001
7198 4790
2098 3505
8619 8620
997 7896
92 1416
3244 7166
4495 6099
5213 4764
3241 2226
4690 3793
8279 6080
2397 4842
703 2550
3666 2252
5157 378
5075 7889
1001 882
3241 9661
6174 5283
5518 1324
6918 7210
6791 4747
2824 6390
6590 7455
980 9489
6047 2549
1293 1657
6872 5943
7685 2927
3203 3720
3414 74
5376 8252
3884 5657
5947 919
3345 916
4861 6305
4320 2797
6735 9138
7179 361
9769 7840
440 3701
4712 6610
4726 9270
926 127
4670 9281
6435 328
9252 8564
9209 3343
4764 2735
6061 4851
5241 7090
7849 1705
4832 6773
7671 1240
8604 8462
5680 9777
6907 642
7187 4233
3094 5419
7393 4005
6685 8978
5108 7201
3201 8202
4080 2029
6619 3433
7778 2372
9977 3875
469 7322
1529 7588
1331 4929
2302 7274
9112 6824
2096 9181
6723 2545
4656 8460
1158 9165
5448 4677
3532 2455
2561 9505
1946 5690
6782 9082
4366 1711
4694 3161
4068 9895
175 8656
2104 4305
9878 3489
7941 6360
9691 841
7852 4172
9720 141
2752 9772
770 8287
1038 7581
4537 7133
2267 3450
4122 6198
1957 8648
9715 2730
8747 6611
7238 9117
2712 7195
6119 6471
5595 5909
3152 5963
4770 8367
6116 5698
6997 324
4287 1235
8223 5816
8476 8322
2166 4033
1985 3490
4332 2962
8213 1672
9182 9125
1954 1022
7417 1203
8501 2416
7885 8755
5731 1670
8106 1822
2021 8239
8759 2011
7203 3958
5265 3148
1743 1684
7152 5251
7096 5361
9830 5618
7536 3592
3888 3982
8855 1111
8079 2367
3942 736
3200 9047
1815 5359
7 4092
6913 3575
6587 6644
6578 9131
9434 6492
7270 4934
9885 4709
3396 1848
1959 395
7927 9534
3271 9107
4345 8189
2332 945
2731 4746
7880 6323
2370 9305
6797 9070
7852 2048
1573 4467
7649 2230
5614 6141
5812 3934
4913 2601
9943 4106
3075 6258
2910 4094
3813 6697
8204 7795
982 1582
7963 5524
9545 7517
8999 664
1713 8231
8601 1740
1384 2380
6450 8540
5199 8210
3405 1342
2400 325
8359 9036
9055 523
7882 3020
8351 275
4677 9773
4673 1545
375 3584
9254 8504
8330 5297
6150 3709
7741 9504
9530 8739
4698 9376
9651 5953
4470 4140
6877 4828
4326 1345
5150 9114
1439 2236
7897 4644
7542 4896
9903 1575
9510 2100
3381 4888
1503 9815
4640 3953
2188 3505
3437 4925
637 3815
7133 939
7411 9690
4989 7826
6746 5565
4724 3970
7488 2001
2374 8930
3012 8976
7974 3740
7578 7810
6200 6929
1275 7326
6452 6522
2536 3441
3174 780
2015 7748
7330 3239
4919 4317
6500 1707
5542 1989
4582 3080
8338 7905
3724 881
4723 9679
2201 9323
5991 9823
308 56
8688 8827
6452 9802
4760 7829
9928 2230
7732 8572
3940 9575
1367 5017
3350 2060
5357 3372
471 7535
3160 639
1565 7779
5607 3539
6428 9129
3794 7999
2348 7631
4659 866
7062 6454
7246 9905
6073 4654
5393 5313
6297 9536
9366 2739
7383 2423
2373 967
1883 6748
8246 7198
2173 8621
9285 4720
8980 170
4974 5574
6566 6732
1128 8038
2302 5793
670 6809
4043 200
7400 7098
5829 8949
9896 3389
3418 8370
7009 633
1623 8931
8178 1683
1778 7492
4559 5865
7908 8417
512 4072
3668 514
1715 1755
7390 1408
4973 224
4915 4504
254 6232
1770 4012
4179 7579
4772 976
4340 726
7373 5016
3245 3058
5055 907
3082 9762
864 643
4716 8809
219 9252
6408 4661
7740 7847
4575 4892
5925 1939
9688 5857
2542 694
6537 4579
6569 7989
4052 5731
9795 8910
6974 6160
1591 6358
6603 8496
2492 9620
6293 6685
6047 1497
7644 2393
8907 5242
4471 8448
5796 7435
2648 5049
8260 5850
8062 7704
1757 6965
8916 6131
1805 6601
9895 3183
1071 8473
3604 8134
2925 8407
8304 2807
4067 6594
6769 3563
8768 8412
3497 3727
1718 3318
1476 2131
8784 5482
3847 9325
5731 693
1992 8491
8845 6063
8700 9492
8314 1784
123 3353
1910 2593
16 8461
8125 164
956 8029
6061 8497
4955 6990
9661 5415
7630 9907
3975 2827
3975 24
4480 1879
8708 1086
6825 2482
962 6130
2574 296
5490 3260
1340 550
1417 609
7711 1764
6850 5286
5624 4479
7102 1314
8110 4050
4908 7342
4892 6304
4307 187
3352 2833
5771 432
7268 6999
6044 4895
2909 1771
2127 4451
1649 6361
448 1801
7998 1029
3845 2887
6469 5464
2776 9549
541 9979
4912 8567
723 8222
3726 7516
7327 5350
499 2550
4723 1585
6991 7406
6060 1527
4852 9603
2843 767
9241 5383
2285 9531
1275 4998
4662 8273
3469 5972
1437 7782
2960 7522
4081 1593
7661 3325
9337 2762
9679 5123
568 1205
5087 9442
8639 2831
8839 8959
9517 60
1319 1936
1522 298
9814 983
7297 9437
9824 2219
4579 7848
6238 740
6489 8517
2532 4755
7257 9617
1555 4396
5305 8343
5263 8337
5338 2215
3434 5468
9564 6771
4159 8184
7999 6694
8683 8701
3017 9793
2950 22
3108 4995
512 8464
3183 6677
9174 2130
3540 687
7347 6612
5482 3994
6067 2925
6993 2339
5443 7277
9578 9257
2708 83
8953 7075
5055 2316
931 1601
9314 937
1857 5565
9209 1339
3511 3885
6375 5054
8110 1257
3187 5951
7341 1971
7776 5739
4663 8824
4757 7654
3949 2945
2731 1909
3396 7046
4917 344
1489 4736
4825 5576
6881 4921
3628 1656
2534 3315
4205 9883
6475 4977
8887 8898
3224 8598
5882 5744
2625 4632
8499 9436
1593 3312
7944 9394
612 2898
3312 7271
5881 3523
6015 8070
2774 6939
8367 6524
6335 2313
8393 524
9470 3821
5235 3216
3742 6790
6500 2622
8323 5721
1987 7842
2720 8634
4270 8173
7420 2650
3334 7162
8207 750
2167 7337
7062 3911
1509 9370
3126 147
49 7911
1741 1136
9068 8894
5539 7288
7027 9594
5696 7886
9272 9709
1368 8115
6817 748
9809 3812
841 8279
629 8804
2917 4387
9811 5858
6257 6886
1711 1911
4409 7391
9146 6798
7812 2751
236 3328
2362 4264
5598 7579
6726 3664
5380 2622
8694 4977
5095 4148
5231 1313
9681 1642
2078 8330
8417 1886
297 661
5615 6887
580 4663
8554 9931
7216 6776
4364 4353
2862 2587
7695 9332
9857 8607
3784 6080
3360 4994
7634 2684
2283 6045
6358 1044
1525 3824
6678 2849
6336 730
7529 4967
7495 4228
3856 1964
4900 2955
1431 2224
7730 6153
4872 3629
5996 5967
9993 2300
8820 1633
469 8449
1169 3390
5480 6405
495 9114
5380 7934
1450 986
7409 1053
3557 3803
5186 899
8980 2655
6866 4577
1083 2709
1948 1259
3741 2836
4970 7063
7238 7987
8646 8504
8260 328
8972 1778
4816 7276
960 9721
1259 9208
1836 5739
1683 7342
3538 2278
4277 3429
8608 1751
8044 946
7713 7296
6503 768
815 1861
4505 6493
9527 8164
7674 8592
9221 8894
3435 8042
9198 4118
6423 9080
9853 3989
8852 9698
3189 4056
2649 2276
8821 9799
3514 2054
2217 5218
2814 1817
7149 9370
7938 9121
4652 4169
1318 8810
951 8511
3941 6488
2386 9706
5858 4943
9944 1857
5645 7995
3854 6413
4693 2541
3957 6244
3544 2819
9273 6868
3446 6579
9543 8697
4052 996
3195 2875
3100 9352
471 6791
2673 5946
4367 4663
5920 2992
2673 4017
3938 7341
9955 1705
8142 7398
7829 8276
8699 5630
6789 2682
7987 1361
7233 599
4340 2649
1414 8558
752 7936
6952 1770
2068 8723
2699 8515
6309 2640
1629 1113
3638 4204
4086 1360
5862 4146
3848 5449
3543 2603
6081 1416
8361 7239
6527 5175
7477 4630
4787 4038
8982 6982
2158 1341
7873 921
9496 6993
7349 7842
3807 9678
4877 4123
6652 6439
5155 614
3922 7655
7167 3903
3488 5539
3436 7418
1606 5886
1547 4526
3300 9656
370 7261
5725 8484
5612 8831
3050 4421
1284 6826
2763 4692
1948 3440
9705 6897
7463 8741
2999 1123
5383 5724
4615 7885
7056 125
6553 8752
8796 4452
7533 8087
1240 5177
5242 3555
1387 1192
7319 8275
2246 9085
2966 7423
6343 766
9777 6529
1272 8372
9196 8865
308 5174
3706 9516
1754 1572
9244 6112
1466 4606
6276 1287
6092 7519
5655 45
5440 5737
2993 319
6591 638
4339 4018
3425 1656
2087 3661
5416 4710
5108 917
9722 4691
9981 2483
7516 8100
7411 1923
169 4574
7499 3148
658 9842
2411 3063
3967 4423
7389 3694
4611 3986
582 7618
4430 9379
2800 8584
989 2207
2003 3618
2060 5366
3827 2854
4603 9329
3859 3373
4158 3418
8167 3466
6350 6791
5799 6564
733 3636
3215 3746
3559 1740
515 1219
7635 8756
3728 2151
953 9540
4254 4093
5774 6978
2658 7705
3179 9549
2911 5921
6956 1156
5644 6677
6852 3473
7281 8841
573 6997
1563 7521
1101 9408
8607 4056
8500 9869
1307 6524
5650 7240
9352 7417
6902 5053
1084 608
6048 4718
3308 68
2008 8081
3342 962
7048 4052
540 5818
8372 3006
3780 6174
7386 1987
4877 502
5332 4851
5317 6269
5067 8303
2757 3579
2069 2041
2646 144
911 2152
5036 9786
3685 7365
8912 7651
8686 5989
9100 9899
9670 5155
2160 509
3891 6872
1281 2608
7576 762
6465 2412
647 9694
8330 1591
1473 7292
8563 8796
5850 414
7205 7142
3848 9956
5735 8174
6490 6215
4214 3919
518 8087
2209 4034
8170 6116
2064 7739
435 7558
9124 1439
4812 6697
2649 8928
1758 9256
5337 2039
8806 148
666 9533
7285 4658
8711 1430
8305 2703
9181 7819
8968 6912
3740 5490
1748 6762
1405 9035
2250 6490
6578 905
8125 2755
8568 828
1696 8370
7482 7815
1096 5919
8160 1347
943 4146
5364 9519
3925 800
4885 7842
7569 3505
3540 1599
9318 9582
1388 3668
912 4668
2367 1743
1470 400
9003 5724
5065 5822
5595 7263
9634 3586
4617 9051
6635 8746
9234 5662
2427 1438
1890 8329
2085 6909
8623 2943
9314 4261
5633 7577
2906 9103
6846 3667
4114 7668
900 7975
6208 4752
6720 7476
6730 4098
2155 1658
1996 4508
9524 6133
8184 2094
4441 5220
3927 4377
1183 9237
3102 9075
6641 4350
3404 1382
1604 3498
9487 1828
6745 4831
1959 9228
3692 4696
3170 8354
890 9204
9510 814
3167 8730
7262 5155
8445 2966
2459 2858
2249 9365
6348 9034
2575 9641
1561 4662
981 7529
4008 5076
7053 6105
5314 3766
2324 4945
6176 3894
3368 1068
5551 4034
8423 8079
8866 5522
8658 8692
3719 3826
5152 3
9954 3936
8703 6204
1461 5748
2389 579
7409 5783
1349 9976
70 7921
9325 9682
7814 9011
4827 1495
6664 8957
7376 186
8921 3598
9725 2466
892 8566
4170 2771
3298 6633
4502 9756
2853 4082
8200 7084
1518 1585
5667 7841
5302 6019
761 6190
1114 5036
8134 5769
1287 8036
2669 6526
8693 9403
8305 227
7441 6794
1097 6074
434 3096
7302 9228
1052 3125
6433 760
9587 1671
4765 4360
2711 3710
7612 1932
5694 4294
8894 3589
5056 1225
5844 9264
1100 2206
2 5660
343 8562
5234 3834
4260 1761
7141 6897
4063 6753
3957 9131
1380 7388
8279 6544
2861 4264
1996 6573
8392 2580
1718 528
1543 5409
2615 9538
6512 2906
6436 4593
2213 4786
5769 7977
1758 8313
2615 5615
6034 4394
9432 5562
9749 9220
5107 3582
2395 6147
347 1510
7867 1770
3010 5613
6590 5232
2586 7946
8135 7476
2524 6581
7181 6589
5810 6858
8019 2451
6046 5913
1576 5908
4174 1688
4730 1140
1751 6518
1222 2228
926 588
7034 6141
8566 642
2668 937
6723 3370
4995 4095
3085 7261
7539 1513
2464 2033
4294 8339
9792 4804
70 8595
5466 9240
6423 2399
8998 2315
4193 4863
6521 4913
4891 1520
3094 4800
8579 3026
1956 6840
5450 6751
1419 5997
3212 5705
6680 1794
941 1502
912 8916
1775 5018
8738 7552
2688 2922
5140 6018
9104 9768
6879 5099
8865 4504
7255 2782
2839 2030
9090 3735
5599 6185
9915 7000
7387 8512
4670 3170
1803 7640
2387 8508
9336 2015
5832 579
3737 9784
3078 2703
4729 6723
7286 2061
3856 6264
1340 910
6061 4288
7841 5483
2677 9056
1807 7635
4165 5763
854 9747
3492 5187
4588 289
2036 8628
7552 3254
2615 5533
3951 3877
3277 1764
2272 7259
2748 3844
9866 5941
1593 8254
9637 681
9842 1881
2142 2898
478 855
6036 1483
5164 3318
7759 5703
856 6303
1488 1819
5964 9358
9123 4617
2899 9983
2770 4074
1720 9569
3875 1750
2334 9498
5794 35
3097 9415
4473 2488
2729 5470
8987 461
2246 162
9344 5313
2631 2338
3978 1735
1757 5631
2471 1503
140 4151
287 4156
682 9699
509 583
400 4489
3451 7215
7854 1455
4070 6890
538 9997
5840 2285
2552 125
3268 3124
8790 9378
2900 2271
1902 6114
4542 5882
6911 4082
3453 3031
7685 3212
7452 4073
2148 8479
9589 8111
8580 564
3208 2268
9670 9800
311 591
3637 3995
8526 2532
3064 5459
4592 7718
4388 3197
5260 6863
4702 6402
5358 7965
2925 8770
4770 6819
1326 400
2804 473
657 3498
1075 849
2065 4019
787 9080
1473 6510
5266 6676
1890 2665
658 8128
5841 9620
3909 1649
2365 3052
6919 1572
4838 9097
6101 2679
1361 9040
1403 8305
6392 7334
4955 5534
2350 2930
826 8426
5088 6604
4644 3257
5799 120
3504 2081
9978 1802
2254 7365
7633 5861
3612 2016
9556 9076
5464 7146
3890 2707
7376 8521
8653 5643
2373 9990
8754 6888
7710 4491
1574 2393
8057 8215
7964 1940
8908 8846
7412 2499
4938 3743
4765 7007
5649 1779
6107 8439
1535 5967
7364 8285
9381 7782
4068 6541
8980 2975
8608 2075
4164 6686
4231 5320
6500 7521
7253 9393
9355 8233
9457 4356
4781 4723
7830 9215
6937 8578
2015 9111
4847 3739
5548 3777
1743 1581
4785 9025
3884 8139
7437 5933
2720 471
4855 6093
4713 2428
2213 6386
5089 6072
1543 8064
891 9028
2944 6425
9241 2002
5844 2679
4331 386
557 8485
8690 1745
744 7659
1538 5358
6156 4948
662 2714
3627 2733
2749 940
9568 2685
9698 8318
616 3435
2489 4247
9534 2305
5253 4997
15 6043
7607 7608
8620 1132
7425 6069
7677 3533
4713 2957
4690 2930
201 3883
5845 284
6915 36
1755 3156
5185 1727
2970 1434
2026 6111
9876 9243
5793 273
1378 9080
1560 8751
4844 7513
7266 7439
8452 2765
3221 9692
7346 4476
2878 4047
5450 2636
9903 9657
8970 284
2515 2223
7135 6161
7538 3298
8472 4362
6048 6953
6786 5890
3952 3118
5298 1505
5847 1299
145 9503
7243 9391
3537 3399
3785 2056
798 6147
3941 4606
7552 2714
5292 2530
3421 6291
6182 4593
3339 4132
9592 8498
9939 5355
8037 167
8097 6536
8693 8147
7976 6342
6397 6297
4978 2677
4606 4892
5333 6053
4074 4568
8418 4224
5136 1148
2167 804
3353 6995
7155 5051
9419 8174
1465 9881
7259 8031
4510 2178
7615 740
5101 5734
4497 367
7290 5867
5408 7486
644 340
8929 8523
4403 5219
451 7074
6064 2408
2047 2650
308 2117
670 8498
2041 608
1188 9226
2717 7683
6123 1723
1028 564
731 4084
5245 6252
3620 5410
5229 2647
4446 795
6840 55
7576 7495
5534 3492
9693 3899
7441 4180
6596 9171
6981 931
2502 3499
641 9567
7307 7851
3186 9363
6653 8413
3486 6638
5278 7100
2949 5439
4150 683
7396 5936
3572 3119
7348 5996
6981 6345
4975 2621
5267 8036
7522 2726
7765 5047
622 3562
3332 56
8873 9752
3261 270
769 8644
4402 5425
8129 3986
6843 1840
1852 3185
5979 9310
1845 4882
7821 841
6705 5972
1405 1481
3445 3710
3027 6866
7625 2376
1866 6454
2254 5702
9278 890
6027 3585
8292 2307
1155 8724
3684 5229
1027 1552
4209 3784
8679 5405
3993 4447
9436 6909
2615 9622
752 7502
3238 1359
5638 4989
4112 5785
1733 6545
5877 5718
9024 7451
5415 936
5457 4072
9026 6423
9870 2480
6025 9297
9517 6798
107 5839
1284 6140
8853 2815
6921 9291
2689 6195
9496 4716
6268 3798
483 8990
5316 7078
8115 6388
7584 7379
9309 2690
7819 6482
176 3764
2952 190
1851 6939
6793 9564
8123 5957
3578 2009
8498 5144
344 4658
307 443
8800 879
2890 9936
4386 3774
841 4658
2707 8840
5500 9015
7842 2577
6062 7474
2658 4737
8005 5320
2422 5690
2712 9740
4636 5830
5457 2457
4320 6655
3597 2972
1041 9114
8623 7708
7856 5233
6213 1207
68 9563
3123 6474
2011 2202
4700 2012
8379 9600
7135 3335
359 3839
5725 3829
3853 5292
8712 7571
3947 1519
9159 1972
3602 3290
4503 7861
1459 7299
7948 472
1718 3376
8037 3855
8234 9950
7229 8391
2615 7374
1357 1951
6510 3421
2046 8179
4738 4158
9805 1817
5584 1462
1064 5207
2457 3091
3988 8095
288 554
3041 6393
8159 4700
5589 1835
6756 9524
7637 7943
9625 7999
3235 8561
6993 6505
4384 9260
8894 8816
7522 4864
7760 9527
4641 1065
7192 5593
7996 3407
5770 9464
6825 2542
8241 2673
7289 6770
3980 3022
873 592
5974 7864
9973 2995
7860 7702
2391 9026
3111 2054
5741 3531
5617 6439
105 8910
8228 6369
8993 2104
4550 1361
4183 2635
6193 1861
7155 998
5670 7217
6221 9974
9746 9115
8151 9
473 4105
6150 2618
9887 4453
4433 6270
86 2761
8561 8138
913 6173
1705 9231
1222 8011
7248 3507
2866 3371
8377 9597
4871 7936
8020 2765
7809 2078
3277 2678
1654 2118
8817 9304
8507 1439
2961 3118
5411 9139
1008 5057
5874 4483
743 7335
3104 1592
4791 5900
4922 9847
3166 7163
4482 3440
3666 4985
4582 7060
9067 8766
286 2576
7406 257
7791 9034
5603 1182
6013 7254
2552 4823
9901 7798
4030 997
1560 9628
1617 2041
7419 8989
5750 6579
219 245
8700 7789
9670 6432
2357 2454
2469 5468
9886 8887
3982 8777
3818 7491
6278 1577
7597 2143
1188 6426
2212 4107
1712 6093
3426 3053
2458 2834
1268 3225
5399 4418
2950 6591
5237 8937
8687 1745
1248 9294
5031 9646
6542 400
874 4672
5925 1006
4980 687
9708 3459
9259 4560
1422 637
8845 333
9467 968
5102 2114
4216 6268
8355 9921
6711 8720
8109 419
290 153
9389 2092
2849 8403
5798 3994
8411 4826
6769 2073
185 8581
2713 8981
3237 352
582 7566
593 6805
1623 465
7925 6727
424 1369
2416 250
5188 7425
8623 7922
4419 20
8924 7062
3460 6643
7630 3152
535 51
1006 4885
7953 7584
3721 3180
1042 4258
1393 6028
8099 4971
6671 902
2440 7609
5587 2556
5702 6222
6492 3356
4286 1018
6355 6766
5735 9666
8465 2630
1770 6015
3040 9701
3735 3653
2239 3971
8005 2366
6624 7025
5190 6387
587 4142
3176 2470
725 2040
248 7103
4156 6749
1106 5809
7945 8781
7859 136
6696 6621
9775 2418
5331 203
9182 1255
634 9497
9234 7270
7679 7272
1652 5165
1134 9859
5596 6020
1514 36
7246 3111
6275 9143
2737 4367
515 7577
4108 347
8999 1468
4506 2112
6107 314
1100 7594
9662 4099
8093 6430
6085 8998
5761 2526
8043 808
9062 8743
3894 7171
3661 2459
2069 2654
610 3574
1829 2645
7718 415
2291 6421
6078 5581
5260 6982
8148 67
2800 7237
9979 506
3093 3373
3521 5401
167 2002
2541 2627
5293 3417
8087 1022
9175 2279
8455 7195
9267 5989
1077 7175
4239 5997
9696 3165
7545 4932
7226 1477
1139 8851
5984 4045
1810 1411
7368 2227
7333 7204
4947 988
3602 7531
5890 3092
9628 9510
4596 914
6273 1821
1917 3335
7456 5063
6067 5171
2791 2662
7538 6309
379 7440
3855 8509
6257 555
2474 719
4345 9764
3660 8854
2186 6891
4944 4098
5080 8511
558 5215
418 6514
1666 7508
1336 3640
8060 8869
3050 578
6048 4341
668 1617
8893 5932
4838 9865
7195 273
8695 2436
8557 5604
4761 3903
5318 7803
4959 8437
1593 7926
1259 2518
7912 8961
2173 788
7438 6886
534 2122
3320 4380
2187 4249
3901 2096
7908 3601
9359 3518
8532 4248
426 4652
771 90
6729 9251
2102 5741
2456 1771
6032 5375
915 3250
2546 9150
3246 8969
607 6228
8862 3436
5338 1838
4612 331
6240 6103
1162 3433
5410 133
2198 6320
1579 4992
5468 3951
384 8026
7807 1586
8789 4560
9640 3516
1004 3051
5807 9620
1912 2643
9686 2505
2224 2961
5926 4018
2639 9664
5440 5975
6232 3823
5509 9398
8102 1685
866 1859
7121 594
2579 6671
2910 2957
4537 7251
9134 79
6838 25
2502 7755
7428 4967
8126 9257
9973 5945
8915 1806
2310 8267
2791 7162
5485 6960
7368 9117
5825 1377
7470 70
3192 6325
4222 6522
1739 4009
7036 4334
6118 3165
4045 6945
5852 7115
634 7096
536 1893
736 4743
3534 3241
8629 9161
3679 867
6869 6477
9579 8847
3594 9661
6033 6874
3034 8923
4002 5205
2666 3163
8868 4036
6497 5543
5282 9417
5255 163
8337 6615
8524 8702
1853 8902
789 401
8177 7699
7024 6007
886 2769
2185 8905
4083 4704
5830 2725
6579 2824
7693 7450
5908 6818
6261 9971
939 8147
5705 4493
3508 2038
3641 4727
5335 4037
763 1893
4679 2548
495 8113
741 6218
2160 8703
801 8908
8581 5547
9968 8472
2632 5265
5593 3387
5070 3016
9961 4112
6357 7116
1766 4325
5228 9590
7505 1259
3867 922
1092 2362
4068 2078
9163 8462
8129 4370
3920 5347
4317 8304
6654 4168
9567 6482
295 1603
7504 3754
8001 6193
2062 4449
8699 8696
6665 7344
8029 2027
6042 1476
413 9033
3876 9890
9630 6658
6626 3959
9331 6791
5952 1002
6482 7805
3078 4289
2771 350
9359 669
5191 3068
8 6067
342 2050
7395 2167
8241 8057
5435 5303
2518 3796
4946 3105
401 393
4455 5682
6639 6253
7843 4380
5198 8730
6994 8611
8017 703
3839 485
3568 2325
4487 1988
5643 1577
4384 5969
6271 5530
9651 1078
6945 2321
6788 1871
4312 7128
866 6822
3863 1801
3546 875
7048 9748
6646 4652
2436 8444
3875 9127
3998 8686
2880 7913
623 351
6098 4577
9852 8514
2244 7974
6485 4754
7900 7809
55 6962
2681 4457
2048 6447
8776 489
9586 1006
8710 528
8241 807
7808 9333
5254 2478
6182 9525
3478 4202
718 7867
9549 2483
8532 3562
804 925
9967 9994
9217 6411
6751 1436
4430 4930
4915 4220
3490 5836
3031 8258
8939 6470
9434 4997
3661 6118
9933 1085
5971 6636
8760 3763
4244 1523
5239 8951
9122 3332
9089 8573
5628 7864
6441 9462
7396 168
1485 2390
5530 7539
3660 7495
5590 8827
5877 8506
7589 7340
1578 4853
4827 6794
6147 8061
5175 9270
7567 8257
5508 700
4933 416
9643 7228
6393 5785
6822 2948
6475 5949
8304 1766
3897 6259
9432 3451
6180 4808
644 6788
4448 1280
1297 6280
9124 1902
5049 7183
242 6123
9694 2025
9633 8743
1090 780
5653 6873
5385 3049
4560 9972
4070 7962
6770 8873
6210 6954
2316 3891
1580 2208
4659 4499
1546 4682
431 5752
3821 4802
2195 2410
8755 8479
1895 8564
2565 4795
9201 1116
3361 8204
6130 1072
1698 178
7756 2798
7963 3676
5505 3631
3731 3639
9095 4930
6153 7364
6376 7521
3209 1796
8870 5746
4183 3106
9916 7868
5032 1678
7023 4148
4049 5426
8547 1475
6775 466
2938 9013
5429 6613
5767 3889
3179 5866
7249 1776
7731 6665
2595 4476
2448 2936
8304 3431
4415 4726
6804 5428
5663 5223
533 1205
9981 5581
7400 6195
4008 8943
4816 2244
612 4281
3138 7196
9834 3775
5092 5346
7660 1727
3283 7405
2661 7570
1044 9260
5455 7743
4802 7183
5151 8733
166 6693
3754 9394
933 1330
6315 1020
7331 957
1053 2635
1301 8932
1026 6858
916 2908
6342 7944
62 9528
3550 9319
2086 4869
2490 5345
2027 5601
5498 8609
4102 2662
3292 5877
5278 3702
2675 5774
1926 2868
6819 9409
1941 7741
5305 6478
4150 7073
7176 9770
6198 1298
6798 8507
1242 4664
8661 2255
4355 318
9989 8105
1690 1676
9846 7594
2054 8914
9844 4312
8493 5502
8395 8093
5158 5435
8626 5135
3436 1366
4036 6663
2223 5357
2617 1041
9045 6839
4691 751
5230 5402
9172 3849
5285 6013
5021 3765
1234 618
3777 7391
3708 4143
5401 6917
6828 6194
8160 4834
6749 6559
590 6981
5967 2927
7730 2861
6618 7046
4985 9059
1696 6009
5243 6980
9499 2875
5124 5737
4614 4691
7744 2085
472 9435
7152 3003
8634 8903
2025 5562
762 415
3259 5014
456 1163
959 9891
8382 6523
3514 3968
3628 6384
1631 2606
753 5130
9952 4764
8198 3663
4484 9601
3924 4949
8644 2468
326 4316
7568 1115
2265 1979
5871 5023
6111 2885
1059 856
3187 840
7115 2042
3783 8882
7330 220
9642 7247
3364 8625
9653 7012
9777 4020
3156 3714
5546 6517
4642 7943
169 7738
7069 4678
2557 308
9048 2817
9586 5600
175 8657
1407 8821
5637 2579
2793 6897
2666 7438
6661 4075
8328 4404
5467 5588
9373 5397
2854 6304
5539 587
9656 8346
5418 9382
6938 1033
967 8772
4128 8029
8469 6635
1163 1093
7450 2087
1512 1585
3253 667
9975 1791
5059 8325
2006 7893
6225 9875
4443 8266
9772 956
5344 7680
2196 1805
8601 3441
1503 4880
3857 5510
8890 9626
3554 7150
6010 4882
9380 6641
4720 8681
109 6322
5226 5322
4230 8634
2951 3216
5214 5510
8259 5934
6119 2095
928 4335
7630 1474
6629 8011
9913 1116
3152 802
9369 9300
7416 3560
9999 9509
8062 3613
987 9350
5249 3800
2879 7815
5904 47
4258 9674
1738 5622
1712 412
9873 9505
5615 8959
6941 3400
4588 7749
7789 6118
1572 587
7545 2830
7519 1775
6275 491
9606 8912
1643 5841
1237 1409
8562 1989
620 729
5270 5094
5503 218
6379 711
3757 4075
4571 4411
4398 3221
5557 7771
198 246
2385 5078
5542 1894
1619 1430
9186 9220
4206 1115
3868 3387
2495 7878
7247 3478
1498 7412
2984 8877
627 7157
175 8988
9171 8808
5475 3678
7914 1989
3523 7835
9811 4454
4506 3515
2115 6979
2290 4550
9995 2920
472 9577
8702 7477
7664 1191
1932 7811
2687 938
6812 6990
1591 8100
2520 9155
9456 9767
4178 4999
4752 684
2997 8449
5005 9252
1926 4549
6682 8329
6041 2798
6430 4352
8960 376
1650 6862
4286 4551
3720 2004
890 2903
4217 3368
6671 8785
1431 3825
1616 4150
3089 6383
4441 9883
2421 996
160 2241
3855 4531
7307 2560
7392 1028
3899 1328
1882 1489
2309 7428
9287 896
3058 2275
5386 5404
7196 8244
2173 5362
2217 9909
9513 3174
692 6392
6548 2144
8838 4219
4757 4135
7156 2307
3523 6983
3922 660
7691 6450
6261 7406
1536 2737
7734 6135
1661 9876
7139 7442
5126 5678
1471 8554
5053 8902
9450 6669
9824 9771
9403 9719
9263 6728
9305 1273
4011 4128
9417 3814
1674 1958
4930 1210
7672 9515
44 3479
4055 6996
7959 6254
7671 760
56 8438
2816 3411
3838 1500
2316 9786
2867 4552
2722 8940
8622 6423
6637 7856
2069 682
4363 5969
2895 7979
3873 6035
4392 9127
4188 768
2942 8252
3506 4276
3880 608
8999 433
6230 619
7195 6624
4035 6115
6241 1653
4487 6706
5035 2301
985 7478
4321 1863
5682 4404
5888 1580
6828 4106
3215 4156
3130 8304
9308 1542
1617 3802
8469 3748
7476 4349
4739 1201
8413 75
6881 9592
6519 2221
4538 9354
8041 396
5488 2124
5565 5707
1081 6026
7630 5925
8740 3884
6543 5055
6154 3588
2505 2985
6623 4720
9341 2950
7751 834
4967 2453
4165 4969
979 4588
6655 2348
8857 5344
5485 5251
3508 4148
7152 4370
4961 2315
976 8579
1811 1051
4270 431
547 3216
3112 4104
9508 1578
9163 9174
741 2309
1218 7276
7903 3987
8476 7030
5006 1352
1036 8674
4461 7841
8666 5832
9690 1217
4183 7367
1432 3978
9037 1629
9107 7860
901 6050
9919 238
114 818
3081 1710
4795 7141
7839 9286
1671 8141
1723 6390
8000 7723
2426 2647
3897 9359
3996 8827
8172 7210
7572 1071
5596 625
8270 2137
7193 2849
3088 4884
6562 1465
4681 1845
8181 8088
8503 5658
9106 580
5909 7694
4062 6836
7952 3419
5842 3835
1131 4700
1571 9889
3017 2750
6589 4608
3399 2899
7929 8232
5404 9746
4606 9919
1624 6286
3923 6009
6442 3521
7411 1583
7054 5573
489 2351
9043 6560
8138 1984
731 5865
8674 8673
1963 1323
4998 2637
3890 6453
4969 1292
9223 4571
698 6585
2491 1341
7546 5595
2269 9569
4460 5731
7388 7935
8437 7537
23 2762
2307 7091
2704 822
9930 3548
3136 2554
2681 6572
2052 5316
3324 3665
9364 3907
5034 282
2228 37
286 964
1844 5341
4563 6371
5074 3840
6088 7327
6399 4701
6403 9768
6543 7830
5090 6279
4618 9472
4012 7570
1360 3011
950 5452
5577 7662
9010 9543
5321 8474
5378 4998
4547 4361
5050 5284
3797 6827
6675 2699
1457 5037
380 9426
1915 8622
5515 1318
1022 5519
8994 1731
5786 8743
7772 1567
9400 3824
2214 5059
5486 4050
1738 55
6813 6825
4087 9833
3639 7269
6541 2762
9663 9246
2868 4853
4809 2882
9964 2764
480 7117
8638 7665
9318 9172
6322 4255
7126 5038
5242 4850
8309 6175
1068 1161
6151 962
8125 934
2942 850
5832 256
2750 4165
6429 4902
8475 7893
8599 15
7748 5693
8886 3218
7497 3709
7963 5087
7846 5578
3938 7753
6900 3205
3289 6929
549 182
7871 2160
7678 4309
3688 1104
7201 7028
9757 1112
6407 4620
4240 4050
4301 6291
8669 458
6438 6919
5323 8533
5966 7722
4866 9628
1166 9290
1767 6483
8363 2315
1075 8842
1929 6371
3506 8208
8877 4561
9303 4911
2689 8011
9964 8632
7248 4707
3814 9004
1169 8086
5720 5012
7856 145
8558 7069
7527 5536
4154 4227
9949 9220
3004 6425
8597 4047
793 8467
9991 1743
4062 6752
9915 8197
9342 4039
6177 9570
3207 3852
4974 7885
4435 6463
3793 4083
9531 6546
500 9339
309 3333
2478 4837
4686 8816
2021 7902
6514 1340
2273 626
2632 1710
27 4159
4923 4881
4356 4578
5379 9775
4530 337
1699 9644
3221 5988
1243 911
9048 8849
3965 7885
2851 6322
8716 9636
957 8916
8561 6865
6271 1535
3416 542
1636 8285
1111 8443
5980 2985
2766 2104
2400 5638
5993 7213
1648 7001
7011 8759
3175 1123
6053 2927
5680 3615
2012 3463
9826 4437
473 8980
1175 2552
5217 7331
3098 4338
821 890
4943 9658
44 1260
3436 8143
9996 6679
9925 4452
327 7518
3398 2728
9890 462
8425 9393
2481 7280
2887 6548
6526 7370
5483 3971
9225 4354
2082 6195
7353 1280
719 665
2961 3662
4075 6177
1085 8079
8809 8299
8427 9257
4104 7538
6391 6880
3361 4746
8047 8256
464 5878
4885 1783
1728 6691
7731 7997
6287 3764
3688 4274
2129 1386
6529 162
2704 5232
9075 7623
9552 7825
8100 347
5201 6166
9129 1863
4942 9712
2426 6205
9042 1598
6306 9583
282 8156
7891 3915
7957 1432
4422 3348
1736 4978
192 733
351 1103
5808 8196
7070 2330
6372 1144
9541 8008
3067 8729
2226 1414
5830 9803
9632 4849
9960 3894
4509 9538
2221 4861
8601 3700
2166 121
7306 2883
2354 2082
8668 67
1848 538
3606 7498
6273 1157
8633 443
4210 6248
9281 7056
5255 8285
5550 5779
1164 8496
9468 3289
4948 2362
7630 9692
9421 8663
2953 3939
2699 2598
124 9936
6928 1148
510 4933
2061 5301
1296 532
2802 953
4433 9938
641 2327
9408 6711
9873 7089
1148 7221
6174 6595
2840 9443
4094 3073
3706 8229
7647 7388
8194 4505
2075 8176
4152 1024
7645 2941
8030 6694
6494 8224
1940 3969
488 6878
331 2450
1084 252
65 1787
8110 926
4939 4478
366 1114
8945 3181
9826 648
3410 9699
7262 4969
9833 5197
3526 7888
4551 8295
9898 209
7120 9439
8880 4933
2274 7784
2352 5703
7279 3070
4664 9246
268 160
496 9240
5473 4415
6216 9071
6705 5121
8029 666
900 338
6106 9427
224 2505
459 6176
5655 1762
5613 3264
7977 6589
4162 1781
7481 2370
3104 664
2029 9630
2921 957
2304 7887
7605 2580
3074 9881
331 5753
3023 9890
4591 1593
9308 8128
7877 3345
5533 9709
6788 4500
5908 7188
117 9769
1797 3515
3530 7007
8901 3164
3996 7406
9536 9618
3885 4220
1721 2876
8957 56
7324 1585
5655 9830
6976 353
6331 3800
1288 9316
5799 7637
8248 4849
4446 5672
3061 9469
2315 8616
8501 1822
6974 7759
4486 9290
7140 6554
1930 8433
4982 7596
6912 2452
296 5903
5566 4352
2018 2696
9914 9995
3851 5717
9976 5946
4048 2710
7166 3836
3349 2006
2707 9223
2738 5476
4613 1565
5039 3570
6362 8970
3274 9289
383 7741
2101 2887
2780 9681
7133 8087
5576 8198
8164 4651
6425 8305
2320 1511
9715 5437
6909 6765
3362 2204
3309 6961
9459 5726
5664 9913
7244 8556
4447 7091
604 6546
7697 1123
8349 6359
9169 6631
6806 4106
4295 9320
6397 6058
4690 7247
3210 1298
7143 6082
774 2304
5219 9850
4914 1281
1836 2098
7412 3498
2262 3166
3997 1333
9442 7078
9942 6214
3953 4445
2488 5049
9670 8002
4570 2443
2409 2
4005 3665
3655 2856
1540 9784
6599 6403
4615 954
5800 1522
8711 5578
3734 622
8868 7820
6763 8580
7417 6036
3058 9374
2225 7369
7718 6780
8771 7910
2649 6676
6409 3661
3473 516
2927 8472
1437 1936
8262 2334
9878 1340
7944 3261
1024 87
6006 3354
2448 2834
3740 5859
4007 2860
902 4061
8620 5099
8173 9967
6727 585
3594 9786
3466 1049
3883 5843
2954 2004
4355 6095
1147 9605
1131 2858
5099 6093
3734 7395
6644 2819
8707 1768
4981 668
331 5449
9706 9426
7306 4684
1927 2597
2939 5901
7732 2331
3420 6639
7794 2869
673 6403
2892 863
8964 355
6713 2003
3466 6860
4861 940
5680 5846
5839 2130
2388 2946
8021 7110
177 8031
1580 9147
2914 1208
4500 1855
1031 8189
2040 2469
3765 9773
8315 4961
7864 9549
6318 7455
6068 8151
3806 5520
329 7682
938 129
181 7594
3346 5770
2771 5244
379 8961
6961 3377
1647 2328
143 100
8177 1033
2659 3409
8334 5116
2106 8155
2255 6227
8729 5002
7451 5619
5889 4096
5561 6911
3409 8999
2563 4514
9445 9209
4423 297
5277 138
4423 6507
1592 7398
9152 6790
4975 9171
679 3334
1678 9266
3391 3796
8045 9224
120 1274
5021 1235
4145 2383
9869 3627
8958 2579
6764 2263
7445 9736
1833 3897
2754 4843
2023 5463
7978 4014
2924 9847
2140 371
4857 9030
867 855
7379 101
6153 296
5487 8544
2118 3780
1277 3372
3798 8976
5675 5149
1640 8658
1179 9409
4386 5884
9599 2893
914 3478
3472 7410
1295 5046
3677 5083
7935 2862
4785 1285
114 2386
8781 1579
7643 8644
2405 909
3790 5790
327 6797
213 6667
2117 9063
8428 435
6404 1546
3357 4290
2845 742
8854 691
8720 7556
2550 9214
8969 9852
6535 3323
6219 1031
7108 3745
5480 3427
1644 720
4275 1132
879 1079
2236 7453
8517 7651
6394 67
8366 7189
9928 73
5780 5535
1382 2725
9004 6555
6768 7455
7244 1063
6091 5321
7686 4625
6139 4912
2626 1514
9683 1070
4731 3226
7428 4632
3536 8417
6390 939
3434 9365
4692 6158
3612 8461
7217 7348
7718 6297
2185 7280
1061 2859
6531 4805
4581 134
866 4234
4102 5873
4859 4246
6060 2584
5904 3117
7968 4304
8027 6423
3540 5189
6583 5353
3396 2226
6775 9283
1368 3579
7882 405
8374 9690
374 1310
3588 293
7057 707
251 4312
3839 6633
2951 1493
854 3567
6283 7588
7341 1674
5969 6584
7939 6734
8687 2177
3036 6102
933 439
2821 6065
3491 8073
7497 7529
7272 4690
4444 8289
1525 4724
1604 8010
6127 9460
9352 1522
4931 7538
2609 8634
5189 9444
3597 3218
4465 3246
2562 3635
5506 8527
8719 3208
9168 2011
6446 1738
2116 5953
4678 6311
6583 9080
397 5326
6809 6171
3691 5514
4046 6126
6985 4265
1251 1435
5657 2967
3646 3390
3391 604
3650 633
8060 1374
7969 8549
5307 6020
4573 9174
4036 1545
3559 889
6271 2377
937 7852
4243 7180
3919 8122
9532 4155
15 5858
8074 5619
3273 8004
2038 2389
7706 9991
5504 152
4043 8057
1043 7932
918 9236
5226 8700
7320 3849
380 6559
6050 6813
6627 9914
9290 5084
9147 6006
2430 6894
3589 9865
9128 5380
9003 6292
7885 1919
9918 7960
7136 3662
8075 2966
2356 4097
9612 354
2542 4095
4970 7347
8184 8800
6896 5194
2194 2088
9596 7404
5636 3601
1422 4781
958 2195
9875 4027
1888 7827
747 2116
3381 8917
5206 2341
4746 8543
5709 5329
893 7148
1405 9146
1424 8250
9006 1774
4381 929
9330 6321
4884 3552
6489 7107
9775 3685
9393 446
9030 4392
1355 9167
206 164
9208 4302
7357 7684
2819 5675
8617 3063
8423 327
4766 2175
9489 4444
1934 6075
4161 2250
3634 5214
2906 5104
3887 3852
1113 8419
5172 386
2114 8269
3424 6191
1221 1557
3408 3618
2560 5622
7286 2625
1502 415
7045 8291
3597 6599
281 3563
5677 7355
8243 7137
9956 4582
6178 5775
975 8172
8638 549
9651 4962
3853 7977
2514 5053
7880 1838
8377 6437
1304 928
6901 7926
5530 8138
9333 6020
8834 4404
9803 6376
3403 2364
6941 9755
2828 1119
6472 2797
583 2660
7604 3267
2603 9526
2242 5659
6169 9869
6593 3373
467 935
1408 4463
1760 6327
5919 8933
477 810
4622 7492
3117 7763
2247 8962
2337 1522
1479 9163
3523 7877
8935 7362
3052 5003
6329 3122
7302 8337
4494 5568
91 3595
5956 6896
5516 192
6365 8224
7038 6242
8474 2884
670 4121
7654 3455
1397 8236
8576 394
3495 8043
3537 773
1494 4251
1051 6584
3411 1711
1714 3700
1732 2543
4804 3898
9681 1912
4483 1815
6905 8144
6372 8364
8593 8324
6048 6470
5788 111
4328 2814
6727 9785
6325 8526
4603 155
2333 4126
5653 9450
5138 5995
3234 8872
3188 2340
532 5634
5191 8720
4978 1798
2095 5535
6811 9942
5175 9003
7050 3378
8274 3642
1702 6533
2505 9779
5441 6142
6098 4827
6384 2360
9809 1867
313 2376
6889 7216
7976 8836
6411 7150
6653 2283
6847 1954
8895 8276
3057 4930
7828 2454
4066 5859
328 8257
9807 7880
8986 8232
6095 9841
4951 8540
6869 4039
7470 166
4853 6834
5810 9616
7108 3942
9422 6720
9945 2184
5554 5314
3903 1072
9468 4577
9852 1933
8146 6434
1292 9007
6332 1822
2902 9637
2575 4410
7632 5587
2195 3508
3743 4256
981 1883
438 2394
4169 3691
1471 374
6360 8452
4872 9304
4519 3447
677 2955
3640 2956
4436 5677
169 8419
7581 5674
3547 8981
1047 6292
4989 2038
5400 5868
2870 2825
4917 5887
4898 1055
7911 2784
6820 2782
3327 2670
1609 331
3776 290
7405 8036
4298 1399
4343 5355
6503 1062
927 5090
5406 3900
2544 9040
6373 8923
8873 30
4356 3690
2621 113
3397 6553
4506 3012
4807 9078
5095 8913
6833 7093
550 8411
2979 8432
9289 1803
2713 4586
4097 9286
729 3889
2273 3015
4955 3376
7297 3726
8520 3358
4158 7236
1227 6407
1599 2250
6229 3460
6275 4638
3725 3417
5654 8072
9636 3995
7890 5879
5637 4797
2562 5027
3643 8598
9058 3151
5550 7408
2786 429
2549 5327
5098 5485
9119 427
4599 548
3309 4812
2082 8869
1334 2818
482 7646
8414 527
8168 9938
4753 977
7977 7374
1050 9455
4297 8378
3392 8062
1073 1711
6159 5041
9427 5455
3780 7420
5861 181
514 6291
4393 3898
2915 4436
1677 641
8024 6957
846 3312
4177 8763
647 5323
9928 6688
6216 206
4839 7328
3426 7079
6202 8216
2382 7998
4879 7804
6893 691
6186 7356
9642 1698
6293 3058
9324 5780
7333 5114
1992 533
6743 4542
2371 7646
5113 7661
5188 7503
7878 7112
2184 3867
3593 7161
6448 2527
2675 8928
4420 6192
8295 2747
699 1072
4850 1696
4194 2541
1656 8907
8778 7814
5369 2479
5647 8139
2147 9995
9506 6688
97 5882
3416 285
4417 3062
5979 7189
8692 1083
6318 4209
910 676
1054 4649
7933 7812
6804 7246
614 386
9240 551
2954 9634
4623 2486
3624 5884
4260 6709
6877 684
533 7251
4454 4741
5796 9093
3830 3474
1262 5018
4002 1499
7497 1696
2282 2864
9158 605
2083 4133
6229 27
1455 4522
2424 4658
2509 4038
9744 9427
3389 3520
6916 2559
2604 665
2176 178
3981 6297
8249 9680
9369 3844
638 3482
7357 8217
1947 2156
7714 4871
6183 1014
7610 5532
7502 3861
9766 8348
2137 189
6821 5690
7608 2886
1254 3782
3217 3952
7550 3715
6178 9525
837 5684
275 6217
5323 4498
2551 6160
1848 9756
5729 5052
6081 1020
3668 8433
2599 9458
8178 5704
9705 2159
5558 844
3657 8672
9725 7876
5196 5653
6958 4461
587 5693
3067 9380
9527 8000
7679 8045
3754 1065
7703 35
6408 4797
3614 9356
3363 4956
7665 1975
7934 6579
9633 3509
2969 7996
4646 8498
7708 5891
5024 2606
7055 3077
1529 540
3990 2551
5863 1351
8794 160
413 9116
2097 5876
7057 7880
5568 2590
4392 6958
3655 4330
8942 3301
874 9244
1138 2108
9744 2752
1325 6843
7061 8623
7107 1240
3146 1130
2 3474
1980 8903
3608 4989
6114 901
7905 9242
3120 9149
5869 5042
9080 4583
8112 3040
9760 2806
7427 6520
8190 2321
8185 4728
8704 703
908 5593
4489 2830
8005 7313
4918 7872
6746 777
5790 8259
5921 4150
3959 2492
8771 7063
7062 383
6988 3353
5422 1149
6655 7290
6250 7898
8758 8840
2949 7785
9463 6293
518 2391
6179 7130
3498 2977
2216 5477
6970 7459
2950 6224
3419 8431
1278 3215
7171 1269
7637 5206
6841 2965
8921 1413
9446 2110
9947 9537
6920 1426
7210 5231
886 2376
8016 7728
1565 1581
2614 6708
152 7481
7283 2748
9134 8746
3985 9616
8422 399
1312 9241
2965 7490
2900 4781
8312 4194
26 4629
9533 3068
1288 4220
2907 1446
8434 1366
4387 6073
264 7322
8702 392
2461 6910
9333 3233
8514 8574
3024 1374
1777 5784
8326 2024
2374 503
7571 2762
5143 4985
4248 6733
6709 6687
9564 1749
9754 3409
3759 1543
9042 140
9055 6773
2583 9578
9972 8424
9284 6284
7735 7817
3051 1653
2960 3276
2322 1926
5531 89
8647 1649
6988 3752
9253 6765
9514 5112
9503 9478
9959 7261
1961 1949
1104 6276
9222 2563
8895 9267
2043 9646
4350 1826
2 8453
6566 9072
4523 1246
7269 6356
9406 7122
110 6913
6972 4761
2714 2820
5475 9447
5453 7661
5647 2114
7876 9992
2957 6143
6954 3959
3803 5912
1433 2222
2412 7805
2509 6730
4487 9044
852 9183
8367 5326
5314 1372
7534 5559
5473 6077
1674 5657
8166 9965
7065 3966
927 8086
5825 6048
5336 5383
8584 9696
6140 48
9994 8863
4169 8141
4233 1163
5468 2045
8575 329
8956 7550
7006 572
35 7350
8697 1616
6502 4832
1468 9046
8549 1810
5429 6604
2558 1927
2678 2807
9036 6557
7378 2784
7485 3277
1941 3944
706 9059
2609 8345
2527 8089
4354 859
8194 8756
2403 9504
272 9178
2714 5069
4283 7263
8206 1573
2128 9627
441 5923
5484 1161
856 2307
3279 7710
1919 7614
5161 3108
3481 6593
7552 3283
9262 8393
4980 4843
7853 3581
3385 7440
5768 1207
6484 8002
1775 9264
5409 8151
2181 2263
2609 9976
6031 862
5505 437
9675 8978
5125 8453
1069 1797
5523 5839
3908 9305
3532 3486
8827 1450
3382 8644
2379 1689
9012 334
5373 8993
8807 6224
5278 3096
4717 7165
892 3268
4952 9236
9069 4967
2730 3162
3886 8376
2252 8833
7945 9871
4638 9298
4496 8653
9896 1932
8933 3062
3919 4760
5724 5452
5204 8312
5768 3369
2534 3228
9778 5016
4280 4577
2809 1841
525 6023
5459 4383
2799 2877
6609 8128
1119 4203
6960 1801
1046 3419
3980 3426
5258 8212
7471 8085
8781 4277
5735 6463
767 6907
886 4912
6612 5647
4083 3493
1729 447
2381 5247
6223 6471
144 3631
513 9708
656 7057
3202 6789
8738 8978
3128 8918
8107 3776
8678 2170
223 6364
6909 1452
1147 2766
3713 338
4239 8102
8938 8391
5219 9034
6321 5699
1898 4737
2491 9866
5332 7978
2210 8062
8093 4282
6014 1937
5571 80
6978 4811
1029 9911
1891 9796
5462 4920
7716 8174
8081 2008
2028 4914
2855 1285
6777 630
7731 3081
3870 1464
9823 4105
7304 3274
4831 5388
7950 1914
8587 6235
3654 8700
2587 3618
8325 4214
4251 8464
6078 5560
4141 7472
4508 3574
2381 9476
6891 7411
6672 6395
0 8555
8710 9040
9992 4669
1406 7503
8574 4740
6968 2003
8535 353
2982 9761
7079 7591
9948 5995
4566 1138
4455 1298
2717 2580
8922 6235
9834 9902
7603 7836
8340 7735
3292 6452
2808 7228
1421 1972
3409 3604
5470 1598
7654 2143
2586 5160
9550 7291
5344 4605
8991 6178
4851 1809
8067 1667
1809 4894
7835 7819
9905 4335
1230 6128
4501 3801
6922 6410
6751 4993
2444 430
4096 5438
9210 3800
8508 2044
7325 8053
6393 2570
2268 6955
1910 1281
2131 6197
6103 7441
1779 8062
9999 4297
6146 5401
6615 9395
5731 5291
2634 9290
4481 9814
2771 2392
6597 8018
3278 8785
2136 5482
7819 3110
1058 6625
434 1318
3696 6447
6944 2919
435 8091
5615 7965
8917 6727
67 8117
4727 6563
2977 6689
7078 2815
7050 1744
6717 768
165 8121
6851 5038
7659 7604
2309 4632
2188 853
8926 5076
9247 6470
1282 3303
4086 1600
9834 7309
6016 9541
42 7574
4328 7197
1183 6205
5498 7402
9700 9238
2598 5514
2163 2564
4589 7642
6680 1012
8792 8978
8769 2473
6457 7056
258 2805
2953 4452
838 7728
4592 246
1391 2936
1267 1791
670 4966
5271 4538
2142 3801
3171 3784
1611 8433
9732 298
7280 6473
8587 1343
5822 1234
7473 4763
7448 4729
9994 9424
3019 7332
5719 2043
9228 2062
9381 7949
1865 364
5844 5892
1 4763
2994 7062
543 9576
7605 5770
9874 7244
3063 8563
3160 1218
3579 553
6296 3591
8287 4757
2367 316
5514 9945
2643 1435
8724 9963
6195 2228
7301 2140
9455 322
9669 1160
6932 8783
4115 3772
7455 4880
9153 63
3315 6446
4365 8303
2518 3411
6218 6714
7590 2686
8892 2389
1480 2754
8627 2795
3777 4785
7583 6518
5677 9424
5746 8531
7069 2008
2067 9461
3598 9081
6494 9945
6644 5402
8232 4705
4534 9361
5233 2336
898 2603
4930 6609
3665 2297
2870 740
5541 7896
5237 933
5919 9483
9323 5178
6894 7287
2776 7306
5570 2635
2432 4645
5246 4810
9203 9683
3723 9766
1590 8605
1689 4330
5856 1810
2272 6835
3505 551
885 8893
8556 9727
6857 758
662 5810
5243 4497
2359 1773
9054 2074
2829 5302
8981 1537
6415 5497
8906 4612
5855 1812
350 6493
3257 1948
8762 9141
1512 3850
4677 1699
6312 582
2606 4646
5414 9998
153 362
9667 5843
8871 6938
8839 176
1629 3379
867 9191
1463 81
47 1434
9685 5705
2385 4547
6771 5457
5039 8721
6263 1151
4188 255
644 1469
3038 227
1675 5254
8897 2816
6833 3808
2196 3528
1851 6086
4032 6433
3045 7696
3465 1394
8227 5457
8398 7243
9359 7021
10 8559
6897 6357
3629 2863
5693 288
7252 3651
9381 2408
7492 4055
7487 3407
3767 4545
3346 7500
2653 459
154 6661
2531 5137
9275 4954
1505 488
2354 3676
2909 6600
6326 200
2734 5000
7869 916
6123 7637
2860 2581
481 1918
1687 8010
6019 975
1702 1593
3644 9704
360 9188
3760 9722
1009 1336
5824 4205
4671 2354
8508 401
5227 6941
5107 4111
7850 4428
3511 8058
2435 1248
7403 4024
1947 4631
654 5511
2204 5971
4353 9726
2820 4290
9940 5617
4089 1838
6319 1552
5675 4003
7196 3757
5858 4200
9682 1928
886 8460
9899 3144
1806 8415
2967 8120
7264 1210
6490 1340
5271 8315
6465 2735
306 1985
3090 5515
7624 7585
9441 3107
8698 9155
9951 8704
8433 1148
7804 4934
3255 2888
1997 1027
5505 19
7593 1124
665 469
5101 4227
6507 7256
6192 4256
7413 5847
5088 2491
3569 5429
7275 3452
1471 3574
7386 8479
7723 4734
3880 8831
2143 8532
4432 8366
1105 8435
2500 510
9052 8541
602 927
5196 5820
2705 4693
9347 551
8721 3541
6665 6957
1728 3709
960 1729
4673 4205
4309 1298
5975 3670
4322 709
2920 3501
9761 8081
220 6235
4699 311
5173 1428
1183 8364
3672 8834
5934 597
5593 4222
4690 958
469 8363
8751 4935
6889 1727
7954 3387
3760 5822
1910 9454
4121 3381
7861 5666
9655 3247
6475 2358
2385 9415
3719 92
922 9451
6347 7429
5276 2442
3442 7516
4669 7914
2609 5435
1188 2984
3862 4670
3573 2381
7725 9186
487 5145
786 5545
7366 8046
1648 6142
2740 6428
584 991
4155 9652
8925 1628
4958 8636
12 3930
6733 6750
7770 4211
7511 2941
6341 7470
7178 7797
572 5863
9222 1357
6698 523
3551 2316
5774 1619
6881 2485
5526 2362
4654 8513
9002 2428
8579 8872
3621 8493
1593 3339
6157 259
7063 368
68 3681
6836 4843
8359 48
7994 9894
1636 1548
6950 1549
6696 6505
7500 9592
7734 5873
7176 9926
6420 3259
3631 690
2991 6088
6228 4565
4399 8189
262 3928
5110 2072
7574 4163
4529 9234
9223 2199
8273 8128
9710 8725
6627 1381
5145 5225
1515 4391
3596 6614
7408 8252
8518 4447
8448 7185
8162 4272
5300 7990
1529 4935
1183 3450
8613 3553
2592 2431
7601 533
455 9658
5100 6759
2931 3273
9196 1403
8009 7105
7439 71
7906 4771
5564 3059
8796 3114
2184 9599
6224 659
6245 1905
8627 4905
1045 425
4774 365
5244 1827
6936 991
4099 1545
5100 8603
2745 3874
2517 66
5700 7419
429 1508
1061 4417
1973 279
3338 1528
9175 6679
5484 7882
9431 4746
2777 3055
3240 6174
1836 6070
9003 4322
7544 9038
562 7438
9812 403
3858 8319
6016 3384
503 7875
2853 6669
1441 5117
1787 509
6844 6854
6580 7095
2142 4641
6213 7847
9210 8072
7941 9409
2833 9096
8222 1177
200 8870
9297 8353
3940 5212
1126 944
6626 2868
2945 8187
6339 8928
6655 6179
6709 2340
3216 9676
6141 2433
4015 7013
9103 622
6012 5432
3856 1749
2858 7743
9059 407
324 8545
3008 2477
7867 744
8051 8620
8715 2976
2784 4404
8091 2287
2036 8789
3235 299
7782 8527
9480 2396
1293 6212
6323 1168
443 1708
7824 7860
5943 4021
673 3942
2264 4661
4274 132
4205 7198
4568 1712
6234 6492
9251 291
3645 8878
5043 5834
7791 7534
6774 9714
1766 2447
2495 3964
7702 3586
8387 6620
903 4325
9308 5556
5010 2569
2160 5416
7462 4798
7596 8222
535 3197
4618 9812
8582 2465
8066 1373
5115 9843
9421 1641
399 5137
5588 7680
3446 8331
1559 8523
3385 697
7530 4816
1506 1996
6857 8344
1072 4592
6508 2542
6955 8954
2021 5174
6833 1620
9110 5399
3791 210
9584 375
4251 9920
8599 7057
8718 4218
8961 4277
1903 5191
5981 2461
9514 5939
4320 4040
3280 1560
4442 8469
6376 520
7207 4205
1315 5034
9122 5916
6269 5454
5620 7278
1472 2303
2362 1267
4146 5044
6932 1710
6270 7090
282 4720
9648 6690
4457 4923
5658 5978
4235 6742
8788 3675
5765 9484
1312 2711
5850 8545
699 3645
5820 4707
5056 2562
2674 2120
2743 5325
2886 8154
4058 3246
8869 1420
4503 7756
873 1495
1266 651
7572 9205
5794 9863
6786 9145
8364 6527
561 8281
1021 3328
429 6682
6272 9197
708 1463
4751 4584
9032 3421
6774 6016
403 5973
2468 5671
5076 46
2443 8686
7399 2119
1494 4335
2931 2823
2778 5527
7005 5929
69 1550
4442 9159
6868 8996
5586 4977
6368 5002
2352 474
6760 2378
7030 9184
8282 2564
5213 70
5722 2311
3418 1391
8021 9768
348 8105
1776 9793
785 2788
7385 7321
8680 4430
3903 1068
1890 1532
382 855
3698 7639
1090 1602
8979 3856
7197 394
4809 4817
8259 1162
4479 610
514 3269
3232 7541
960 4595
5569 1774
7196 7526
699 5250
534 6663
5926 1771
8107 3202
3137 4982
2425 5035
5951 3354
3185 9579
1435 5204
7610 3627
7580 8291
9457 6027
5539 9789
1886 2160
1473 444
7587 2872
3030 265
2126 4731
2212 9411
8525 3536
1730 8460
3345 3368
9836 4609
6282 4827
9032 6051
7746 5774
3891 6983
8679 9182
5450 9574
5792 6428
3925 5041
2544 8036
8685 5638
2904 555
6958 9079
7895 916
488 2829
3981 5344
7888 4953
1149 7952
2867 3778
6401 4152
442 3344
9079 2209
8872 3540
6120 8139
6593 9154
1417 8206
4677 2444
8763 6475
3658 7804
1166 5364
3880 6909
4898 148
3565 9879
9357 4348
1793 85
3369 2651
2355 7509
1541 7657
2050 3019
2619 3025
4665 9746
3266 9001
1170 9328
8970 8399
11 2101
7380 6497
5109 2080
7860 4905
9593 7326
6543 3764
1381 736
958 3245
52 7880
9221 6506
380 8367
1533 2914
2321 6854
9437 3610
7703 5639
6600 2635
4500 6951
6063 6674
2292 5018
4551 5044
5174 2899
6933 955
5172 5735
1750 1601
4992 9677
7260 1640
1049 8196
1954 1827
2317 6192
96 4245
7624 3219
4234 276
5947 7540
3011 2073
6408 5423
1423 7735
826 2425
3557 1702
7745 6494
8628 4811
6859 5400
6333 7606
9054 2062
6381 5927
6113 4487
4510 813
6203 4345
1204 3789
9059 4787
706 6395
2854 6227
6959 8472
887 6516
3251 1289
3201 1688
5515 4943
3752 1742
9164 8232
8798 8048
7444 1986
2465 2172
3404 7559
1281 1837
4217 5625
6736 7269
1794 2636
2066 7849
8716 9642
2963 6937
7217 8471
1816 5387
7936 114
8413 3826
3581 7956
7438 1104
5305 3480
1153 837
8716 8679
448 8963
2239 2686
4597 9648
7174 6527
1983 3991
8314 8593
3025 6731
37 3669
2104 2233
6854 438
2045 5081
2997 4652
2737 8976
161 3309
2469 8726
7316 8384
4396 703
1224 1984
2392 7496
8914 7929
9457 7951
9725 3234
276 4047
4354 8054
3768 311
4099 7041
7692 7014
2615 2404
6316 662
959 3206
6306 3810
3879 3463
4904 7380
6633 5681
6556 4960
1563 4957
5389 4007
4696 8879
1330 7016
6588 9696
6986 2825
2137 4998
398 8398
3063 7794
3298 3524
7449 8949
3354 9517
9482 7583
9961 8840
8501 2870
725 3436
9908 8768
695 9313
5121 1822
6718 7739
1976 6005
1651 2995
8957 2041
6918 7060
8810 1400
7352 4559
4673 3088
6034 2492
2192 2686
3507 8286
9010 5188
1863 241
8913 3654
4930 7346
5114 9426
6972 3675
8057 5001
7542 7641
947 8494
5738 8252
355 8362
7537 2219
7276 762
2351 6658
2429 5766
6904 5721
1538 8350
7046 2066
5511 7106
3170 2686
1111 1663
1728 2732
2771 1121
6199 5055
6415 266
7709 9403
1206 1453
6898 7916
5309 2215
2179 9315
6677 3563
8559 9166
8570 6584
7750 6547
2569 4122
6364 6393
7086 937
6637 7523
5595 4433
8331 6025
628 7535
8755 5908
1463 1317
3806 8902
1610 4635
8371 6372
6909 882
2682 1954
2158 8390
6555 7673
8363 2415
4532 1911
482 6868
5193 1555
9764 1565
2918 1851
7032 5683
368 4252
1467 3814
8698 7181
4453 2570
2052 4889
1880 8703
5133 4151
9458 6140
6889 1191
7281 7416
4381 4267
6918 5972
6471 7296
5522 8280
3611 9160
9037 1913
5944 1574
4885 883
9914 1685
4355 1321
4616 7588
1562 4854
8541 9938
825 4303
7764 1970
4272 5335
9644 8859
1967 6990
8731 7119
5529 119
2367 9014
7991 3989
7616 9862
6457 3105
337 1889
8040 5258
4741 1035
2503 7306
7198 6535
2168 8801
5328 5949
4987 9665
1364 6234
8992 6645
7993 2340
3054 9278
5781 4695
2668 4795
3386 2129
9052 2004
1379 1047
1144 1827
4925 9426
2548 8272
2995 7194
675 1224
2113 8637
6150 8585
90 5643
4063 8348
6117 7153
1380 368
1362 1777
3982 2655
3003 5786
7265 5119
8709 41
662 6823
9270 1100
9444 4443
8432 5742
6686 1591
2155 8069
1493 9316
9649 7300
9630 3098
4803 4188
7887 3362
2041 7942
1234 4645
1431 3542
4924 5287
4251 7085
1799 8186
8210 7021
4092 4385
1610 2489
4348 7730
2866 9849
7101 678
2014 567
8930 6144
5447 7657
4755 8247
7791 8731
3580 258
3762 3384
6305 2687
8296 3573
3487 3648
3543 7514
1326 6787
9237 4382
2067 3213
1963 7598
1377 3538
2933 2745
1855 5731
5733 8251
7045 5796
7368 2916
7616 6297
5840 5012
437 9341
2353 4022
9250 7022
6631 5430
4528 216
3252 2880
5381 1900
200 6295
7126 6765
9337 270
729 8552
6802 1862
6584 1933
5399 6629
1953 5646
2806 5487
875 8946
4809 148
7684 6455
1624 1222
5877 9250
4780 677
5047 1044
7278 216
2846 5531
3182 1194
7427 6449
672 4639
4048 5509
3936 6178
1557 7397
2406 7676
4919 8485
5573 1987
8280 4030
7261 9037
1378 4950
3456 2479
380 4647
34 934
2495 5119
7881 209
8643 9716
2708 9161
4146 6978
8664 3263
9070 8962
4341 2384
8430 1384
1640 327
515 169
9098 127
6937 6999
309 6403
2266 8091
8262 2741
812 862
222 487
7083 4468
946 7897
9937 1285
7683 7935
6849 8601
9912 5166
1715 4208
7175 644
1801 187
6674 8225
6512 9354
3438 1317
483 3955
6479 4487
2522 6156
4064 7808
687 4725
1150 8594
2961 1669
9412 5848
2337 9119
3105 4123
6554 9632
8981 9421
5182 6600
283 3990
8603 7571
896 1145
9884 7219
610 5075
9932 1196
1283 9055
9797 1275
1565 7896
5206 6036
9551 1356
3204 9143
7526 3194
6183 6461
8375 1848
6837 8997
792 3315
4812 5990
8942 531
6297 4496
6961 3722
3462 9795
8140 8282
319 9019
5153 544
7829 4935
8921 7617
2172 2053
41 9263
1823 5931
7504 135
499 2484
2717 7403
2169 2006
2221 5703
3981 1692
3426 9298
444 5157
7951 5379
9442 23
6127 1389
1713 3057
9414 6313
3502 6957
4992 5583
2037 3294
8421 512
8028 4523
350 9410
4805 6679
5537 5753
4702 9229
1079 7007
6162 901
7423 6912
8418 597
4908 7460
3838 7047
6361 5193
1869 6371
4173 7245
7949 7449
250 1653
7972 333
6191 3805
6693 6895
6733 5469
2814 9461
6246 3443
2093 6584
9297 4835
2227 1368
3594 6488
6433 4829
5367 9701
1951 6075
5494 5677
7516 5857
49 4619
1919 5870
8916 6751
6443 1968
7525 3174
3858 2602
257 5237
6384 3873
4056 7633
7256 2196
943 77
8285 5830
6371 8897
4054 6138
1997 6132
8356 6681
7185 8694
3424 2898
4464 9341
461 9231
2606 6474
4573 2831
4142 6998
9904 4518
7945 7326
9639 2925
5021 632
2486 9207
1362 6417
4103 9522
4968 9605
715 3382
8684 3322
1212 2573
4777 906
2623 4879
1420 8411
2773 329
192 156
3328 6265
4647 6190
5122 7080
6314 5500
4448 4596
9319 8297
6966 1993
234 1397
6965 188
3511 6891
2119 6660
7075 2346
6083 2037
786 5182
4172 8090
6570 5563
6404 8686
8679 421
3245 5991
8504 2302
6480 1936
5623 9613
9543 5826
7606 7751
7716 5550
9717 1485
7365 8073
3488 7778
8783 4901
5732 7095
2599 9943
5154 7109
8128 8842
684 4199
5758 1280
3357 2417
3449 1936
2469 6096
8141 353
3394 5488
3534 2705
4154 8260
6809 2706
165 5381
4726 4690
4823 7306
938 6181
1595 7233
7336 2257
3499 2583
2167 4118
8684 2698
8655 7368
918 3624
1021 7258
2529 1603
4199 5641
8587 3252
8425 7874
2390 7384
2605 4513
3567 3803
5320 4983
6728 5184
561 4679
1880 5883
3054 9325
5000 8299
791 6075
3950 6455
7115 9874
2006 4788
2625 6633
7548 8400
5623 5693
3639 5598
8438 4021
4335 238
55 9569
9263 6376
4766 5503
2182 6245
5108 3417
8919 2795
2052 2798
6688 9571
1675 6411
7463 696
5394 9190
6240 2062
3447 5783
8764 7036
6375 4052
588 6231
6873 3847
2643 4493
9364 3742
8409 2203
2176 9246
6044 1979
3690 2837
4800 702
9041 1659
1063 6418
3469 9860
9244 144
5455 1957
6649 4133
3507 5520
3961 5578
195 8381
4008 9138
149 9431
918 3679
4245 9313
1674 8738
4477 9123
6547 1053
5040 853
8058 4934
9526 8150
1971 1451
8513 4713
3347 7885
2975 4653
8491 7707
4008 4856
1922 4491
5351 159
545 8470
8918 133
9943 5249
4850 9117
173 7476
6509 9309
7364 4313
8994 5313
6570 1635
1811 3945
1980 5465
7310 2609
9461 5149
4894 8155
6197 3501
2782 8570
9165 8373
840 7853
8054 7070
4908 6183
5889 1575
1388 2343
6217 5119
3236 9481
9765 540
2967 2984
7593 8044
8308 3054
5740 3317
2887 5049
8245 6731
8028 1340
958 302
5359 3423
7323 9148
8911 788
7796 8378
4993 952
2493 6091
8336 7777
1366 1802
1185 2858
3359 5930
9845 6968
3092 6296
2136 1448
6 1209
2935 9128
9289 8134
5550 5102
9066 1008
4575 7001
1209 7473
3215 6962
9348 8977
9546 1134
9316 3953
1847 3299
9024 136
5462 4
5567 7768
3173 6251
6924 4060
7826 1650
8882 3056
5499 8767
2822 8333
7105 4345
6404 5472
6491 8411
9282 821
8631 2564
4577 7557
3675 2199
721 9497
9706 6934
7876 8778
9314 4711
6795 6951
6721 896
8892 994
8568 9332
4149 1144
2488 4010
8587 2698
6105 7094
4171 5276
7818 3414
5137 8186
3826 7227
5719 6114
725 546
1237 6978
9394 7454
5495 7087
8185 5124
588 1375
1930 7955
8138 3652
6472 5821
4271 3221
5853 9175
2019 9610
6647 7801
6345 3795
4480 5890
6644 6214
6491 9515
3862 4596
2746 3478
1156 9271
925 6291
2149 3786
9861 1422
4393 9893
6454 9705
2135 4387
8747 6082
7790 8034
8131 2192
1165 9702
1945 8703
8078 4874
4161 598
3164 6004
9566 4465
7110 9668
5025 1904
5372 9625
7756 9899
1510 1984
1749 5072
3924 6058
3542 219
4736 5192
4161 8577
6896 6069
5504 4456
727 9809
4954 742
3403 8598
6354 8357
1521 7113
7930 3136
3140 2574
3973 637
8293 1320
7721 1047
653 3116
1971 1094
2381 9744
4821 4797
8982 3126
7834 336
5141 3487
1099 5408
9654 6926
2026 597
9305 6250
1594 1831
1506 4079
9682 9096
6362 1585
3703 6513
9796 1198
3782 5320
538 3391
2355 6459
6693 1467
4219 508
5019 6201
3830 8568
1810 8239
8409 4757
2627 2556
6968 7416
8074 6702
3848 3201
2202 9168
4769 996
605 7588
8835 4196
9033 121
6336 6941
6958 1161
7927 6030
6284 3810
8993 1618
6658 5887
7636 8954
977 5666
2469 2712
5807 9776
810 2426
6135 5513
9197 9825
5709 3442
3613 7998
8063 897
783 8168
4551 3108
7090 3100
3054 95
7215 5857
6347 2368
2975 7990
4296 3648
4390 6939
437 4697
2862 3545
8854 9454
1535 8383
4599 9420
889 5146
3313 2091
596 4896
1236 8256
7743 4520
3956 2835
5333 9290
9520 103
3037 1295
7565 7467
224 3028
9649 9933
4614 6737
9339 3382
409 4272
8816 8997
5691 5244
8049 9484
1828 8808
8680 2849
5667 9496
6161 850
4277 640
6950 3753
1188 7528
4786 9911
4983 7672
5047 8256
2359 118
5050 6674
2081 1273
780 6947
8199 5240
4580 471
6674 5188
2104 5051
3442 4767
9899 9361
6325 4040
6320 4840
4678 4037
9852 3894
7613 3787
9418 8277
2389 9228
5272 2024
1306 1229
3502 1977
4577 6755
9855 7376
546 474
9448 4897
896 3250
8789 9955
7049 934
9619 2393
6280 3930
8688 4287
5000 4768
430 8210
3619 343
247 9980
9833 7713
299 6298
268 9232
6084 3436
1976 8604
3162 9273
6176 6723
6067 6989
5683 7245
7794 6832
5646 3403
32 4515
2411 3996
6104 1225
5271 5100
892 5424
4097 7625
3494 6524
9469 2370
1609 6238
953 959
8469 8454
6567 488
2168 6834
1961 8579
8146 2577
2219 7628
4802 9528
8826 5187
2940 3040
4515 2717
5116 4043
5830 5512
419 8913
3288 1808
2448 315
7512 6166
4107 3899
5465 8547
7258 3558
8782 4457
742 5791
2469 6898
1384 5298
1418 7048
413 2857
9052 5168
9305 8142
3884 291
3944 5950
4209 4891
2207 4358
393 5126
1440 7741
7210 2522
1468 1918
4871 9526
275 5312
2318 7680
2216 1027
3022 7840
2720 5721
597 4536
72 4223
5191 6574
3814 7143
8300 520
3480 7588
1488 1443
6185 5280
4430 3792
1026 9613
9622 6620
589 6006
7419 282
8052 4258
7130 8015
2296 8101
6132 4393
2926 9778
7884 9341
4420 6688
1836 2043
9633 9928
4002 2609
7290 2825
8776 7609
8448 3208
769 3151
3831 9911
6047 6020
3650 3264
3858 8984
6938 8655
1691 3111
8493 2905
1790 9443
4307 2653
4854 2201
3356 2150
2754 9171
5046 9482
2285 8553
4026 5074
460 2069
1205 6965
8896 5458
5605 2355
9915 1856
6937 348
4047 2263
5675 6571
4610 8932
1050 4786
8174 9365
4783 2531
1845 189
5409 7816
1185 4437
9620 6703
1577 3424
3884 4598
4064 4392
7008 9871
2248 5002
3930 4096
3044 8843
5179 4729
2890 7222
3530 4787
3703 419
1789 4546
8925 6677
720 5878
456 7776
98 3172
9646 5924
8352 2188
1908 6443
4393 2726
157 8891
704 1054
4653 7737
7024 6745
1260 6123
6746 1555
4567 3047
2553 9063
608 4029
5815 6218
1653 301
9784 8436
4030 983
5300 3564
1312 6782
2307 8255
3103 5159
7312 5500
1856 1092
4096 8271
1996 183
8492 6200
7696 5605
4089 4055
8945 3385
2297 1671
4190 578
3851 9892
9438 4859
2269 5322
2167 20
3825 7995
1312 3890
1662 1885
3535 8624
1421 2174
7436 1568
6932 3780
8823 3698
1952 6102
7157 8335
5499 3664
5413 5474
4717 7543
2000 1540
7950 9402
4815 8163
2345 8784
6679 671
2893 7892
1199 5777
6909 5930
5314 4568
871 6701
5472 9744
514 1990
4799 8657
5136 3659
3198 4738
8803 4193
6602 6424
5644 7152
3802 5423
6606 3090
229 5251
993 6135
5604 8347
8755 7304
4353 1139
1721 3893
6942 9253
2659 6829
3811 8595
7581 618
9103 4964
177 5655
5263 3433
2970 4687
3197 4170
8756 292
8816 3873
8255 1976
2017 4835
4306 5547
8190 6070
1949 4353
1351 1028
5446 6719
6837 8523
1013 7282
506 1134
907 2925
2052 3883
7085 7165
7980 6681
239 2618
2971 382
3451 6348
5387 2683
5600 3591
4971 9397
4279 2005
477 1377
5201 4287
6425 187
429 1400
1429 1186
2774 9909
9180 1491
3448 5292
9818 3553
8963 2025
2218 9118
2312 7271
6982 3881
6352 5761
2574 1412
2780 7493
8149 368
1271 2433
964 5351
5400 2110
7745 5462
8516 8405
5035 69
1856 6034
8796 6021
8628 3620
9665 6709
2490 2029
8102 6464
9270 2013
6794 198
2944 6965
6434 2085
7452 8234
3386 4373
9579 8713
6613 7421
3498 2401
9749 5477
4264 2033
8710 7785
2294 9087
1349 2822
4951 1570
2559 5252
2934 5805
6100 6352
9062 6713
3482 2469
8436 2349
7549 7351
249 813
6644 1803
5965 8684
943 9446
6229 3470
4668 7089
9869 2063
8505 758
5248 8266
7172 8489
5476 3911
175 6582
5187 8453
9167 1971
2979 4815
915 1441
1383 8141
4993 6901
1359 6778
1468 5773
9195 8510
7778 9937
2413 807
3650 8888
5707 5081
7386 196
2292 9039
2319 6379
6906 5996
1574 4979
8445 2003
4079 7224
4041 4591
5201 8861
3478 7888
1920 4734
45 7123
5099 6525
6026 1068
5122 1809
1260 7970
9013 999
6906 8040
3880 1444
2368 4324
3043 2168
3958 8893
6597 288
4866 4502
5592 2681
1444 9521
2447 9996
687 2690
3724 7866
9720 1649
2607 4229
3350 7115
5225 6568
7754 9158
1599 8308
9400 5583
4217 5977
6691 9810
6842 6333
6390 1397
7482 5356
6223 1954
3790 8092
182 3199
3897 907
1931 8283
2060 6455
4798 9495
6842 5466
8120 8638
6983 5472
5527 5474
622 4535
406 7301
6512 8914
2730 866
5834 8426
2137 9302
3152 1457
3382 5757
4374 8564
199 8573
4446 7900
3672 8409
2459 6369
4568 6371
4948 92
4208 2226
8868 5895
8084 9355
7166 4228
8978 351
1485 8087
6040 6209
5658 384
6706 8002
1415 3657
3952 9579
4568 2312
9878 7174
4577 2945
4190 3482
842 8828
9256 8657
9040 3550
4913 6647
1525 2183
449 6737
407 5639
4190 8200
2398 6653
3007 7281
6367 4110
2347 6602
9374 4670
9951 4226
9216 6207
222 22
2270 7891
6546 4820
485 3999
9953 1773
2219 6398
9276 4492
9004 9150
2321 4814
5954 2428
2752 1325
8643 4759
6970 957
5412 8867
8069 2529
2476 877
124 3659
2819 7254
4723 3983
2713 8318
2761 2978
8947 8606
1798 8900
8335 3569
1524 7479
7913 960
8889 1291
7415 8665
4194 7064
4687 7867
3516 2967
5048 3009
7564 6590
2477 3112
8607 6358
1582 4015
2203 5402
5777 2922
9652 8909
5318 8531
8266 4632
8456 6078
5200 3456
4927 438
4152 7712
4386 3017
2617 9336
9209 8781
386 1682
7249 46
9017 3340
601 6294
5772 9527
5113 7223
4361 7771
9075 5432
3881 629
2401 9833
9270 5166
414 9076
6654 3097
1361 2066
3328 8392
9171 6311
7075 6843
7218 8604
2469 567
2110 7847
4737 7151
848 1689
1978 9778
5339 5844
3588 6497
9210 9062
8146 9450
6585 3750
2921 7221
4944 9978
788 4891
6618 1475
7441 7678
7460 822
3640 9594
4384 9815
7900 4550
5353 804
1354 3718
3169 1083
8639 5424
391 5385
230 232
7524 8160
6830 1595
868 8580
5529 53
6082 9443
9921 9311
3755 3871
8646 8392
5925 329
9443 8575
2265 2523
6798 5258
667 2993
2589 1846
7082 8837
934 8908
3747 8791
3855 8172
7296 6053
9812 425
1726 6588
5799 2849
6684 8123
2034 4119
7551 5296
2664 9134
146 3602
841 644
3003 9659
3396 4328
6121 8463
3639 5178
569 3485
482 3246
888 8209
9449 4637
2211 1747
168 4664
2282 3088
9057 2809
6147 4754
7680 9064
1130 335
576 3654
7558 9499
8695 4874
9799 9243
2508 7478
7148 9464
6713 6933
1457 6779
107 675
4261 2315
6038 5720
1897 1664
6246 5123
8101 1587
5152 8624
8677 1796
5735 7781
6096 2183
6906 7439
4105 700
8858 4835
2478 3418
8106 5363
4766 4904
3567 7280
9720 9832
6135 1959
622 8496
918 9833
8856 1221
1259 9146
9237 5670
8577 6950
6621 6978
7057 8283
8081 2536
6677 7511
2196 105
1031 7663
1219 6108
344 584
6847 6750
9725 3782
7500 9347
5332 6063
401 3693
3988 5899
1408 360
5650 6043
4976 3328
9840 3762
3301 5712
6160 4468
8562 6792
7334 1034
3636 346
6859 3791
1327 5265
8894 7547
7959 1998
9781 1513
1221 4928
9041 6454
3449 8735
287 2681
9902 6294
4555 6313
5401 3275
1935 3280
2187 8779
3161 6042
9030 23
8843 345
7996 3813
2556 7913
4499 9797
4796 3083
7829 6609
7860 976
2756 6271
7916 3396
5947 5846
9302 6932
9503 2027
2007 3213
1540 5367
8134 2835
1356 1190
2125 4730
8634 8463
1805 6789
9477 3211
7950 4297
8776 6340
1635 6252
7478 5419
4940 1999
7947 3862
6933 1382
2989 9476
9500 3456
3249 5134
7744 9319
5434 5661
4116 1222
3181 5362
1107 9490
3440 3093
462 662
1040 3565
5665 6111
4546 5320
6659 3984
6193 2265
604 3715
4982 2460
5249 3709
3830 9782
7035 2045
213 61
5509 5809
6072 9153
9076 7492
2856 4647
289 72
9971 4016
9698 3820
7148 3146
1591 8778
2226 6978
623 4464
9535 5621
4011 1672
3031 5522
5626 5510
1184 7693
7140 526
6944 9746
6851 2048
5282 5940
554 5473
2435 1682
9449 7223
2265 4436
5641 7088
5314 328
1714 9792
9994 6163
7869 4661
1559 1142
6851 2296
1327 975
3412 6499
1049 3977
1587 6153
7441 3345
6222 8247
5268 245
5980 2213
5755 7771
8224 5032
8613 5596
1706 5319
7197 8331
2444 8
3819 4566
5401 1623
5798 6568
6425 3858
4855 3992
4730 7508
7097 2465
577 1964
4364 5695
8142 6233
4936 6675
5517 1716
3311 1923
6857 4554
9659 1585
8411 6885
567 9734
3680 9670
4074 1211
4776 5905
4189 4996
4571 1460
5262 2474
70 5909
5277 4755
1811 2824
6692 4911
7303 2666
4339 8530
9556 3756
1241 6617
4879 1375
2111 2923
7612 1033
1502 3886
357 1906
3793 1474
2649 9662
5717 1214
8978 2630
12 837
2319 6197
497 5364
7551 2924
7590 8459
9135 6002
6346 5878
4555 8508
1302 6551
209 4645
4534 9506
6179 6842
6837 8309
9850 3172
273 1137
7704 6195
1677 5817
2726 3204
2389 2310
5756 4367
3292 3412
3983 2623
8818 6669
644 5646
850 4320
6355 4477
2663 5294
9494 6269
3966 385
8225 4925
8774 3177
6556 8128
3428 2979
7996 7226
2899 4568
1888 7159
5481 8096
9606 8312
3909 498
4717 7435
9349 4777
8182 7541
2275 5156
2292 8943
3119 9786
8866 9339
5656 8743
4931 8513
8116 9432
5013 3914
1472 5695
8703 8120
5745 9316
3401 4544
5832 4872
6315 5749
4467 3382
718 4658
9793 5801
7086 6324
8190 4180
9153 1298
300 7906
9489 5721
1282 8747
6741 9800
2014 6815
254 6885
4007 6466
5373 315
7310 2436
7042 2017
5794 5836
7183 5943
3330 5328
9146 7263
93 9155
5922 8758
2181 3804
4217 494
9314 4015
7632 1817
4115 2027
6800 6276
9936 287
7444 8494
1195 2537
2869 4675
2004 5309
1853 5417
5276 4494
3196 8630
1265 4572
6377 3644
4408 5130
4080 8515
4728 3834
3178 2513
3507 3624
2410 456
2336 3968
5892 4892
435 4477
4584 7103
5935 9999
5276 3851
2450 5991
71 6396
6222 274
5738 967
8279 5664
5833 7339
6488 6000
6119 9699
6432 9066
1664 7300
922 7096
6959 2009
9163 737
7264 7049
325 6468
2592 1810
9192 6270
7040 1972
135 4745
5337 828
2712 5521
6201 187
6629 3187
6923 4499
5968 468
9861 6670
676 1019
2891 2922
5782 828
8833 7477
8762 6018
8669 1745
6962 2808
7131 8068
4289 9733
2986 3230
1038 530
3571 6536
4628 9992
1738 9494
1302 1259
574 9368
4928 1645
1146 7827
4473 5104
3182 7958
4 9548
6343 8396
1461 9193
3882 1422
4144 9578
3665 3762
4430 1302
8812 1588
1593 9252
7321 1359
3559 8178
4942 1063
2787 9874
5794 854
4102 7442
2251 5730
6549 8150
5123 7560
9908 8484
1588 727
8872 8140
7202 7755
3642 1378
3256 2548
2456 7018
8970 8322
4581 9374
2777 3119
5425 7839
9382 7786
3795 597
7262 1755
8482 1381
8531 6552
8547 8990
11 483
7965 3392
5201 9773
1032 5194
4042 9996
1380 3982
850 4820
4966 1619
6357 8645
221 6294
6169 3776
4963 415
792 1991
5215 6667
8140 3168
1255 5483
4467 7206
258 424
6850 9693
3596 4050
2038 2544
9763 1092
9317 840
4110 7269
8723 8842
2013 1469
1121 6830
5403 1777
2480 9064
6016 862
2722 7285
1075 2830
5105 9812
6381 7530
4922 5182
872 8381
3473 9299
2167 6208
7688 7779
5983 5623
8330 2005
1251 4007
4033 2920
3629 2594
2855 2803
3976 9409
4906 3531
8267 604
4249 593
5504 6233
8763 3349
4690 9791
2383 5611
8244 230
4141 616
4095 6046
2779 9161
2916 7368
6716 5088
5151 9396
7156 6589
9708 7656
2134 1317
7764 105
1870 1185
9039 3449
2074 7029
2957 5742
291 2027
3664 875
7290 2139
8529 3597
9725 2234
579 3732
9656 7853
8981 1100
7272 8088
240 6007
3244 3111
3952 3176
3844 7367
528 6655
6731 6594
7998 476
481 2070
6077 6610
5825 6193
8650 4537
8754 7227
4742 6655
4680 48
5265 5197
9210 9465
3992 4642
2990 3717
8517 1678
97 2505
6117 6717
9635 4641
7048 6590
4910 4993
4561 126
6775 2973
4108 3526
4078 5202
9151 4878
5216 6751
1273 3052
5852 8195
2840 8429
6786 5092
6551 1455
9174 9689
291 5497
3716 7957
1071 263
174 49
1518 8453
1489 7940
5293 9752
6326 9345
6803 3828
676 9518
2144 1277
4290 188
7427 3981
7850 8520
1128 9790
1769 8189
5838 6517
6563 4131
8311 780
6244 4920
1576 5179
4689 3593
4656 4754
2429 9710
6630 2740
6664 4879
3643 1267
3185 5399
3342 5269
3756 2323
750 2640
670 8471
5418 4183
8613 6510
5348 2641
1429 3787
9301 258
445 7697
6666 5528
6504 8635
5403 3124
9312 1977
2380 2115
8204 1031
4061 2201
3498 4236
7948 8185
7896 9644
1963 5938
4492 26
9243 7625
4692 3198
6727 6527
264 5183
526 7568
587 1133
7496 5672
4496 1277
6281 6273
2904 66
4756 461
4906 1060
7111 156
972 3840
1492 7563
2046 1724
2591 2025
5142 277
1475 6503
3509 8391
3152 3052
4473 4072
6335 1090
6716 6897
6982 5760
9577 1962
2054 789
4334 1233
769 1134
8141 6535
1242 2356
8157 519
5205 8421
6046 6980
3741 8589
890 6398
7748 49
2838 6800
7237 3159
968 9
3413 9365
130 1268
6424 8453
3180 1031
2400 6434
960 5573
1969 7923
3199 9648
6815 3568
2497 9391
3865 8165
5802 919
7231 386
9575 6793
2878 6524
9688 7736
4620 4980
7752 3125
3214 2290
199 2729
7560 3502
3129 4494
972 2378
3094 8346
6403 8943
9010 8473
7962 3491
4968 2118
9604 8532
6576 6870
9325 3060
5520 8546
7406 6448
9550 9247
908 5695
8883 3707
7195 3779
3866 6197
1185 6271
136 937
7141 6582
6182 4104
6837 139
1530 6528
7111 6571
1748 1901
4583 9459
9156 6779
7680 5678
9976 3639
742 831
4291 8449
8223 4424
7658 96
978 5813
472 2322
663 1096
5521 558
5534 4834
6611 1225
2060 3578
8648 9777
2288 9613
6520 2729
4868 3730
5228 1489
2591 9384
9405 6896
8983 7215
6651 3249
9092 3584
7513 1689
607 9818
4278 689
7241 8634
9559 1875
1016 2166
6159 9301
6156 8342
6560 2797
976 7167
2075 3200
2348 6398
4708 2044
1272 6365
9425 3102
9338 7845
2145 6400
3584 3585
1033 5203
7833 2361
9497 6229
2702 6723
5454 7630
399 6146
2977 5213
7175 1626
4028 8906
4497 1731
6220 2136
9700 2581
5121 6089
6906 6614
3315 4109
3199 8477
5999 8873
5588 9474
2719 2288
8994 3284
2280 5569
4540 8134
3725 8524
5982 8759
5568 9058
8066 8124
3241 7512
9649 6973
6767 5959
5254 2121
963 1268
4078 8086
3836 7255
8828 4841
1516 170
569 158
2066 8896
3384 1269
9993 1183
5560 8633
9134 1851
8722 526
895 4753
4306 3910
9838 7149
5555 5552
148 4584
8131 1311
8355 2097
6982 1906
4260 8646
8214 3013
3055 1072
3143 9315
7417 6489
7721 8213
4760 8491
599 8508
4146 1958
3820 2791
1907 3277
8485 2993
2108 2397
4465 8107
4457 3739
8629 209
443 8073
7037 4364
9556 2917
3533 692
2306 1455
1701 703
7058 7172
2371 7930
8502 4843
3794 1586
4817 8812
6800 8960
7454 9000
8701 4991
5473 1257
9311 7787
5333 7062
2819 104
8629 3667
4397 3212
6454 9267
7169 154
8385 1259
7659 6764
3007 3029
2936 3756
5116 8685
2151 3951
766 5356
2426 7918
1391 414
5382 8387
4054 8370
2890 3260
6885 5358
877 5247
2379 7308
1936 8699
280 7940
1570 5574
2753 9159
1938 9656
3498 134
7967 3123
8272 1693
3804 6558
7081 3136
4111 3564
2450 9344
9288 5742
856 9529
4047 130
8083 3483
9974 9045
1228 260
5086 3916
9088 2550
3397 7787
4252 1546
6700 8977
2456 2032
5623 9584
448 1954
6990 4188
9389 8884
9137 2720
5459 2666
2936 1703
4947 2583
6839 9597
673 4092
3825 5171
5696 4853
3780 6761
4681 9068
9490 4347
5978 9769
3552 6907
603 7863
230 2231
6667 9907
5415 1350
6154 5843
3643 148
2448 8241
4328 3079
2186 9443
7360 1630
6021 1193
7379 8997
5330 1042
1012 9287
4410 6826
5482 2785
3243 7620
4829 9263
7521 7376
7792 7541
5552 6634
7262 2732
9644 1279
5500 1303
3836 7628
3854 6385
9267 6837
5958 7028
3966 1134
520 1080
2876 3050
9321 9655
1463 3629
3813 5241
3809 4544
9247 4481
6425 8049
6659 4835
7965 3652
7864 2624
9466 9947
8897 4528
6926 2173
7682 458
7535 6598
9824 4499
1380 1050
9985 16
8369 5975
7299 1290
4512 9350
4520 2734
8218 3389
9359 7661
4534 8773
7870 9191
9880 5075
3179 1967
459 6870
8906 8363
1513 5228
5585 4250
5110 7520
1191 4562
5117 6916
5547 885
66 6327
3536 1151
1847 8003
7398 815
7610 4741
9108 1343
3179 4298
5441 1794
2332 3155
8083 5994
81 9205
430 4018
9654 5535
8334 9182
9824 4137
8064 3278
6252 3125
9354 6777
4355 3429
8811 619
687 6649
1677 7341
2295 7218
7783 2862
5510 9224
9823 9627
1658 5877
8381 4992
3081 6972
6170 6459
2829 4441
3415 4377
2160 3495
6506 847
7267 8456
3396 6951
3416 8148
8094 7413
7903 8961
4481 7669
765 9066
948 8420
3641 2720
3696 983
2929 8618
1104 9675
1897 7146
8724 5402
8531 5822
2101 262
5738 9728
9971 3110
5656 3034
1193 6907
6904 3385
5874 2461
9734 9709
4933 759
1554 2762
2956 331
1827 7454
7459 4963
7416 9807
827 3461
4762 7184
1774 1506
4109 9392
3453 4204
9173 1504
5044 1874
5205 1311
2111 3929
8499 3940
7527 456
9976 7958
1637 8048
7203 4219
3895 3142
2125 4459
7936 4367
7223 257
8537 5447
3199 4062
8965 3981
6226 1961
2323 1871
6203 6647
5612 829
7994 5859
637 12
9903 7498
2974 7322
5030 9797
8144 6169
1661 9028
4838 7627
3423 7492
6346 1880
4005 2573
97 174
7571 1018
6456 1669
4382 4821
685 3149
4669 7438
1979 7495
2349 6760
5789 6926
9422 5297
6611 2336
6107 4652
5906 7068
3015 6397
5750 4954
4898 5184
9859 177
3708 1878
8601 5593
5552 6285
5510 2542
2705 6970
6645 4013
7427 4038
3780 7854
1808 4946
4051 1486
3179 6297
9752 9176
5585 3025
2368 4688
6171 1452
6608 8892
7424 9969
8313 4415
456 8803
4794 2067
2843 4875
3487 6689
1575 8726
6488 4112
9601 5517
7172 1817
1475 8461
8988 8947
2467 6435
8396 1263
6324 2374
4428 5826
5813 1424
6349 5690
3928 218
2222 31
8974 5987
8958 6824
7421 925
4428 1783
8899 197
203 6562
7364 5933
6225 623
9919 7847
4239 2571
6512 256
2250 4487
2766 3526
343 1375
3092 9064
742 312
4317 3673
3877 5190
9208 7104
2246 4951
1292 6415
9787 512
6292 5181
9645 3249
7275 3474
8571 1831
4035 31
960 6575
9183 4232
8845 8754
7345 3887
8182 9601
3342 9598
5769 1822
749 9873
632 2740
8334 813
5496 4645
8663 2545
3042 9342
5514 7448
2182 360
2226 6663
1120 94
8124 3657
2003 4998
7363 2181
6113 8302
1507 3448
8845 6469
6223 2885
6263 5779
9183 6294
8726 2357
257 1181
37 4729
3503 9371
3892 9458
7489 1164
4095 7801
6729 3821
7771 5168
1437 7212
4860 6596
2642 8299
7669 3535
9987 784
5911 4854
7793 8091
42 1926
756 4932
5337 8678
208 2913
247 6505
3683 9058
6496 4162
4026 4825
315 2772
6244 7977
2011 1445
4014 6058
8341 4975
3565 629
1276 5219
442 4626
4775 4330
455 12
6644 1673
2672 2542
949 2880
13 4749
8153 4415
1987 7521
1094 1189
3995 1648
9522 9591
5514 1961
8081 6746
9071 6618
1769 7677
4700 1039
8961 5429
6012 4424
904 6182
9026 8725
754 6219
9906 4688
3276 6723
1401 7079
8625 3880
9558 8325
8101 8909
1948 8444
4094 9683
7120 3442
4243 4504
8733 8309
3533 9853
3447 8971
2026 1426
108 5738
9808 5312
3398 1041
5150 9954
4638 4945
9038 4641
8427 6268
1127 7387
4839 3480
3535 6511
1026 1184
7966 1080
1104 728
7902 9236
4781 4122
238 191
1505 6050
6005 8385
9567 3202
499 2928
9719 9923
8963 7587
2891 1449
3021 4245
3823 1809
9113 4226
1033 2506
4782 7889
9144 3293
6392 3118
4610 7514
8439 6947
6917 5680
6580 5922
7054 6169
3599 5506
6680 5632
6499 8819
4477 1104
8091 7727
1080 7114
4030 5440
8490 418
870 3768
5003 8391
415 7840
5737 1901
1018 6241
1948 1417
3617 6873
1002 2168
6549 4794
2405 4524
2627 773
114 6196
9365 1390
6294 3447
1620 9564
8153 9293
4508 8447
4028 778
5256 2558
2982 7400
604 7805
6506 7248
4209 8440
773 6564
7402 8734
5187 156
838 1772
4449 587
5071 9764
2893 3949
9727 7419
6921 9167
8258 5532
4351 7947
838 1500
6990 527
9982 2763
2227 7241
5463 5619
4083 7841
7154 5617
2212 3059
7072 29
1419 8167
7804 7111
5632 9631
3553 400
3279 9628
4460 4770
7047 9853
4397 3341
9733 9286
6551 7615
5675 6697
4167 8911
1113 9027
3777 6519
5837 6885
9765 2971
7511 477
7009 4602
2293 3825
2192 7536
6942 5240
4080 5701
3850 7685
5249 470
5550 7889
1930 4734
7510 5155
5765 5424
298 1566
522 7188
3859 3559
5610 2780
4967 1218
242 5185
6591 9272
1855 5215
7322 8663
3568 474
7195 1862
9703 8075
238 1987
2218 7803
5672 8620
5414 1674
7883 2390
6675 1212
5608 6813
7314 2658
8687 3128
4226 4992
4387 4520
5618 7632
3961 8957
9554 7219
2542 2853
6178 4879
5672 7186
4364 3897
3589 9175
1869 9904
1856 7903
814 6980
3122 6617
8833 7553
1204 2708
3879 668
8403 3091
1502 2616
4140 5821
5192 8133
7367 5685
9655 1127
3425 6304
4116 5918
7809 7336
9806 6103
7756 9404
176 2398
835 2001
6251 2910
1338 4474
51 9591
7060 895
7190 9931
3162 781
4342 8805
4314 4570
5384 1734
7436 4387
3733 718
6192 4500
6862 8707
2643 19
3340 1648
3057 7465
2485 6925
7284 6830
779 487
9114 8288
3086 3197
6516 7951
114 614
6555 8521
6395 9393
4862 3405
8452 4875
3638 142
2752 6295
8922 8470
9144 7677
9022 484
2226 5298
7030 4644
2195 1647
7945 4969
123 1585
8241 9049
9470 7084
5422 5189
3091 2028
3274 2947
1894 1706
9319 9803
4872 9752
1045 5178
7030 9689
1264 854
7063 6912
6853 735
7406 3059
9765 7646
496 2299
2115 685
7615 7771
247 7586
293 6555
8741 474
2924 2144
2391 3358
5034 2345
183 868
9035 1657
3321 180
8950 6476
3493 5013
2337 4263
4178 1476
2209 2017
8222 4960
2089 3400
6826 1733
3539 7809
1074 4036
5117 8736
1787 5963
2811 8864
8133 70
9691 1359
9823 9553
8453 4441
5353 632
7776 6240
9605 3326
8434 5461
7639 1526
6640 4069
5388 3538
7427 5667
2790 3622
6716 8110
4741 2807
7182 7262
130 3493
4729 449
9685 4674
6871 2124
3606 638
143 9024
2944 6113
9736 8347
5313 2003
4807 3176
8127 1196
1449 1924
6181 6723
6844 6430
6442 8421
4791 7482
5010 4469
2298 9505
7902 9162
2065 1273
5279 5145
8466 1469
328 3199
1925 3001
2017 6683
9635 8052
4360 7639
5975 6185
322 1713
466 3444
303 3450
2043 4662
8059 6026
275 7893
5056 5309
5589 2612
4233 1838
4668 3082
354 4687
1504 4561
8955 7362
1336 7261
9835 4983
3043 5158
9025 851
4050 2228
8534 4089
2861 2231
126 6631
1493 2128
5406 5728
697 3296
9655 529
8179 2603
7584 7411
2954 935
6034 6924
1898 2727
9068 8897
7280 6495
1431 4748
6335 1987
5924 7222
1105 3856
8626 82
1431 935
9996 2438
2593 2401
6094 4806
8441 548
1112 1423
1865 5105
1851 5053
4941 7702
3728 5097
4339 4151
3544 8226
6287 2084
7694 4582
8779 9046
7497 7838
9340 6924
3757 8740
1439 3565
5473 2209
5394 121
5276 6535
9904 4689
1929 7992
8996 4975
9449 3874
7711 994
1463 9511
4260 890
422 2605
4304 2077
3639 7262
6295 3204
9511 5693
6553 6598
5365 5958
4212 9518
6385 8992
1971 8587
4080 1731
4964 2676
5052 5808
9400 2118
7449 5425
4819 5051
9890 4957
2931 7273
6785 8664
7645 9316
6781 3269
8066 9777
6286 873
7057 2600
4300 5374
1559 8996
2965 8288
8881 4107
2078 1991
6146 9861
3089 2482
3840 4379
1988 1580
7224 6797
9482 1886
2370 3039
9395 9761
591 3937
9023 6126
46 826
4480 7700
8287 496
1772 4484
3455 5031
6593 8956
2337 484
8004 6815
7134 9868
3122 5118
9683 5614
2407 5349
9545 6937
4253 6676
7058 3595
9228 6776
9935 3688
8672 3878
2831 2627
8504 5699
2081 4988
8747 9059
3066 1606
245 3660
7954 1123
8399 3734
25 8959
2492 7345
6312 9830
1583 4723
7393 4339
7322 3085
600 406
6882 2872
9307 8720
1278 7521
813 7150
8110 3807
2800 3184
2233 7421
6016 7717
2014 7672
2717 3461
1788 9782
8353 6778
957 7041
4528 2780
3085 4015
4652 6344
680 4527
1528 9164
9041 1570
2805 177
8656 756
7976 4662
4739 4950
6348 5365
8949 5033
116 1588
1851 1480
5529 3866
2315 4466
8897 5483
24 9459
2145 1762
7928 3039
7657 7147
5078 4490
589 6858
8579 8759
1557 7419
8168 7642
474 4279
8982 4812
4912 559
9935 1211
963 1496
1117 747
3114 4100
1727 5709
3465 7049
6005 3323
5906 5312
5809 7597
5547 3932
2461 5147
4090 7172
2011 8511
9309 4223
6487 1045
4663 1195
8681 1107
7045 2618
4727 6143
1342 8538
5287 1538
3912 7456
5506 3735
9576 6656
8725 4287
9665 5867
7456 6548
9694 8837
7825 4424
2986 1617
9835 1513
8204 9212
9519 8995
2177 2035
2925 1923
4386 9986
2116 7396
6116 7274
8933 1687
5022 9982
3990 4323
8964 763
8994 9879
1106 4993
6861 7912
7669 7938
7526 5660
8740 3749
9685 3809
2684 8887
2483 8650
3128 208
425 2647
4943 557
5249 3857
6136 543
4921 9663
1224 208
8742 9671
6028 7757
2036 6852
4962 3812
9340 4368
1650 3883
3630 4383
2634 1162
9390 7257
2150 7863
6859 385
5791 1405
250 1046
6346 647
7793 1621
9713 1262
8432 3817
5359 9661
6442 3713
8181 1709
1504 1660
1546 1426
8191 6051
7055 2433
6080 8370
3583 2988
5325 8389
5365 9852
3876 7644
5369 2746
4051 4987
7699 2394
1363 4704
6240 6180
5250 6321
5809 4320
6888 4721
4992 765
3083 5903
4014 4270
8206 9020
1144 3091
6740 6039
9496 6383
7795 8438
648 8843
5491 4547
3553 7894
6245 4176
4417 9975
7808 5497
875 1409
1911 2085
2601 4993
2327 7736
8204 7239
8172 2184
756 9983
2323 6298
3307 2171
1690 6505
843 9679
7380 7490
8272 7192
9529 6718
9400 8537
9482 7725
3863 7076
2129 4732
3015 4610
9238 258
7037 6623
9967 3597
3111 8357
8751 1892
9489 9571
1711 8328
6838 9289
5371 108
5604 8995
9139 7278
2712 2736
33 8465
5321 3597
1834 9928
8977 9683
5997 5793
6485 5914
3593 6924
8357 5096
7804 199
4351 5771
8565 4583
1022 6638
3995 8613
2704 4795
3175 4610
6230 7821
3643 9561
9988 8385
5974 8815
9992 121
5840 6841
7543 4092
6207 1739
19 4798
4093 7752
9129 4807
5888 5451
5974 8978
9897 6833
4218 980
4472 6560
5253 3447
2636 1752
9805 8467
6905 5909
6018 7512
3474 7726
7033 4186
2854 4205
3620 616
5654 1691
1090 9083
1908 648
8723 3224
7592 7203
660 1123
140 1804
5561 9920
5671 1412
6680 9846
2647 1405
8690 611
9063 2212
1725 7638
7552 5271
1964 8621
9788 8116
1536 1147
5030 1280
8871 8117
6188 4177
6579 3226
5190 7049
2246 637
3169 3199
361 7216
9972 8107
1804 3215
4900 6206
455 3478
9395 1580
527 2879
9875 9975
4533 6732
9064 8185
4184 9805
7003 3502
5595 7279
6554 5291
2657 3458
3677 9647
3492 5717
9812 1156
4757 3919
8477 7378
9565 2348
1825 113
5858 4995
2158 5624
3622 1697
4271 2215
42 4692
8359 8509
2639 2101
252 6007
6525 4738
6528 6790
8940 1287
1276 1564
7935 6505
2709 3506
8082 4526
6800 5673
440 733
673 7867
3591 5646
1567 8173
8111 7469
8580 516
6725 7216
5424 2624
206 418
3549 3897
7958 9419
4206 1477
9313 3838
2560 452
6361 8208
370 3864
7862 6496
1201 1652
4811 9575
780 9759
7133 876
7111 7989
3487 6724
7738 9227
9992 8821
5305 9244
6150 5206
5887 7029
284 773
5299 4266
5287 1780
5037 7859
798 5729
2546 5206
71 1008
6666 4642
9271 8071
4771 773
5682 8069
8847 6427
4816 5104
984 8227
6496 3675
3587 8320
1638 2320
1490 4809
7983 6367
692 7005
6598 3283
4951 6055
1952 2221
3438 5945
7633 7536
2957 8488
1569 4824
1569 9988
985 8359
7277 9282
7607 8590
2062 8744
3490 7172
5280 8101
5863 3302
8682 7339
5681 6059
6789 9529
1879 7843
698 2921
7600 7899
9272 2226
7602 9648
3829 1451
8887 1182
908 6733
2561 6131
5141 8884
756 4613
2594 1810
6113 7276
7301 1360
8356 8909
8383 529
7971 9188
7075 8037
135 702
7641 5831
887 5856
4671 2451
8079 136
9338 7800
4848 8926
3210 7717
5296 4198
4971 548
9058 3476
9448 3232
4577 3164
3162 5764
9831 9734
5134 2433
5386 4955
2020 475
4069 1998
9971 9025
6228 9626
8635 1943
312 5779
1954 5825
3595 9643
5904 1599
5198 533
3478 2304
1182 8670
6889 4772
4150 972
2221 1314
3677 6950
2828 706
3632 8558
7526 4328
3738 3831
8706 9901
6207 2695
770 4972
6520 890
9172 2086
2937 1904
3525 5827
7471 5604
4225 8726
4437 346
7189 5003
2197 8085
3334 8255
7915 1314
8058 2284
3045 2180
163 9536
2711 5005
2300 4137
9340 7797
2380 2239
2342 8490
3944 7165
8262 1701
9717 9774
6951 2276
3867 2768
6373 8058
2405 968
8555 479
1268 3986
890 2757
6787 3250
3206 7272
2598 2060
4505 945
2492 2668
7835 1576
3235 499
4489 6547
5178 7344
898 1263
8641 1238
5185 5145
6269 4079
693 8378
7673 6093
3500 8429
7862 1272
2541 1470
7938 1642
4821 3249
2103 9635
7850 7932
3850 4665
8427 3042
7972 2159
6584 1725
2093 9361
6574 5496
3940 8378
7547 1014
3595 226
4751 3617
6799 5575
5955 9283
3078 8022
9380 7738
3937 5270
7895 1484
657 6194
7409 8648
8261 865
5950 8980
9201 3364
8543 1256
5291 6251
1057 9943
7615 2340
760 6485
9891 8833
4091 2809
9812 9588
7992 7088
2559 2954
6936 907
1516 9730
5821 6615
1764 7545
248 7895
899 5427
488 5968
1864 1783
4061 8161
5450 8631
6634 5420
8517 7547
5016 8325
626 3481
3927 5671
9716 6835
9055 6493
6639 2110
2885 5124
5235 314
90 3626
4326 8018
4685 8786
8559 3330
5009 9000
7230 7904
8841 8235
2298 329
2351 5868
3587 7673
548 2418
5957 4613
2098 6471
3710 4761
6829 9106
4502 4809
7111 7201
2413 870
4355 1379
9812 2032
578 5264
7809 7634
6777 8358
6773 1167
8628 4449
5034 2134
2611 2549
1414 6356
2402 3659
8013 4359
5783 1862
7251 7339
2597 5073
1358 7267
6477 9191
313 6325
7044 6094
5813 4610
7375 9152
3787 560
7467 5928
6221 6454
1465 6598
9210 2932
5702 8751
4800 9917
617 7476
8219 4930
9606 812
6604 9452
239 8897
7509 629
5210 3124
8432 9395
3502 2654
3567 5410
9095 5461
4095 1261
4089 8167
1558 7641
1281 1221
2075 4478
6118 8559
7396 4915
9231 6184
1050 5925
3886 9414
1338 3683
330 4248
4005 8073
1626 1716
6934 5703
3869 476
1571 3262
9559 6284
5901 7591
2422 6867
3858 7023
5187 1964
7922 722
6707 712
6494 691
8141 2745
3052 3765
1926 445
3175 3225
2456 4805
1908 9141
1841 818
6415 445
3000 2971
916 8273
1882 3916
4681 611
7730 1711
7800 8835
8136 2512
2699 7097
6144 9199
1280 9901
6035 2919
1372 8534
3547 2454
316 3502
2087 2953
550 2783
2494 3382
798 7757
5409 4821
100 6270
6089 4475
4155 3850
2464 9380
1461 5387
907 3388
8921 7265
8036 1419
9975 1813
7591 2715
8930 9528
9970 7111
1628 4855
1599 8593
6704 557
5822 9328
7496 3253
1643 8517
9406 2938
1248 3848
7488 1326
3875 3780
9181 3155
9919 1099
5035 6121
8208 9079
6011 8965
6872 2943
3141 330
8463 6370
9053 1126
551 4179
8295 188
3357 4352
8230 41
6507 4033
9680 5701
5467 202
2429 680
5302 5165
6574 8359
4939 4703
3323 8538
5147 5541
9621 7547
1488 5515
6298 1484
8910 4080
614 3797
3858 6162
1846 6074
5543 6561
7336 8549
7671 7603
319 4917
2542 4980
19 4322
3979 3815
2613 4491
2720 7149
8496 7774
9720 9024
3482 5763
8120 3901
3193 9334
5694 349
2147 2384
3590 3534
542 9793
5916 7890
9911 412
187 4324
2686 974
5412 114
6621 2236
3978 7467
4329 1864
1658 2711
8210 1727
9193 8365
7989 8451
5941 4837
2336 3744
8157 3323
885 8125
4749 8844
8568 1170
1329 8289
6051 9904
6186 3301
6441 3744
175 7764
9718 3228
5147 3570
997 2724
5204 5796
4060 8095
2876 1871
3762 6607
5792 9052
3521 9134
4686 3813
8999 1034
6787 2671
1302 699
4050 7315
3402 4637
721 9115
331 9215
4750 8085
2088 5670
7550 311
9172 9422
998 9791
2781 5007
9459 1861
2406 7080
6515 4017
4119 2906
5302 7186
2443 9971
9119 1042
5431 902
1285 6211
9434 2452
6551 7573
2655 5129
8236 6168
927 7733
7175 7369
7588 7141
2121 1851
4168 2269
9345 7043
8285 7541
1614 3647
3622 6781
3702 6259
2513 1534
4543 2594
1976 8703
3274 758
2461 9520
2031 9629
4675 5255
9731 8880
3195 9589
1751 1920
5964 8435
827 7951
4012 4702
8031 665
6715 5469
1513 6301
1231 6347
5970 8748
857 8469
6699 7980
8262 1793
5486 4857
7298 2121
5823 4569
3671 7747
3489 1178
3860 3950
5589 3867
3177 2139
1053 3444
9486 9349
2446 2770
8274 4287
7700 6083
6401 4025
1343 8858
6911 1278
3099 9216
7778 7485
5534 8199
1580 258
5115 2188
4261 9393
5843 6585
7223 7854
2427 9972
8595 5595
3080 7559
5857 4095
5655 9324
4372 6688
8265 4421
7308 829
9532 4246
1877 8026
9669 3520
5629 8584
2248 6714
5859 3424
9386 6909
1979 1020
5262 5949
5886 7331
44 9280
7054 63
8272 8428
5430 4925
5422 9041
704 1616
1555 7919
8065 5506
7782 9701
9167 3528
3342 6376
2866 4192
461 8765
7832 8074
4570 6243
2227 5840
9116 2288
5613 1075
6866 9718
8540 5396
5568 6833
5392 2268
8868 7296
2152 8201
5575 5821
4997 6773
1695 1803
9591 1748
8272 571
3571 8394
3811 6715
5574 5654
6239 1883
8531 159
9219 8446
8520 7674
7877 1514
8671 8373
1013 1259
6816 5043
5099 5002
228 9381
3488 2917
884 2353
4584 7212
8288 1393
3036 6343
2939 5978
5206 7639
4035 967
7637 4216
8495 1762
1697 7887
7922 9023
8552 2966
5244 9845
7031 4081
6495 2586
9316 5964
7582 5546
8024 6563
6130 6963
458 5133
5638 3231
6326 8310
450 2063
2941 2296
3782 241
2262 6917
6124 2910
2242 3188
607 259
477 6581
4683 5561
8097 2739
8762 4179
8548 8501
6285 5444
5489 5024
3980 7226
2708 3933
3172 2603
9279 7922
2431 1450
4778 6080
7426 8630
935 3369
2367 335
6483 2971
8795 5478
7177 6302
2506 9793
241 6581
3110 5543
2501 1172
9695 4686
5747 7743
764 3246
5807 2715
1807 6353
9632 2228
6215 6426
4763 7817
287 9584
957 711
1492 4533
3873 2673
1731 7
753 9497
4321 7186
7946 8942
8756 5711
6232 1633
7407 7390
7312 6917
8171 2795
9629 8100
8128 3200
9889 2776
5155 5751
9533 3213
7017 6570
8749 9952
7706 4217
9082 6963
8257 5015
899 6672
8287 2866
3014 2375
2448 461
7239 5510
405 6140
4707 4868
6320 9899
7471 8411
3695 458
2681 1424
2143 5129
5728 9647
5793 5644
6208 1863
5690 9660
1429 640
8453 7802
3649 7605
5619 5888
5064 7441
7827 5542
6792 5626
9676 7582
7015 3893
5591 2077
980 804
2617 2982
3007 6499
654 4388
3381 5883
9762 467
628 5664
2904 5100
2477 9998
5581 9948
6071 9675
1063 5663
367 440
7224 6814
9357 937
110 4291
6051 4319
7756 6740
6335 3087
8387 8852
9503 7617
6810 7889
5764 7094
9742 8107
798 3910
1426 707
2775 1526
8903 4955
5069 1283
6246 8431
4983 4093
2266 960
3544 5539
7708 5657
8497 6711
5302 8048
5201 2541
5337 9915
4392 3845
1849 8475
3545 1027
341 6666
5102 295
9157 7501
229 9598
6733 1286
1959 4885
6558 3960
9897 4116
9804 4551
236 8223
1738 380
9776 868
3152 7459
7109 9170
4223 3921
8865 7655
6219 8549
7614 8947
9015 9673
2379 4558
1151 5957
4626 1763
4030 2736
4794 1240
1232 2820
5603 4075
4530 7085
7422 4426
6310 974
1151 1663
5138 7920
6219 1030
9144 3623
4684 493
6832 340
8483 7607
7985 8960
9196 4044
8670 1420
2925 2177
8093 8386
9689 7615
6164 1207
2801 1555
7036 5888
4522 9281
4312 461
9018 4438
3934 4934
1771 8201
579 8593
7410 2284
2358 2109
3753 6117
770 7663
4984 2324
1591 4214
9731 9008
4451 285
8589 2786
7225 9516
9898 8317
5843 8715
6721 4169
3220 1173
6401 3323
4086 1380
779 8450
9474 6015
3405 1041
4223 9853
8894 1284
8849 580
7893 6288
2546 7283
6836 4540
5391 4792
1074 790
857 3487
7959 2595
5916 6183
6192 6759
60 2306
6770 6381
4330 506
8763 9012
4295 7115
2164 4102
5456 848
1762 4917
3143 3470
7852 6308
4594 3703
4471 320
3165 6396
2973 250
6586 1682
4829 4722
6185 9519
1291 8912
5058 9185
7000 8050
9471 7564
5292 2285
1687 3950
3952 6834
4757 9537
2888 8688
3015 9436
4125 7487
850 5542
1689 1312
8451 4200
491 5630
1776 2750
347 2512
8077 9146
5288 7535
8235 2996
4540 4815
8571 2946
2113 3291
6784 6785
701 1121
5490 813
2808 9079
8302 8385
8398 9993
9035 5246
6688 3585
2919 6867
9893 6401
1344 3879
4926 3151
4511 1016
2103 3406
6815 4192
634 21
3004 6672
9677 6030
8518 5548
27 3997
3220 275
177 9387
2165 2985
6622 9550
9921 4578
285 6950
6702 6749
7984 1159
7104 763
4706 6814
1928 9627
3006 8882
204 3012
2078 9001
4471 8510
7228 9524
1239 8429
3812 6615
2741 3483
3482 3705
8786 3760
3880 2964
2220 497
3552 4762
7792 6082
4192 4117
9369 6969
211 6312
7142 7121
8435 5367
1162 7863
2573 607
2013 8741
3757 5988
432 1593
5208 7142
5006 7585
8985 2463
5390 1765
291 6283
1668 9712
2885 4068
4263 5036
1659 266
8493 3034
3937 2843
3187 9851
99 8564
5609 6398
2111 6564
1674 5175
8828 5801
3129 1159
2372 1290
1718 2606
7645 9680
6944 5610
949 4514
1013 9434
395 3708
7381 2723
1451 9610
4165 1470
9521 9142
3071 1901
1519 1372
598 2472
1033 2807
2295 8137
5438 3354
2427 2415
5105 9677
2537 6067
3925 4225
2888 1733
8023 2258
8434 561
1941 344
8997 20
2173 954
947 8197
4688 2928
3673 130
7509 5747
2140 2072
2569 3379
5775 7790
2036 1236
529 607
504 8310
1636 9010
1187 6496
3880 616
7875 2153
1478 4065
3817 562
2681 7803
8582 3923
1510 5304
6610 6000
3724 3290
4107 5064
1014 5646
10 3898
3710 499
4130 8885
9772 405
4258 2890
5579 2122
7674 352
1933 456
5610 5108
1269 98
1589 7050
3442 2061
2740 8420
827 4835
2328 3646
6917 4003
9479 9156
7986 578
247 257
6420 3218
6153 3157
9280 9677
3149 497
205 8175
7347 1714
9723 3198
2658 5400
9264 9047
9489 5890
6269 2293
8498 5497
1168 8992
8831 5397
1635 2096
3724 6543
9601 1437
5244 9412
7513 789
1632 8370
555 6472
8730 2546
911 468
7056 4707
7397 616
7995 1407
9542 1767
9183 8604
2442 8587
7781 2241
5907 178
6516 3794
7479 9338
4751 9642
1067 5189
1096 9045
8266 7945
337 5703
1557 6199
451 748
6564 4773
2247 573
7579 6170
7394 6444
7943 4182
2335 1628
3288 2300
2804 4687
4169 3740
7173 7086
1802 8113
6311 2031
735 9556
733 8246
6689 9579
9615 4954
7538 4322
2441 3378
5070 8868
7456 9084
2685 9158
9486 9114
7108 4080
1534 298
7340 7817
3668 1809
1338 8862
707 8195
2285 3182
4226 2225
2583 5125
1449 1519
2994 7779
3381 5441
7924 105
4715 1329
4221 2463
8905 9216
7053 3397
4680 919
2131 3556
1646 1608
2032 8735
6560 2886
4281 6811
6516 2845
4747 8569
1332 1776
2713 5260
7295 9614
1681 9948
857 6207
7373 6341
6243 7312
5078 1804
2085 5721
4162 9296
2728 1464
1934 8025
9120 716
1671 1615
5590 2463
2769 5689
740 6560
9851 2241
1818 2333
7658 4849
4877 2922
9809 6508
2479 6544
9922 635
7306 517
8863 2402
7029 7843
2985 8607
6249 2888
362 5086
6862 3882
7246 2012
4190 2052
2427 1126
379 8562
6753 2604
604 6373
6668 4584
8546 4915
279 4405
6521 846
5291 7006
7115 2383
4134 2069
6574 6319
1846 7468
846 6786
868 851
9093 5504
8589 559
1526 6081
4635 9987
4473 4789
643 3917
8688 5501
5608 8895
7496 3033
877 1353
732 1359
9447 6960
6804 9765
7840 5885
4138 3467
904 1412
2109 792
9926 2671
7006 127
4589 2423
7960 1757
5690 9423
6397 7810
1017 7484
5259 2458
6998 7509
4285 1831
7505 9811
1214 797
5692 5541
1992 9577
6526 3347
5834 2095
4778 3484
3257 1022
3497 9054
8509 9890
6067 9057
7324 3191
9917 3921
5124 9796
77 2567
1442 8987
8617 4466
9344 8028
7581 3079
666 4993
235 2306
6449 4569
9724 6648
1769 5812
9269 7131
525 7128
9141 8361
6402 446
618 3345
2313 7180
4324 7618
2478 8400
481 466
2222 4181
7656 1609
5845 2405
7089 8312
757 4092
129 4936
2739 6532
3971 2739
4859 1971
5266 281
7603 8205
1635 2576
4573 3270
4591 3628
6871 8536
1679 1623
1388 7118
256 589
9885 747
8725 4166
7018 5882
3324 1425
3130 8835
3945 1673
3899 5814
9550 1718
8723 6679
2828 2179
325 2710
1827 9672
8511 6297
2789 5540
6447 1705
7017 1032
7958 4326
7068 8578
6933 9368
978 3013
3428 6307
1977 5825
1378 6101
6366 1701
5158 8752
2425 4142
8051 31
388 9017
7819 3878
3449 7789
827 9642
3177 5566
195 8682
8360 1088
5881 3817
5862 4457
9747 3385
2809 7840
8850 8342
9126 2632
5999 4236
1758 1459
7565 5237
7957 277
7294 9475
9742 1622
9714 1078
2881 1923
8266 7691
9471 3587
9034 3858
8621 6625
8284 3018
699 9514
5826 1771
5641 3172
5475 8863
2239 4152
8871 1006
6506 7214
4094 7428
9415 4100
794 5937
6280 6011
3357 910
51 7167
1948 7527
3658 4320
5939 2921
325 7521
5747 8345
5227 2429
7654 5502
2752 3537
4787 6156
3032 3753
9565 5038
2842 8699
8918 7983
7504 3690
4944 3109
8858 1096
4324 6907
9490 9276
3404 7530
7978 9244
3866 3491
8433 246
3660 4699
1989 7521
8343 8979
4035 347
7696 8819
8154 2574
1818 9539
8077 372
153 8646
2150 5363
1077 1427
6328 5416
8890 305
9614 4156
6252 7614
9583 6101
6872 3804
4978 508
3110 2249
8142 7302
9579 6489
4010 177
7866 8818
4868 2973
2826 3428
1789 7924
9155 1859
4609 9287
2562 6322
4740 6135
8109 8414
4648 5037
512 8116
6187 9734
2773 2544
3166 9471
8673 147
4656 1657
5819 9920
8872 6984
4265 771
9058 8350
6259 7790
8864 5471
1480 5218
3506 4160
2287 1126
993 2209
5910 615
8709 8101
4582 8684
486 7082
1960 4373
2607 2073
1200 7072
8542 1307
1784 7687
2648 8885
4488 5929
6186 9042
6320 6179
5979 2044
5224 1467
6093 8935
9647 9257
146 7082
3935 9891
5755 2394
1074 2819
1867 9045
5486 7079
5834 4552
7051 468
8853 9198
6710 5528
4627 4773
6718 8827
9219 206
2251 8385
5425 177
8542 5423
7975 3307
2707 2919
9504 9797
3924 5937
4184 9458
1112 600
3967 7349
9672 8815
380 6652
4209 8158
3358 3389
3797 8845
7358 3771
332 9387
1088 8005
8105 4651
9976 3451
4247 940
1498 782
7922 3684
3129 8115
3745 2456
4385 6116
7713 4794
7377 5811
6238 5552
6543 5500
506 317
415 4470
48 7566
1487 2021
3426 4755
9546 7391
8478 1271
5804 600
6655 5710
6628 2877
1328 1707
9893 7306
7131 3051
4375 8872
7072 4625
5196 8007
3601 7535
5308 8995
2426 8494
1745 3878
7054 3514
2431 1434
3660 8492
5963 3449
7104 4645
1900 5267
4966 8052
2399 8651
8138 9493
388 1679
6043 1383
5574 65
4382 2439
1816 87
5838 6926
8699 1468
4848 3876
1996 3456
3669 4655
3706 2851
7593 6988
9797 1209
7417 8009
1554 9931
1410 7580
5739 6202
4947 3764
4627 2336
4724 7066
871 3253
2336 7027
7696 3675
2462 6725
4022 1766
4766 6643
1294 699
5470 6023
1427 5476
2604 9163
7875 7102
3942 8500
4880 1183
9373 4444
6439 7687
4568 2571
381 2578
1349 1584
1141 6566
7914 1281
7455 5872
1402 4269
5643 3254
9043 2474
8890 5320
9891 7041
5813 6887
2043 5426
4055 7602
2940 6100
5029 8826
4702 5837
9854 5809
6336 8267
8846 7315
6681 365
3628 6384
6109 113
2419 390
187 6234
3582 4167
5875 2621
3197 8380
4789 2472
1300 8534
741 2976
4258 1852
5594 1030
799 2182
1637 6758
2958 4277
5583 5867
4258 2365
6667 1858
1933 1680
4043 297
1443 5447
5391 3540
1566 9568
7448 3148
4123 1135
410 6804
1505 4978
5984 3193
3906 3046
9577 8341
9977 1967
944 3809
4259 504
8169 2725
5931 6791
1015 493
6718 4588
987 409
989 2758
6311 8225
9392 4898
4161 9027
8455 7761
3059 7611
2140 5348
1279 957
2068 2199
5679 4066
7813 8919
602 3581
7010 7185
8691 7289
5233 3977
1612 4929
2125 2228
8776 5675
1847 2850
6557 8194
1063 1723
6856 5934
5201 8869
6923 3058
8979 9295
7825 8738
9371 3853
5795 3967
8117 4833
5251 8801
9969 4210
5173 5136
1955 636
2253 3678
7652 1860
8787 2836
1222 5269
1779 6184
9765 5244
9713 1048
3849 6748
7994 726
1432 5455
950 8447
4664 1418
3482 6009
8850 8300
4906 3129
274 6035
1035 4879
1851 9403
5029 3166
2072 1747
7752 3036
6636 6269
102 2002
9627 3618
6510 5408
5506 5520
7769 1057
257 786
3709 8230
5641 8522
6911 7361
8095 221
101 4528
8288 4971
8026 4484
6896 1801
2138 3998
3675 9533
7501 8085
2076 1302
2177 8070
779 3493
8159 1304
2449 9291
4624 2554
4136 4465
4201 2812
2350 8622
8769 8119
1544 3353
7683 474
6258 1579
3998 2098
4692 6847
8474 7188
7985 7337
7078 2538
441 657
4717 153
9294 5627
198 4491
8036 1012
26 6541
4130 6122
4929 8311
9445 4440
6997 6323
8595 6173
7352 9052
1420 952
2546 6084
8077 7010
5714 162
5711 7304
5909 5799
1452 5028
5445 3515
1409 5511
3257 6793
3359 4421
6298 4996
556 9372
9253 1732
3639 7154
8540 8592
7800 5963
1656 9929
7013 9972
9353 9057
353 5263
6029 5655
5902 5659
7439 5232
4964 5135
9383 3700
7946 3443
8736 2898
3745 6858
3478 7392
8481 6976
2590 9331
986 557
1824 9687
3500 9251
8239 987
1010 2457
3497 8253
9817 5604
473 4798
1839 9647
7226 4353
6535 4279
6982 9477
2985 1366
8349 6764
9989 426
1921 8727
4680 1376
5758 7665
8439 1762
3607 5813
7080 8363
2171 7708
625 4995
247 1543
8392 716
3973 2437
3033 9959
2466 6849
8694 8659
9885 5916
7160 4579
9466 9298
8228 4587
2135 2860
4937 8375
9446 8033
7350 1496
1833 4329
7049 7676
5836 4864
3553 9464
7676 7508
2037 325
2582 8475
541 4149
6650 547
4414 4992
477 3223
3588 7519
9598 4411
8247 1828
3936 2789
3472 3204
5318 8856
9173 8947
9630 3070
6832 3146
916 721
5214 5687
2583 2566
7043 481
3336 6358
4826 4037
6046 954
5226 7778
7 6627
277 9743
6169 3956
3850 5252
7655 9196
5706 6491
3407 5380
9479 7476
976 6561
9272 9167
4344 6742
9194 8746
2667 377
1473 6295
7201 7408
6124 5016
4646 6712
374 9946
9845 754
5176 5723
8078 3370
1339 3738
3204 8646
1468 5258
1188 2775
3257 4178
3151 223
3608 8932
8520 4687
8838 2568
8697 1211
1308 4756
1568 1357
9742 9130
5767 4691
6270 6702
5937 6022
4829 4642
3024 872
6225 5264
548 6441
2834 5060
542 7269
623 5892
5474 6525
1390 9068
5403 8705
8304 8538
5768 6855
7666 9235
8740 2187
512 5808
3124 196
820 8073
3817 8638
6716 1052
6389 5400
2970 5673
3290 5452
2869 7245
3230 3607
1276 1577
1083 8421
8763 1519
9683 906
6774 1753
432 5775
5986 9509
6745 3495
5219 1857
3873 6604
2800 8143
5322 9483
1235 1157
9383 2473
6092 5860
5695 5696
2245 3010
5996 3019
8896 4630
3811 9706
109 9760
6639 161
2328 290
1030 8691
5951 4671
3677 1047
4528 3039
2647 8036
3153 4812
6488 1455
6666 1564
5753 3293
6460 1371
6084 8871
7445 5956
238 9434
3595 5035
6052 3095
5414 8299
414 6014
9275 7463
9473 2769
4018 7887
8273 888
73 6385
7427 8305
1489 3785
2944 9858
4710 4759
149 8637
9613 4908
7351 9502
7606 3040
7893 7444
1456 7794
9974 7050
4059 4605
7505 6624
7721 500
5563 6443
7054 7370
4474 6741
8215 8016
3176 3858
1271 7708
260 4193
5019 5618
2867 6428
1215 274
8340 6444
9754 8077
9872 8571
805 5525
6288 5127
1049 6513
4937 6032
2597 8521
1618 3615
6799 1316
1350 6114
4178 5388
2981 4440
677 299
3461 406
3677 4772
6773 8147
392 2736
6210 1622
4026 5123
243 8554
566 5946
8639 4460
5554 7092
4703 8129
7036 9882
2365 8854
843 2924
4763 6037
7982 8298
1 5344
9521 1819
9870 4926
3295 2686
6703 527
9393 7371
7838 3726
7587 2724
6482 6802
9288 7357
9524 4192
8244 7413
3282 65
2855 5152
5340 2796
6490 8771
6683 7824
5474 5628
913 6767
9521 2811
2892 7162
2459 4048
5685 8453
2182 4258
997 7751
5851 1545
8758 8417
9386 138
7383 5912
2474 669
810 4353
1837 8923
2120 7752
9105 7865
7092 4092
9331 9692
8940 3258
9327 2200
2427 5365
1282 1033
2748 2623
3760 5133
5897 2199
5122 7228
2226 207
2775 9972
1082 3368
315 5046
4330 6188
2949 7687
6473 6248
7082 4820
3315 9860
8079 5781
3301 3409
5307 7324
3979 1038
5659 5243
8017 9446
6767 6799
2294 7481
8674 6956
8767 9429
2184 2774
4040 1089
2240 8618
1076 2231
1944 4311
8005 2108
4847 6845
9895 4141
7141 7328
9847 6727
9711 4232
7442 4738
119 2024
1048 3115
3361 7192
671 5949
3528 2850
1875 6699
5286 8822
3403 8845
5458 9514
3319 229
3364 1986
5045 157
6916 3239
5155 9070
1825 9207
4815 8895
4541 9994
5819 7880
1957 2268
2620 3762
3071 8795
1169 1806
8412 8095
4464 270
445 4240
2924 1268
8193 5497
9411 7493
6316 3464
9620 9001
9588 4846
2142 1458
4325 2585
8451 2374
724 5643
4875 554
6721 6455
69 9629
2709 1896
9736 1423
9323 62
8 1612
8875 9542
356 169
6113 9940
9580 2986
9053 7680
5344 3277
499 9130
4196 4919
1474 9835
1008 8616
4370 986
8435 9533
1590 5879
6743 9891
274 3639
4495 8499
9382 6701
1694 6814
9447 8306
9057 5030
5935 4496
8556 2246
3019 1904
7299 7471
5299 526
8302 4912
2534 4758
3920 6594
5683 7326
1377 8141
2804 1424
5974 9482
1317 226
7490 6727
6579 8115
7383 2160
8591 3156
5349 6560
705 5440
9427 5123
4217 1322
4331 7719
193 7186
2014 2991
1231 4387
2201 3363
5623 6140
1328 8184
2428 5849
3095 5319
3623 493
9696 8877
1072 2110
3326 1119
4265 8525
5608 5367
251 8001
8569 5439
3175 991
1636 7385
2191 5864
9972 4872
9453 3471
3490 6239
3329 9541
3056 6292
2632 6659
9554 6033
4183 9507
3084 5927
8951 3676
1254 1775
6187 6120
3965 238
5389 7699
7379 1395
1366 8802
6902 9025
7564 2414
9486 580
6949 348
5184 8594
8490 5770
2512 5839
7559 1128
8643 3980
1119 2000
9394 8510
9053 7299
6250 9255
485 4978
3665 9603
1464 1222
3715 2768
8534 3004
2314 6922
1486 1056
4348 2819
6209 933
7358 7788
1637 6015
5895 7635
5366 7421
9935 73
9062 4262
4022 8061
3892 5903
2849 1242
731 6166
6703 4699
3089 2302
9401 3991
6208 6647
2408 1580
1394 4409
81 8812
4165 2701
8875 7982
7454 5352
8193 1875
3017 3621
3043 3335
8927 1022
8871 8127
9440 87
6093 9093
5872 1399
6656 2188
8862 8819
4232 130
2047 3817
4540 8002
4842 3254
7700 1891
1340 7076
2749 3345
9547 2948
4022 3302
7048 3284
7576 4132
2734 9836
642 4049
6823 8795
993 1248
541 8169
2559 1896
8013 8473
2355 2867
5448 9678
8918 9221
6580 5878
7974 1863
3392 4646
2723 4703
1124 6580
9862 6574
4310 1163
2034 7077
8313 3983
7506 8549
4848 8925
2594 5218
5537 3902
314 9203
9860 3544
7397 6888
8074 7937
480 5576
3275 9521
9902 2935
4728 6338
4215 5376
3759 7703
4305 8309
2828 6454
2407 4656
3580 4979
1797 404
9325 1067
646 3445
9554 8922
5349 2161
7955 9561
7535 6105
720 4439
9242 6000
4438 6435
4767 479
7451 1476
5906 2227
3699 3973
8722 6820
2244 8351
7644 4338
3383 7429
9754 1342
4533 6774
1817 8210
1569 947
216 2958
4213 1582
3916 5296
4532 8970
6976 4463
1310 1173
2330 3381
5442 863
6953 6998
205 9077
8699 1
3121 9071
5226 6402
9618 7122
8486 9969
3033 1810
1358 5947
9707 7192
9512 9258
2916 7788
8848 1396
2557 5471
7597 5885
7149 4616
3887 9594
8907 4697
7301 3539
6929 9245
2251 9124
2636 2672
2304 8337
2048 715
3653 3779
2152 9082
1938 1138
8380 5676
579 4673
1435 4263
5487 5281
72 9813
6377 7363
8241 4943
3807 8014
7385 564
6544 3433
6088 9397
3483 1301
9336 6401
658 5370
9456 5656
5213 3293
1102 5311
9867 6491
2989 8559
5044 532
4614 4009
3273 3398
9363 9546
3261 2933
6399 5623
4669 1060
4361 9398
8554 4227
9831 5384
5368 4502
7590 3558
4367 8301
2592 8471
3774 1717
2343 3596
3119 7306
1389 6345
8677 5863
8230 6656
2803 3164
6341 2091
2886 8539
2660 3413
6914 8815
8943 1685
2523 6249
8271 2248
7274 248
6052 8059
7999 9876
2732 5330
2133 9768
8288 2712
6177 2457
2878 2739
9620 9991
6993 1635
6096 8624
2300 9399
7959 1355
1174 9179
3887 9591
9278 5570
7010 4593
9952 8380
6482 5996
4464 9189
8394 816
8659 9050
8735 2097
9662 2968
4229 6139
2006 1555
6126 4327
2310 4272
5229 3181
2622 2303
6441 6262
4904 2824
7741 2924
1079 945
6540 4976
968 7625
9410 5432
9275 6740
645 3619
8650 2148
7002 1050
1303 3904
3764 9013
7397 4419
7624 7703
8669 4100
9900 7656
7153 5886
7469 6989
2556 4059
2432 1301
4136 7218
9872 1522
1162 6937
2422 9938
2568 5305
1783 8378
1114 7309
2967 9358
3166 3158
3979 2479
9205 1679
8908 1505
4236 551
3384 4088
5941 640
4594 4031
4867 931
8393 1172
229 7006
343 5587
5705 5180
3824 6430
3586 751
3274 3302
8516 5884
8235 1384
8908 2530
5502 9447
3597 6505
544 2689
2869 9699
4471 6193
6430 866
7633 3041
6288 6966
1754 6874
1923 1136
8328 4474
6739 5577
7105 4512
1772 5000
8092 3574
7893 3796
7189 5292
3049 6102
8441 6573
656 7113
6897 7696
9628 1569
9516 3278
7151 1430
6917 6490
3562 1323
4132 1058
1297 9471
4448 4673
4810 9840
4258 9166
116 4278
9765 5828
83 9075
3737 1087
3930 5477
8086 8992
5122 5734
3966 413
3142 5328
3659 6968
5665 6384
952 9130
2447 1366
5948 1212
7265 8934
2113 2386
3100 6574
7634 7989
7537 7812
9106 7931
2918 5004
1034 964
3091 3971
3674 4180
2906 7019
5169 7768
3949 3587
696 4119
9299 1009
2568 6630
9813 8351
3276 5096
6227 5600
4273 3009
2836 5037
841 8405
8586 5393
8543 9217
7348 3453
4965 69
8813 6808
4122 9325
5378 5207
5047 5035
1152 4069
2712 5027
923 6847
5816 5203
4940 4527
8437 476
9954 4642
1746 7889
9145 5096
843 7291
3960 3336
7523 6054
4484 5694
2650 5324
9650 162
8187 556
522 949
3217 7527
8343 1674
1657 1671
5403 5359
9570 2331
9535 6807
7377 2435
9639 6022
3521 9813
2692 6216
7512 3290
6500 1406
5125 5577
6132 6118
4710 701
277 4790
2262 309
1228 9316
9922 2664
5892 3141
4364 5682
9838 4512
153 7536
2904 5758
3702 9044
940 7441
4968 8853
1055 4542
5712 1591
3450 2280
4572 7138
229 6826
6283 2481
3359 4177
3833 2986
5930 1284
8056 1925
7748 8801
1536 1706
2784 3349
8429 412
9667 327
3638 7996
8202 2945
2510 9227
888 7116
6883 2863
4190 7288
5972 9265
9827 8677
4480 1953
5811 6880
5929 4807
596 1789
4648 4951
3187 1646
5754 6160
2781 1117
4279 8433
346 6172
4579 4856
7043 2166
8829 8489
2020 4593
9926 4199
3741 5635
5324 6914
210 1598
8612 7373
5219 4906
4149 2042
341 6045
6273 2325
9327 2553
1215 5914
6433 1042
6499 9555
2975 7274
6288 4386
6603 9964
212 2888
1120 3137
2753 6256
427 2690
9467 7978
8900 4746
205 2567
1835 3319
9126 302
9245 3534
9650 3706
8517 7144
1219 6800
3567 6364
8622 384
5816 8698
1810 4007
9329 4385
8306 894
7890 9454
8484 4244
7420 1459
6866 3907
6023 9663
5742 5393
3578 1039
2723 3365
1432 2481
1382 1843
551 1936
8683 1190
6717 4033
8564 6441
7347 7209
4132 1475
4523 4409
6370 2300
4990 7575
1033 7328
7406 2362
3580 751
6618 849
7303 6591
3776 6497
6241 7295
2924 6458
8077 8552
2031 6724
1247 5442
523 5035
3756 3232
2618 9092
5274 4233
5071 4651
7590 9844
5076 7147
2901 4799
6962 7001
3298 4844
3888 5005
1510 393
9970 2477
3030 6442
5202 2744
1190 2213
8108 3868
2555 218
500 7157
2287 6093
2002 2371
5117 1762
9837 8230
8251 2147
9558 8025
760 6400
1723 6952
7643 6468
5196 3279
3643 7440
3146 3056
493 5223
2443 2496
6136 4358
6059 6688
6997 461
4460 4387
7777 9181
8990 1200
6500 688
9497 5702
2268 9280
1143 2278
1859 8693
1119 498
9280 2143
2172 3265
4281 5884
5516 8699
8534 342
548 8983
2640 8764
3505 7567
2376 6780
7897 4252
5124 4090
9376 3300
532 2559
7142 4316
6835 6736
3198 2156
6393 6250
1594 2638
9533 5959
1762 577
5480 1712
7411 3744
1300 7199
6788 811
8756 1760
7459 6623
8797 9508
4878 6327
6546 849
5390 2334
9501 8857
4494 8591
1545 6900
9577 2187
9485 4749
945 3878
9395 2647
4332 4367
4598 5114
185 7146
6442 8222
9313 4540
6245 3410
2168 1826
2155 3514
8466 6863
9207 1283
5954 2592
9701 5875
1262 7405
3790 5298
2686 3374
2138 1071
4660 5175
1945 641
8421 9986
7197 811
9509 9912
2687 7210
4193 3835
9522 7054
6294 579
3285 899
6479 2707
1233 4747
1819 3831
594 8617
2013 9549
9491 8412
7581 2284
8066 8791
2860 9957
3827 2425
7349 4517
784 1006
3518 1973
1357 7633
4094 2910
1033 1564
9432 5340
9729 5006
4502 9982
735 1399
6561 6502
9744 5955
2268 7347
1604 449
7601 2249
3262 9454
9043 5306
3402 7955
1362 1603
1694 8664
6413 5605
1593 7523
4594 5567
281 273
8209 4869
7497 4448
8447 4223
7671 2566
646 8703
8531 1122
4505 9936
2931 941
6404 2360
7715 6876
9394 3483
1082 1237
5033 2972
1864 5724
897 7551
5868 7001
9106 6528
1186 8375
7786 3962
841 6187
1549 2453
7459 1407
8279 2415
5189 1754
1437 5270
4766 894
6914 6863
5029 8670
2005 6726
2091 4410
6488 978
8815 89
5403 7972
6576 3537
2647 9740
3901 7637
4326 4712
6232 7340
6031 762
6794 9690
5825 405
6592 8781
7141 2900
4962 9430
2101 4567
548 1570
7819 7083
1158 4165
2546 4020
6918 4530
9833 2137
2614 6424
6534 4733
5831 8684
4999 6309
4676 3743
4563 7419
1772 3405
1599 3406
8119 4049
269 4308
1305 472
1471 8941
5621 8017
9801 149
953 8925
9269 4437
1271 7800
1199 8134
5427 884
5680 6148
5816 2799
2729 3947
9222 8161
1845 2609
630 4196
4977 3488
1214 5055
1352 9469
8207 8337
4422 5866
3659 6919
5694 7540
5285 186
9815 6666
5009 5768
9505 91
4234 9949
2613 4122
9602 4285
107 609
2372 193
9269 6431
7957 3484
8633 32
6809 8377
6396 9159
6354 8051
2073 8986
4436 1008
3264 650
7140 9563
140 9966
4094 8173
3181 5291
9557 615
2804 4434
8661 702
4877 9494
5700 9539
7062 1352
9671 1454
6174 7361
8770 6822
5721 8987
3191 2912
2000 7964
9936 7906
2853 7664
9799 8947
9892 307
4386 7873
8389 1608
3580 846
8765 6456
8958 407
2900 8682
2573 7474
2994 843
4125 100
2627 5035
2500 269
7802 9476
2953 8977
3057 5527
4906 3971
9550 5317
4493 3647
5361 1446
4062 4389
9897 9402
7720 2445
1991 1978
6815 1611
763 5834
649 2481
2602 813
9597 523
6673 6293
5923 6459
195 4533
6267 8065
9166 3125
4858 9063
4604 1442
751 6119
198 2447
2676 3081
5922 2092
384 3292
6301 1953
681 3312
2627 9223
6583 3134
491 9955
7827 7797
8928 6720
7934 6946
5258 6648
990 8971
956 8798
691 7336
3158 5547
8872 4590
5450 4804
5461 2745
2443 1572
8114 38
1026 3227
1477 1594
8971 3491
572 4163
2956 2570
7463 8057
9989 9697
5068 5599
8274 5168
446 9788
1102 9267
4999 241
9362 2629
5458 2455
2555 2952
3286 4022
3482 6351
4525 7508
8500 1768
4771 8424
6138 5464
6569 8042
8563 7860
5992 2073
9029 4650
8211 1768
8210 5163
2870 1366
3311 4469
1915 8872
6384 6144
811 8101
4479 6405
8737 7743
476 2710
6602 9417
7198 158
3369 9625
3464 4950
2327 1275
3047 8769
135 4543
3271 8885
776 3280
7604 327
243 4450
3550 5377
3092 6743
7750 6162
2038 126
6374 8754
2183 7737
4429 80
603 666
8184 4011
9020 5401
7004 5529
2798 1764
767 2551
6081 2948
6982 2926
6960 3704
265 5150
5830 4160
6739 7258
3648 9383
7862 1871
3837 670
6683 7842
163 8033
4151 5782
4443 41
4025 2742
2604 157
3583 6181
757 3733
3817 1695
7652 5821
37 5516
7332 6915
5961 7393
8419 669
944 7890
7649 5930
8011 7272
4420 9059
2553 4427
2025 7053
1313 9084
1461 478
2284 9346
5337 3657
7760 4591
9140 2248
3958 7421
6290 2725
6845 4411
8242 2533
5960 6270
8326 769
2242 9478
211 6050
3010 9774
4088 8329
9657 7535
2892 8809
344 5538
1216 2626
5295 400
9667 4458
3216 888
4180 9977
4466 27
338 7473
7154 936
3456 2728
1203 6911
5156 2036
2678 2356
8398 4834
6501 7619
2678 2723
3513 1210
2190 4932
8443 5239
6935 1304
4711 6894
719 3572
2413 439
6391 2743
9041 1155
1555 3043
3827 4169
4747 7676
9369 8481
559 6396
2648 1659
9927 9537
401 5773
2711 8020
4183 3304
6866 8311
5375 5750
4886 3242
3137 226
9381 1577
3979 1587
3972 758
8773 2198
9068 8590
8751 4584
1005 7723
6182 5373
7138 374
3557 9919
1600 9222
6808 4391
2921 8298
1356 3633
8877 7246
9139 6783
2208 9133
4900 1565
4230 6660
9006 2892
6634 1023
7452 9725
8670 6114
3668 1659
7181 9974
1898 8549
6124 654
9106 263
3439 9620
3203 2101
5049 4085
7750 4404
4955 3446
2894 1652
8525 2642
4353 1677
5162 3457
9300 4660
8421 4454
8566 5771
1962 1365
6195 9187
720 3839
936 2382
7770 5483
8614 7525
6604 8643
2287 6995
5707 8392
4302 3084
6365 9939
1427 3198
8512 3866
6524 2706
2343 6843
2335 287
8830 2631
1459 7836
5006 1550
7711 9295
1244 8291
1194 7958
8572 5403
6802 6929
7300 7896
9256 2730
6011 5372
1656 9459
8800 5485
2326 5291
6678 2212
5588 4988
557 1377
624 7620
5756 1262
4378 5517
9882 1422
419 5595
2525 1634
2609 5234
329 8744
8656 4450
7354 3889
9251 8480
6445 9293
183 3074
2616 2342
8152 4646
1290 1157
8636 1087
9789 5828
7422 6302
296 8753
8550 8297
8881 7516
8419 1434
1280 8046
4490 2455
5006 9110
4712 9881
5388 6785
5459 683
9088 1636
9311 3729
5963 9257
8797 2722
822 7524
7902 372
7562 5249
4165 6707
5662 9068
7770 3101
9483 3069
4938 2829
6124 8286
5436 6386
7185 2138
1039 9851
4819 4820
8719 657
4850 208
6806 5937
1961 258
2511 308
3699 9761
8053 5149
3879 6263
9946 3983
6623 2073
2821 3400
2087 5262
1858 7790
7568 2925
9741 2517
5220 3687
6537 8154
6996 3230
4347 270
8381 6097
1076 9010
9529 2677
9499 9756
3969 8273
1032 84
2240 1990
8829 3661
323 2441
8944 9907
2701 3743
3587 7741
2999 2724
7092 1263
7028 6359
5791 5904
4691 4421
6674 9474
3614 4833
2089 2259
3455 4973
1144 2559
9073 7224
3511 7504
5524 7108
5911 8675
7083 8498
1603 472
5376 2829
4322 1590
1656 4495
7144 4600
5328 3636
300 2280
4454 2089
2629 1959
9173 1936
7213 5734
2648 7876
519 9652
9119 3107
8605 8436
9263 5628
3538 8585
676 7558
8167 9073
8738 619
9993 9852
3289 1856
4631 40
1655 4818
8753 1467
8967 734
3836 1115
1511 2860
5778 6797
5431 521
7270 8888
1085 8192
6709 965
5862 4773
4520 934
7799 2558
7702 752
8097 158
3158 1446
5875 1422
5059 3459
3482 5434
6840 8292
3603 1510
7914 4191
6096 3419
741 9860
3801 9730
3342 7375
5338 2556
4216 5447
6763 4812
7427 6822
4957 5745
7470 3221
5743 7459
6989 132
9056 6297
5990 5475
2335 885
9205 9647
223 9245
511 4892
5830 5943
1875 5852
1637 8784
2076 6537
1073 8761
3556 3877
7728 1198
3683 1547
3679 3380
5125 3793
4496 7775
6633 4221
9745 7101
8725 8529
9287 3570
7559 8852
4810 7537
6039 3647
6425 1316
3096 5904
799 505
2381 1774
5661 3769
1480 2330
5975 8005
9933 4751
9883 7359
6838 2854
8411 3314
3184 6968
348 2847
5538 8960
4807 9718
7085 2044
701 7245
8687 4080
4711 8976
9138 4967
7739 6165
6769 1080
6250 4138
5035 1969
9143 1566
8192 4066
4098 6185
5496 1608
5890 632
2003 9844
4178 3913
5435 2968
706 4655
1013 6445
1406 8034
5335 5892
2523 87
8019 7847
8702 8968
114 4795
1943 4399
2780 3109
9866 9940
6451 2982
2926 9232
2479 2948
5070 1550
7476 6630
4926 2493
3728 5339
8343 7076
5744 8440
8323 6787
674 2716
1893 9441
5045 6514
9471 3080
7597 1923
6439 6217
1411 4469
7779 1052
2569 1731
8033 7241
2603 3802
7619 2012
7153 8078
1576 9145
2033 8743
3462 9308
3361 6363
8819 8779
6378 3561
2131 4490
2440 9263
1212 3259
4702 8665
9189 9008
1014 8519
3677 6846
6230 2777
2616 4560
5278 5530
563 9445
5118 1574
6857 119
5957 2104
9278 8777
8676 7381
9352 5932
3216 8655
814 1838
5255 4615
4393 4063
2682 1730
8631 2241
3288 3526
3646 1884
971 7666
157 5948
6987 5816
1406 7592
3905 2071
2968 9727
4567 185
9553 9552
6282 3285
2433 2422
7361 8930
9058 2526
1560 986
7603 4487
7445 7622
4811 4421
1931 3196
7674 1218
2061 4737
9451 4226
746 1228
566 6945
6950 9705
5747 2843
8890 9543
9385 4343
1746 3183
68 7889
3684 8257
9732 5587
6352 7116
7714 5055
1347 1578
1598 3627
8022 8854
2115 2906
5139 3755
812 4915
2615 4202
9537 9984
6195 7495
6521 3638
8909 1537
6755 8779
7363 5820
7408 7833
4495 941
2375 4381
8342 193
6316 4380
779 7242
9643 8420
4209 6327
5566 1818
9901 4703
5342 9381
6265 3786
9879 2885
2917 3836
6868 4977
6041 3903
9369 8781
181 4044
1039 7796
297 7413
4841 6632
8896 1570
214 6195
3271 1878
7360 600
348 9261
8433 2859
3282 6757
3333 6890
9232 1509
8154 7911
4809 7966
7219 9475
1078 6621
9533 1384
5215 6234
3097 6771
3914 2097
8936 1708
3642 4026
9381 5027
872 7143
2235 7545
8047 5866
4087 1304
6625 1760
2921 1792
503 2845
1636 3711
9302 7029
7877 9628
2061 8532
6656 6849
4731 6396
1541 3458
7773 2809
7954 6862
8165 2338
4050 1969
1974 2526
3411 6275
3132 4575
917 9233
9097 1120
9279 4070
2345 2215
1963 9221
7623 5159
8097 1062
1528 7334
146 1211
2469 3781
1099 9789
2551 3473
6393 4040
7563 3220
5259 3855
5157 729
2483 4926
4784 4699
9399 3706
4499 6168
7316 103
8640 9495
3298 4326
6454 1075
4658 4152
4838 8547
531 9060
5954 4680
1333 545
6001 5106
8261 9489
6144 7999
6374 3674
3666 4273
2097 2081
6824 4123
275 8133
9516 4952
1861 6534
6551 7992
9769 2432
5507 1239
7856 6936
1210 7468
1272 2977
1133 3899
1123 8331
2865 6631
1507 5546
5603 1992
9793 9150
9372 8564
3964 3924
8944 4173
9311 7272
753 9000
1371 1445
5392 5605
8788 1147
7251 4608
7320 9484
5266 466
1401 3635
5868 1252
8780 4561
4998 3762
4122 2677
1139 1672
8980 8024
6576 9484
1539 1634
998 215
6669 8556
3378 3457
2516 5507
1041 8424
2344 6789
8517 8893
4045 92
6597 955
1415 8148
7184 7604
514 5771
2274 5226
4270 7668
6975 3959
71 8247
7292 9514
2770 681
6733 1967
6260 3539
2681 5817
4189 1889
9993 1486
7761 8298
5968 2319
5367 8247
1029 9747
9131 6594
6587 5887
3678 1645
2545 9412
7005 7579
1477 1413
8159 9839
8660 435
1447 7903
7389 9446
1946 7236
7107 6074
4938 4177
7857 7893
961 3182
9719 4065
9850 4784
4691 9818
9976 374
1035 2165
2410 8690
3191 2778
6166 9571
1420 6848
2258 5547
5938 7412
9555 6769
8487 3894
204 3174
9324 1136
9192 3068
605 4675
9010 2615
2846 3631
7265 2340
7553 3039
5170 977
2645 7935
7805 4728
6584 4860
1322 8651
2908 1110
7868 6253
4200 708
2539 8459
1413 3300
64 6806
505 109
3033 6653
9601 9139
8972 9387
1030 5942
8040 586
3826 7304
4711 2131
5324 7721
6832 3188
7168 4033
3226 8108
3098 1225
1562 1206
208 4886
189 5439
9135 1587
977 8613
974 9961
1645 7295
2623 8094
5218 3715
6292 9896
7801 6488
6782 2764
3179 4089
8160 7112
4495 7841
9362 3097
8190 4873
7521 3625
5251 8860
2468 8152
5855 3060
6138 6406
569 883
9375 5211
594 4575
4670 1235
5221 7994
4703 3658
3933 4381
7249 4063
8386 6737
9811 9752
3115 6154
8317 5154
4311 6993
5276 8866
3943 7148
5290 7741
3059 1564
5227 2657
7453 8354
3107 4190
3186 734
278 7797
1052 2006
9464 6923
6868 5328
2179 5385
4245 3453
5878 5748
2620 1745
7130 8084
6492 9779
9776 8147
3583 5773
2006 8163
9926 5328
2969 764
6097 3576
533 4178
90 8583
7463 6991
6523 1233
6035 6210
5616 1204
65 7747
2759 4257
3938 3201
9444 5627
3601 2763
1969 4091
4805 2279
3059 9838
8051 9378
2391 5644
7520 6405
9739 7749
500 3264
938 7785
2793 8325
9727 5380
7907 9620
8747 3861
9418 207
4593 8586
706 5657
5326 4762
5708 1200
4630 6894
3173 5939
489 6861
2940 4417
1157 8274
1953 2625
7733 7964
5657 1848
9591 2002
9038 8026
4828 9505
1971 4272
7944 1843
2805 594
3865 9918
7309 8273
4772 8118
2995 8643
8698 8607
7324 4876
6074 5684
3748 2118
5809 9117
6886 6253
556 4257
7127 8042
878 3960
691 9097
7629 5610
6656 73
3270 5130
5407 7071
865 6249
2321 9143
6047 392
6421 9449
6463 6894
2863 8388
9233 4753
421 89
9138 6149
6275 9847
3430 2254
4878 2238
9827 3252
9045 6226
9081 8018
8900 6654
2112 5339
8515 5682
7195 5562
8491 1755
5816 5235
264 9198
8521 9004
6281 2033
684 3810
4084 2885
9670 2761
2679 5539
7215 6003
4042 3762
8567 7612
9680 291
9399 464
5405 841
5441 6938
8801 3976
1033 2970
8273 3065
3021 4513
7751 647
6752 1708
9840 4473
3412 1819
6083 5196
7989 685
2434 3692
3667 8986
5144 9072
3880 1228
8355 3951
760 1227
5979 354
4981 8772
4832 2728
818 1109
8450 7504
6848 1799
1241 470
2148 3592
3141 445
9177 3173
2608 6405
5074 3249
816 8041
4504 5732
7177 3529
1457 2546
5566 2127
6962 7174
4568 3215
3387 731
3951 4416
8944 4872
5173 8641
6201 758
66 7546
7951 3103
8090 6592
1030 6452
3707 6404
7914 218
2099 4377
8850 6611
6238 3937
8434 5813
4732 5379
3996 7609
3409 7546
5174 1314
2566 3133
1671 1367
2574 8614
8042 1631
7459 914
8213 6552
8494 116
932 2708
2037 2950
7582 2145
9710 8029
4761 4627
3490 2391
7338 2928
2909 5764
4660 3944
946 5294
8994 5599
2508 3863
4160 9481
7278 3182
9090 3889
9020 8685
4472 3253
1459 3729
714 5665
3315 871
2221 5446
4013 5232
5608 3815
5175 9521
4112 3920
4716 3721
5422 8692
6288 1647
9747 4401
113 5800
4066 4178
8026 9762
987 6417
6721 6576
8568 8071
8832 1075
2912 2833
6337 8433
8522 8560
1122 7492
5547 7886
8535 9826
4880 1992
655 3556
4503 796
8383 8725
9288 4208
7739 2409
6049 5788
7475 6855
590 7318
8714 6229
6696 9656
8673 3998
7076 7232
1298 4691
1916 6308
4793 2635
1739 6543
7404 7304
6194 5933
6828 1160
7352 4511
5860 980
8862 715
9309 6649
959 1139
1268 1024
1031 1344
5539 860
299 8411
5516 2112
3366 9415
9701 2634
2916 3727
8124 7504
4918 9272
4460 8757
7318 9330
7000 1336
7989 7776
3220 522
1808 3009
5811 2410
8785 2971
874 2638
7634 4004
5204 9488
2348 1612
7951 8611
6589 1386
7107 8704
4376 4849
3363 5569
5863 7214
1404 7546
347 6369
6442 479
68 54
554 6037
300 8687
7034 7289
2429 3023
5709 519
5731 4438
586 2601
4652 5124
3316 8188
1132 3004
6037 8672
7613 3367
8995 4684
2836 4433
8228 5595
3807 7844
7758 1623
2474 7615
535 4112
4705 2498
6731 2281
6687 2473
1436 1360
7316 4962
1348 8216
6278 4221
6886 7541
3103 6400
6242 243
2644 7348
8743 1666
7733 5247
2434 2306
9408 4798
965 5352
5968 9103
947 1450
2643 6969
8520 3357
7802 936
5222 9912
505 681
1306 7044
2254 4014
1052 7986
4654 9806
9381 5529
1707 2652
8315 8331
4658 9571
3128 7988
6016 5227
761 3886
3957 3242
2258 4051
7297 410
1983 2128
4410 2498
2565 593
3600 4836
4134 8655
9544 7075
7971 8580
5716 9167
6557 9319
9507 7071
4932 7288
8133 1289
6896 7385
4055 7680
9598 6694
1885 2443
2722 2643
4781 2622
3579 6097
920 1208
4740 4877
9668 6664
8102 4837
4212 620
8875 9912
1097 7319
6749 4201
865 606
3229 9678
3006 8512
5760 7771
7858 4816
3412 7
838 3712
1888 5592
74 7052
6521 224
9415 9248
4272 3747
688 8294
6249 5907
1974 16
6519 3690
2666 8622
8051 6771
3630 7005
9196 4310
6421 2700
1272 8526
921 2732
1416 9561
7035 340
4121 6123
6052 1886
4823 8463
2298 1170
2876 923
447 9724
6326 5839
1348 5756
8871 5578
9018 6203
5110 4073
1113 8101
7427 1197
9945 2119
9191 4936
9630 3477
2585 2916
9505 3208
9741 5103
2152 8899
2040 2742
600 9489
2015 9917
4641 4493
6348 3513
8136 7262
9490 6682
4754 940
8616 4841
9323 4067
1553 9545
6839 5443
333 4173
48 881
2600 7606
4350 175
8304 5591
2036 3890
9684 135
1799 8325
823 226
7418 1562
3460 6669
3700 9160
4380 7764
2931 5990
1802 9426
7338 5506
232 7051
3862 9294
5611 2617
4798 3591
5960 2098
9417 1476
9818 1666
4537 7640
9868 9258
7621 2179
8144 5701
5956 6811
5058 5987
4725 3554
855 4340
4652 581
1663 7666
6631 8449
5161 2683
7614 258
7574 7546
8073 281
2757 5777
4555 6521
1134 9957
444 5726
794 9446
7797 218
2559 7402
1460 1373
2986 1573
7904 5921
6085 6150
6758 8736
8584 417
5409 2546
3243 5684
2121 8134
1930 9561
7570 268
3393 7415
2037 845
6838 6309
7643 1192
1943 3677
4358 2090
120 760
5530 5801
6303 4971
5688 7725
5995 7326
1516 2828
8206 2245
5948 3344
9243 7613
1217 9111
4890 7396
4642 4246
6025 9045
3979 1147
8477 911
4925 4062
9318 9698
5535 2130
9232 8693
9730 2718
2549 8070
4338 9171
4800 4479
5368 3818
8237 5601
7708 8172
2461 6320
5944 7164
8005 6363
9704 4964
6453 2630
4317 7435
5158 4710
6001 2112
3309 6056
8981 5574
108 462
6343 9260
7240 3127
3215 3864
341 4842
4823 7279
2557 1903
2907 6531
9311 8346
3110 2938
3476 581
2268 5175
4509 6712
5670 8423
9401 9032
5880 4922
387 1705
1535 7627
1687 9329
6374 3886
2533 4171
1655 7030
3038 2373
606 7520
716 6454
825 1647
8270 3407
3196 6132
6064 1709
1250 2906
8121 4200
5438 7948
1166 8492
6622 7460
7380 9505
8065 2352
7170 2009
111 98
9573 6341
6503 4437
5982 8164
3734 2904
5846 1241
6483 6712
497 6984
8440 8318
8880 8270
5098 2401
209 3466
6201 7610
2113 2475
739 5251
5921 2071
5507 9754
4694 4085
1464 4760
4650 9831
5808 7992
6193 7224
9331 4582
8230 94
5915 1702
8051 8748
3585 7102
3311 8247
691 9457
9586 6307
7889 5929
5044 5497
5752 912
5924 8407
2582 5291
7029 4324
4027 6324
3842 7774
6496 4498
2145 8706
6802 7703
6166 7815
7479 5494
2638 9992
7345 4639
5836 108
2816 9720
1953 8644
561 6505
7508 7040
2868 3092
8753 5806
7564 1152
2973 7904
9904 2785
1688 8905
1214 9861
5979 4996
1375 5949
4721 992
1302 2502
7394 1084
6177 2595
5003 4459
3730 4633
1209 8276
8024 8662
4851 4825
5478 7119
5032 8930
1605 965
1918 1638
4533 2659
1465 5733
9422 1335
7932 8164
4310 5722
5834 6533
9819 7310
9973 4931
31 4675
4360 4359
2916 7542
2432 4202
2605 4742
1060 7576
3668 7236
2998 205
1210 4390
4018 2415
6793 2632
9363 5447
5253 241
1333 1933
9249 877
4373 4543
7869 2300
3332 941
7837 6742
8282 6036
7605 7673
3848 2070
6129 1681
998 483
5249 770
4059 7654
8882 1941
1434 5405
1047 7821
8985 2198
4150 6821
2078 3731
1151 5320
9666 5242
5415 7964
9687 1532
6627 539
1958 7744
7280 6496
2768 8667
8111 187
6327 3661
3149 3056
8725 8075
4881 1170
5066 6325
4031 5928
5667 2532
5977 3850
805 1090
1765 6458
1098 4389
762 4977
3698 1513
5668 9141
9434 2569
6807 6180
8682 2122
6928 5087
8056 8197
6582 1686
6859 4270
1904 8268
6522 7877
8304 4967
2546 3609
2893 9382
5782 3620
4654 15
2849 2215
3490 1316
3015 8546
7661 8721
4601 6384
4221 9989
5400 7933
2219 9755
7985 7205
7564 52
4374 1899
6551 9906
557 8082
6273 8979
6977 7100
3492 1336
8102 9692
5342 1937
3547 2106
3910 4616
120 4274
3881 8678
375 553
2050 9445
7279 7310
8905 5284
4618 9417
3298 2928
3737 2115
4038 5125
4958 3601
2911 6913
5078 6350
2956 6625
2858 6851
5316 6699
826 1350
7720 3767
4874 9725
6897 346
9529 9997
2009 9680
8732 6435
37 965
1114 2782
1216 5537
1728 8391
6339 5982
6517 5439
6111 4967
3431 8867
7981 2974
2356 9358
3645 7098
3989 2476
2044 5676
7877 262
1041 1132
6911 7822
2085 2229
1525 9913
7586 4393
3517 8132
7140 2498
5302 52
9661 8887
4056 5790
9813 1975
9177 5135
494 5924
9052 3178
7541 3775
3605 524
9620 3261
7591 3165
5477 7363
5886 2470
9057 2275
888 7577
5495 6658
6349 1553
248 4069
1248 7799
8894 7928
4990 1886
7069 1050
276 2140
6178 4105
8541 8949
232 3877
952 9237
7801 4148
9544 250
9825 7217
2069 2748
895 7122
383 4250
6437 3557
4883 4114
5758 389
6951 1021
991 9967
2575 4277
4198 8507
4722 3843
6879 5466
3766 7801
8182 4747
1815 8553
2422 9785
2951 7920
3024 7653
7776 4915
3127 2523
8661 7764
9368 7331
3270 33
5400 1143
8978 5225
7797 7804
9495 1244
3070 1519
2005 5566
3903 1917
1824 55
8420 4799
6788 4362
3790 4592
5779 2064
3028 7916
4778 448
9841 4454
4642 3502
8171 2230
2754 6461
2500 7294
6945 7634
345 1368
4665 3943
904 8702
9895 7896
7022 2485
3263 189
7742 5910
5005 6692
3230 4810
6134 9323
3932 2546
3629 2967
8173 4145
9953 7988
8182 2182
1107 442
1188 7097
4534 8248
9845 3441
1471 1247
4441 1696
3484 4798
9859 7452
369 7109
730 5755
9101 1992
781 1066
2347 5474
1203 7178
7717 6387
4271 8264
2802 968
4370 2599
6528 8598
9691 6507
6589 7762
6441 5381
9071 7936
914 6294
4676 758
3052 3170
6659 8011
6088 9779
4593 5314
1198 7447
1360 301
3428 1591
962 3200
7256 2948
6491 3764
6045 9520
2948 5668
3554 2582
4332 7943
9389 344
3145 6490
519 2979
5612 6841
2769 2017
3427 6458
197 6443
6280 6951
6215 7048
8518 7766
7962 4166
9579 9558
7823 7236
8873 7208
9592 4457
3479 4632
6250 469
6117 3830
3633 1299
1469 4885
6397 4231
7796 4416
4506 793
7695 8660
6014 6846
9139 6494
3532 4928
5332 993
9621 1098
5407 6452
8926 3425
5524 4982
9100 754
1627 7279
9388 6820
1048 5460
6303 3530
7320 4310
8675 5128
2507 3112
2349 6990
6636 91
3377 2438
2331 8152
4308 8982
6539 1962
7321 8787
6791 9829
1896 6690
1696 8423
6349 1788
4642 6089
3228 557
4357 2977
274 7977
3454 3752
1622 7308
8053 1971
2383 252
7778 4896
6591 3902
1265 4783
5053 5601
6772 7018
4049 2442
9432 7683
9480 2317
3071 5768
5335 1302
5036 5269
7883 8897
110 263
4511 2156
5779 6136
216 4726
6670 3036
5178 9844
7300 3991
6286 3680
6879 9
1435 1454
4309 8455
3856 829
643 6166
9012 4246
9475 2742
6244 7685
2046 826
5227 2929
3210 8384
6657 3545
4947 7585
9434 220
4056 8502
5327 5253
781 4020
442 9778
3806 2647
8954 7951
6787 7255
743 5508
1902 9256
1087 344
5185 6468
9327 6656
6861 8989
5837 4504
1286 7474
2866 1564
2674 6448
5493 8275
6816 6562
4866 5577
1317 1318
6410 1944
753 4045
3764 7554
2528 8015
2769 7966
8573 3545
686 1804
2033 8580
1090 7446
9353 8291
3814 774
7078 1625
3092 4638
925 7380
3960 2984
1374 2250
8356 298
4050 2478
1200 7669
3118 9983
654 1547
7029 894
1484 3946
201 2794
9522 6457
2226 4009
8379 3150
4919 9525
2944 6858
9896 1984
6976 8610
8447 8022
4636 2507
1483 6286
9518 0
4300 3868
3466 6067
1517 2534
8653 9454
4682 8353
6386 4132
9155 6263
7971 6554
2121 1127
93 603
1606 7978
7100 7004
1145 77
7893 9597
3566 304
7523 2889
1036 1129
5928 7674
3512 4102
7925 7163
4376 3341
2822 9884
3553 866
7092 1884
2033 9109
9406 1926
4505 8868
8242 1338
1906 2484
9428 6598
1073 3944
4721 7889
3493 6076
4078 6613
3564 2945
7049 9142
9301 2548
561 4915
3329 797
5858 632
8995 49
1240 6813
5046 9621
9317 3167
7486 8848
7389 8121
4726 7339
766 6783
1593 8279
6734 2310
4668 1131
2956 9299
3400 2409
1897 2863
7029 1148
1807 4163
1922 9873
4175 5446
1778 622
8681 2832
3168 4451
4788 6058
7843 9532
1437 7573
6732 9264
2252 6915
2540 6585
7155 2982
5475 7504
7552 8179
6803 420
6465 6417
6083 7991
2055 8644
7119 1637
8899 8929
5901 7906
2684 270
4122 3935
3939 1304
1651 6921
5774 8287
7184 9022
4257 7122
3754 172
7931 5586
9998 2008
5771 4694
7465 1160
7971 1035
1475 4990
5173 2069
1144 1553
5899 7863
8513 5705
3331 6795
6770 9607
7286 1438
8524 4015
4138 3131
4946 2627
8621 9042
1097 5693
2434 6693
873 1448
3496 8991
4080 3324
9525 418
4182 3380
4707 4523
7563 157
2737 7139
5372 5262
8426 2133
5220 1727
754 4119
7855 423
5756 951
5130 1078
3096 2803
614 1083
1338 5285
5116 6595
6999 6809
3258 4863
1897 5245
2971 1216
1985 4244
7141 1154
2667 3526
9308 2146
4845 4728
548 1949
9146 2643
5875 9271
7555 996
1269 8837
4877 8639
1161 5527
8430 1297
1769 1141
2160 7249
6519 7253
3672 5009
9730 8647
7088 9431
4024 5805
1280 9890
5734 9402
1628 6060
2842 165
5367 6155
1993 8698
4901 9875
8141 5933
8766 4332
6742 2780
4958 1355
3474 6961
4009 1903
1255 6704
5756 746
2988 2755
286 8907
2392 2944
6310 1156
2226 5123
4502 6477
7127 893
8629 7540
5722 569
5723 8078
8262 8791
4309 4591
6559 4503
9336 1650
951 2307
7266 4741
7980 6217
8860 3973
4798 4596
843 993
8271 1750
6582 6189
2355 6276
4994 3782
1222 9150
8585 7548
8829 1241
3002 2209
6644 2811
4585 1837
1575 5955
9447 5740
2540 9074
3356 7556
7678 6250
9601 7958
3332 5825
506 6160
7040 9281
8688 6061
1188 3888
8973 1626
6366 8551
8193 2694
6564 9810
8353 1173
4554 9491
2799 7841
6993 9379
5780 3406
6985 9989
5578 2135
9159 6264
9831 2714
9410 1546
9395 9101
9783 8852
5530 268
5277 2950
9661 7713
5443 9135
2755 9422
533 904
4621 3385
2941 718
5848 4516
5062 907
9387 4585
4171 9952
5023 5279
8862 7873
5326 5387
3909 2957
581 5237
1279 264
4051 4118
2501 4727
2468 8283
5371 503
2007 2761
6357 1594
5930 9325
1286 5743
679 4526
1956 4061
8520 8466
6520 7195
7479 489
1601 1247
1520 7018
6040 3058
4343 9945
3934 4509
438 6545
1537 9474
5391 8883
2973 3992
8944 2155
3584 1316
2884 3196
2118 1201
70 408
7507 8717
7120 3293
5279 2639
7009 2559
7355 7864
8141 1646
4002 3221
3727 2404
4010 9950
7450 5853
378 7582
8173 1763
837 7024
8740 2549
6933 8162
9467 3636
9587 7641
478 6458
9091 2305
6011 8247
1964 1166
5785 7897
8244 2708
482 8423
8059 6383
7020 4042
6062 7568
7461 9801
5212 4293
7260 9823
2117 1252
3229 2219
9054 6899
3012 2724
2176 8631
7987 4663
4721 5960
4446 5711
2666 8525
5284 831
1399 4905
2952 2062
4062 8977
9565 1712
919 1992
3248 3165
7050 6170
8655 7793
5685 4001
8056 2400
1436 359
2412 5619
5931 4233
2994 290
5048 2244
5623 3216
2819 352
9347 2590
8367 3797
3112 381
4650 1501
3780 1364
2760 4360
5349 9145
366 4694
700 9392
90 3701
2026 5326
6816 967
1079 840
3168 9134
8513 1981
9779 3031
2481 9404
5859 1841
2314 452
5162 9624
2651 2886
307 371
2500 7992
6365 9990
3093 5593
7758 5988
4593 9037
6788 1348
6161 6596
695 4239
1062 9723
3290 7748
2886 3822
6032 2568
568 7032
7355 7389
6378 8889
5983 3806
4431 7362
5973 8244
1463 2176
6204 3896
4742 1683
3434 1270
6646 9498
673 5722
1992 7661
3660 8921
1702 5175
1176 5231
9764 734
5376 9520
6277 5663
1376 6877
6378 2523
4459 7766
5493 2760
2952 7254
9724 2821
4199 223
248 1807
9634 8371
781 1529
3518 1612
1364 7851
1457 793
7012 3321
8461 3445
6688 1870
1322 5605
9610 870
7619 7182
1188 9845
7046 8369
7143 1335
9135 1940
6589 6709
5534 1663
8680 4496
7108 7695
5974 494
8701 6890
8828 638
4039 3440
223 9801
4834 6618
8529 839
1919 4705
6088 5003
3498 2350
8363 2797
5220 4730
8662 7394
905 4337
7358 3817
8753 6183
3294 132
7778 8087
1918 8033
8034 8900
6325 6021
8378 9486
645 6004
262 3140
4325 7743
9881 2944
1181 2122
1757 2259
4074 3832
3480 4477
2129 3430
8410 9513
2784 1042
339 9987
496 2934
1489 7751
8743 4964
4967 887
5946 5487
4794 5673
9567 5427
661 315
1824 6051
1916 9572
8668 9661
3789 568
9159 9340
978 7751
9858 426
5203 2546
4773 2752
8169 8571
4553 283
4653 8073
4546 8748
751 2949
4969 925
2051 2580
6216 6459
5365 1312
5455 548
5773 7237
8196 9327
8238 1350
4278 1538
8408 633
3154 1699
9293 1382
1022 9967
8129 3223
9155 7505
9242 5260
9257 2256
2583 4558
8682 2551
3405 5997
2296 4418
2477 5625
5626 3410
9825 1001
1137 7261
5429 8380
4794 229
4658 9034
2396 2851
9845 6981
8640 2960
7407 9921
6161 2672
5141 414
41 3883
584 5454
283 9513
2991 3719
367 4186
4256 9686
2455 1135
1053 4558
2209 7976
4667 9148
741 5259
3422 5832
8990 2877
6577 9050
7285 977
6610 8102
313 8618
713 4646
5467 6207
6248 627
3590 3450
1694 8992
2172 604
7094 4323
6011 2849
1325 9232
4014 2683
3745 3939
5504 4910
7812 8874
1035 2151
7088 285
814 6266
5716 4907
3998 6518
4301 690
9651 3975
7584 1403
7171 7832
3971 5631
5228 6451
267 1530
4667 2535
7824 8827
7786 9765
8269 9572
3077 5639
3204 3525
7341 1180
1583 9439
5190 8452
4208 5175
7083 7701
6265 378
1826 2616
5672 5799
4217 7411
9866 9294
4399 3700
6817 1651
5968 6038
3872 2878
3944 4755
6275 8418
8969 9479
2555 5752
6120 3324
359 2999
8081 9079
3694 994
7627 4751
7641 7071
3397 1989
430 767
1344 8100
454 239
9735 9479
8352 3034
8040 3761
95 1785
6182 4957
2558 9544
7800 6274
5396 661
3593 5650
4611 6616
3506 4848
3450 3402
6581 3532
3306 1203
1632 8125
3573 7796
8577 6617
6834 4573
3433 4292
2765 2365
969 2194
9324 5524
4761 2347
8877 9574
424 3898
3403 5998
429 961
4527 6252
3884 5437
8194 4221
7860 5250
464 5189
4853 6483
9305 8860
7646 1216
8018 8578
1781 3948
216 4144
4336 3049
2644 8013
2176 4915
7530 9257
318 3654
1244 3225
6766 5788
363 9440
4639 7095
5917 663
1716 6679
7818 2985
589 5145
4224 3565
3038 317
6423 3504
289 2258
1231 3982
9512 9120
181 3325
1962 6881
7189 2327
415 7388
6073 4994
4823 5808
2191 557
3860 6602
1688 1897
2536 8963
1149 401
5976 3146
476 3528
1552 2345
865 6478
9649 9845
9136 2622
3957 7319
5614 8935
8259 5699
3439 2533
9038 290
6457 971
4888 4208
1016 5712
196 883
1675 2707
3096 4902
6732 6251
8961 7202
8909 6720
8833 9496
2030 9216
8275 445
7307 3807
1119 9458
433 6302
4137 9743
2161 1382
3972 9788
2797 3777
1476 7996
1152 9078
305 86
4363 7439
7223 7121
2729 9544
8634 6587
7011 87
871 1414
640 3922
8486 4751
5748 9169
1308 4717
8266 145
5373 1539
6988 4866
6446 2706
895 8574
9959 2878
8588 9719
2871 4218
7352 7595
3331 7938
7909 7398
215 9862
209 8821
9037 7166
2204 1090
2154 2175
5128 6417
1013 4616
4473 3302
5236 2361
251 1536
7007 9201
83 6230
6629 7137
5134 1901
2061 5395
7621 467
9205 6929
6018 9787
2198 6451
1132 4277
8217 1705
14 5849
386 2672
9447 7440
9435 7173
3642 9823
8860 7732
4261 1201
6357 635
6110 1728
4766 6880
3194 3568
8662 5259
183 5464
3671 1153
9433 1870
3739 9407
194 9997
2568 2063
4522 9622
9478 9578
751 6032
8242 730
613 3741
7931 8219
3054 827
1145 7389
53 3427
2317 7448
3365 3025
7412 3869
1126 3313
6469 2917
5671 9378
7450 2313
6727 4826
939 125
5341 5654
8005 5705
1112 3148
474 2373
9921 9167
8802 2432
1581 6318
1616 6781
4126 8473
9679 3771
9816 4049
891 5872
4081 6716
6380 7233
3522 4449
8700 80
3578 5638
8922 2307
3954 4739
343 541
7835 6738
766 6939
1491 8502
257 6285
7079 4389
5086 1630
242 1108
7600 3634
6052 7485
130 6892
5934 543
6382 5289
3673 4819
4036 1004
5542 710
2166 1399
7040 1767
3136 274
606 6143
2069 4540
5028 2216
1060 6587
9673 4764
521 8337
3668 7819
2624 3069
3599 9768
3653 7563
2334 3585
6807 2393
7001 9753
7819 5127
2868 8291
1164 1179
5488 5981
511 6414
1530 7399
6069 4470
9457 7038
8506 9776
6693 5242
235 9081
6107 6048
6901 970
3485 5413
6759 9230
3262 8192
569 7618
5787 4633
3702 4344
2541 3604
4213 3943
8395 2837
7206 7042
6413 8975
3015 2915
139 9469
486 6740
6115 5515
1569 6602
954 338
3513 3695
6810 5150
805 2202
3705 3806
547 2333
1962 6936
489 1323
93 4118
3418 6452
9665 2049
6404 3006
1226 3336
1734 4162
6077 3933
1374 8592
9913 2060
7376 9951
5888 4777
1523 1797
7410 3061
2742 5487
6330 4748
6784 9231
6610 1311
7973 479
9330 3769
1828 6502
6054 2848
4957 3286
4973 8169
5536 6718
1341 3464
1025 9363
8996 2499
7159 1270
8266 9954
371 9058
2 2150
3614 1237
4159 2659
5756 3113
1460 9291
8348 397
131 56
8417 2836
3110 149
3019 5802
3356 3881
7742 63
4924 1042
2181 5633
8101 266
7775 90
7606 153
5559 1571
5289 9174
5201 4035
8490 8987
7520 8313
2261 6948
9829 6530
3421 4851
4658 9927
7449 1124
6285 934
9882 8712
7616 3995
1479 6896
8957 4234
1577 5864
8222 2140
1299 3965
2362 4388
2296 5677
8964 2301
5936 8521
9646 1186
7046 7145
9595 4137
8889 9852
6769 4541
178 4618
6397 150
37 3449
4193 7847
4208 3112
5000 2660
9600 9756
2315 1438
9107 2404
8236 445
5849 5915
1727 2792
8243 1849
9720 6628
3790 6470
9535 1767
9417 2637
3936 2584
1905 7848
3999 1781
6974 2878
8185 7471
8790 197
4582 1286
3503 7990
27 1133
1090 7788
5244 4362
9003 5208
5470 1116
349 5893
570 9865
7330 3123
6573 291
4272 642
3356 6807
727 2268
6101 4514
5959 9375
6721 8719
5903 4069
2854 1233
8880 4594
1273 5386
9328 1482
8000 5926
7690 9309
1670 4103
2450 7968
6199 7069
902 8745
9771 5330
4929 6823
928 9919
9017 1451
5567 6047
9272 6263
4481 126
7687 2849
4955 253
6406 6483
9060 4325
8873 4755
9863 3764
1821 3402
5459 5145
5496 3060
6064 7433
1389 7971
797 9484
4767 3103
5829 9895
5661 1422
3296 342
4524 7708
8949 3798
4738 6103
7116 5100
574 8682
9809 7974
4422 9780
9126 3756
9192 3284
640 3217
6242 2740
6225 3052
5772 1503
9862 1582
83 767
4198 7583
3521 8375
5979 5818
7160 6378
1309 6273
4222 7639
5465 5998
4593 3586
7937 712
7563 5663
2478 6766
4529 8621
6224 3763
2982 8733
3974 1798
7053 5454
8552 3004
8555 2631
5377 6365
2107 8544
6123 5400
1099 6349
6483 6435
2563 2903
4843 7971
678 761
4558 3572
8433 2580
1454 8581
8768 5408
6729 3460
7984 3567
7706 3809
9983 8783
7900 818
9199 7517
361 2067
6074 9552
4817 9927
6048 4153
2886 1951
1019 7685
7412 662
6355 620
830 5447
8686 713
6611 635
4079 1302
8816 2467
1775 388
4415 7630
4585 8884
5773 631
3663 1189
7017 1711
7067 2170
87 9746
8944 3879
8405 5592
7534 1496
6805 4411
7172 3422
6153 2928
9135 5575
589 5300
881 3801
286 5028
2845 2970
5513 6089
5295 6399
7534 8638
4425 864
9490 1023
1399 6772
4788 7072
84 5582
6935 9047
3717 6755
9070 2295
2308 9878
4983 3226
5223 8498
9854 1082
8654 8484
4146 188
8908 867
548 489
6813 9789
4443 2986
8310 9231
7893 3760
5513 5984
7768 8190
7703 9482
5751 8963
7264 4391
9632 3623
3927 2116
8498 7442
6769 3924
7355 5140
5292 3924
8224 8468
5227 8598
9990 2920
5743 4988
5692 9165
7746 3059
428 7140
3581 2778
8919 729
8602 2045
7309 3537
6179 4610
8446 5504
8249 4111
8730 3109
5809 8054
9236 6354
601 8351
310 3787
4040 1520
2846 9178
6595 3883
5814 8125
6475 1540
9538 8525
8980 7774
5042 8603
5025 3361
1222 1657
3931 4601
8961 3299
4161 4862
3863 7768
6968 6108
5104 121
963 2079
6414 3132
335 524
7851 349
6501 1342
9244 9138
131 9372
386 6826
2500 5764
2079 6833
2506 9206
4821 6578
6702 271
154 8794
9167 7329
7432 613
5222 459
3521 6423
8266 6106
6351 4713
7023 924
9369 4077
4458 6012
1826 5376
5231 9935
3644 5964
2075 7290
5146 5943
4222 8766
6675 5899
4992 2497
4961 51
6772 9642
2921 4078
6841 5081
1574 8115
9741 9233
3790 1122
6861 1074
9974 7779
6792 3847
9921 925
9954 4297
6596 868
9443 638
3621 6512
9183 2370
8337 6199
7617 3984
3116 358
7664 5757
2995 9729
2084 849
6478 8372
3633 9922
1138 4933
9570 8927
8563 1497
2433 9095
8182 8319
3283 36
1444 8413
1873 5687
6346 9669
2096 5280
6125 8355
6226 9865
5996 2262
1302 2305
4766 2744
506 1056
2506 3820
5281 4796
6069 8995
1727 2919
2869 9659
8720 4130
9620 21
745 5507
5633 9553
3895 4270
9569 2104
8052 4387
2883 3430
7224 8548
5552 3794
4251 8688
2529 2875
3112 7649
5035 497
5694 6895
2533 5852
8704 511
218 5037
9420 8011
858 9344
9017 5887
8187 4922
1929 1229
3597 533
2654 2190
6154 5509
2489 7622
7388 5734
4749 8706
7977 9508
8402 2913
2698 3159
982 5564
7961 3257
4958 8980
9272 2389
74 3718
7183 4029
7846 9293
9933 4424
668 4660
6336 6262
4343 6038
5359 7314
3379 84
4964 2643
1584 3218
2391 7246
6838 5679
2390 5868
1714 7328
2225 2916
7358 9976
3249 8564
7422 3317
2024 1041
1318 4729
2404 3897
4714 2340
4686 3665
1342 731
6879 8144
6924 9575
2017 8487
4867 6732
163 571
4188 2676
3783 7537
1224 9144
4710 244
7158 6186
6579 2342
3345 8946
476 1809
9397 851
4636 6745
8242 6953
1678 6896
5721 322
7293 9445
4323 1798
278 9290
8113 9028
5343 7856
2206 1850
1921 2129
3489 6128
6560 3978
5423 8498
5451 9219
9357 7929
9247 2268
7571 4900
8982 7862
5612 9720
2012 1788
6073 4449
3202 9356
533 724
4652 8965
7027 4995
7046 718
8644 6427
6147 3185
7829 686
7525 9603
6662 5976
6953 9648
2037 3984
1177 8839
1960 4237
5125 672
5833 7570
7388 934
9883 8967
4468 5397
2219 6694
7481 752
9251 8271
1730 9775
6344 6008
6991 5332
4162 4357
6558 424
1996 3200
8525 4343
7377 9365
9338 1381
551 5868
8759 8859
1544 3459
1033 5666
7418 5720
1487 1707
7633 5168
879 2872
9274 1623
4684 3051
3192 6196
2740 3369
3404 3800
6054 2458
8365 2435
5921 1679
711 9443
5815 2480
2319 2715
1376 2514
3428 2924
6651 7682
7618 1442
1951 9809
2257 9469
2736 2555
1354 6793
8701 2677
4409 269
9046 4227
9389 2317
908 2643
3901 108
5952 1801
4165 5842
3949 792
4558 9046
1249 3578
6683 7704
726 7116
5231 6302
8144 1001
6572 632
3087 4594
9575 8722
5859 2950
5848 3350
3039 740
8893 7819
9975 8794
5901 1246
2675 1992
6666 8155
3158 4791
6256 4056
7672 3679
9898 7454
9342 3321
1107 6229
2028 4418
7338 8891
1905 6025
6223 4273
4992 4742
6395 9043
7007 4198
4988 8545
6232 8183
3005 5582
5309 5772
4708 1204
5896 8685
5700 610
5600 7967
9251 8884
168 59
6038 1773
1090 3038
5961 7748
7025 4829
8555 5112
4892 5842
5653 8368
1550 823
3195 3380
330 6702
9451 6610
6075 9978
4531 2494
1306 7918
399 1961
345 2448
6704 44
7484 4650
7704 8641
4183 989
1489 5342
9106 1505
8717 6303
6202 3454
3512 6624
7393 4560
2538 1124
8421 7211
9369 2868
3070 2555
2972 3495
9537 5205
3594 4010
3490 1248
544 4541
2134 5498
8321 9194
9046 9657
9655 946
6895 5742
1256 5350
3655 8535
8197 1727
3514 6210
5292 8618
658 2905
3837 388
5365 4687
4201 3981
9192 629
1174 5164
5618 3753
783 3200
3643 5675
6600 4477
371 9517
7728 6523
3183 9015
9279 167
990 981
5359 9732
6393 4109
7639 6034
6025 3056
1601 3705
8211 3693
2157 6690
6606 6476
3087 6930
7189 7838
1988 4500
7832 1566
5282 7042
7085 916
5645 400
1684 2326
3333 5365
7448 4091
685 5670
5361 8910
3431 2929
3782 7275
3866 9459
5759 281
8949 5494
3545 4068
8606 7467
4355 2198
1107 7728
998 2353
5106 9230
1281 459
468 9105
946 2023
5684 5029
5968 4700
7805 9145
3237 2292
8257 7075
1961 7715
2646 2144
5018 1282
5770 2550
72 3143
4264 6456
7420 5891
5363 3861
6473 5175
7231 1613
2203 6772
4687 8593
9195 6990
4104 342
3524 1724
4293 4278
560 2142
6868 6339
3404 3739
4493 8856
2811 6759
8499 9566
1765 5133
7683 2776
9920 14
6394 5980
1191 9606
8291 1167
9526 2696
2461 5995
7016 3910
1690 5279
504 223
7444 1923
6515 4804
9819 391
9551 4568
3738 1607
7845 2004
503 1645
4073 2101
1064 9651
6474 4179
9395 803
4101 2750
9054 13
1060 1223
902 1812
3012 9224
1083 5477
6868 3121
7815 709
7705 9808
8879 519
9775 3964
9490 7014
8393 4206
8671 2709
2217 7117
3348 1521
4732 5269
9985 4623
1468 4866
3050 1639
9145 5583
3627 2764
7746 7861
7030 1671
9677 2962
1384 7504
8726 153
4697 7049
2596 735
8002 4486
6999 5897
1577 4556
7886 5327
7560 5269
9749 5053
828 430
6075 1942
1465 893
1297 8133
1643 6482
5487 7650
6407 7880
1633 4638
5120 4392
6126 6747
4901 1131
6649 9210
3495 2106
7040 8706
5849 9284
6034 2842
4752 5851
2382 851
6970 3163
2374 6181
4747 2232
434 6805
8130 2963
7441 479
346 6200
2715 9958
4796 6903
1714 4485
3778 7022
8534 9665
534 8143
1287 4525
9433 563
165 2473
736 443
2388 3801
9673 9438
3532 957
6987 7396
732 9954
7723 2653
6574 5908
2811 8319
2470 7086
6845 6635
6148 4320
7221 923
7913 3211
8860 2842
5237 7069
8801 7119
2687 7012
8618 3912
3807 3296
4632 5759
2885 5593
4984 3451
156 7865
9894 6486
8569 9368
7788 7254
8237 9939
9321 9451
5994 9304
6284 5156
7907 1489
9359 2638
651 426
257 9146
9135 353
2908 2857
3440 4681
1781 1158
6121 5306
6529 7825
5407 7768
8612 9012
9126 9022
4517 5475
4288 4536
1230 9557
7120 9626
1760 1257
8829 689
9251 6567
8354 3107
7850 5861
2530 1861
7749 2274
57 5369
8816 146
541 7042
9033 2327
227 9174
815 8840
6846 3006
8406 1841
1683 3101
2294 3750
5160 2443
2035 8069
491 9261
9464 3911
8094 6962
9485 1763
4703 6540
247 3600
2230 2537
14 8500
7304 5054
5626 9309
2633 8607
8326 5355
6590 4141
4839 5561
6112 9596
3430 7350
9165 4976
9353 5924
1464 7284
7568 8829
9393 6118
1386 2380
6271 5026
6328 719
6521 8010
2681 3991
5236 9455
2549 6153
1030 7886
3958 421
1850 1002
4256 832
5741 5905
6833 2080
8549 6990
6274 4259
6529 6395
3486 5772
7658 865
3610 4044
3929 494
5634 6649
2867 9521
8725 1565
2447 3108
7318 3262
665 6966
9764 4549
3310 9573
67 1885
3159 3669
6857 1035
451 2735
5285 1028
1485 6601
6329 4735
1037 8974
1240 3431
3994 9162
4858 1885
253 6947
445 1289
5441 3703
710 1690
6598 7039
8517 9442
9460 8349
9046 8135
9821 4007
7524 9095
9484 2431
8488 1259
8281 8110
175 2374
6782 5549
9865 2763
8564 6304
3742 3401
7622 7663
3611 8692
7159 2274
6762 5280
1152 1737
2480 2204
7793 8565
5103 2185
5929 1991
1468 2070
6465 8834
2027 9322
1458 9295
7670 2476
343 414
781 1426
4973 3475
9047 213
166 7173
5990 8237
717 5806
7161 5246
1125 5295
6138 1487
10 8292
7432 6690
2456 1343
2384 8437
8378 3684
5028 4501
443 208
8861 649
8601 6103
4557 3618
8119 617
4973 3773
6225 656
1269 49
9898 2088
6778 8604
4850 6811
5281 8293
9204 4696
7746 7501
779 6447
3704 3192
7476 2380
964 5793
1198 254
3825 1391
1678 5075
9779 6914
3727 9426
7881 8937
5111 6548
1969 7012
3941 2959
2170 2161
3655 1329
8069 2134
4168 8742
2853 3705
9045 3877
6197 5231
5360 9677
1272 3055
126 8072
8252 6243
6268 9433
4568 8490
8895 8727
8469 6428
1400 2246
5816 3884
8054 1822
1597 7635
5813 3018
5631 3390
7700 1232
2580 4550
8532 3448
7654 4088
6253 5770
1468 7905
5787 5000
1911 6648
2469 3381
4616 6248
702 3746
6831 5320
3732 6467
30 7992
3574 5266
4252 938
7411 9247
3861 6331
4509 8626
9054 813
8157 5087
3735 2434
688 8277
7466 5783
9438 5203
8703 954
4411 4503
2786 2058
983 613
1516 1434
5904 864
3853 6065
6311 56
3132 6577
6032 7200
2421 1217
1698 6970
9313 2666
895 7282
8900 858
4238 6148
9647 3784
500 6426
9605 6758
1425 9510
1275 7868
6470 9273
8345 5318
9956 7885
3181 6540
1231 8453
974 1882
1890 6447
8750 4331
332 2755
569 4503
1209 3163
2602 1414
8971 8575
6445 3168
3751 6252
6271 2738
3596 448
5185 9103
8957 1492
2828 2017
1168 9270
3198 3530
4799 5603
178 4108
7836 6829
3854 4464
706 7070
406 4071
5766 1002
3438 6027
7372 2602
9404 1009
4454 5626
6604 2254
2680 1360
5405 5331
7574 5271
6425 7158
8398 3320
1857 8574
9138 2388
9175 8795
4078 6305
6437 6799
2505 2222
4683 701
390 4804
582 4861
1241 779
3404 3944
3655 9974
8628 3030
8982 8124
9409 2562
4051 1604
2512 5223
7283 476
7175 8954
1089 9238
6957 3443
8102 9184
3161 8697
9111 2414
9890 2328
2104 2550
5205 3842
8878 7928
4853 7087
4355 3688
2205 3666
7634 553
1153 603
5874 3928
643 4290
4319 7586
9329 7062
691 7091
4667 2914
4 7388
7634 8841
2296 8624
7868 8670
8307 2043
20 6402
4977 9040
559 4490
3311 733
1865 9692
8995 2701
190 8903
5196 2042
7012 1437
4243 2796
8949 2430
6033 1731
4859 6993
8187 8941
9108 1121
6585 2964
4741 6402
8564 3031
2891 158
2349 547
9021 3361
3962 1774
5260 8125
4299 9121
5036 8875
9019 7103
2701 7951
834 4453
1426 854
695 272
2242 2127
1843 2182
3133 2467
2449 3970
166 9362
9057 3840
2047 571
747 8864
6067 7384
9521 2810
1292 8292
6718 9567
9748 4922
4442 6280
1033 7819
2383 6238
9882 6299
6102 6533
1214 1577
4394 2597
3748 9162
9999 3318
500 7856
2347 4839
2740 7036
9570 6619
72 5005
4176 7874
5809 7299
2526 8127
165 3109
7624 4331
5887 6139
8966 9541
8333 8601
2614 9476
3320 9481
7626 2443
3409 6244
61 1111
4470 5932
5201 9480
2499 6201
7045 1465
3142 8158
3394 9086
6683 5335
1972 8378
9846 2242
214 1050
4638 5399
582 5922
9270 1701
7192 3953
3384 2746
2550 7027
3147 1902
1332 2051
1779 5549
1073 6923
3415 9087
266 8314
5981 3078
1769 2608
8050 7683
8523 1945
7926 3622
8352 6515
7843 9648
8891 7934
8527 6470
9544 2480
6999 2724
9581 4178
2635 4172
2681 1370
9657 5466
6986 9125
6801 8757
9435 6433
2535 1108
5306 2564
2759 2218
3255 3389
8867 3871
6120 5445
2056 6717
5001 7681
2383 2260
753 3559
159 2778
5120 2091
5343 8771
3333 4165
8249 1752
7916 7440
6490 6695
5620 7153
2871 9447
5215 8450
2729 5479
1666 9930
5017 6514
1260 1931
3670 9776
9636 3944
9203 1916
8523 1473
1758 3005
256 9260
1883 5172
8258 7682
5967 5665
3392 2003
9224 4194
6045 4679
1690 2442
1775 6082
1300 841
2518 8482
9537 4429
4202 760
3179 549
125 1809
3434 9790
1055 3760
7833 1868
9024 9930
2553 5479
4513 5038
9599 6383
3347 1711
3961 877
977 3647
9391 6775
2138 7577
9236 9296
9014 1675
2459 7482
7434 831
6326 2296
3302 2260
2217 5045
2363 2894
9517 5163
3306 8278
3969 1153
1112 2255
8731 548
5613 3287
76 4544
1980 7477
7842 7851
4797 8374
6775 7326
1574 1694
8662 6897
4136 8349
478 8930
5701 5327
7150 98
7008 4320
3968 2140
1261 1979
5587 6418
823 77
9937 9686
2864 8938
6079 2
1395 1371
2627 261
9925 4643
4527 4475
3466 2317
7547 519
5492 9108
3473 8464
5367 1358
6402 405
136 9286
9478 9709
4595 948
801 6127
1515 1452
9249 8683
6764 6048
2931 9172
3532 6642
1877 9579
1488 6553
5574 8553
8348 4031
9418 6200
2722 6566
9898 6111
1340 1269
7368 5944
5028 7891
3215 4815
7824 8350
2361 7065
1243 5367
731 9502
9214 8222
3419 2757
9518 2886
9538 9099
9759 2389
7740 9040
1687 4491
2075 5726
7165 8604
2187 9926
6671 1435
1297 5161
4003 2724
7213 7968
8805 166
559 7432
1040 1948
8150 7213
7032 6791
9490 1074
2915 7978
7227 8587
4712 7457
2443 4807
2735 4046
1318 3933
888 8145
7002 9345
408 5044
257 2131
8046 1536
6691 4549
7316 4448
6697 5815
8369 5440
1500 6481
507 9601
8748 6284
3610 1804
7693 9005
8727 5152
4123 7295
8947 8394
8606 3884
5140 1456
7688 8808
2042 1850
8107 4362
6128 877
8393 3367
7406 4245
1699 717
9468 6991
1314 7913
7904 8960
3668 7957
8696 6133
4830 4865
84 2601
7665 2301
186 5676
6055 497
7005 9510
3868 7066
7336 7672
9 8417
3779 4666
7147 8408
328 8519
3506 4084
2896 466
6902 6450
1207 4883
1892 1336
398 6945
998 7769
5119 5214
1841 8243
9802 586
9912 6281
4750 3957
7422 1016
1540 3220
8040 2969
6117 3342
1264 3026
1148 2420
7542 1177
342 7244
1745 4310
3206 2953
4931 6851
2741 6584
5627 5666
7926 6056
4388 2156
4088 4887
7051 2978
5844 4454
2142 8977
7511 1432
2927 5847
3689 5644
2536 3004
5483 2804
9864 8896
9152 2898
1723 5103
9458 5806
8872 8963
1029 7702
5220 4678
7321 3779
3749 5841
2889 531
9617 8278
8464 5465
5108 5847
8283 9853
4927 4834
6761 3473
2702 3626
5200 3681
7442 2706
2313 7893
813 5640
9499 2311
7277 7819
3749 4156
4943 6619
581 321
2917 1612
934 4244
4994 310
5526 7195
5169 6732
6133 9924
7734 2487
2441 1931
2844 3023
4271 673
5150 7461
3660 4527
9889 3888
1121 1655
3934 7858
6237 8739
1534 310
2652 6093
5245 3640
6605 7914
3953 7601
8722 5300
3572 173
2656 5810
2989 2955
758 5846
3198 5648
2715 4499
8438 2488
9824 6664
5798 9003
1236 5470
1808 8
6822 1082
8027 4737
773 1855
2595 7762
5188 7715
1710 8719
9353 8876
1753 2569
9860 5191
609 3116
2557 389
2766 8616
5366 5059
8794 1130
0 7716
7135 2407
6633 509
3517 1252
706 4668
3995 4437
6127 1910
8453 8432
3784 6172
5892 9229
4717 4137
6780 8973
3318 3931
8719 2659
6504 3323
2030 4867
5107 443
399 2822
6280 1579
6618 9847
9464 6343
1149 8141
2216 1473
6608 214
849 8726
2243 1948
7811 4944
9715 870
249 9896
9211 6958
2728 4341
9575 8042
7554 4293
5044 6729
6807 1095
3539 6972
9931 4435
4349 1023
8962 4663
1809 1091
9287 2046
7176 2121
2748 9007
2633 1501
8940 496
4776 8604
5516 3236
5289 1923
5857 4648
4722 3733
219 1766
9423 249
1262 6788
9711 1662
7201 2829
7916 5868
5151 5849
6488 7065
7227 9851
6978 7540
8449 9111
2824 8929
2584 4702
2343 1777
6771 3767
7933 2542
5702 9164
6656 7536
9574 9086
855 7215
4681 1350
1398 7397
9693 8602
2951 5471
9733 7815
2579 2608
4189 8945
7201 9234
1310 4836
757 6026
2973 550
2186 7830
6014 7772
4218 2134
4823 6
1913 3781
7855 7767
3954 3778
3237 9652
7945 2959
124 4617
2448 917
2372 1010
8213 4018
3412 2845
5033 8769
7763 2314
9499 4468
6791 4987
7858 3919
5573 3902
3689 3300
3814 6084
9541 4311
3466 9005
7235 5902
4070 8658
3788 7767
6905 9743
4970 582
9725 5227
9796 1849
9561 661
5893 2681
611 3133
6571 1887
9827 2988
3852 1377
7970 961
8819 6840
3345 2792
1511 3455
4903 9273
2700 6954
562 3483
8067 6945
8814 9955
4604 2999
595 9373
2349 715
6696 5093
5450 2762
230 8803
3108 4335
936 2673
5167 8441
8862 6394
9450 3399
7553 6304
627 7730
2369 4346
6339 9783
410 9496
5125 7167
916 7205
2453 9245
2649 1480
5779 4660
8978 471
2582 851
203 72
5421 3854
4645 2309
945 6185
5322 9564
9910 9747
5499 5664
7744 1629
7141 1935
5923 6630
2962 5537
1394 8692
1835 474
7849 7633
619 492
7174 1872
3855 3500
1362 2666
4810 5806
7310 4553
1557 8096
1080 2017
435 6113
5117 7142
2851 6476
4344 9822
3199 6341
5417 3827
9153 9326
897 8453
100 7190
5657 7946
8952 2863
4850 9779
6272 7898
4503 8652
6742 2962
1966 9727
7007 2353
3358 535
2984 1507
1547 8828
5263 4053
8028 9519
8799 8409
7774 6739
9651 9289
1217 1062
2891 3910
7488 8139
2700 4332
6014 4022
6978 1715
7724 739
7921 7413
1495 1939
5081 2583
9774 2067
7480 9654
3969 5403
4073 8815
260 7216
9018 3626
9683 9431
4971 6964
9344 5831
9170 8392
7833 7785
572 4522
5252 5343
7518 1232
764 7758
2281 2028
1621 2809
5516 5002
8986 5467
116 2499
1817 6961
1838 1212
1844 1378
9052 8318
4904 2603
4630 9458
2138 8651
3192 6553
8669 7336
7562 5061
4736 9965
7885 1160
2725 9361
6592 7495
9133 3860
6802 7738
1102 5000
4419 6435
6150 2042
6419 568
8073 8860
7900 4687
487 6880
4091 7429
9161 7667
6360 1802
1001 3843
4680 8717
8193 1902
5304 6864
3292 1833
5514 6311
1865 4330
2540 1091
2815 4723
8787 9125
6314 2460
5127 1857
3714 1707
632 6945
3068 2098
9518 1954
2186 3861
3566 32
4350 8294
7352 8649
3341 1039
7005 464
3726 8987
670 6016
49 8690
1648 2266
1932 560
7004 9806
3345 4272
1315 4322
6235 5786
1310 5378
8407 6102
1411 7940
9632 7467
2051 8870
2003 6073
2209 8887
3793 5295
3661 6606
7234 7034
1278 5595
1558 7499
7567 2856
4998 5172
6160 8076
7530 3071
7565 684
132 3418
7387 4430
5386 850
5583 7259
1169 2555
3193 9776
1060 8170
5453 5122
9284 1936
2082 6267
2906 6787
51 5
1543 2106
8292 1426
3100 9460
6591 4902
2342 6198
1243 258
2177 8672
6670 9805
6973 7034
8937 9264
9758 784
6610 1343
4301 6327
431 6351
540 8315
9614 7289
5671 8503
3825 89
7094 7887
3367 8883
991 3149
4518 6371
2344 8759
7460 9855
8970 7961
3030 9627
3713 3749
4399 4600
8767 2963
5065 2171
5281 6838
5122 3958
3722 3181
9310 4533
8651 4579
6250 9463
7124 4052
177 9654
771 3996
6839 6773
1483 7677
4418 165
2369 5772
1577 2403
624 8953
5877 1026
7196 8394
2276 7249
3779 2755
1116 9465
8880 6371
8956 9126
5993 766
6942 3999
9208 387
1769 2211
4598 4393
9140 5153
3235 6795
5956 4772
2595 3229
1142 7545
8594 6345
6616 7439
1240 6955
6849 2122
2344 1285
5745 7828
7474 5487
1107 289
9736 2831
2832 1229
5422 7074
9565 5284
8810 9636
5972 829
8795 7585
3952 1876
1543 6056
817 4067
7708 4809
2480 3196
8536 7835
8365 2453
7843 220
8580 3601
7210 1510
1309 8199
1703 314
3939 9953
4411 6012
2444 1107
782 667
5207 4934
8910 2971
7973 8928
195 7393
2317 5874
4211 3962
787 1950
8385 7017
6163 2962
9887 8811
3431 9573
3141 4008
473 205
6826 2952
5522 3739
2287 1055
1472 8068
9115 3783
230 6588
8113 6024
3757 2801
9358 1047
8280 4690
4286 2952
6726 2666
2814 7681
1441 9420
3036 2877
4563 2524
9402 5338
9448 1080
8802 464
1966 8962
8995 6542
7065 2475
6106 674
2291 4797
380 1188
4400 4212
5087 7071
8192 6395
8329 3230
2766 8303
464 799
8805 5170
9728 5207
883 1982
443 4290
6773 3715
3898 6564
3377 8623
898 993
227 6681
3266 6870
2319 4490
2585 866
9941 2777
8500 8580
6963 7634
4677 4306
7764 770
6447 7171
4102 3553
7901 4026
9721 9756
483 3855
3572 7822
4109 3100
257 9322
8563 6593
1241 8168
6638 8148
3162 7401
4692 7496
3460 9129
5311 3321
7555 7809
4204 2482
4215 7749
5198 3499
5183 1280
4995 1170
4644 2698
2735 2612
1922 8788
8100 4648
9041 4192
4915 2105
4018 3551
6220 6798
724 3512
7650 264
9239 2962
8538 6391
904 975
3761 8745
9546 7285
5053 3345
4310 7801
5468 1567
6441 3610
1753 4289
4588 1255
9469 8918
2529 4815
8161 5547
1641 2308
8290 6516
9602 7738
4445 6040
9374 7697
3306 8873
1071 5900
4214 1855
3550 4734
2216 4417
5386 9969
7717 3967
7102 9682
4670 1390
7100 1948
3527 5777
3141 3599
5731 9824
9530 2317
299 5288
8172 8833
1341 687
7248 6604
5585 7121
8783 1229
7703 4124
1370 4172
6476 8853
3434 7364
9148 902
9221 6075
5537 7300
5565 6287
1497 2720
706 174
1782 9130
2200 5090
4878 1597
4195 5207
5379 3212
223 6922
5437 1127
6220 4817
163 3673
1446 6721
25 3025
8418 7087
3443 1354
869 5479
4296 7417
6127 1538
8482 9524
3796 8728
8065 9818
715 370
2815 6642
3632 2122
2110 6851
7524 4945
2782 1629
8596 6781
5755 8755
6423 5678
4675 1958
7856 3803
2820 767
7188 8701
5092 6456
4293 8391
8378 7431
2637 9120
2794 6760
3543 576
9791 102
5366 3075
2304 8294
281 5340
2068 2113
8886 8681
658 7883
3555 4671
7250 7460
117 1922
9727 3003
9999 595
8734 5338
2764 5911
2903 4690
9063 2527
7474 2596
7431 7737
2558 2536
6089 2467
8410 2414
9029 9943
2486 9631
7843 6055
1028 8831
7094 8950
504 1041
7830 7937
6399 6486
5564 3256
1563 3860
1142 9885
2316 9120
3482 3720
8059 9703
9447 7044
6544 3038
7063 8138
387 4308
4337 5272
4991 2593
1180 4317
3827 8366
781 3011
8642 976
305 506
1322 8274
2422 4509
1169 8734
8083 7236
4044 903
601 6293
4233 6502
3313 935
3852 2816
84 3332
1895 9952
9706 1306
7283 3638
9402 2703
2475 395
6096 7839
3287 9536
3964 4836
2614 6002
9991 8192
260 2652
8513 6569
2859 6154
2518 4353
4630 5749
6655 5025
9521 127
532 50
3308 4621
6751 888
6670 2140
6315 2044
8598 5265
5500 2100
4829 2322
2617 7873
7384 2746
8804 4436
4697 5117
9258 9405
7796 9848
2181 1954
9711 5763
8526 7353
1107 1415
5712 6098
2336 8502
489 2932
908 859
3497 4898
2076 2815
4685 7242
3419 1909
8725 5370
9543 4435
1729 9343
5563 461
7387 8731
8695 3055
9501 1826
3932 8519
7091 3954
2115 2093
8123 8828
9677 9937
873 515
7141 8735
3847 4304
9202 7072
7354 9088
4649 8592
2991 6890
9167 4552
7012 2129
6987 2888
8020 9810
9082 2835
4650 3610
8892 3206
2823 936
2588 8950
1806 7418
1325 2725
8604 3159
4704 8673
1877 8856
9538 8345
1513 3972
9026 4189
8198 1494
5985 7377
775 1069
2449 7661
9866 2624
4064 7284
2016 3947
1486 1423
2797 6283
2281 4998
1423 5506
2682 4042
859 4728
7656 2818
8242 6830
2043 5168
2243 6720
2379 2142
6667 806
3895 8170
1047 4071
8017 9740
5066 2827
2022 1888
6938 426
1275 6021
1108 3974
8532 3185
2784 1699
1134 670
5807 3647
5276 1652
624 1121
8319 3988
3267 9698
813 7343
8517 9250
7348 6289
4298 5017
6825 2973
2664 9228
5481 6598
9887 6135
9376 392
1575 8957
5096 6881
1411 8489
9593 9471
6273 927
3039 8646
931 5525
8890 6206
2279 1831
5358 7927
5346 6940
1434 3131
1132 1907
6982 2446
1637 7513
8421 5668
3622 9594
9674 9551
7266 9520
8759 9075
2762 9677
5777 8777
4239 6594
6575 7244
6691 3930
1041 2371
7721 7670
7406 2107
5371 9829
7749 2641
3065 7983
5701 3881
143 5998
6968 557
9440 7194
7546 2694
5918 176
3543 6368
2844 9470
8515 1981
1259 797
2179 137
9968 9739
1832 708
1702 1732
4988 801
5904 8237
3413 5355
935 4637
8422 2447
465 6825
1637 3850
2531 410
4087 9983
4237 7548
3511 3749
1155 8518
694 1547
4365 9825
1325 4521
2004 6678
4206 2725
8540 8569
9272 3374
8049 300
3624 1080
4010 5489
9388 4596
539 672
1828 1003
4038 4881
6162 3560
4801 183
224 3919
4323 5610
5120 8414
6471 863
9950 8638
5827 8661
9042 1365
1795 6078
5746 44
2494 6136
789 8888
5371 5591
8850 5527
3740 8961
198 3049
6567 614
3252 9673
7542 4298
7110 4182
5333 9313
7922 146
7512 6181
8984 518
9247 8215
296 3392
6642 1552
849 26
598 5474
8996 9992
9618 2528
6439 8766
1147 4022
5861 2732
8490 9319
3475 5063
8368 3345
4749 4500
3904 4367
8286 3556
5338 5755
7807 5687
7160 829
454 5054
9201 3509
672 5841
2620 4209
7866 3401
2095 5755
8409 5036
8260 3955
7482 2707
668 2900
5491 7081
9214 5829
2359 6114
3496 8830
4297 8613
1062 9461
3272 1464
4561 6868
9913 6279
8606 8185
3891 6608
1095 6042
8531 5806
7399 3170
9631 3727
7151 3693
2455 4036
4022 8059
7064 2517
8045 7973
1211 1119
9168 7338
2010 1804
8536 835
6755 8428
2269 8219
9045 3701
2473 3221
7110 1861
8952 2489
4279 8575
9531 191
1743 5018
3532 7863
5556 6450
7100 5714
5833 5304
6488 3088
737 2349
5626 615
1058 4743
2348 716
8036 7597
9111 2754
9416 4341
7177 7644
8902 1063
9477 6112
3806 7710
5893 9243
656 9547
746 283
6584 3141
6500 3612
5601 9681
3149 5091
6906 8057
9583 9312
1701 4861
3750 52
7436 6483
0 8703
4175 3739
2337 4388
2680 3524
3604 5755
8896 9605
8075 4979
4330 6105
55 3602
796 5914
5859 1098
1183 9544
6779 379
2028 6055
8986 1103
7254 3202
2672 8485
7766 255
7043 8301
4641 9553
3101 8205
7382 2932
3843 4366
6692 2121
3717 2966
921 4542
241 4242
3301 1256
914 4656
8892 5615
3463 1383
6810 9975
3406 5459
1648 1015
238 6561
125 8040
9316 3843
5993 908
7765 5200
2011 9880
35 1531
8826 1279
283 9150
4640 2380
2650 6964
1402 4139
8656 7024
8700 2581
8333 3757
9473 8391
2936 4258
2368 8590
2062 225
4139 7041
3431 8637
4545 4122
6164 4358
8787 9170
9525 995
1028 1032
1527 1226
9193 9374
7258 2638
1471 6145
4785 2134
3820 9810
5987 5750
2830 5878
3614 8684
7456 118
6075 7306
3803 6532
6444 7035
7881 5051
6354 6323
6565 1649
1387 8039
3614 4092
3097 6678
4201 9630
6606 2755
6214 3118
2547 3552
7115 5764
2840 568
13 1377
1990 8121
3342 9353
4144 4413
6448 270
9095 6100
4263 8730
1372 3087
7228 1848
3601 8987
6861 5040
8857 4455
6194 8989
1246 5508
1195 5837
8641 9577
8198 2356
3019 9968
6396 973
1618 2849
7579 1007
4472 7240
4382 9831
2670 9861
376 4088
7317 3184
1135 7484
8885 3943
9381 9141
5398 4198
19 9892
6284 4034
5534 5957
6336 4418
987 3413
1656 6826
3806 18
2217 8933
4990 4093
835 3230
8757 2430
3163 9355
6212 6421
9622 3367
2019 6184
2928 8523
1013 1438
8461 8088
9305 758
8487 4963
910 4357
6166 6381
4830 6218
3869 9342
7515 3536
6577 9198
4552 9599
1077 1568
8670 3183
192 2987
8030 3867
3280 918
5254 6414
2072 6367
9869 428
5541 1047
9032 4863
6990 2558
7727 7581
6906 5335
1818 834
1163 6328
1140 4592
4408 5825
9106 1439
8616 2102
6205 9778
442 8634
8250 6952
9730 3098
3531 988
1150 2499
943 4330
2310 5425
9140 797
5762 3413
8013 1754
1237 657
2430 7427
6407 9076
8260 5817
6545 7917
3666 7617
3905 3485
150 1521
5918 8334
953 1272
4357 8761
7253 999
5985 121
2786 736
890 4602
6057 4873
148 1453
5658 845
4808 1355
952 5231
1375 1459
6513 44
4795 4578
972 2460
8944 3102
9931 1253
4511 2991
6256 8092
8964 9243
7868 7608
8357 4204
8434 3269
8555 335
6091 1586
2397 7356
9394 3560
6871 2637
5119 4743
8170 8702
4449 5438
7549 6255
4644 4502
3905 1896
8067 6301
802 1242
2935 2858
8425 9150
2365 785
7086 4892
4389 8613
9195 58
4310 2181
1164 3167
8352 2005
4963 4643
1354 7114
6823 1189
233 5809
1292 3272
8994 3660
3247 7995
2406 7482
2776 4676
4300 7554
3681 9432
8445 9164
5350 3785
7321 1756
434 2157
5159 6476
8329 2326
5081 9317
7029 3316
5598 4697
1383 1859
1040 7328
7711 5682
9486 3532
1671 8738
8405 1867
1225 2806
8007 7962
3617 2157
2893 1281
5502 4282
2376 9342
3281 4124
4019 6017
7256 111
7061 4097
5893 3838
9059 970
6438 2946
9858 756
7994 2908
2858 1297
6217 1611
5542 4386
6338 3579
2503 22
8690 1434
2600 5761
3440 1928
765 6693
1862 9210
133 6815
7177 9771
7374 6640
7689 3312
7303 5606
4740 5606
961 8407
8550 6811
3534 3754
7403 7973
7420 2274
7124 6963
6523 1783
9176 862
5289 8962
6338 2731
4960 7957
5064 528
9589 3206
3675 8528
2801 7958
5882 1813
4652 8417
1506 2089
725 7236
4129 9297
1934 7558
8184 679
7092 8277
9357 7938
9549 7614
6896 3284
6234 697
6390 3664
4348 3982
625 6166
4611 1272
7841 524
1073 516
7459 7514
3020 6149
7895 3762
2387 136
1392 2811
1784 6239
4485 4521
6987 6429
4900 7978
2200 3405
5846 9007
5911 4319
2670 2613
6433 8575
8922 1519
4114 7475
3660 338
8762 4754
2675 5724
6765 5724
5170 6018
346 857
6002 9269
2537 2866
3251 5056
2702 118
3182 2945
9866 1210
9494 7745
8304 1
4908 9746
7381 9043
4674 5572
1360 9181
695 2931
5506 9397
17 8113
4303 1559
5369 7596
3866 4609
5728 9467
5391 3320
9008 5562
4601 2053
637 5808
7460 6272
5178 905
8364 9863
4087 181
4533 6891
9512 6604
36 5175
1153 8380
42 6221
9182 4304
7713 2623
8287 2831
1919 5463
5073 1887
1432 708
1799 9732
992 5505
6871 8296
4973 4819
6385 696
4907 240
3514 7353
3593 3142
2999 6358
7440 5951
8645 8279
9236 7823
5205 9631
1347 1047
564 5170
7915 2826
3081 4497
8472 5016
7832 868
571 5388
9988 675
6278 2463
8720 4992
7891 5672
8518 4228
997 385
8737 5637
1030 8854
821 8752
831 1900
8159 505
630 3899
2054 3933
5425 3738
8401 3344
5018 5990
6802 8999
5707 8718
4592 2292
1128 2814
4178 6250
9339 3558
8087 4236
1515 1719
8707 2054
9878 8553
1636 3303
6557 2923
7011 1018
5951 7881
6581 7679
9629 531
2001 6139
1517 4944
204 1817
9130 9630
6000 6267
889 8404
2187 2881
1110 390
6564 3828
5533 3876
6888 7168
3108 3376
2210 3516
7013 4377
1114 8359
9082 2601
7604 6657
1937 2728
6489 3059
9727 1739
7699 1452
1409 1949
1777 4585
2493 3864
3130 943
3831 1855
4495 3928
399 1563
7897 8521
5528 400
754 9020
6292 316
3583 9806
9419 1995
9067 8054
6490 106
9791 3169
7847 6310
8349 4646
3923 672
9755 9275
3129 4176
7453 2116
6643 5938
2316 5970
7243 8769
386 1968
1535 351
9127 3541
1134 4158
8213 7
2175 398
6328 3133
5824 4979
6578 3614
1244 2418
4107 3531
6406 6409
2357 8550
3074 9320
7549 2974
6403 9440
6173 920
6431 8390
6831 2972
2190 5923
8476 521
1537 4283
7187 7637
7056 9496
3749 1412
7548 1123
1244 7956
8147 239
2092 7428
9297 5602
1954 623
1795 5120
8489 2985
1096 645
8939 8708
5280 9919
7188 3359
7366 838
8803 9772
3130 6697
5418 8237
6919 6663
8596 5018
3027 8006
86 8865
5461 3955
6414 6202
9248 4727
3752 9270
6286 2610
8272 9524
4680 6790
865 463
6017 2467
3164 4312
2867 2010
8884 8379
7729 5184
3830 1200
7163 2338
5255 4129
2960 2112
6245 9779
254 8263
4175 8387
5060 6174
8497 3150
8569 6940
8615 9084
8870 8356
9026 3290
622 1439
2777 4468
9886 9381
8391 7259
478 9991
3922 4792
6567 4315
6924 3357
7984 2245
882 2228
1201 4111
7330 5975
3944 6453
9913 3883
6809 7855
5850 2361
7231 6764
107 9226
818 9863
1226 2879
8801 7129
8781 7626
2383 2123
3702 9005
7802 4789
4933 6525
9030 8200
8951 3458
9720 4421
6557 142
8046 3144
775 679
12 3204
4607 8467
3649 5564
8179 1071
7896 9627
9418 2604
1674 6097
5863 3190
2209 6651
4555 6258
4456 2958
8533 1460
5262 9039
2628 1003
1673 1010
6686 4265
4582 2061
9593 8082
3039 7128
7926 6288
6534 7651
2589 6641
8782 3188
4052 6446
8648 8283
6505 5976
6603 3956
3279 1809
5213 8761
7829 8644
1726 7441
9537 5603
3044 4873
5644 5787
5104 2029
871 8502
3135 2548
5820 6668
5853 5813
7647 8295
8917 7433
1875 6722
6067 1743
6393 4188
8938 8565
7747 9359
5217 5098
2310 4824
1143 2686
9870 8754
7832 4450
7291 996
6040 6945
6282 3171
6109 9466
622 6693
3193 4521
621 5172
8228 3057
4855 2394
3432 1289
8561 815
6214 8064
2688 8205
6390 4814
6689 9644
6395 648
4789 6959
8293 8239
6650 217
1232 7430
4869 3549
4986 3151
5002 9378
1554 9409
9310 5023
8140 8535
452 4152
3761 8536
5604 1765
3395 142
3850 3931
9773 8965
9594 6010
3353 4339
705 6899
1884 1182
9990 7459
5036 5694
3632 2128
7185 9425
5873 6878
2425 5012
9904 31
6790 6325
453 2181
978 7922
4557 9285
643 5325
2573 9658
2489 9967
3202 2563
5043 869
7991 3595
7074 8476
2545 9154
3510 325
1813 8460
1172 7732
7193 6806
9353 2059
343 1041
4744 4622
2941 3533
7391 6195
978 4803
8632 3592
4083 6975
9883 8512
2539 3384
5377 9323
8770 8605
7555 9521
2332 765
9521 523
1826 2659
7182 1439
7902 8173
7768 4054
7535 3735
1158 5163
1133 8873
1915 194
3302 8985
8711 7762
423 1342
8636 3904
6326 3475
5837 5338
284 6276
195 3405
5872 3497
2937 4948
9471 3852
8519 9774
6199 2087
2429 9674
4274 8543
7077 193
5408 3655
6443 975
7582 4531
8328 4304
5667 5306
6617 2452
632 8918
4558 926
7943 7516
9951 8623
6796 3602
7961 4537
9049 7394
5222 9619
8742 8202
795 568
9333 8828
9610 5420
9092 9977
7992 973
4603 4613
8905 913
7845 2087
6263 4418
7899 9184
2898 2163
1580 7413
1873 141
2969 7962
6374 4202
6140 9293
8992 5789
3337 9213
6730 3276
1149 5669
4305 8812
2675 1512
6403 2727
3445 2810
386 9564
2080 2585
8727 2564
2112 1543
1540 8780
6698 1957
9714 7140
8569 9405
9609 4579
3407 8156
8206 9828
8637 4106
8118 145
7951 4024
9257 122
4734 6820
1634 722
1145 9724
1811 6039
1006 157
4245 3164
4801 4454
2492 3652
8751 5886
9817 957
6813 2335
170 39
7529 2941
1756 7360
3618 1159
4272 6781
6372 569
7916 422
5739 9003
8536 1807
7593 490
5656 8015
4098 8433
4954 5791
6772 6500
4229 6657
6277 5080
9874 4137
6516 7362
998 7852
9714 4635
3885 4548
6777 8748
7571 6574
9226 8668
1403 6065
8837 8787
5795 330
8977 8010
1342 9688
2412 1778
2017 1457
9436 1677
8538 3471
1587 8620
7785 6875
993 1590
9939 6612
99 9698
7499 3084
7434 6898
1745 7696
7623 6940
407 8321
2689 3589
2974 3716
8681 6300
3264 3010
7029 6945
2102 5372
9017 2544
8425 3504
6420 6062
7173 3456
6645 783
4826 7237
3582 2145
6540 9696
3073 8136
5931 2760
4008 5735
1933 4101
9073 7208
582 5528
965 3032
8617 9109
1178 5010
5353 7342
78 518
1513 9885
6180 6246
7697 2253
6571 7549
5618 6934
7434 8748
9984 5251
3512 1907
478 2402
9655 8808
5368 1607
6529 9366
8009 9213
8186 1045
8989 106
1941 4258
1585 222
5091 5036
9623 3080
3637 4651
9301 9493
9571 1804
8973 7830
1462 2732
4599 6652
3119 9825
8506 9267
4458 5648
3066 5176
5885 4670
3019 7001
7483 9303
3411 7287
4662 4756
6590 8186
1776 4701
2795 4242
2210 5883
3923 8677
5429 3032
2586 8154
9438 3222
3823 5776
4471 7001
4558 3115
3320 6705
4356 3101
1493 9367
8194 9677
4033 8292
8666 7287
8000 3993
7494 9280
378 9246
9913 5635
6811 3194
7501 4637
3063 5020
2347 8450
2299 276
8538 4746
5726 3441
2078 4811
2615 7272
4225 804
8040 9262
9664 6147
1192 3954
5260 259
879 3849
1841 182
6026 3671
6675 3531
7550 3799
260 5068
5465 3463
9650 5623
1476 6931
3613 7399
324 9085
1894 7310
2320 2038
6947 2593
6445 8908
560 4048
1093 127
143 4736
375 6865
8624 9847
4151 6490
4939 5732
1510 1781
138 4216
7244 1547
6372 3829
754 1290
6452 8305
9772 2353
2008 551
867 5899
1109 4266
1633 4373
6504 3255
5174 6862
5240 5110
407 6746
119 4332
1558 5811
8518 6721
1724 7564
3944 9801
483 6451
6591 4785
3345 6115
2819 823
8350 1235
3553 7942
2790 2287
448 7741
1882 1008
1390 9963
1889 2171
9129 3354
8908 9139
7722 9061
5800 1147
3948 8198
1756 4604
3483 7297
4641 9760
5319 1654
9457 4633
5879 3911
1193 656
8634 8983
584 2989
7912 8635
298 8848
904 9104
2030 1691
4539 1800
7490 8524
9637 1506
385 8682
2108 6373
6274 6923
8440 2393
7442 9951
7579 5986
2140 621
3146 9689
3109 9640
4841 9097
2820 9198
5957 9459
2702 4333
7707 5071
9840 3858
7750 2000
9541 127
2917 7681
7208 2184
1915 4226
1267 9067
192 1514
4853 826
2613 3479
4962 7238
5205 1305
1621 5241
1351 3799
7617 1055
959 6413
1685 2258
7284 3299
7997 4081
5788 2651
2789 2893
324 374
4761 6928
1948 2947
1511 3226
1375 7349
8854 9081
6480 6544
9872 6260
3872 3568
8651 3236
8364 7686
9605 5536
2754 1712
8029 6515
8084 4628
2239 1708
8982 649
5479 9618
7378 3858
9335 7714
5003 4455
9732 4182
9646 3217
1690 3508
8676 4338
367 7024
9076 3951
4517 3103
4725 7052
345 2697
4881 3346
1897 4522
8902 1823
7939 6437
2790 7834
9976 6693
3998 5777
5999 7250
5219 9969
7669 380
1432 9185
1602 5512
8044 3308
4040 9268
8481 5945
2453 2328
6007 2216
391 1802
5351 6827
79 4046
5772 8431
2894 5897
3835 6822
4956 5312
1347 1603
8791 5042
7807 1809
6985 5774
3545 4111
9506 9314
9961 4620
4868 9522
1723 2859
9438 1665
894 5427
3280 3679
4328 3638
5229 3135
4007 4844
7119 3748
6994 571
6052 4744
3758 7445
7125 840
2301 446
6856 1039
1601 6073
763 4877
7919 4478
9521 963
270 762
2906 5966
3566 9634
3642 5182
8949 9333
3003 8146
6372 8558
222 9202
6809 1507
5917 3689
9678 1325
1356 604
974 4820
8990 1563
9832 6694
7428 7155
3404 195
6864 4222
2018 6360
3720 9064
7018 1271
3253 9086
5758 8095
5451 3653
8947 733
1219 2533
5694 2735
7972 9136
9332 2384
7713 9858
5402 8165
1372 1846
2011 2979
4695 9811
1048 6843
8651 5826
7705 7412
9474 989
8722 2515
3118 2853
3345 9241
8877 3664
4227 584
2852 9293
6470 2259
9656 7461
1737 1506
4443 512
9872 335
3860 8001
5652 8464
4391 6128
8791 625
4756 4833
7397 5933
348 294
8102 5321
3773 4638
2624 5677
3166 7048
2921 1008
5254 136
5561 1967
9175 373
1166 585
8312 7516
7402 7850
9633 4661
5255 4322
8559 9408
5931 6977
3367 9051
166 9490
9751 7731
2616 4993
2664 6964
2928 9786
9184 3552
1487 2544
8676 680
8826 4822
2394 1529
7022 3245
8748 8165
4606 7531
1289 4669
5256 3492
5525 1753
7223 1400
7393 7380
1777 9593
981 1046
4752 6471
5738 5439
1565 153
2516 3037
4728 5866
1724 3419
996 4158
7516 8614
5728 416
7684 3628
6529 4633
5562 1107
5162 4479
2541 7892
2494 1528
5962 1906
9052 89
1223 9899
1592 9983
4605 2378
6123 1401
1044 6421
5793 5648
1014 5530
9552 5845
37 5409
3992 7589
4184 8606
9062 3899
800 2439
7026 8194
2442 5852
6361 6805
9677 4727
5173 3622
4050 545
7559 2167
8244 4653
9895 2728
9821 3478
674 6941
1984 4129
3810 2507
6437 9454
5964 9568
9262 9617
6435 4060
7689 4887
6410 2671
5726 887
4534 896
2472 1606
8225 7976
6288 5191
7099 8457
7317 4909
9723 9742
3880 6238
1508 7584
6836 8119
2243 2449
427 214
996 9705
7899 3096
5476 635
1583 1359
5456 9956
6194 6943
5597 671
5790 4229
6673 8503
7187 5604
319 6298
7939 8158
6064 598
6649 9420
7228 6852
1594 8154
25 4590
9460 5714
8410 5389
4836 6723
4360 2947
2180 8413
5454 2082
64 6188
3838 9399
1193 8175
8801 311
4947 5204
988 5892
4889 1058
3182 6859
5633 578
1301 9966
8569 8810
449 7753
8608 1879
9504 8051
2370 7783
905 4451
9899 8657
7108 7852
685 5329
8294 6727
5213 2564
2986 5211
2391 4380
1659 4268
4258 8448
1790 5389
5613 9892
1004 2435
633 9504
4478 8999
8241 1391
6961 8567
5395 1223
2441 6459
1075 7680
9313 1167
1093 274
1952 9410
1367 6719
3383 7017
7537 74
5127 7264
8853 67
9120 4382
4689 3825
2020 4
5523 2026
3995 3427
7516 6498
463 3991
6525 365
1063 8851
3870 2130
5968 3066
1694 2655
5463 9127
2948 7731
8644 9226
8276 7948
2545 9456
9197 8302
4728 3581
2799 7804
7690 9129
8474 1382
2395 7748
9377 3279
4683 5927
6685 4009
1280 5497
2671 2511
3999 6538
4301 6383
9049 8080
2398 4291
482 8283
8176 923
5149 263
246 4728
7059 1182
1824 7815
5410 4007
2482 8344
2722 7727
8982 8826
6339 5506
2462 5188
6610 5398
9537 4563
2106 8869
5239 4731
1719 9717
176 700
1942 5669
6862 5315
5177 1814
5171 121
9382 4995
7220 8508
7727 239
2669 2792
8924 3466
2063 4450
6836 4495
836 49
2731 7389
3539 7721
3605 9488
1455 9077
3545 1228
5002 7121
817 805
7863 4545
381 9629
7132 9329
5303 8507
2374 73
2881 5380
6007 4269
5754 9
3722 3247
9216 1837
6855 2449
6528 1985
1730 7003
6953 3326
4334 9349
2798 5087
5887 3618
138 3352
877 377
7229 6486
8356 2384
2517 1445
4073 3032
1688 888
7671 3472
6925 4472
7894 9254
9243 876
1341 2449
4137 5986
6895 3828
7813 8935
4593 4479
9424 7145
8107 184
4454 6534
8109 2530
2843 8480
6905 7623
9969 4655
2750 4695
7879 787
2085 1789
5931 9333
1924 6298
5215 1961
3183 9473
3929 1859
1183 9326
5653 7650
75 3716
5558 6701
5074 865
3961 4153
8987 9200
9034 1140
724 9867
4400 3153
1974 8026
7875 9792
1338 3148
1262 3849
309 5713
2847 5317
4222 3459
5324 8106
3152 7967
5215 369
650 7715
6690 5893
1060 2485
5494 3930
9357 5373
8653 1031
6271 4896
3224 1681
84 5195
3754 3494
354 9400
6075 1731
5617 1808
5160 4978
8974 1853
1656 8276
1544 7770
5050 7127
3543 3930
4730 7860
5644 9618
8946 2135
8308 8132
3133 4092
3046 3609
7303 8691
9852 7978
7152 4079
558 8474
9983 1888
9257 8820
7763 8299
7583 6668
1877 915
1976 4341
5049 711
4263 6335
5571 5448
9959 2906
8695 1828
1780 3003
4553 6436
3942 1546
5906 1438
4391 1222
8324 872
3590 85
357 3162
4884 7916
3047 9966
4540 3192
8184 8103
7520 118
8005 8955
7822 4389
729 4639
6593 7158
6947 9822
3524 1181
5238 1460
4753 9799
5723 1053
9192 5079
4881 6709
3243 5519
4836 2284
9702 4583
650 8952
524 1293
8810 2887
4844 746
4824 7935
8354 1357
6027 9588
4394 7094
6160 4326
7120 5569
231 3715
4595 7228
27 1760
4168 7895
8128 9552
8650 3943
6036 6958
7039 5703
1735 7549
6789 3469
8295 6826
7387 8692
7764 8506
4781 5754
899 3509
8184 6856
4782 8431
7051 6809
8712 9359
9614 201
7519 6558
684 140
8154 8061
5964 185
8273 5843
3470 1905
5227 562
4672 8511
5538 4885
8512 7789
7908 2616
7244 1008
819 996
2917 1858
1820 8534
4066 2538
6325 7002
5969 8218
8638 5689
264 7557
8410 6732
6442 3243
7896 2188
7557 5186
873 3496
9288 9314
4934 2802
2721 3117
5146 7015
132 5322
9114 1224
9080 2909
262 5881
4076 8484
1895 7510
5703 9056
792 7037
4301 5054
3569 1436
9533 7137
9038 5624
2471 6878
222 6007
331 8628
8039 3642
717 2038
87 5835
9412 4182
3254 9071
9889 8111
2727 1735
4733 879
6125 9593
796 3039
4042 4454
4525 2657
3347 5592
3395 3941
2031 9850
2734 4616
4574 4276
1842 2889
3990 3249
8906 2281
153 9487
6117 3551
2003 2226
8302 4517
943 4325
5945 4290
6088 3262
5241 9509
9869 9245
8591 971
622 6577
1662 2941
5459 6807
7865 1497
2508 3231
2429 1898
8883 2333
587 4519
7022 4089
8349 3910
7312 4740
7274 219
3567 2040
2389 8625
9760 538
5424 1667
5854 5294
6238 1255
1898 8471
1749 7143
9596 9770
5810 5326
3016 2333
23 2572
5324 8898
4576 38
5606 986
1347 8525
6930 3960
9845 761
9424 211
1945 1857
4676 2038
3651 3178
4551 7912
2987 3066
8683 4916
5469 9751
3084 7348
8605 2065
7666 527
7304 3273
6867 2924
1766 3197
2629 5921
6908 1713
6417 4461
5966 4523
9507 4894
9665 7146
6526 4783
5726 852
7981 6034
4162 1195
5364 2086
5842 4764
5508 7781
9212 4932
1069 573
6537 8014
1550 6409
1231 3197
6824 27
8947 195
7456 7880
3371 8204
4115 8320
3522 2090
6677 9912
8308 6093
2226 1030
4633 6014
4709 7640
2207 3881
247 114
2831 3493
2062 4898
7762 3234
4727 7649
45 2669
4207 9897
2599 98
619 6157
5115 1663
5591 6506
6841 5873
1851 9576
6758 2686
3050 4476
1412 4238
6708 2670
8413 5574
2924 1809
8489 434
451 3700
383 8207
371 4197
39 5042
8856 8605
9534 2632
7896 3195
3523 939
4788 1681
9502 3614
8422 709
2416 3398
9770 5941
9526 5045
4441 1643
9015 8611
897 1000
3837 8155
752 4799
8960 5535
3119 3969
7757 3833
7948 561
1606 6832
9999 3012
2532 1811
6254 5319
5623 4117
3916 5916
846 3173
4076 2194
4177 2584
6755 2527
2635 5189
6203 5197
7062 5613
6164 2991
7359 8118
3702 431
6552 1554
2353 7781
5788 8240
4901 5557
6701 7615
1837 8598
1081 6314
5718 7899
9547 2549
2894 1488
6766 275
9080 2242
8972 6049
5644 682
9925 610
2778 8152
4731 6839
8527 4857
7626 4651
2160 6517
3061 7208
659 9239
9691 6730
3406 7370
2921 4110
9959 9676
8073 3927
6010 2321
7704 8029
9225 9159
8885 2065
4813 6322
197 5298
6235 6611
6803 8917
1506 8489
1156 4853
4113 8756
9257 1431
2358 3298
1695 7816
208 8681
992 1157
9670 2592
2172 791
6448 9642
5522 489
1107 7199
9191 439
5659 4216
122 1205
7568 2183
3326 2553
475 353
726 1830
8098 9257
3744 8950
9039 203
2568 5186
9631 2865
2605 9617
7382 8149
2560 8796
5151 1172
8264 2570
1233 4859
1091 3581
8750 785
871 7751
9157 753
6199 9530
2903 626
9857 3995
8038 4740
8980 3890
6810 7017
2142 7665
845 2254
5252 4255
326 5669
9179 4991
8467 3649
4371 2210
9903 8940
8691 885
2371 6920
9183 2104
329 5248
8598 3837
1963 1163
5944 3257
5226 9517
5381 986
5659 9641
720 1397
7659 8358
2835 5003
3955 13
2172 3127
5799 5052
1429 9495
8841 6571
8610 7716
7883 3625
4611 4447
6177 49
216 8042
4532 1599
9460 6433
5234 5960
1291 6579
8051 4443
6469 8977
8407 1619
9028 4113
1003 4022
1186 8271
8123 7821
9508 2305
9793 8831
7467 5253
5435 1692
4025 3210
3499 1620
3856 8168
6952 850
3366 4253
6321 2712
8789 7524
290 1848
399 6500
4191 5195
4158 6482
8861 9794
3785 2228
3200 1384
6787 3236
6783 1392
606 7853
756 6815
2845 4485
5695 5944
6519 2182
9722 7569
6759 5802
4247 8431
6943 3203
9814 6162
7773 3221
5763 9791
1318 2977
5388 2070
2367 8222
7312 351
2667 22
5410 182
7487 3914
1485 3760
1905 2835
9217 2521
2894 6614
9196 5644
7226 6563
3269 2702
4994 2731
3217 8583
9262 4171
3624 1614
5171 8505
9681 7520
4661 4042
8698 4300
6633 2717
5604 3166
4536 9256
1579 3302
8799 3933
7668 4020
2307 7000
9759 5523
1011 264
6811 5919
4502 1703
5913 2644
2387 6840
6280 3380
3519 8604
6335 9205
3936 1665
9066 6661
7456 7112
6956 8794
3806 4065
1059 4554
7951 8773
312 3028
610 1664
9605 2394
9728 4265
3538 3212
9698 6639
8312 1041
365 4769
6486 3684
104 426
2402 2361
2606 8392
1847 1595
1615 6984
8012 4899
8721 2911
1494 999
2532 7127
1716 5052
9826 8788
2631 8970
453 9490
1637 219
1635 157
1139 622
2101 8669
6719 495
8181 7756
2960 6379
9333 7188
2357 2882
2397 1706
4154 3710
1804 2337
8426 4074
8496 6749
6718 5009
4624 3813
8611 1221
7654 7508
3097 3880
9482 6524
8919 2842
9850 9591
124 8847
4518 6619
4177 2828
7223 4153
1163 4670
6352 5539
2428 4824
4924 3848
5449 7
3847 3901
3845 8179
7657 8617
8268 4756
7677 8125
8173 8574
6703 6782
7375 9643
964 8864
3140 8388
1236 1073
2538 7035
5106 4816
7294 3816
828 4200
2556 1918
2605 1980
5969 8634
6992 8993
6145 7159
7328 8146
1029 8320
7418 5716
9452 8979
3444 5416
6722 8990
4423 3878
1326 2698
519 3884
6965 8288
8483 7906
3644 6796
1848 536
1546 1549
1712 6943
6652 6133
5303 1425
4259 1107
3855 2879
9176 5291
6601 9573
4463 4687
5796 6667
6745 2813
690 9163
1875 7668
8997 7721
1308 3747
6042 3188
3108 8848
3323 5272
9648 5906
4472 8286
9850 2236
3104 6865
7526 7
2793 3340
4287 6378
7759 9269
3743 9832
6841 2529
4749 7015
8999 4515
3873 7608
4423 3124
4883 1736
2008 9984
3506 6706
9605 1179
9632 4030
2387 2926
8250 2698
9622 5618
5798 2676
6205 8200
6997 3681
9454 2642
7624 7773
140 4529
2142 1280
3925 5501
3451 4312
9992 2666
7285 8521
3940 6093
280 8462
5099 107
586 4234
3589 2442
1992 7552
865 7495
367 1195
9766 5603
4758 2251
7144 7322
2728 9549
8998 1985
4336 8197
561 8940
222 9850
4567 4329
3238 7119
2540 5500
8391 3962
730 280
4297 9218
5727 5831
4448 7002
9109 3238
2445 3652
7728 7264
2915 5156
416 6437
3527 1746
53 1399
4688 1643
1186 929
7854 341
6667 2037
2808 5709
8904 2448
5213 8847
2540 4331
6060 8609
8879 7201
9983 8893
7286 3016
210 6472
21 5566
1282 5812
6315 1458
2000 3518
987 8891
4964 9237
3115 8809
3086 5112
1541 7510
2264 8634
7083 7017
2056 5638
9431 2327
2146 1560
3008 4214
5450 9183
809 4367
4518 8558
5668 3791
9937 6937
8772 2730
3564 8626
9840 8573
8368 4944
5731 6335
5215 2664
6640 5586
2360 555
1362 2284
104 9420
9794 2477
5870 3228
8498 1004
9591 3172
2694 8866
8392 1598
9442 659
1578 977
8734 7780
1152 6231
967 2077
9060 3212
2255 8733
9215 4373
7476 5428
8439 9355
6542 2338
2674 7395
8290 6473
3785 3819
9348 4305
6857 2434
7609 5992
1602 7748
5562 7443
2658 6434
7636 5046
8396 5386
5581 3900
7426 328
6321 7412
1426 5097
730 3784
7755 3639
7854 9243
8017 2598
7954 7150
4630 7945
509 1758
6153 786
8279 3822
5291 2597
1568 7917
1339 983
6989 5332
9044 8872
2765 7646
4460 2266
6873 5668
4781 6477
778 4676
4593 4745
2469 2269
5446 2903
3457 3722
7889 3821
6505 4409
9822 6964
7517 294
7398 9607
7459 8345
8921 7817
955 2520
427 9027
7872 1546
7675 1978
826 9306
1726 1193
2800 7892
1291 8624
2250 9183
6639 6729
3029 8327
496 1218
3168 8213
7727 6300
9716 7998
2135 271
6208 8949
1890 7704
6594 1917
2650 3712
3153 9072
4861 4906
7399 3749
6057 1256
812 9729
1399 1786
5390 6621
4853 4949
317 4751
283 9276
3266 344
3087 5838
7520 9017
116 5531
3987 6195
1965 68
2548 650
4752 2686
1614 948
2037 1411
1323 8820
9950 5381
5976 2366
7952 5568
8328 2870
8991 6731
2340 778
4728 554
8879 1432
1815 147
3783 941
8665 9466
3223 268
9660 6172
3370 6087
3539 3444
6763 8860
8166 2542
1384 3375
246 4214
9364 7616
7117 236
8539 505
3908 6438
1328 6903
7166 5025
1026 674
338 4230
1982 9258
9702 2069
5550 5456
518 6209
527 1214
6820 8936
976 2020
1738 8524
486 4064
8187 6275
9229 5513
6039 9784
6408 3720
6509 2363
2601 8580
3722 4124
4829 4520
4496 8751
7599 659
7699 9804
9404 1116
4429 3671
4838 2240
1680 4215
5506 1098
155 709
7805 6365
8598 2706
1419 2929
7384 629
8879 4264
8472 1376
7767 9115
1088 4798
991 5270
6285 971
4438 4716
4067 1455
6462 8136
2670 1641
7612 6354
6307 5029
2527 5098
7444 2489
6877 4517
1171 242
9257 3297
2574 6997
8337 7078
3272 372
3924 6538
1161 4608
8929 7361
2459 8389
9162 688
8389 231
7031 6044
8469 8247
8999 8340
1302 4194
4850 3192
1026 9462
1386 6500
576 609
6879 1885
3214 5016
8113 9910
9866 2048
6896 9423
5866 1453
5600 651
9532 5317
3113 6893
3303 5168
6618 2127
7040 3887
4205 7070
6585 4885
8070 6437
6307 6022
7461 1844
9749 27
9403 7772
3413 47
1513 4314
7298 6346
5491 7694
8772 4471
6980 2952
907 2051
8795 5646
7701 8661
6483 8523
5500 1076
3265 119
8267 1146
5958 207
6272 1987
2116 5473
8749 8289
350 5799
3241 4432
5479 5709
9332 8129
3069 1824
6503 549
670 9381
5113 9976
4344 3604
2687 8455
207 2447
3163 5663
1447 2898
5445 7092
2882 2521
3191 1258
4115 6680
2641 6148
3681 9899
9885 9847
3127 4827
4430 7145
6136 3130
9586 3915
5104 2555
5334 1393
3365 6801
4952 5610
9084 1090
6055 9328
5369 7399
1446 7806
574 9491
4464 7289
9908 8157
3062 7884
9912 9260
6164 8164
5868 9359
7009 1940
9550 8902
341 3494
8742 7312
2837 319
9257 5042
6697 6894
9899 4864
9887 6721
2769 9371
2105 7987
8804 5975
8529 1142
8882 1912
2412 2169
8446 6312
7644 6790
4088 4344
6576 9435
5303 4641
1126 2610
6338 5493
2689 1375
462 3207
7189 9302
1490 8132
9071 1863
5014 7660
482 5479
538 209
1116 508
5187 6587
5831 8884
864 9269
9435 5059
4746 5192
7233 1351
4522 4433
6962 5305
5653 9410
8573 3219
5682 4162
9640 4344
1261 9073
670 1557
6036 4477
6695 9026
7933 5450
7861 1396
282 6497
5882 3906
7941 9368
8695 8210
9750 9898
1360 3296
1476 3442
8171 1610
5352 8921
5495 4683
1165 2202
409 1426
8163 2430
8033 622
3395 858
5243 6888
8796 6993
2481 4701
6876 1382
1183 5831
7770 4610
287 2487
3616 4926
6882 8064
8759 8334
6271 4435
3210 1258
9894 9219
5596 9370
414 9796
1382 6990
9772 1685
8264 9623
8629 8103
561 6341
9034 7497
4634 5950
5570 4818
5212 2584
2822 8602
7506 6307
6086 3285
8505 3318
9209 5180
4147 8724
657 3577
5003 2187
5885 2624
8580 5721
7240 6181
4698 2539
5023 7278
2393 707
31 3894
4924 5237
9149 6826
9582 2206
1391 7683
1453 7778
9463 3793
3308 9233
3632 1729
5575 5812
4689 8827
9282 6746
639 3850
6106 890
1840 8008
6413 1972
4153 6630
3333 8168
4472 1493
287 7746
1038 5076
4346 4001
7380 2550
1547 9779
7246 2399
7853 6815
9053 5995
4438 5806
8495 7627
7397 9702
7137 6237
5048 4597
4980 9366
5034 3862
1469 79
9352 5955
2263 1753
9333 7784
4483 1167
9603 6271
6239 5159
6210 7566
4837 9236
38 6873
9066 2699
3584 3892
5015 7583
3775 2666
8244 6875
5423 4467
1856 1932
1359 4149
5230 7241
8768 9530
3513 6847
7946 2522
2567 5965
8425 341
8588 169
2068 7855
742 14
6222 3048
6469 8243
8853 1879
829 552
472 6739
372 2015
7750 6269
3494 549
2257 5965
7545 8236
5058 6007
2698 3974
5958 9081
6102 4592
7925 5829
2293 1689
435 4886
8992 5965
7328 3264
6467 9378
7546 1545
7838 7886
6738 9229
1269 4723
1004 1667
9992 1769
9887 3850
2573 2166
1709 8254
9080 2396
7565 3549
2604 5615
6772 5793
5132 7169
6562 602
5419 60
1912 8553
6049 6316
3047 6747
7422 2310
7907 6848
9 3065
407 167
290 5232
739 6184
7238 4528
4464 7053
5344 3668
3107 9470
3852 1779
4576 9304
87 75
8886 5353
9858 4092
7304 1770
7221 4659
1452 1305
5137 3425
9292 802
9166 328
9290 8186
8643 4914
3489 7368
2291 6541
3270 5360
1796 4071
7341 5486
3804 5170
8968 123
3796 3875
2443 974
1758 8493
8042 9202
2179 6902
5587 2256
1221 4274
8665 3225
3491 3876
469 9666
5259 7582
3953 6941
2761 5008
9455 9888
5422 8949
8483 4964
476 5174
9058 5035
5118 777
3538 2735
2484 9642
6192 9763
2107 8084
7393 1321
3531 1243
1376 5584
8427 8665
918 7222
9775 2356
3656 7650
8961 1513
3338 5607
830 4967
4002 3798
39 42
3239 3923
2759 754
5223 4977
5397 8879
8136 8125
6687 9883
4966 6628
5622 613
7275 5874
7273 4037
77 3752
1770 7345
994 9897
588 6971
6990 1681
6862 7764
9309 7987
2993 4626
9548 221
5605 2793
5841 1066
2738 2568
7867 3460
850 6451
6451 9779
8588 2105
7986 3367
2331 497
13 8062
6845 6086
6924 9874
9207 4444
2056 3906
5446 4637
5842 3979
9760 1605
1312 83
7977 342
8530 2738
8226 9353
5347 9934
2587 8066
8203 4353
1993 8078
7953 6473
7203 8780
7982 6876
1862 7493
5005 5749
2505 5625
990 4031
282 5768
5225 749
9847 5849
5392 8772
1513 3290
2318 4486
6571 6117
5179 2780
9048 6572
353 8479
2658 2177
8137 3123
1887 7476
4766 8352
1022 9625
4132 8046
4776 3061
9441 7388
6097 1813
6729 4621
4013 2011
744 6224
4671 5030
7992 5995
2269 4573
6306 6964
9424 6505
1089 3147
9223 9804
5650 2950
6586 8481
7463 7354
2412 7280
1339 5060
2154 2846
6481 9890
8049 863
949 3504
5212 6058
8291 6962
1258 120
5126 2219
8942 3415
5209 7096
7680 2081
2586 2572
1313 1620
1389 2777
60 9726
4636 9656
9239 4039
3531 5141
7513 6811
8777 1978
2757 1378
8115 3445
7205 5502
5955 5065
6162 369
4967 2623
2735 5960
4332 9142
9942 5159
312 7150
1354 6258
3222 6861
2588 6534
8028 3003
3657 4946
1577 5297
5343 1269
4523 217
8688 6549
5757 8113
3040 8313
2061 8018
3481 7348
5931 4120
8510 2527
9949 7197
7276 7153
7839 9222
9595 2701
7384 6025
5828 5080
1656 4729
5582 8166
5982 704
7761 6689
8358 1337
5835 4356
6336 999
304 3962
8619 1669
1196 4782
9871 1290
1556 9822
2123 1272
3355 6417
2963 7442
8032 9298
9979 5864
597 5801
3825 4368
6618 68
3780 4835
2232 6919
3699 5217
9434 3805
8177 8065
2709 5849
3108 8313
6648 7854
1484 4391
5294 3895
4689 9642
2320 2420
5445 2592
3000 3473
9912 8924
9137 277
8602 7795
1306 7636
9228 3364
2521 4769
6127 2818
9532 276
4494 7823
4522 5748
8664 7142
1448 417
9045 3781
840 3296
5354 758
1772 4452
9367 4776
1928 8245
2029 9118
3318 6688
9165 3284
3779 3275
3036 5898
2246 7795
9730 9551
5328 2676
4818 4410
414 7764
4052 5207
8236 7260
8750 9085
9461 4916
5057 8760
2277 3866
1232 2472
4111 2175
5275 3637
394 9438
1001 461
2246 3930
6020 556
2637 9235
7278 1063
8708 5652
3170 4629
4464 7644
2709 9898
9414 6214
1612 5505
2763 4904
6855 6661
3114 1029
3626 7852
8740 5055
9196 3441
2113 9292
6936 5372
8436 2276
145 6304
3213 7509
3347 5089
3624 2914
5156 3345
7443 8479
7530 5525
8173 6097
9686 2184
5818 454
8429 5868
6563 8929
7656 6088
6858 7631
6161 1906
4715 843
606 9722
2798 3914
7530 2801
7544 6533
6158 6005
1762 5793
3311 9866
1937 1916
1137 6758
804 2533
314 1465
2733 9480
465 2518
7878 2566
7348 4115
9253 4909
6329 7209
2554 2137
4028 8376
7269 3366
8328 8539
9108 6369
6609 7955
6602 314
2061 1618
2188 4088
7891 1847
7556 361
1787 3617
488 9428
4613 6657
3542 8734
9398 1280
3558 6165
5742 4746
9425 8827
9476 3942
6447 3331
8114 7412
1132 6625
2797 3138
9316 8753
2685 7530
2542 4984
7643 1643
517 6734
5496 7266
9377 6080
506 9380
4309 3649
9073 3467
3889 2680
7080 3084
8855 6858
3399 8833
8603 1973
5078 631
8243 8774
4780 4230
6014 2295
5940 6552
4609 6409
8209 3928
8652 2889
5096 361
396 1586
2588 544
8345 4752
1224 31
271 3292
8324 6302
9770 1001
8810 6776
3147 7257
8179 720
1944 4300
491 1262
4863 807
5939 5065
6154 7213
3413 2466
8670 669
1825 2523
8605 4375
2310 9939
9500 9372
3101 3696
1631 481
6255 2455
5073 3791
7703 7738
4639 9163
2338 4974
9076 4029
7203 7352
2047 5663
8851 5844
4112 3908
1973 4690
3122 9842
8888 6862
5425 7773
1686 5769
6445 1698
4601 1385
6968 524
9372 6394
8409 3479
8719 9919
6259 2863
4197 3834
1007 4419
2920 3987
261 8396
348 8712
3258 5364
5777 4113
3011 7909
3602 575
9272 7487
2410 113
8612 3365
7606 8691
9433 7428
2982 8979
6816 8113
6253 8737
94 4990
1335 1330
7874 5929
3082 8737
9514 8865
7717 5379
8390 2614
22 3013
6916 1980
5288 6980
6218 8235
6041 2825
3555 5319
1193 383
6240 4871
1294 5282
3280 5347
6597 1670
8090 3119
9859 3297
6343 5390
4265 262
4861 8085
7814 1471
8213 5134
6358 7270
7326 3397
9752 5328
875 1843
7950 1271
9687 3172
8877 9250
121 4055
3588 1923
5458 6722
1914 3901
3731 4303
2096 6927
6092 1718
1493 193
4655 2664
552 6379
4835 4934
4488 1501
725 7372
9688 2222
6552 2878
5566 9316
5805 8829
714 220
7486 341
2548 2007
6564 8198
2894 2834
3880 8605
9497 8384
2486 5231
4531 8358
5518 4658
8509 9986
4389 727
3675 9593
5928 9063
2965 3964
5088 6329
5947 9350
5809 2574
5621 6469
620 6682
1608 2562
2165 398
7412 446
4190 9510
8650 7883
5778 8604
4955 3877
911 984
8972 2459
4762 2581
8086 4222
6918 8144
9225 6421
1055 9359
5489 6649
1889 8204
1104 5492
1142 4717
123 7553
9564 2978
4561 7600
3780 2282
6694 9481
8887 4049
3070 202
5955 9242
8948 3918
115 709
3418 3276
397 7774
459 2233
8053 7586
716 2459
6687 574
9970 3052
9954 582
8509 9831
583 9342
1009 5394
3105 2873
2389 6327
6454 523
3588 7649
8795 4253
5409 432
5967 4029
1336 601
4926 5375
4144 4972
7989 6101
4764 4611
7365 7014
8368 9077
8592 8893
6641 5460
7169 5937
9269 1305
6232 2893
3354 729
6275 3787
83 5412
3256 7377
4300 1835
7886 1816
174 6107
6972 3237
3582 3978
6857 2631
1920 5229
5363 5164
666 2163
155 3167
7411 2450
9965 7842
7722 2268
349 1827
914 2717
4029 111
1707 1300
9211 6432
9116 5852
6743 5668
5244 6054
2050 8620
1569 3108
7427 3229
1376 5668
883 7286
2050 2823
2296 8655
7991 1293
9886 458
4404 2783
9217 4409
7224 1609
5816 7628
8525 8946
3723 8180
4442 6521
7317 8521
8405 7182
6772 7909
182 7754
8237 6235
2102 1771
3101 5991
9798 8576
91 7012
1933 814
5385 8804
9705 1213
1000 3311
2758 4466
6907 7515
2444 5273
2388 3587
3794 6254
4635 6024
8449 6120
3565 9281
5284 8947
9041 336
2619 6105
7190 5315
3695 8125
5768 1619
5040 7107
7681 4365
3578 8031
5404 8283
6389 3673
6356 8142
8284 6169
652 9113
6181 7108
4536 2301
6143 2803
7000 8669
7274 4141
1796 7981
2768 9841
8531 9436
4178 9442
9142 8075
2013 2798
4049 8489
7627 7741
314 9596
4517 6819
8378 8574
1990 5137
9312 4994
5179 3375
981 705
5831 2142
7226 6838
1251 4973
3117 3346
4402 8475
7627 5468
1139 1443
4463 8361
3232 3289
456 4004
8419 6479
7113 5850
7624 8804
4890 7268
9117 490
6428 9362
1269 3762
8250 1825
1132 9334
2187 7656
5014 1683
5987 1317
6465 2337
2425 2431
5624 7921
6996 6263
1545 6674
8334 4096
2014 47
3995 2024
1319 1801
706 4434
8729 4764
3866 5202
1696 3536
7872 4500
9920 3087
5284 4281
1017 4829
5284 6687
1849 8633
1776 1275
9003 1663
8301 3958
8813 1736
9653 2641
9711 4223
59 5095
5575 5008
2380 6926
6242 4639
2673 9000
8277 2849
33 6188
1554 6139
3796 7212
8933 1686
4402 692
4078 3996
4457 9054
3705 1154
1165 6868
377 7217
8266 3715
339 3362
5926 6408
2646 310
337 8714
5689 8159
1166 3347
2173 8991
4939 5660
9985 9019
5180 612
2885 4555
711 173
9542 6369
6808 7172
8535 3939
5300 2155
7649 4790
5530 7076
2289 5561
2069 7964
3327 5196
2175 2273
5536 44
1872 8098
8129 3292
4948 290
6676 7856
154 8104
3143 2153
3336 1141
5327 584
4156 323
2164 1441
3726 151
9174 9422
8257 5635
9629 8860
2024 6635
5950 950
1205 6097
4825 5821
3340 3663
527 4545
5719 9889
3569 6078
5059 4828
6436 7253
3095 8959
8497 2134
4068 6628
8361 4999
120 9747
3429 884
3005 3204
6411 7379
3903 2958
5084 1378
5834 8257
5083 9135
1921 893
4760 9572
523 1421
9226 9710
4168 1171
2716 3144
4674 2128
942 6777
8639 9008
8732 3686
3602 8896
9403 4309
7841 4190
8016 351
9233 5020
8459 4017
2781 287
4240 8336
6070 1098
8198 6438
7284 8066
8200 9277
5835 5486
1034 7655
6105 2094
102 9224
9947 6948
6115 2944
2351 163
1559 1417
9572 6467
3779 3289
7998 5181
4301 2180
1590 9993
7067 3634
9614 434
251 7048
1650 9139
3904 518
1434 8497
2390 2508
8636 5940
1302 2138
6190 5858
3365 8050
9417 4954
5112 2860
8137 4394
194 4230
3969 78
3629 5622
6763 6406
455 9102
7629 2434
1524 9546
7975 8860
6497 2008
841 4306
5625 9541
5602 8319
3296 832
147 1829
3628 9438
8882 2762
1748 4137
8266 7468
5025 1445
4943 6929
8177 5329
7711 9567
2906 2406
2372 4181
411 1071
1430 4996
6334 3621
3230 9182
3690 6422
2006 5897
5686 3074
7132 6032
7399 9713
2932 6119
8490 7700
4781 872
9789 7927
9020 3839
2807 4895
5108 5438
9928 7990
9384 8318
7323 1888
1463 6931
5033 2328
2662 6410
4903 1309
2395 753
7055 6227
2773 5348
2380 8487
9785 5232
6910 322
7112 4901
1566 7401
2924 5613
2764 7215
9569 9523
2932 7960
8640 1393
5742 107
8118 8891
4277 8754
3796 9346
1151 1409
400 4630
107 3361
8328 4027
7930 2056
5174 2326
4131 7463
207 4148
2474 6384
1350 9991
2875 513
1454 7966
1824 9889
2140 3856
4051 5446
7787 1109
3005 6241
4617 4929
3404 5239
3806 5006
4755 9164
3724 2037
347 9566
8610 5432
231 843
1131 6799
8358 4592
7380 1373
9826 5104
7083 3646
8805 2525
5939 9231
5467 6982
5539 4602
2962 8060
1150 7869
2030 6994
3437 9190
777 5618
3881 3373
7223 9526
5509 3182
9176 201
7079 97
6823 4875
4183 4040
3007 3034
9920 1972
62 2036
4628 6292
2993 3462
4221 1116
638 7583
6589 4734
4609 774
5382 8359
3278 4676
9174 9144
2949 7984
4939 8463
6548 8502
1604 5874
6726 51
8311 792
5017 2767
1583 1236
2350 2743
1310 7711
7321 7573
8928 304
7687 2783
7424 9242
5168 89
8963 2146
5346 7464
9586 9388
2541 4789
1942 7665
6029 9929
1548 4415
8354 7387
744 6317
2139 3251
6117 5721
9521 6362
6506 7744
3568 1136
569 5818
6416 6042
769 2399
9730 7910
787 8554
7317 9932
6545 1064
25 8291
6818 9837
6347 3260
5171 4884
2734 2767
1432 5072
3515 6289
1999 1299
4703 9743
2869 9290
563 9081
5298 8244
7801 4462
3472 2654
1394 2015
5769 2732
3532 3955
5678 2917
6105 4167
4820 1260
5387 9247
8152 214
4251 4254
9763 4685
1112 4942
9321 2160
8765 2156
8716 1668
476 1475
45 5660
9270 5827
8626 2688
4508 9134
9859 3213
6224 8687
511 2665
1476 8567
4444 2433
228 7957
2011 8001
4720 561
297 8799
4241 6774
6337 5668
7181 9242
8063 5384
2438 8059
7553 6377
6156 9463
6966 9335
739 840
8472 6592
9071 3978
3749 4547
92 9914
6553 3987
2938 1149
6440 9226
1189 4683
3351 9863
2562 8870
8762 773
1238 6346
5272 5914
9329 3939
8010 4777
6439 3606
1491 180
3471 1805
3882 4305
4261 6226
9314 5192
7098 6710
3354 9798
7019 2527
3872 2673
8895 4188
3793 3273
9145 2343
9484 7751
5966 6454
4020 9797
1840 1997
5236 5049
2361 4131
5917 9231
2868 4751
170 6707
4596 208
4645 6280
7864 9542
3378 679
6854 7216
9161 8791
7797 515
7889 469
935 883
6248 256
3986 3601
1183 3188
4000 3393
3218 1106
492 6407
8149 1704
7645 7518
8394 2882
4960 4708
3248 2780
6461 3494
1013 5618
8908 6387
91 1687
6800 3311
4505 494
5025 4087
120 5593
8264 8427
270 8251
3555 6685
2664 1596
7752 21
9167 2745
7814 5054
3965 7077
1911 3553
394 4720
5170 9564
6191 6993
6990 7678
9099 1395
7680 3825
9555 1962
5189 6885
4340 4753
3691 2053
4101 4530
4793 3416
872 6273
3664 2471
4207 7829
9289 4374
795 9619
8045 8080
1311 5160
4596 4099
7379 6275
9429 9477
2645 4094
5548 178
7081 6535
7305 6707
6801 8383
3701 7293
2312 6318
192 5459
6697 8912
7222 5096
5613 5136
5344 6597
3296 2672
7686 5203
1045 9938
7458 9398
8320 8438
3391 7367
3297 721
7585 1372
6929 326
4927 4565
7252 1219
763 1958
2654 7355
9602 12
3811 7355
6782 4974
807 76
4968 4066
772 2036
1515 8600
5513 9656
5221 3463
7071 7394
6215 5282
6247 75
1451 4375
815 9286
340 6292
5844 9593
3825 9462
5490 1624
5548 3519
4582 5760
7839 7587
9844 2652
1878 7536
5060 632
7471 3975
8712 2752
3086 1035
8089 8643
4157 4037
4990 2890
4737 9905
6030 2527
1224 713
5661 971
6078 8492
8163 1552
4542 4171
2394 2192
6277 1248
1238 9832
627 9275
2575 6413
4763 5322
2057 6305
1178 676
2229 354
548 674
4736 5408
9369 4042
8873 9592
7847 7114
1904 2097
9081 4014
9706 4434
8301 9774
9905 8783
1652 1558
3944 4846
946 6307
1741 3370
6293 7447
855 292
4770 8026
542 8288
1035 557
2041 3363
8076 7291
6323 8887
4821 1119
5591 8360
2866 7836
3579 3230
5750 6221
5033 2472
1575 410
9271 2865
1426 387
456 8194
4287 8268
9260 484
3263 4405
7186 4352
1394 5093
9678 3348
7429 8739
7254 6916
456 9568
3238 3483
8334 5828
2739 6989
8157 9379
4909 5083
1846 3372
5437 3585
9502 5726
3774 2767
395 2136
1432 4242
170 5995
6775 2015
7101 1949
4282 6187
9378 4285
9639 6682
7134 1198
8108 9810
8570 7715
3345 2283
2627 4773
314 7797
7845 6100
7816 6998
3554 8199
2446 5407
4651 4817
1872 6153
7297 8371
9352 1633
3142 9048
1491 3646
9117 4144
3208 9771
3376 6732
441 4309
4303 3859
5058 8530
5062 6320
5630 5708
7608 4089
8440 5353
7272 9435
9295 1592
1942 1303
4483 9322
7606 6051
7596 5899
5772 6510
5115 9116
5491 6276
9511 718
590 2666
4889 7740
7334 2167
2180 3717
2961 5376
2539 1653
1364 3054
6263 9488
4543 1949
1712 3162
9735 9379
7624 9973
6737 8027
7191 5592
7849 3886
3457 5705
4482 3966
4580 3735
3880 9678
8174 4294
2930 6848
2779 2007
4996 6860
7067 5396
9424 6890
8370 6309
2348 2125
2506 2
2735 2364
3955 3173
7108 798
7386 9418
8193 4578
8279 9175
8498 1608
1984 7218
9470 3919
9179 1139
956 5579
1361 2936
3118 1810
5838 9519
602 7460
7797 2179
9674 5637
9585 3349
5370 9993
5190 2198
6863 6794
1013 8815
1718 8505
2862 9758
9210 3759
3616 6477
111 1646
956 8464
4092 6825
2088 2731
8934 6300
4911 3054
8294 7577
6373 8830
2397 2705
1208 1553
8942 428
4771 5861
7305 9429
9164 9421
5944 5540
3245 2553
5379 7817
8032 4929
9118 4546
3107 8063
2434 1753
8139 4150
6856 7053
6820 4978
2321 8060
3142 8285
5764 2154
5444 3467
7487 1872
9630 5028
4254 403
8487 7707
4602 7328
7393 383
7976 9618
3523 749
6114 8399
2124 3120
9379 245
7426 7
6268 3868
4515 3729
9540 5480
3405 4983
3468 9438
8857 4277
7952 2288
1857 5047
4041 855
4594 6493
5615 9228
8941 4074
236 9043
3368 1231
8684 5876
2610 1151
2160 8663
4867 5998
674 9772
6705 5563
211 6964
9471 9511
9520 3087
6768 3825
5235 899
4473 7247
9126 2389
4645 3195
9058 5608
418 215
517 5807
4792 3247
8690 6784
314 8298
675 4488
4389 8060
8265 565
2021 2667
7092 7715
2711 4252
718 6614
1081 4010
2993 4657
6958 1186
1193 2913
9854 3565
6132 6330
7305 8699
3638 107
8188 8136
4378 2480
3244 9342
4322 3492
1695 7624
2543 5393
5819 5437
9452 7958
3430 769
3749 5396
2860 2100
5013 6468
6367 5301
5821 360
3593 8903
6480 3773
4877 4813
9659 1210
7371 8181
8946 2199
7218 8079
3349 1661
1215 281
2066 2038
8052 4792
6548 3057
3077 1781
378 6916
8763 3313
82 1150
8171 9894
755 4904
8561 7948
8218 311
8613 6277
2092 1858
224 9990
8395 1194
3576 914
4868 8778
3847 1124
2917 3948
3418 5561
3531 3910
9925 999
9049 543
3060 4862
7893 8034
2444 8746
4796 7086
1439 850
7558 3159
8703 3328
2948 2301
3946 9213
6358 8790
9971 1672
5945 2795
5137 195
2781 3932
1889 9003
1301 6049
6919 9938
1864 8110
3826 538
7460 97
5165 2256
9810 1147
785 2850
9348 3977
1112 1502
6171 9743
7900 6121
7478 7472
5294 8089
9364 9308
291 2416
9178 4214
3177 501
4352 1968
8135 3824
4438 821
4274 3986
7045 8035
6380 7247
5232 996
8422 4681
4760 3863
5718 9450
7342 6608
6132 3054
1668 8456
2975 6330
653 1186
2749 1709
3331 5628
1631 2481
3911 2334
5954 398
5682 1826
6322 3788
4506 7087
569 194
4561 9476
5509 6688
3752 4062
4472 1061
3696 1926
8105 8734
4177 9322
7640 8588
515 2758
7182 2576
4938 5231
5858 6950
7439 3388
3017 9452
5992 1569
3925 3069
3658 5561
270 3198
7381 3439
4702 5235
670 1433
5365 687
5498 7458
1709 2247
7637 4371
8712 9650
4867 8829
1078 3584
7838 8389
5075 259
350 5820
5085 4206
2822 1162
403 2456
2155 551
2600 6781
624 1974
9495 8562
3804 62
4209 9170
2413 5221
6018 490
5174 3115
8513 8718
9188 2273
5078 4390
4414 9685
4854 5976
5051 523
8793 4643
9837 7545
6541 4741
1259 4239
563 9786
9836 8033
2375 1217
6159 4146
1902 5949
3912 6927
2344 37
6757 3749
5108 792
4078 2191
1251 129
7531 9553
1684 6370
2015 650
4799 8864
5618 2809
3741 5243
4269 4864
1252 1544
158 157
9681 8381
924 4170
7838 5081
1172 4963
4467 7933
1745 2192
3368 9003
9755 8830
9209 1353
6022 4862
4018 3186
4779 6409
8650 4362
7124 2686
8924 2859
32 1530
7471 3777
1686 9923
8728 1326
1447 4657
7862 7098
5036 7913
5323 939
1358 648
778 3853
9189 4136
2843 2719
3016 6770
7260 2138
7443 1664
3570 2670
6151 8077
5677 4730
8379 6332
5513 5944
6800 6242
5776 4067
4658 9137
8221 7926
7866 17
940 6834
3264 8525
2110 1675
2686 2264
1368 6272
1296 7642
5930 8037
7464 2635
317 1886
3101 6634
982 1531
4644 8858
6263 747
8935 8282
7637 2158
8049 4991
228 5595
940 3169
8446 9514
9825 8255
1330 7055
6398 8543
5353 1907
9606 3030
2261 8929
8579 5328
2066 6106
4662 4301
8910 8838
9391 6825
5573 2008
8248 9190
8228 4236
7947 2471
9839 2047
5812 3163
4367 1963
1410 788
435 5310
2775 4212
9591 3206
8046 9172
7154 2603
9868 4096
1049 4392
4751 4273
5105 5144
1955 9176
7058 5833
9027 6004
5558 5776
573 3137
6961 5705
9150 9053
1355 4776
1997 856
9528 33
9108 7031
7849 8976
1992 1621
3564 5222
5993 711
5998 7410
5413 266
9888 39
1352 2428
4391 3759
1022 3251
5757 2268
8136 8750
6806 2918
7293 2838
8893 8039
9480 3392
4428 8879
4799 738
9755 9332
772 15
2863 8729
5780 961
692 4266
8172 8786
7237 129
8348 1911
4440 9721
1556 7386
7207 8701
3402 7538
1416 4539
6702 4241
3039 1882
6197 7578
9209 661
1585 2988
9833 5971
9890 2976
5392 7828
9925 4987
7077 4251
1354 7184
1940 531
9284 4869
7923 1807
3050 6896
5487 4657
6090 1199
117 6150
2861 8961
4860 8557
3318 6707
480 7986
7348 7195
1658 620
4614 6490
6122 8239
4174 930
967 1118
2750 5525
2413 4945
719 4821
1317 2366
8065 6269
1378 7015
1901 6555
9511 7393
8182 4600
4247 7740
573 6166
6324 2851
2948 4885
217 2114
4506 6753
8931 3279
9061 8108
6330 2951
6318 8531
2317 678
4790 7408
1675 8001
311 492
1902 9780
3669 5566
8130 5795
6467 5221
516 2975
7345 8430
5013 4200
8115 6434
5550 249
1758 238
6957 4292
299 3904
7661 7403
8766 5788
9300 4104
6192 5081
4133 2762
9671 7354
1222 1581
3272 4732
2525 324
9219 8729
7635 9285
7501 3143
3658 5585
7179 7313
891 8558
3130 9215
9048 2771
7083 1988
2224 2112
4107 6676
9440 3016
9553 7216
39 5324
9873 3568
1090 517
6606 6427
934 2717
8588 3958
4941 5738
1106 7463
7063 2696
7166 7476
5953 2610
467 2941
5955 7645
7486 6355
5924 433
2278 1411
8344 1285
7586 5699
6313 6406
6420 8568
2419 3331
7939 914
6169 9096
7238 1124
4358 7701
6524 7172
9550 2571
3385 6043
3331 4770
827 2041
9811 4490
9307 9160
3422 3420
5326 5179
9333 6379
7883 1204
238 1373
2583 543
9412 6960
668 9358
8219 6891
7592 8881
5234 498
5298 6721
1457 5045
3415 970
9954 1574
8898 4627
4012 8005
4571 619
8570 2794
2454 3794
3834 6061
5900 1953
5457 2741
4951 9479
4555 4620
1062 8417
2881 6316
6625 9524
1411 3592
4598 538
6453 4281
6129 2407
3751 9380
7563 5335
7563 5876
8585 3319
8139 5577
6806 556
4035 5804
4987 4979
7226 2813
9194 7734
9230 6412
7610 7256
9677 5681
6108 9614
5232 6136
3148 105
2754 9132
8147 7940
8430 1407
9337 4774
2310 1155
3368 3173
784 4472
9164 8040
5531 5363
9191 8710
4479 2711
2033 8096
2339 2914
2300 936
136 1111
6773 9005
4578 1107
7734 1300
9622 7518
6569 7732
2943 5360
8775 1486
1003 1918
7055 1048
690 9392
866 2804
999 6368
5578 6305
7367 4512
2843 8446
3807 3976
8226 9126
6858 2555
1882 9117
1191 6214
4477 8341
1833 1892
3496 2285
9336 7441
1095 2471
7861 8857
9471 6420
8026 1563
6218 9967
9664 3743
4269 8531
7978 865
9382 6841
7327 9354
5777 3826
7877 9418
9578 9277
6456 5796
7084 5237
8955 757
3816 3498
6197 1490
6466 3915
4012 6621
5733 7725
7840 2963
7622 6203
9709 5254
1029 7818
2564 5474
3984 9159
3476 6094
1923 9599
3106 6145
4426 26
8423 4383
2583 9157
6216 6190
8286 2651
1169 9817
1485 6336
107 160
7673 5066
7981 7802
9540 7116
4830 4760
2619 3216
2904 2135
7356 9040
2744 4674
7028 5744
4418 6194
9062 2780
8034 2819
6568 298
1453 6980
968 2492
9206 8826
4588 2340
6236 4321
4598 7316
3521 8721
3206 1729
8373 3081
7225 3827
4112 394
6864 460
8607 3858
6203 6834
2310 6212
8132 9579
148 2961
9433 4644
8196 8261
1745 1326
2576 304
2639 5557
1056 4863
5188 1710
1375 550
6559 5309
8606 4749
2688 8448
1202 1204
1706 3580
1129 6116
5734 2562
3594 8548
9476 7341
3530 852
5069 1498
7659 2762
4996 6852
1503 6455
2010 5292
9722 1508
6865 1874
2405 8302
2424 7730
5023 6460
6293 5485
8878 3113
7506 8755
1811 6530
1694 8138
8988 8029
3923 7118
5795 1203
3511 9013
9171 7421
7740 4078
5802 295
8339 8133
4970 531
1678 6085
826 540
7666 2891
7658 1525
6219 3682
8916 8862
4713 6209
5949 6834
937 7933
9146 9696
46 8444
5344 5012
1598 8151
5428 5378
4937 3883
2897 6686
3844 3725
439 8282
884 6967
4448 7373
70 6676
2895 4749
7116 4467
4530 3289
2321 4747
7830 7125
4269 9308
2281 8434
9636 6413
3306 9689
8728 8440
1084 5060
7167 9982
5626 9594
8208 7912
2805 3189
6935 6443
601 9698
1560 5159
5646 2724
1712 3565
6777 293
3574 7210
770 5370
9601 4532
865 273
8995 1103
9266 6730
691 4765
5703 9903
6313 1264
4557 6113
962 9501
8326 209
5267 5311
9349 4328
42 9877
3081 2516
6703 3545
6833 8111
1194 3966
9885 9757
6159 9829
3141 3938
5396 1324
9123 7005
947 4052
4139 6629
2634 8141
4891 3903
816 6592
445 8889
2450 7065
105 6950
5019 9774
1975 166
5043 6977
8483 4306
6670 5902
6281 1777
1397 3793
1920 729
4626 6231
6579 9509
2244 447
7738 1631
3555 1390
9559 6155
413 475
5596 9872
4655 8845
9770 1652
5999 8111
1013 5282
966 7757
6643 9451
3163 6031
6483 886
7179 191
3658 5397
3876 4311
7640 5974
4480 6940
5018 3762
5376 2785
6696 5990
4558 8170
5166 3403
692 4254
3976 9156
3338 6343
3031 4019
2554 2538
8128 9801
5552 2845
7236 7433
6574 8090
2074 8071
4444 8383
8407 8354
5836 4094
2592 7354
3644 824
3767 688
1284 6001
1377 6650
9327 3152
5096 895
6230 2438
7532 5013
3896 3912
2644 3924
6966 7962
6258 9894
186 7162
8245 6510
9592 9782
3000 659
9133 60
5607 6583
7956 3692
9602 5544
7864 1675
714 6818
9123 119
6249 5614
5604 5010
2894 7820
2591 9229
37 9448
3455 7410
8149 4220
1191 3102
1715 9074
6006 7449
8901 7652
3000 307
945 5426
9049 1533
8658 7823
1332 1649
3628 521
4698 1296
1063 4115
8574 7014
3496 1409
3837 5915
3246 8862
8188 4456
3287 6941
1161 7172
3811 3883
3763 907
2048 9741
2086 1434
404 7804
3790 8793
8698 4153
9165 2981
4435 7710
7703 3609
8285 3395
8202 5480
8242 4330
860 3786
7335 888
2349 1105
3365 3632
1675 9750
997 4381
2627 5749
1011 2187
997 7858
5205 275
9985 7622
1413 4610
7502 762
7690 1332
1274 5518
4677 7714
6123 6807
7879 7445
6387 8291
2640 9174
2818 2202
1218 9925
7445 8163
9012 7489
4413 3440
3394 5130
7659 7703
9250 2625
8007 6717
1585 3144
3631 6033
5388 1019
7612 5299
9499 5211
7569 8863
6023 3619
125 9722
3901 8537
4863 7864
5370 2467
6441 8759
6822 2386
7933 2635
9949 8256
5589 8199
5544 5186
1791 1541
6123 7017
8212 4898
2967 1739
9002 3161
5327 3017
2527 7882
9112 5453
5350 2935
5226 1491
7902 7371
5907 8192
4222 9703
8875 8483
2893 2682
7538 1606
3821 6621
2741 6608
7800 5048
2175 7691
7778 9076
8940 6190
9374 5582
3673 7014
4093 8181
1287 8582
6912 1344
175 5463
975 2127
4239 493
8595 8188
5138 5497
6221 4109
974 1268
9786 6586
663 9359
3085 5413
9809 7860
3564 2827
4899 7752
7512 3541
4598 4607
6787 6347
5340 5452
1046 4310
4702 1860
442 784
4910 7438
2692 331
3531 1465
7470 410
5795 8442
4496 9824
2707 3280
5486 7811
2985 1318
5275 6252
1546 6900
1707 5903
32 8546
2246 2321
683 4059
3528 1370
3241 553
4981 3913
4352 9219
5546 1214
647 9264
9550 8296
2213 7798
2024 6220
8321 6820
842 6302
3656 1224
8571 8911
5598 8702
3171 612
4603 1029
9263 1935
2887 5535
5748 9884
208 3110
8576 7705
9079 534
9756 34
9851 6282
5421 7129
3790 9942
2106 7263
6324 4271
4040 7281
3657 7234
7537 8690
1186 6488
6756 1217
9195 3124
678 9927
6752 2837
5701 1407
8392 2783
3996 370
9371 1008
7219 2062
7540 5826
1374 674
5873 1212
5878 8585
3095 2821
4005 6608
467 5334
7595 9718
1227 2090
845 6287
2723 7990
4077 324
2588 4815
3060 4347
1046 9404
5692 1471
1558 2137
8283 1084
3667 2964
8537 4361
6683 8152
866 3106
6146 292
2215 2352
538 1848
7983 8056
7790 8251
6651 1997
2280 8539
6296 9410
5075 386
253 5312
4362 4849
1923 9232
8543 7564
1285 6966
2552 9281
6349 6347
2180 3463
7790 8693
5932 2447
816 2053
1252 521
3269 3180
7776 230
74 7819
4931 8533
8282 5638
4083 8797
6028 7779
8185 2070
9629 9493
5300 7844
6360 832
8365 401
2290 7080
1285 21
8066 7979
730 4772
4349 9047
8121 1813
1216 2633
9821 3339
2694 9635
5669 6354
7834 4105
5988 8711
230 6809
9234 7860
4329 5140
4160 55
4536 5501
5689 686
6059 8029
1715 7633
9656 7121
485 5051
4109 2609
8851 4534
1942 93
1188 2643
943 374
3349 6019
8164 8854
310 4469
2948 4909
1505 8044
547 7289
316 8812
3934 4561
756 8482
1402 9790
921 2109
8069 8774
1593 2364
4270 9015
8708 5348
1873 5133
1903 3390
6730 2352
4804 6428
8955 285
9398 4982
5753 750
6658 8358
1696 4793
2209 1387
6214 9794
3706 4430
2173 9102
2260 4879
4530 2437
5353 1882
6003 1235
3894 508
9742 8299
1136 9468
8068 9560
9472 1784
8092 9154
6079 8685
9395 8281
9564 1314
4962 7937
2986 2578
6680 1083
8375 3012
6070 4619
3399 9385
6393 7179
1680 8433
3522 3404
2205 7194
5522 9043
518 7190
9809 7352
4391 6839
1981 7655
5756 6298
6032 1888
190 3454
42 8881
8471 655
9773 4382
5954 5731
1880 1130
766 7440
1387 949
7105 2840
537 9106
3049 3219
4476 1460
5854 3624
1634 5764
3571 3767
1060 5442
219 9413
3448 5685
7112 884
9116 2704
4862 6894
5459 1060
4695 6399
7837 1964
7935 3853
9102 9305
1056 3909
7424 6122
3144 3298
228 6231
8565 4716
3044 8874
4211 171
9188 9563
1645 8951
9543 5991
9007 9086
5470 2972
8044 1728
8059 1220
7883 7579
6084 5899
3804 4430
2227 1182
4985 3436
7529 2034
7624 9327
8914 7870
2044 4853
84 8295
4394 6828
6690 2486
6730 9014
9774 1735
6692 6009
9722 8129
3337 7766
2015 333
3876 1859
6119 2293
3269 4871
452 8570
957 9490
6260 2721
3289 5879
8268 7708
2117 8166
689 5297
8641 5274
1093 8105
6193 4412
2911 8823
5630 6770
4739 1058
2554 9976
2289 3633
4320 6153
9818 8275
8682 4538
7084 5160
477 5699
2318 751
6303 5755
9319 6684
2665 8799
6042 8357
2951 6190
7755 3130
4924 2340
1141 6191
5090 8289
5700 1048
7759 3750
5469 1600
3795 6715
8670 8165
3662 7263
4576 9123
4398 3981
8185 2603
5014 2552
5438 9168
4331 1283
3861 6383
904 6208
9144 7880
5089 9810
4022 6221
5860 1216
7939 3206
4059 8905
1360 7054
7278 5439
5045 6717
5510 3666
2443 5811
2445 9466
3718 638
5200 8335
1072 1528
3030 6568
5329 2785
1594 7519
7369 6804
6052 9534
368 8024
5831 216
2484 3541
1955 5814
66 4545
6090 6492
2849 5575
3152 8680
6935 914
5307 1478
1087 1611
9354 5075
5522 7101
2466 7692
2466 3121
1076 993
3318 2667
2330 3948
47 5680
8496 2696
154 7475
8351 992
5118 9594
2596 4486
3493 9777
7552 8524
2311 667
1256 3938
2769 4049
7757 2988
1845 1513
4166 5199
3371 6707
73 585
677 5234
7881 9898
4625 9878
4056 8947
4551 9826
6206 1001
7938 6655
8034 629
2716 1340
9445 4971
3809 3072
1262 4981
3813 8158
6495 6732
2034 2820
1639 467
970 1872
2497 9775
1611 2958
7402 6039
2208 6739
2416 4004
7620 6655
645 7956
8769 3747
1411 3202
5639 3519
186 1978
296 3878
4916 4923
6543 5985
6601 9725
6753 9388
6910 3292
4861 4641
5161 1169
3517 431
4351 5675
3214 7382
9791 4927
3195 8226
4615 6073
5045 5314
9332 6286
9904 1300
3031 5424
4631 607
5138 5773
3040 9564
7283 5636
2409 2081
375 4612
7617 1819
7376 3107
5764 9176
4001 9704
5279 2047
2070 9111
9297 5996
5296 8534
8882 5836
8926 5520
1181 8577
759 773
6361 4530
212 27
4614 4035
7915 2006
6306 1628
6229 400
7595 3560
385 4213
7166 4716
8242 7037
2383 1106
4243 3318
5522 6066
6091 4062
4261 8780
172 4538
3328 3940
6693 2614
7829 5722
3575 3530
2898 4981
4260 7365
7974 4043
6451 8264
2719 2527
6289 9601
3345 936
1441 19
6915 8186
9380 5150
8580 5780
7796 1761
1579 645
906 5560
4620 4619
7743 2691
7990 8266
8720 1814
4409 7013
2634 3398
4245 4411
4917 2039
9357 5217
7213 479
8362 7849
2140 6437
7373 1836
131 5148
4108 4009
4951 1222
4206 7802
3560 1127
7713 8895
860 2919
2344 2281
2203 4483
8131 9989
6451 6465
7110 1346
2764 910
3228 5249
5798 6583
1716 3385
6526 6416
3417 7140
416 8979
3087 6442
4102 2056
2665 984
1150 4637
6840 8188
4697 83
126 2319
3584 9798
2721 7023
9714 2422
8154 8552
6984 1926
7325 2863
9929 6017
9859 6219
6585 8692
4963 5632
7836 1643
5680 2985
3881 5612
9004 6481
8505 3290
6810 5679
1103 1655
9824 7244
3153 3066
8859 7729
3316 1368
6077 7569
3911 3298
8865 1985
198 7755
3535 5008
270 1717
2043 3127
2304 7255
7240 5278
6031 2268
2250 4391
5235 3386
7129 6651
6528 9582
4801 4976
5104 8705
6903 6708
7917 6473
6134 1561
9963 1951
8374 2813
2930 6744
4894 8564
7753 194
3121 9092
2589 3149
3428 6685
3506 3427
7935 835
6513 6757
7138 6490
8287 1284
5871 7228
8782 4777
4277 7849
5324 8129
8957 9820
5001 2169
9549 7750
7399 4434
5721 4250
1546 624
4618 548
7742 5541
6151 8390
6888 7557
8384 5281
6117 3413
3753 3244
3182 4901
2979 1012
925 695
7302 9521
5017 1596
6539 3936
6126 2218
711 5954
3992 9259
1361 5424
3821 6228
756 41
4298 8160
5359 9947
4790 3385
8442 1689
7299 7043
596 8479
1682 3573
2423 879
8726 9796
2621 5414
5969 2030
6828 8849
8443 5200
684 5094
4562 2181
5946 5952
8411 6347
6421 6362
8629 8899
3781 1415
7406 4149
4683 7164
848 430
8788 9115
7123 6455
9815 3245
6150 6243
9006 1002
9544 5780
7393 5448
6785 4203
8653 4558
7614 3162
3988 6964
3000 7864
4190 4873
5798 5504
2206 4897
4089 518
5775 9049
6085 8440
9453 311
7024 6124
3472 8803
9491 7756
6354 6156
7741 362
3634 5000
999 1442
2993 1324
8530 299
2058 3380
2220 8793
7727 1488
4802 882
7374 5660
2512 8218
8850 5162
2739 2382
4902 7981
9407 1674
7460 8165
6652 71
6876 3906
4811 3973
8400 8774
4823 6688
5516 1180
9831 5682
1283 5359
9904 6885
5700 8025
3014 931
3115 8937
6051 364
8260 9887
4385 6643
1051 8743
6561 1861
3743 2943
8958 407
2293 5031
1019 12
5336 8628
1945 7776
3294 3329
2389 6403
7461 1411
8174 2885
5805 5319
5492 4442
5391 8731
3884 6635
4123 470
9408 7753
2864 3556
8931 6510
8019 6401
2194 4226
322 4177
6134 7719
2931 682
3430 3281
598 992
9338 2485
9305 8043
4698 1517
3722 2070
4852 6374
2535 598
4253 6598
8273 9637
6719 8509
6863 1514
4368 8311
5599 2647
5475 4442
2455 7919
2184 9859
7514 1697
8286 1639
4070 6950
313 8297
9594 5907
9391 4167
1300 4235
2236 4961
4600 5621
2661 2488
6237 4405
889 414
1026 665
788 3567
9598 5074
2301 2411
4837 9949
9439 7712
5814 3373
2309 1344
2753 6807
4190 5268
4390 730
225 8861
4153 4409
8186 3474
1217 2294
2833 2027
7232 4620
1788 1001
4156 9081
2635 5663
8828 8694
1281 8785
1439 8661
866 1848
4661 262
2632 9344
1809 3878
7552 4814
3398 8692
305 5920
5023 4721
9836 5907
2587 2132
1119 2507
4389 583
996 1155
3793 4193
6679 1233
9395 5665
5668 7621
665 9843
4190 5902
3481 6146
3197 8089
6885 475
7935 9287
6362 5610
6831 4153
505 2516
2706 4843
8572 960
1982 90
3322 4482
2421 6947
7830 4196
6479 8874
3282 7075
6503 995
273 8612
7948 7553
9481 9410
9975 7849
7607 342
7564 1666
5101 641
3929 4619
9063 3400
9867 6392
3579 8636
3184 7467
5294 1332
472 3243
6515 9386
6501 5524
6558 8560
9713 5979
9831 141
622 9131
8890 2919
9432 2593
4219 8958
7527 7664
4216 2419
5441 6130
6838 8532
3644 5884
2989 2981
961 3517
464 3371
6092 3059
8836 1848
7456 2218
7538 9535
5623 7505
9383 7331
6039 394
1896 9280
4625 1774
7411 1893
6962 5259
4257 2349
8796 2124
6760 5705
5599 7315
4269 5195
4081 3733
1430 2946
3693 4498
7918 9149
1175 8303
3681 6301
4717 8882
6423 843
9370 8073
8526 5187
1540 1976
639 3404
5125 9517
627 9813
5030 8658
3807 766
3703 9534
8250 672
6556 3704
4127 1226
5522 4265
654 9513
831 2540
7596 2707
918 7525
7787 4736
2394 8204
6805 6949
5386 1109
7346 9998
8299 7837
8665 3176
5331 1074
8914 3368
417 351
9562 7355
3323 8035
2112 9483
687 5933
3468 683
6219 5238
6799 80
3832 3115
5590 9595
5184 5622
6056 887
6016 9528
3871 3563
9385 4005
1763 8013
7025 859
6817 4996
5302 6048
8411 8536
8530 6856
6154 2120
6490 8032
3710 1703
2929 2010
3686 9540
8570 6549
2234 9204
2987 4616
5493 878
8188 427
6769 8771
6014 9281
3147 9496
9848 7526
6581 8018
8493 465
6202 749
1802 6151
1900 3321
2699 4524
9945 3873
973 1974
2156 9897
3054 3904
8160 9779
1425 2775
1679 302
5117 3605
4361 2221
5429 391
3616 2271
9682 9037
3440 5743
3805 3774
2812 6330
2777 7382
2100 5753
6556 221
5074 9002
2718 1076
4691 7439
5259 943
771 4275
1507 5066
3473 388
4704 5001
8658 4834
7175 8928
1665 9890
1159 3675
1364 4591
5247 6347
8185 6894
8316 2462
8016 3996
4016 6601
3186 5654
4110 6213
1423 7812
2834 20
7654 5860
3358 1966
2093 6703
9790 5052
6288 218
8653 3248
1974 4890
9873 6495
3679 3572
1793 5053
4777 5473
1702 8051
6098 2795
8799 9502
3176 2439
5887 2119
60 1983
4146 5211
6373 8586
3773 7159
6641 5850
7938 4818
4342 4225
7987 7911
9687 657
4222 5869
5650 5375
5238 7845
6758 9315
7346 6415
274 6847
5631 2584
4440 8441
1073 884
7280 8855
1366 3493
5017 2902
4795 1910
7146 7223
4968 646
3207 4551
4471 7668
9583 1129
8595 1059
4370 5794
9434 7418
1968 9088
6580 6187
13 3224
1614 3261
1488 3739
7183 2729
234 2964
2604 6958
7828 4032
3142 1585
7490 9707
5841 164
3300 6339
9456 1473
922 2651
6236 372
7255 8254
916 4387
4799 6366
9886 2042
1066 9560
6763 3303
650 502
7624 1343
8553 7537
1504 4091
4604 9456
1408 7123
3924 9153
8947 2276
6563 4291
1195 881
6555 1806
3393 2420
6258 688
692 5695
1314 8036
3741 1828
7357 4545
9795 6045
2717 2668
4922 5912
681 7707
9399 4995
324 1768
878 8656
544 8557
8876 6757
7696 2386
7585 9891
8619 657
4389 2544
2956 2802
8395 7139
213 488
9683 7324
6804 3415
2873 813
654 7664
9482 1977
7016 3962
2215 2344
7925 6031
1123 436
4378 9472
2566 9779
4941 2022
8164 2497
5915 1702
5608 7081
5960 7808
8361 191
3617 3685
4943 3997
3102 466
3550 6857
436 8717
3185 9808
7255 987
467 2673
1644 6731
4582 2024
2908 9443
8134 8277
6372 6661
9751 7272
234 5197
8859 1628
1802 3034
4113 1133
2574 7334
1879 6391
6012 3620
6848 5101
4953 5029
9776 4194
3835 1639
2676 1751
3724 1243
4206 946
7291 257
9934 6263
1405 3490
9597 7814
7681 26
323 4816
5792 9744
2968 9767
3011 1651
9127 9186
1615 8610
2927 6857
5899 2568
4019 3011
5554 5939
9409 458
468 8944
7440 3480
9399 6836
322 4752
8795 9513
7353 7467
5210 1219
2406 6189
5598 4110
4652 6627
3949 7110
8067 1836
8128 2594
4025 7169
65 5758
5507 9442
7458 8372
961 991
6331 8135
9103 9391
4347 3899
6343 3425
224 2692
7172 4957
4497 7513
6706 5925
5240 2101
5425 957
3309 9962
1561 5044
9054 4642
6039 6734
7435 9139
373 3472
9293 7998
1943 360
9111 2789
2626 5590
7492 4070
2615 1370
5680 8041
3117 5451
371 8930
541 7761
952 2562
2727 5457
1339 1601
9985 4946
8513 864
7360 1856
2386 3646
6847 8381
5185 9449
8252 447
4332 191
9458 9722
7902 3600
4241 5866
2082 8673
2986 9964
1219 9888
1366 6586
7038 9247
8391 6850
601 1279
3638 2611
8877 7547
4410 4419
9918 7549
7834 335
3099 2977
8890 6703
7265 3444
7010 7061
2858 8984
4029 8803
3107 3591
156 5622
7643 1457
9850 2274
3478 9189
4267 699
8274 5992
845 8446
3569 8100
6561 7754
3109 9872
6739 7182
2379 2696
3780 768
6029 3081
729 3559
4347 9163
8300 4870
7940 4315
592 4630
1806 7716
9507 8047
3397 9306
3068 4178
7600 5987
451 8677
31 4833
3152 6060
7505 9840
5355 7696
6290 9401
8162 9199
4481 6225
5210 625
7391 785
29 4306
7251 2498
4338 1216
2363 1044
4458 4307
2701 8460
1621 8835
3628 9112
6645 8715
4534 2768
2587 1145
8474 3035
4302 1070
2359 2635
106 9432
6991 8662
9828 4521
3082 5570
8540 6484
9751 9772
5259 8180
2989 388
3900 905
7568 2969
7303 2128
112 3325
8376 8925
4811 532
9502 952
8834 6271
4640 2657
8296 6719
5754 8513
3863 9608
7013 351
2557 3348
132 8091
4404 3488
1690 890
2992 695
10 1887
6193 281
7430 3522
8680 7432
409 6400
4565 4399
3328 8319
8063 4256
3970 940
9501 1512
4305 9331
5458 5920
6697 5306
3862 3939
133 1883
4142 1975
3873 4332
334 9050
889 8668
1301 1866
1168 8860
9494 3297
6190 2167
4791 9660
2817 5344
2770 7286
452 2487
4377 133
7581 2007
1670 9521
7439 5135
592 3980
8976 4715
1178 7123
7893 3342
470 4544
954 350
1079 56
2718 1564
7492 9672
2698 8399
3624 4503
1714 4988
4902 7447
5220 4724
8345 9726
6894 6746
2346 3324
7692 4015
2731 9896
7423 4892
8576 4795
7849 9995
5021 2872
8996 3075
7178 4007
8738 7518
772 7693
8159 6312
9005 7322
2051 9222
9283 2558
1844 4369
590 3336
4009 6366
3955 3037
2489 1339
774 8418
8097 1832
1228 3398
740 2863
2334 2574
9661 8081
7338 2398
5328 1231
131 5457
750 1346
1944 1606
4007 7639
6866 6615
7546 1482
7031 4422
136 6574
684 4407
9959 8679
9432 9588
7602 9028
7235 1569
3086 2940
9181 4845
7207 1780
8603 9953
7976 2954
8188 6280
7466 2401
585 4779
1940 8649
1883 5320
2848 6378
9895 1598
5630 2013
1940 4952
7986 2167
6830 4995
8121 1683
962 1102
5049 7563
4329 3821
8166 3011
2770 2202
6928 8530
8616 1609
8730 2061
5843 9254
3062 1106
4986 5965
1419 5070
2390 3829
4185 6923
5537 6826
6819 4874
6621 2933
6683 7848
4418 1771
5419 7280
4287 8399
3567 3438
1330 7988
3041 8539
2978 3891
2604 4602
9177 4294
4098 2893
688 495
2617 949
6130 4935
4944 2516
5026 4759
5311 7537
5385 6044
9084 7767
391 2891
3098 1882
6251 1169
4636 7671
7869 1429
904 9783
1625 285
4694 1968
2198 2154
7095 1208
6180 4865
8899 3975
5317 150
5978 327
2978 2071
9196 8059
7342 7794
2517 1449
871 8420
6304 7845
4456 4703
3404 444
396 680
5756 442
286 6954
6247 7560
9180 8874
3600 6581
7545 6728
8001 1168
1185 5742
5616 3823
9239 5512
9076 5296
5771 7009
9376 5657
151 9094
2397 6093
6616 7448
1335 7934
6874 9412
2206 3818
5932 3063
284 2996
4771 9648
5878 2383
2379 8870
6204 153
8887 802
8730 2322
1497 8443
6577 1207
558 5692
6432 7599
657 836
5163 2290
8127 858
8862 7025
6970 6139
8907 5494
5863 8898
8063 3545
419 3442
8562 411
5634 403
5069 5539
3864 9046
1190 2179
2160 7431
7287 6678
3017 5886
6958 5912
6257 8242
5981 5842
8890 9899
6832 1584
7177 2482
6910 3265
301 5815
3657 5579
2956 7471
5008 9640
7593 6680
9780 3937
6562 1066
9432 7269
7254 1579
9617 2693
8340 2415
8285 8224
9006 8651
4688 7622
3868 9892
8249 7307
1581 9833
1107 6859
3961 9114
9431 7828
9330 9203
1359 8276
3512 1176
565 1440
9483 623
906 8174
4907 7605
1347 8207
5692 4814
1470 1868
1974 4045
4962 7932
8472 1643
7300 5264
1228 6024
2486 9484
9814 7323
8218 1842
5606 968
52 5547
4397 9277
621 2053
8252 9432
7860 5508
7975 1705
335 4598
8361 799
4655 3080
6417 738
6129 1630
3626 621
2177 8035
3657 5414
8617 5085
8943 6027
4920 9035
2446 3242
3998 3119
505 9517
6242 7058
5412 6144
8102 6840
7674 1536
3219 7601
6157 3506
8766 7257
5575 8237
9612 4381
6527 9542
8562 7242
56 5702
8212 6196
6244 8042
9791 7343
4134 5926
1395 6766
8037 950
7464 3334
7276 611
593 7294
4398 5839
8078 9573
711 1277
8603 2975
2509 2655
1654 2669
8789 2030
3150 8809
19 1952
1767 9339
6809 5753
2250 859
1184 7264
5480 3300
3653 4924
8783 2960
5498 8252
8310 8421
6925 7488
4866 9116
8998 4023
5339 2379
154 3573
6809 6206
1805 5185
8504 5222
8676 6105
778 5101
376 4050
1131 9893
2343 6479
8544 1869
6228 4525
9401 2783
4991 138
5573 4313
831 4192
4405 1526
5787 465
3385 5400
6936 4320
390 6004
4829 58
3081 5705
2034 5535
229 8414
6503 9889
1848 7480
1425 2040
6700 1766
9503 3247
7561 4617
3706 3262
743 7378
5323 1525
3201 394
6151 1234
9270 7928
6661 1968
4633 5891
6017 5020
7369 7796
8185 2868
7610 8326
8260 6447
594 9677
4226 2499
1424 8912
621 903
2262 2421
2783 9061
5079 7912
7583 3627
2699 6039
4771 6671
5040 6957
3977 2029
779 8953
944 5198
5900 8810
3281 9926
4368 6314
699 1898
5087 8291
3820 7229
5349 8066
1931 7510
8910 4199
7138 5455
6266 6454
1562 3708
6817 9469
7790 5829
688 3714
5985 4450
6353 1049
8764 131
6569 6735
1248 6233
3258 918
3401 4228
953 1485
7715 3402
9706 9994
4518 2609
5927 4695
3629 7065
1920 3671
1909 8649
7628 7907
4353 8292
6013 3910
1146 8120
4178 2609
6195 227
5542 7035
5226 9122
3397 3993
7370 1063
7519 9286
3038 6742
4885 5439
8449 2780
8657 1774
7681 2557
2626 9488
8881 8968
3956 5109
9581 6169
3118 3988
8185 7964
9493 7576
3458 4616
926 9980
5030 7616
5873 4478
623 9745
7657 8194
8954 3000
9047 2998
3350 6980
1798 4605
3144 8131
9114 8619
9292 5388
4162 5356
7061 9944
3148 9393
9829 5565
6279 2664
1401 3032
9844 5334
8252 9079
8678 9108
9708 481
1160 1556
9673 9763
126 6814
1097 71
7587 5003
568 3202
2401 349
3613 2171
8976 5849
9304 9939
8997 4994
6952 7606
6300 3395
9449 6588
3633 6825
970 9675
7303 8203
5804 6285
3275 455
1831 3546
2211 26
9735 3490
1296 8859
4947 9353
6355 3092
8814 543
1404 2910
4758 4331
3661 7465
7354 7091
9789 6229
713 4603
4488 8383
6213 6583
1316 8379
1511 9295
6206 5115
4956 4686
2995 1865
4956 5543
891 8167
635 9413
6319 912
6729 1676
299 3626
1892 9649
942 1771
1821 6019
8047 4885
568 4181
9530 7232
3933 7914
7192 3394
2107 8651
7821 8781
6412 6055
7786 5381
5060 7416
1154 5532
563 5598
5162 2684
9930 4138
9482 1393
4538 4425
9280 5201
9239 6571
308 8968
1916 8015
6229 8516
3737 3997
850 4282
8279 6959
2869 7347
7019 6541
90 2870
9961 4771
686 9555
4720 9426
7651 25
2211 3312
9903 3525
6376 108
7539 9113
6505 1090
5465 4468
792 2871
5895 9411
7232 9490
513 9684
7286 1031
7227 6738
7455 5073
2395 5362
1850 9692
9581 6393
8638 5548
3360 6392
8462 7501
206 3829
1465 9368
5273 8311
2847 6670
7520 413
8988 1908
3665 8636
7625 7563
5112 7348
4136 2683
2678 1485
6365 5052
9693 6691
2477 1
8215 2123
2334 1473
3191 2913
2877 2259
3639 8224
6623 8037
3984 4541
6671 5465
776 464
646 5213
4118 7775
5529 7382
8545 89
8284 2088
2934 4268
9493 5763
8536 8516
3275 206
4322 4305
6748 6617
5992 8259
9374 4498
2940 1829
5213 5110
3084 6451
4435 9873
7320 1913
5430 820
5329 7417
7276 5154
8557 8072
3753 2151
2711 6918
7033 7061
7012 9113
9001 9229
3632 2997
4079 9190
2391 4666
2794 5117
1487 761
8227 5754
1635 6548
4003 2282
8010 6274
447 3006
3030 619
4767 6304
73 9254
156 1149
5472 5325
8071 5955
8948 4185
566 6072
9126 1568
5737 2292
9191 5543
6507 4989
4458 9525
4660 7533
6721 6807
5643 674
5539 7561
9113 4673
6080 4967
2361 8648
4459 7569
715 3919
2886 4708
2919 8570
524 6043
6671 318
9479 3473
6990 669
6562 9201
2620 1632
696 4588
4083 4880
7227 9478
716 7648
3425 4558
2755 3083
9961 9208
1353 342
4619 9945
5511 4465
3838 7774
9792 6399
3715 7674
5952 9743
6846 6458
4017 4711
3700 646
524 3900
7600 6086
1020 4417
7104 4926
8094 4473
2525 1304
1924 4426
2648 9165
3561 6112
5199 2543
8576 9867
5422 7062
5685 6775
7939 3429
2085 3606
8026 680
745 3548
903 3740
3340 838
9186 4827
4766 8503
6939 4035
8930 4129
7151 1602
7730 2301
6100 6353
6818 4839
126 6489
8482 6488
1764 182
8492 8337
4300 9751
334 9474
2499 5230
7938 6868
121 6858
232 4441
9145 5807
6389 8686
7302 3519
1476 4505
2432 3703
5899 7669
2902 4072
2617 2711
3254 4593
9052 8781
0 742
799 9250
1560 6510
448 6864
8938 3886
7247 6722
4088 7518
9634 4133
1839 9813
3269 4907
8984 9127
3487 3867
5466 8727
9457 9752
9564 6409
9031 1852
1064 7481
9552 6177
3772 4914
8203 6605
6330 2140
8359 4471
1630 8293
8669 7418
832 4986
7097 2325
7567 1107
3874 748
8270 8665
7147 991
955 36
4738 644
9386 5157
2886 2051
9392 1468
2742 6159
8379 3335
3317 8204
7039 8952
6009 4321
1643 1234
4178 7212
6010 5616
2584 4012
9302 6322
3549 975
8119 2453
9297 4888
2584 1741
9044 7884
4043 2929
2919 2986
8723 2387
7564 5413
9662 2475
443 7855
3382 6832
5686 1859
2541 7442
724 8303
5190 1542
2106 7308
9411 6079
9976 796
8712 9542
639 7359
4974 6981
5008 5346
6756 6997
1888 8869
4176 4914
679 6822
963 4488
2072 2367
4811 9373
907 6281
5490 3083
9782 4284
1699 1495
3482 4804
9597 5875
7290 5409
880 796
2598 2427
1572 4705
4917 4624
3784 9649
8689 6620
488 8911
7180 420
9593 5525
2913 8847
4558 1074
3349 6305
1244 2274
3757 3173
5466 1160
4777 4118
2594 8298
4429 2074
3701 745
8656 8140
2347 6684
7277 5732
2216 9880
6135 4933
9946 1582
7274 9411
9438 9569
8556 9407
8066 2370
3955 3601
101 5194
768 1041
9227 8771
9176 5105
829 5267
5924 2123
6573 7046
2062 6226
4167 8184
3420 9047
1298 6476
1305 7435
8982 7339
9534 4460
3176 4812
6464 942
2673 4492
8947 263
6125 6187
8189 5478
2254 6883
9893 481
5377 6821
3097 3594
6840 706
4863 4158
9334 1922
2244 7898
3450 3349
3920 1978
3763 1060
1706 335
8226 9699
2423 9515
6380 1637
5294 8924
8142 5452
3767 5876
8363 1691
9954 5185
1265 3786
5221 1181
2458 1510
9997 3684
878 4130
9844 2269
5830 6254
2131 792
8619 4882
943 3682
3229 4599
2672 1896
7520 6738
7967 7973
3360 9358
93 6089
7349 5733
4128 9801
5121 1290
648 3773
3927 9350
5120 971
2086 5950
9601 1741
6578 1485
2928 4368
9764 9187
7319 2636
2135 9002
9344 2475
3891 7872
7054 920
9080 7606
4134 3062
5600 9108
6059 8122
3367 4822
3704 726
1750 2519
1605 6242
6554 3225
5772 2201
356 6542
1942 9853
6105 7815
2367 968
6650 4550
4760 337
3806 9633
1563 7239
1114 9894
3144 6461
419 5589
8942 9074
1147 3855
8166 8236
3287 1177
5561 6144
7505 9373
4562 8928
8841 9165
3278 6017
3494 7284
4224 7112
4587 235
1345 9761
3748 7813
4789 2028
9247 8088
9512 2612
680 1737
2983 3629
6237 9682
8699 6362
7824 8162
655 8552
3771 6321
8931 2490
7917 2654
8250 5057
5810 1752
3742 7000
5474 1797
5972 6378
4656 754
4841 7360
2722 744
1611 9067
5360 1623
8356 1514
5205 4130
481 4777
1155 8502
6834 1542
627 9272
4890 2081
1881 5130
2197 3759
6806 634
2217 4667
6424 5464
3349 810
2108 4001
4839 9129
5460 2765
3786 8533
1235 9137
9772 87
2228 2497
3517 7066
1483 5094
7139 7050
6339 1192
6043 6155
4439 6728
2570 9315
476 3645
9105 2885
8491 9593
9087 2027
3773 3446
4448 3311
1983 1651
9251 2710
6500 1493
9402 9386
2186 92
442 1602
7828 8275
5970 7264
4391 2371
3001 2246
2353 9829
7776 6822
1427 9218
2950 213
1535 7705
2410 2923
3788 4939
347 1642
1318 9559
7644 2361
35 61
2659 8588
960 929
1648 3329
8730 7263
1515 5513
3737 6101
5462 4369
5303 1985
4290 4892
542 4215
5101 527
15 2271
5960 280
9054 9818
7591 5852
4203 6735
8450 3580
380 9574
7641 5443
1333 6783
8404 6030
4938 3040
2360 9145
2539 6922
2645 9906
2878 4663
5388 9212
2219 4466
4718 9411
9392 7202
1280 4422
2133 7268
5995 310
8906 9316
9583 1913
1804 5161
1720 3163
5014 3450
7416 6083
6756 2385
3140 3309
1987 4874
2827 169
6869 7031
1361 6799
8288 436
890 332
3046 8962
7185 1870
8751 4338
8664 8681
4914 1151
1546 419
7859 1640
8764 1730
8550 537
1939 64
8673 5142
607 8984
5536 9651
356 4496
2850 483
4777 194
7921 2667
8393 441
2351 6017
7303 3252
7131 3206
6783 122
4979 4670
6088 8059
3124 6024
6965 3247
3037 9790
8939 1789
9697 5387
3068 9098
6666 1747
9873 9564
235 356
4711 1833
9918 3799
4081 6689
5965 6211
4379 9237
6940 5374
2286 8770
4306 1601
9231 3806
4985 8503
6979 4830
1835 337
2749 9601
2812 3385
1719 5533
7639 5969
1119 4916
2017 8040
6088 2626
1929 536
7426 1126
4337 1007
9908 7339
7462 3239
3894 4225
1498 7844
3899 9405
9267 3834
251 8330
13 9849
9102 3866
1818 3126
8884 4093
5210 6535
7010 4476
6037 7946
8408 8339
7301 1074
525 6745
7153 2320
7451 1565
6244 8314
6600 5774
4269 3818
7561 7575
127 6822
8091 1302
1864 5303
2668 8424
7326 7496
3571 2371
2613 3597
4960 1326
7374 7965
6046 1761
5466 1886
8325 4533
412 7820
7644 9607
572 9909
3004 3902
6087 164
3504 7814
5012 39
3673 153
385 5392
3933 3690
9388 6645
8079 77
3311 4884
2154 9270
8594 1622
2630 4396
5892 4334
1470 3738
2516 4367
9800 7218
1161 247
6947 9566
7250 6556
4319 2709
4776 3106
950 6982
351 4246
5545 3443
4667 5753
3685 5741
4352 8908
8740 7224
6033 8613
2703 8011
570 9932
2513 1159
7721 1876
4983 1825
5751 4697
4628 1630
405 738
6417 6762
8449 3219
5089 8677
5800 3379
2947 2730
1333 3060
8929 908
632 7988
5589 9840
7746 6367
7803 4594
7340 7967
6705 3397
8599 1745
938 1322
8974 8837
5587 5355
9287 3346
893 4069
8457 6739
6457 5888
8184 114
4401 1629
2955 4688
4451 3787
495 5774
4953 8085
8628 8682
5091 6539
9861 1642
8919 2156
3221 4622
1870 77
6565 7381
9951 1928
3842 5727
5433 5652
9115 1866
9978 6989
1952 1580
797 2688
9557 8363
2464 2422
9110 2572
6691 9354
4662 998
6460 6920
2832 3586
3560 8531
2030 9874
5292 9939
1639 5835
2954 3194
1282 1680
8638 3058
7433 1628
8760 629
9066 8891
4420 6567
9303 3158
9813 9876
6077 4810
9792 6674
833 3140
740 3586
4470 3899
6360 5689
5548 9465
8509 8997
8418 3735
4786 3615
4908 5589
1639 6508
6415 1667
6569 3214
9 238
4555 6413
142 9098
294 1486
430 2585
3271 6590
2402 4453
4487 526
3205 8960
3688 2234
5375 4453
1018 599
6219 1658
5966 2169
2155 9861
6770 5518
6418 280
9595 7707
9039 9466
8433 7873
8553 5123
1796 4859
262 836
9996 102
1670 2593
3502 3581
9996 6412
7258 2048
9708 2416
1137 3009
4415 2582
8676 5084
4340 7879
5400 272
9682 1182
8150 989
5384 1609
5231 9980
4645 6636
9932 7077
9059 8770
3427 7890
7533 8226
1509 9598
5362 4666
2101 5720
6882 5178
8963 9370
5141 7263
3127 7329
491 2474
8489 8
4238 9980
8444 517
8643 1281
6475 2272
5520 1175
9259 6780
6983 4889
4865 2531
6784 1036
8429 3234
9541 133
8739 8462
6583 2964
8314 6801
9919 7458
9326 949
2830 9267
3840 7292
7989 1207
4093 1625
8337 483
7275 5551
5502 7862
1776 2213
2620 4603
8333 2210
271 2139
1080 3962
6704 668
7431 9957
4097 2409
5160 4456
3966 8207
1246 6707
8127 4226
7509 5254
4746 6906
8150 6369
9205 9277
6343 8598
1145 3386
5418 3949
18 5519
7461 3732
2787 2504
5569 5473
7062 5189
2188 3861
7729 326
9002 3007
1204 6341
6520 2314
6047 4833
241 5892
2049 5746
3865 9836
4442 2334
6727 7158
8002 295
3839 2271
4307 2654
8877 5080
7521 8008
5198 8065
1211 2811
2408 6819
5753 9062
7034 665
3076 8299
270 7164
2981 2777
299 7594
9269 7194
3528 6723
2276 1669
5626 6127
1798 7393
846 47
775 2536
8690 3886
559 7123
9725 6148
1825 2679
5439 6936
3917 5724
2435 2430
229 1494
6034 5476
4797 3858
2449 1621
7596 3567
1498 5769
3455 2614
8744 4777
6364 103
523 3234
7987 9889
8364 7430
6113 2878
11 6793
9326 5609
2212 9390
1031 8669
9328 8575
4342 8779
8535 3443
9597 2759
1506 6127
241 9568
8495 1116
3571 6954
3439 1504
9210 9178
4857 6204
4284 5069
3889 5617
3100 2309
6819 1776
509 8113
3257 4349
6676 6744
9469 2159
747 6226
8488 8327
6978 7955
9704 9898
4416 8245
9104 5388
9496 8225
553 8795
3303 7593
5910 3973
9209 5605
4854 5383
2219 4568
7731 5588
5915 7710
4551 9918
4491 2756
254 2531
6517 9124
4534 8615
2872 8972
7331 970
9201 1018
5679 902
965 3462
9486 5240
1306 220
8928 3832
7846 5300
416 3622
1807 2064
2825 1843
225 482
7785 3049
5310 7559
2269 7144
6719 8115
2283 2175
9801 3450
1711 5315
3659 7320
2045 2638
7924 7375
309 2487
7745 6779
5573 1049
8724 5891
8920 515
9168 4061
1372 9149
3009 9646
5842 7953
5880 3358
3038 2205
6580 9972
1294 6660
3100 1075
2391 8411
4633 5472
3738 2103
2401 1071
7206 2000
1278 6297
5207 3810
4845 3340
7485 8001
4273 5327
391 7894
2456 2673
2894 6282
1942 6765
9294 557
7645 7323
639 1460
142 806
2482 6989
6489 8133
5527 7200
5121 9577
7083 3588
5147 9762
3454 1578
3796 5262
2978 9882
3458 7423
4928 6425
3491 2168
2101 7236
4466 1572
5946 2539
3816 2115
6273 8428
3038 4177
8683 1291
9777 4964
102 5036
2783 5203
2884 2973
7181 9934
5143 5346
1723 1390
7112 2942
8143 8217
1831 8602
8062 369
9516 6278
9017 5979
5836 9786
196 6871
8743 9415
5714 2049
1998 6046
1900 4914
1715 5724
6800 2387
4856 6562
5878 368
969 8093
3838 5797
2422 4246
9637 7288
9176 2392
9639 7010
7589 8760
6206 5675
1999 6054
1688 9185
2086 5360
9319 1125
7582 2573
6209 4786
9435 1517
7544 9578
1689 3626
1748 6303
7816 6426
7404 3995
9108 7364
7044 9821
5890 2141
4289 897
6231 4078
9031 7450
1779 6148
6531 4270
906 8163
2372 5902
7027 9608
8532 705
3530 490
4325 7052
9440 347
2215 4592
1138 6401
5606 2015
9911 8779
6672 1404
530 8754
9859 191
6264 7551
9141 418
9147 227
4558 540
821 5270
4335 3095
6689 2543
9254 5775
8355 2477
6953 4089
7671 176
6896 973
8054 2231
8527 3890
3846 4663
7633 8933
9049 708
3296 6326
7381 7423
6449 7183
7236 5276
5853 5537
5809 6783
1945 7100
4947 6035
3015 2043
6999 2934
581 7882
7141 8788
2819 790
7029 4879
3523 9471
7674 2744
4153 6092
2988 2140
5058 9467
5204 2078
8225 4899
1840 8637
6771 6360
5174 8994
5956 5738
5653 2552
9515 5563
8999 1784
9648 5979
4548 8591
6894 7026
4992 4303
9572 985
1123 8879
2725 6693
9177 7984
6143 5345
0 3773
2249 6198
5167 6541
8357 5818
6919 3833
3285 3667
9121 212
5561 7494
5926 9916
2535 1585
6206 5980
3956 8033
6192 427
1454 864
4296 1989
1804 3470
4742 259
1181 2395
6035 7945
7133 527
847 2829
5014 2950
3670 9983
9251 6139
5217 681
2000 544
7832 1956
973 23
7749 564
3041 193
8932 6369
971 6848
9062 7492
5012 7898
7973 1402
6433 9693
2194 6152
404 3401
7610 8667
9921 8287
71 9002
9822 2356
4178 2523
5476 5217
518 9838
7891 1707
6561 394
866 5658
3508 9810
4771 9720
7273 7876
2148 4615
9987 9678
5298 5087
5777 989
5560 1988
7085 7235
7606 3952
2225 1924
5373 6578
1545 7181
9622 5858
7843 402
2642 2319
1299 9715
6220 4984
7235 9402
7419 403
4072 227
9268 29
480 7816
1308 6335
9447 2072
3802 1753
4840 7924
4331 717
6176 822
5663 5643
9199 2286
3681 565
5032 4826
2677 8894
88 4369
6233 4211
5859 7580
2190 9622
2041 7777
6784 8595
8968 4014
2192 6578
2395 1150
8083 5544
3760 1387
6339 2313
776 9393
3651 5214
4903 795
3664 1854
5515 2796
3427 1341
5369 9595
4131 1198
467 492
8920 6486
2437 9927
9002 7551
3663 7112
2632 4789
4877 4434
7236 4657
914 7552
1323 7871
9460 794
3123 5806
1264 4128
5485 6419
6942 3894
2825 7434
9103 6076
105 8219
3987 4041
4014 9909
2407 1636
8638 3129
3819 5038
6424 1222
9874 4447
9630 4956
1522 8939
752 7823
2940 3137
7738 7850
8405 4528
4323 3133
8483 9910
4662 389
6371 9319
1246 1799
7719 5334
4059 9001
846 9107
9409 1644
8427 5297
7007 7193
8391 1363
6557 5767
2225 6450
3310 4646
3636 1565
2309 2028
7698 3678
7812 938
1916 917
3632 7690
2883 3251
384 1783
1321 2293
964 7144
5585 1947
2387 5210
4517 276
3932 7545
8069 6376
4814 3691
4797 1074
1411 9194
8656 5319
263 9004
6961 8135
5511 3601
1504 6367
660 3848
8401 9145
7270 253
6600 7313
1885 7283
9409 4740
8659 2298
5228 3591
9550 9517
2565 9905
8225 3484
9633 7958
9874 7153
5029 3986
7222 4224
7697 46
153 623
9898 2689
3034 64
6709 8774
1970 8728
4350 2662
5621 8029
9544 2402
1233 4512
6976 880
5523 9220
5354 1391
714 491
669 5960
6579 8348
4490 4339
7987 7410
7623 2371
1891 6580
7595 2335
7029 6268
2466 3022
2245 9399
8703 4062
4155 5160
9905 881
3229 6969
9198 5253
130 5455
4029 9823
801 9816
8864 7587
4135 6788
5630 9714
7063 1661
8782 9376
7883 2037
6783 3104
5209 1835
1477 1839
3058 7897
4397 3002
8932 2620
9106 2989
2270 7249
5976 6490
8723 3145
9718 113
72 2089
2689 8690
5288 3536
1875 9580
2936 917
7994 7713
5620 5805
6220 9416
9079 4646
3048 1726
6922 2979
1960 5611
2452 7893
308 7341
4543 5490
8704 2979
4795 3092
2725 4759
7500 6960
5004 1048
271 8338
4678 5155
1114 2130
2330 6590
8592 8789
3238 146
9604 2242
854 850
5957 5630
9331 3564
7240 2455
9522 5882
1796 8730
2189 8613
5350 9778
2015 1176
6036 4110
6057 1692
2783 5437
3650 181
9185 9048
347 344
8374 2268
1648 5751
2408 7778
2762 9339
7890 7549
1025 1197
454 7552
1871 4817
8250 6889
1856 4591
7420 9550
1669 3567
7254 4194
9432 8464
2046 6644
9834 9462
3908 9285
4296 62
8206 7508
124 9055
7249 2647
1360 2430
6629 6952
4701 2701
731 8730
7297 1986
5435 3222
7231 2096
9013 6182
3601 4
7849 7405
8120 6094
8883 1554
2532 5770
2542 1367
1871 8490
8393 4938
3347 6114
9430 167
3276 4607
3967 9992
3736 7765
7012 1034
6603 1747
5983 8653
4272 6005
3641 1864
7737 5206
101 6294
8311 272
778 8161
1173 722
3406 281
2655 8252
7181 8385
7280 154
8553 6503
1097 347
6779 8478
7101 9517
1016 3114
6169 2470
7808 6663
6817 8785
95 4741
7317 1092
1270 1140
7395 7066
2292 8457
9911 7713
1453 7914
2253 1506
9565 5868
1222 8713
5446 4518
920 7296
36 9265
2352 9532
3218 4766
6500 5011
7446 5652
1123 5049
4167 7909
925 38
6879 4012
1151 6885
1115 2470
3798 5483
5711 2746
2837 4178
4342 9509
8146 6354
6215 854
2490 5179
7636 7107
7141 9521
220 2343
5812 3700
9984 121
8871 9338
4243 4409
2075 9404
9978 7817
5840 442
6979 5061
5769 3948
9969 4641
8573 1286
2693 5278
3146 8854
9465 9257
6089 3421
2471 6288
9964 4856
6518 6290
9412 6459
6884 113
6176 2313
6223 9638
7023 5281
6509 4978
2614 9896
8603 2829
5117 4192
2018 9565
8260 1218
9958 2372
3444 4221
9513 9925
7344 1450
3773 6165
5129 1243
662 1995
8561 2592
2717 2003
9399 646
3665 7973
2497 3597
6183 7356
2392 1972
9795 1990
6237 8371
1695 919
6553 2692
7080 9402
4354 7294
744 6453
3226 4368
2189 8904
8930 5415
5465 8114
9723 364
5795 320
4029 3997
154 3859
7808 9382
6810 5485
6280 3180
5159 215
8030 5350
9254 3010
9497 2888
347 3512
7435 4605
333 7022
4023 2176
1190 2601
9521 5079
6727 9273
9422 3917
5640 3703
8666 3195
780 326
6745 7426
3603 7913
3317 6391
1225 1457
3942 8251
4315 7521
4111 934
8122 6688
5573 8496
217 6090
1275 715
5713 8004
1576 7440
867 698
5546 4133
221 7798
7332 9160
7766 8943
19 4555
9875 3692
7758 4732
6236 1603
9068 5919
521 9235
7599 8346
373 378
7038 2653
9589 5940
304 716
7874 7329
3444 5322
5233 177
590 1827
2404 8190
5964 3783
138 1862
3606 7614
1857 6212
8596 7580
7196 5770
3929 6259
9839 2237
3293 5807
7015 6573
5305 1762
6919 6208
9084 9325
5005 8298
7258 6839
1043 8250
2419 2573
1 3716
9730 8518
6591 8454
1228 6050
1160 1498
2232 7551
6427 6055
814 1239
3355 2548
9224 985
774 3739
5285 1826
9395 9909
4444 9672
3348 3159
5358 1603
3291 3193
3124 5896
5817 207
6519 7907
2402 9158
6511 7569
3100 1468
5363 1368
6693 924
2735 7987
5428 6309
1380 3773
5480 71
5065 9417
9790 3689
7279 3692
5454 217
6594 9912
9556 4945
2555 8949
6444 3538
578 6126
7222 2528
1633 6310
2602 1130
7140 4501
9845 5044
4333 6643
8177 8819
9172 1855
7154 4836
7899 7564
8989 1513
447 825
883 1473
7898 43
7899 5107
7286 9194
4158 919
8844 5173
7468 4033
8042 5506
8364 7547
2259 5222
2176 8045
65 1517
6759 4876
8229 3831
6476 8732
911 816
7899 6371
2265 7769
836 3772
2509 9432
6488 2596
6055 5769
8560 4645
5590 3631
6749 8333
9596 1628
5259 9418
660 3496
2702 4036
2579 3953
3262 7607
2247 2144
1071 3339
2460 9092
3193 9058
1933 6685
7575 4829
4424 1046
9131 4059
9450 8224
3710 2607
8314 5080
2916 6797
9922 8836
2686 9074
5703 3183
2201 5357
1801 3214
2500 8557
7974 1758
6128 9464
954 957
5216 2068
7537 5825
2143 9606
2236 3112
8640 8598
6194 8446
1521 9819
3326 9797
761 8536
8006 2020
2640 1826
2668 974
7726 9293
6445 2253
5643 5538
5494 4411
2470 463
6807 1069
1617 3307
7536 9852
3081 9716
4791 2178
1172 8327
556 3982
7235 2043
5764 8819
9703 8875
3617 5811
5808 1230
5123 5955
8336 373
1351 5036
3981 9312
5757 4942
9894 6781
1928 4384
9341 1630
4463 1496
3315 6086
1824 6579
385 3904
1284 3746
4050 9851
3934 8194
1134 9990
3965 7558
7409 3684
9984 2851
1243 6700
4089 3160
9936 6208
2554 6344
9183 8216
3676 2853
5328 6283
8719 3354
9095 8041
4444 3749
9349 5559
8358 9695
7965 7719
9326 1801
2932 2500
1894 9670
6177 3831
5917 4239
2485 8345
3129 8135
5092 6070
8083 5275
4481 4554
9084 5269
7176 4427
3214 2654
8340 2066
7741 2925
7649 7527
5628 6353
6956 24
1035 454
2726 7189
5214 5111
1895 4699
9162 3953
8895 4252
8344 2064
7912 4616
7372 6697
7800 1546
4751 402
2963 7712
760 4097
7629 4744
2217 7712
1804 2740
6693 2826
8508 9402
6240 565
3308 5003
9855 3164
3909 830
3247 8183
1979 9656
7137 7017
6908 1177
5346 2806
2134 4790
7689 2735
7717 1567
5370 2908
3354 4061
9224 4516
3671 6170
231 8588
5670 7084
1918 8090
9850 9119
9819 2596
6685 9982
9137 5802
2008 3678
6477 573
3713 3943
5238 7530
3567 3936
1027 4215
3833 7974
4198 3433
6988 9065
8150 480
683 7667
8170 751
9505 1669
7665 5355
6898 6303
2383 7744
9263 5708
3362 1435
8584 5128
7091 3943
1996 1791
9959 1431
2316 8292
1237 5805
8318 5338
2274 389
6654 1586
888 4017
8046 2178
4069 7873
9341 2222
800 3998
9494 4806
5030 1668
3391 1292
9155 2538
3522 8864
844 9999
6505 2490
8536 4099
7378 2787
1135 9743
1922 9104
1707 8050
2470 5036
6027 3352
3796 352
2839 5849
1520 7234
3245 8828
2811 376
2281 5414
2149 8551
7652 7507
8675 9260
2084 4912
8876 7846
6945 8274
7789 1630
6263 1174
6252 5621
215 5814
9130 8584
4936 325
7250 8194
4827 4823
5886 1919
1580 4192
5064 5672
3188 7928
3726 3487
6107 5687
303 4280
9211 5474
9122 3795
6336 6978
8725 1874
3660 9406
9891 6459
631 9077
8575 1675
1891 4666
6365 1045
5901 5276
9728 9846
464 9632
3294 9398
5379 7757
2447 5102
6115 404
9060 5680
8491 298
5205 9207
4111 6180
1379 6972
8937 2734
6956 9026
4538 9336
9932 9759
2034 6669
8033 8279
6571 7505
1015 1142
8751 9158
801 490
3963 9227
4105 2347
8459 1330
3471 2344
164 9692
7982 4959
8368 4996
4812 9849
8756 1492
3552 3856
142 3832
6909 8397
9114 717
8317 8018
6436 117
5097 3537
7239 5691
4244 8935
8372 8621
9368 7673
8383 7067
936 5513
2115 3962
9604 6229
1365 5301
2651 796
133 1680
4379 7198
7713 5418
7028 7823
8517 4672
7034 1991
4717 9208
5225 8585
7851 5600
3219 6990
2067 7699
2053 6957
2515 7797
7832 4682
1936 8284
418 9416
1036 1979
5437 9500
1716 5915
5904 4160
5318 1304
4249 3232
879 9654
9516 7700
4418 4223
1717 5530
7829 6906
6873 3168
2902 8440
9146 6027
1755 7166
1290 727
5206 523
9863 6556
7575 1589
5989 5385
9003 1604
8953 6191
7875 7882
2241 9437
9535 269
5217 7747
3817 4323
7432 3029
1583 5193
3905 9342
696 4928
6549 7854
5287 2420
9998 6274
1485 6890
3415 1167
7161 1462
4575 6506
1835 2950
1084 1958
3014 7647
1324 7243
7635 8194
8102 4768
4130 9994
6239 5590
7500 4548
3177 5168
3300 6219
3830 4738
2635 9776
4682 8917
6547 6771
2478 8612
6203 5072
7649 7494
345 3400
4953 4584
1319 7115
2807 6486
2276 7039
8936 870
666 3024
2232 8322
8143 8964
882 9344
773 1465
2210 7711
7997 9774
4923 7424
6601 3515
84 3455
3006 4429
3613 1964
600 7666
7199 7914
2055 9629
9122 8404
7336 6663
232 8199
7679 1859
7190 2288
8975 1803
4003 6802
4204 6268
5401 3315
6343 4683
7977 4485
4377 6802
7403 2924
4747 3148
7618 257
7618 9464
1278 130
904 3949
2075 8339
1237 4971
2823 6613
8845 5129
1009 7841
2306 8993
3325 8562
2682 5156
5812 5500
4044 4891
5176 4589
7172 8203
9605 782
3462 5060
6482 6101
8511 5910
4263 3579
5766 9969
3209 5317
5506 5399
4945 6289
9349 3632
3386 4255
3574 8682
9641 3897
1373 6747
1767 2929
3911 8197
4954 9269
3161 5316
3570 2673
7265 2423
7647 4994
4983 1768
6655 3010
5027 746
1925 181
7961 3710
7509 6927
9759 8818
3260 4640
6639 7543
445 1501
1799 3533
6566 8139
2862 6669
6513 9306
7505 3186
8838 2285
2412 9157
7310 7938
1636 3892
3858 4434
3136 5391
2290 2934
6552 6591
4769 1683
4950 1010
5486 3332
8297 9671
9949 5508
5049 114
9140 7812
1284 7341
8322 5295
9063 5276
8217 2903
72 9995
6588 2507
1952 5766
3620 1608
3526 3812
7229 521
8679 1649
7389 5212
1953 7495
3460 9090
5070 9801
4302 9395
1535 3291
2758 3788
5950 9777
4149 198
5029 3170
1208 4548
1676 6456
4095 5225
2141 1287
1586 7059
7269 7768
7150 1608
9795 3970
1677 7627
5346 1619
1204 7659
9027 5280
9397 5545
2180 3543
5477 9907
8429 2205
6712 66
9865 3401
6664 572
3153 9147
869 9383
7316 8811
8710 43
1843 4090
3614 5859
2344 7015
3657 352
4743 5712
2805 4473
3293 8738
9246 9634
4741 2256
2178 7208
1914 6556
1059 855
3734 4789
3946 2329
968 8109
457 1515
4436 6645
665 6077
6517 311
5554 8021
846 448
1113 7985
7070 3304
5619 3831
6833 7615
8392 1979
7075 3078
1059 7437
2479 2935
2438 8459
3654 9106
314 2362
6907 9510
1155 9709
7019 4088
1730 464
3419 4562
2693 7092
8633 4299
7065 6438
3508 2095
5488 4878
6392 283
1709 3809
7905 7767
5307 5508
1073 7696
1774 2254
3420 5233
4497 2648
5744 3485
5230 8323
9347 3660
3181 7526
1141 3936
8452 4067
292 7090
1788 9493
2749 5870
7492 7384
2000 952
2958 6693
2813 6393
4328 1609
2875 5898
6661 4257
7768 3147
6314 6003
4826 7537
3045 1004
8595 5402
1639 8722
947 7950
6770 149
5543 1572
8573 5527
8208 9853
1844 3732
6047 8274
4028 2432
4796 1237
9733 4716
5829 7558
9625 1621
6387 8581
6449 8329
4249 5838
4502 7542
6966 1798
2660 9745
7465 5696
7051 7520
2708 6109
4799 1909
442 8974
7504 8711
2210 7783
2772 1454
1229 5905
4991 4747
7892 8620
1349 754
7354 8288
118 325
2128 2718
3672 8542
3336 3816
1411 9832
2 2745
1077 2298
9634 3042
5157 7394
1714 8434
2165 7562
2275 3985
9089 3642
3807 8058
197 3306
6570 7971
2955 5697
6919 3802
7520 7599
7143 1998
3560 4611
3676 598
1160 650
8251 8482
3362 7173
5808 6844
3422 3893
4683 4154
8851 4182
1161 6980
7285 4485
3486 364
6168 8847
6253 4798
3762 3160
442 7110
5951 2421
6070 1513
4926 2598
5626 7281
5705 7715
2415 9384
6914 1250
3178 3392
9512 9091
2245 4892
3865 5224
5496 2655
8737 6964
5175 2975
641 7582
6133 7093
5883 4562
4886 836
5530 2580
1410 3316
7006 8722
1269 3818
9524 7206
451 2934
1573 2388
713 2440
9093 5158
8798 6879
747 6226
7049 9584
4289 9316
7244 7359
705 445
8686 349
159 2040
583 8127
4502 2949
3828 8262
4970 3012
3674 3312
2397 3455
9111 5403
2397 4388
8036 337
8762 9214
4999 7653
85 2143
2980 8920
2084 8332
6643 4135
3939 4853
2254 2997
7204 815
7361 3201
4487 5136
1204 5556
4964 7943
7236 6201
725 7269
653 1081
4625 2108
6916 5506
2723 4530
9648 883
6585 5585
2585 2998
568 2047
3129 8091
9853 2757
672 2845
4303 5951
6707 3204
3968 1135
5572 2966
8977 2509
476 3514
9893 415
3717 6075
3838 3521
5333 1029
9908 5938
8820 6415
1652 5627
446 2485
325 4924
9524 3328
2662 4580
4429 6836
1762 3564
3067 3543
9094 1649
7080 6361
6393 5437
6446 4644
5642 5105
4853 753
136 3569
6024 7620
58 1564
9441 8422
9871 4374
1827 2813
6335 1364
8358 7658
4369 9075
8236 2462
2198 3029
7074 618
8770 201
2291 7921
363 7477
4822 4444
57 547
2904 699
8190 262
1220 1059
3295 3160
7103 4792
3040 3425
3216 2648
3806 2438
5548 8257
3990 363
112 1888
7747 9654
3911 9655
7445 9714
5340 3226
4028 2844
6521 807
9475 4174
6125 7967
7242 4614
9373 5317
7932 7506
1377 530
352 5770
2431 9283
1434 5993
2485 8928
6193 1402
2143 8521
9260 4283
4617 6783
3909 8896
9551 3820
7599 3015
3712 3056
308 3924
6080 7753
9527 2009
3356 6734
6665 1795
4137 7992
6215 9683
3541 6573
9680 567
2143 8907
6468 5909
2819 5902
9415 9443
8333 8862
581 8838
1183 9431
9504 9158
7726 3350
2533 6442
2342 1741
3597 373
9357 1956
5023 5612
6869 5821
5122 9794
4667 7617
4593 6979
8013 4043
4967 1673
9625 5921
9897 1406
3728 7627
307 223
5433 3938
3754 3593
7842 326
1521 8356
993 1451
9320 456
1720 9233
8638 7023
3495 6175
4711 9305
4043 8684
8 3830
7189 5401
9167 9780
9654 4526
2112 2741
1798 2192
8426 7339
8772 6875
2521 819
8487 9330
5572 2364
962 6208
2294 1106
2582 6346
2778 7836
4162 3443
6639 3998
9926 8987
9515 2443
7557 7653
1868 8090
745 4964
7049 8596
4848 6193
3384 1032
9907 2859
8616 5611
7384 4380
1838 8847
9357 3956
238 4495
6581 1061
7199 3124
5120 1754
6385 9047
5458 3812
7706 2964
5125 5954
7115 8791
2698 5804
530 5573
1947 5964
3609 618
300 4666
1691 6234
9504 6883
2327 6550
7544 9733
3629 3038
7942 6282
6677 9757
208 4030
2511 1317
9680 6974
9797 536
4055 3727
3852 9008
6962 5448
2986 3292
389 7854
8897 1095
2483 7690
1433 646
9152 7592
5964 590
5134 6383
6395 6336
7923 5560
5598 3250
9036 2204
8953 3931
8666 7759
7898 9115
3339 9251
2014 5269
9412 9291
6227 1834
2186 4893
1672 418
5520 7026
8833 3961
8458 6349
6855 709
3743 997
8108 3456
7422 2673
1452 7494
104 8463
2095 8155
4795 9634
4763 7946
62 8902
3430 3814
7384 3600
9465 6127
9228 3366
7215 4276
5167 3464
8573 8911
2745 6474
5565 4833
8009 336
2386 7290
5475 8133
896 5509
8405 279
3251 2942
6920 114
7501 4657
4610 7351
5326 7056
3272 713
9259 9377
5536 1573
1137 1698
3700 8603
4963 730
9379 5901
9024 3533
6145 754
9440 939
6975 7384
8780 2581
4006 468
8397 4477
9884 9335
716 9450
8841 1311
121 1029
1875 4134
632 2307
341 9676
8213 3294
7022 5308
4120 786
598 7133
4547 2882
267 7367
9273 9636
5210 6672
5657 1264
4762 2226
8935 8160
9537 2875
4748 6164
1898 3057
6692 8037
5598 7968
2805 3155
8447 9137
9855 5630
68 9000
4879 9117
4094 8570
2317 1679
8618 8505
2230 9564
287 6334
5540 5718
4007 6770
8040 3313
4522 5945
9002 2892
2277 9003
2487 620
2378 544
186 7940
8209 6648
1829 706
9212 516
5166 8217
57 3652
9207 9590
6080 3662
4565 2289
2428 7784
6658 1330
2727 8306
9774 6493
477 163
6929 1980
1427 7198
7339 3272
8928 960
1484 1012
5369 3513
5023 678
7835 2197
8705 6114
4753 4054
752 4932
470 4752
7262 5050
1540 3233
7429 524
3211 9770
9620 2617
3581 8910
631 6159
3670 7078
3654 7046
7864 9470
1700 7882
2117 6640
5767 484
6870 5243
7575 3156
1576 79
6527 8780
4982 3336
8961 3340
9585 9653
4774 2629
8925 1972
2819 6268
6997 3403
6439 7790
2911 4805
6097 5306
6425 632
1246 4192
6643 8751
7504 2020
9542 921
170 254
6242 7453
8231 8337
9141 3943
5163 9142
3287 4724
657 68
2435 7782
8948 1182
9152 1876
9033 7130
1086 529
9113 7449
4523 2408
5485 584
1189 2097
226 1586
5866 6770
7276 9663
4443 4997
8950 318
6303 8882
4887 762
9315 8889
224 6204
9744 8030
1570 1949
549 257
1917 9317
8771 6824
68 9669
2968 3372
2156 3405
4258 7613
6370 8043
5765 19
8412 3346
2760 4802
5239 5619
5418 329
4704 4570
8834 1287
1087 1399
3604 2506
2686 4599
9455 6725
2215 6030
7667 7517
5739 9636
1120 5537
8063 6649
8761 9524
2112 5766
1879 2505
7703 3330
3323 2649
232 5757
8603 1763
8724 2444
174 6081
3903 8642
1171 3538
9180 1128
8698 9098
1204 7209
1078 547
9829 4380
1258 6381
855 3726
8241 5817
5738 7003
7962 766
4235 4345
9760 3494
4597 8801
1943 2281
2116 6331
7506 4596
9589 902
834 2277
1850 7377
8969 8085
4474 7304
3165 2098
1684 7102
6871 8504
8467 7059
8827 1196
9069 7858
3538 3765
598 8042
5924 2839
1378 6967
6929 893
7240 6620
4878 2994
4738 3839
2253 5868
3616 7634
8212 4758
1884 1545
928 5401
9992 4477
9731 6454
4452 3404
2568 8242
27 7706
8199 543
9613 3464
3940 6051
4344 9311
3378 982
4095 9641
2133 1901
6221 5325
9749 5022
3858 4693
8126 6480
268 1117
4165 4673
3649 7514
8773 8211
3177 5205
6966 1540
4760 3795
8127 7352
8889 2562
1091 7093
5622 8178
1815 907
2915 2621
6483 1886
6363 8357
1527 7681
9811 2152
7269 3809
8650 8434
12 4555
8674 6992
3989 4667
4664 3916
1190 4466
5102 6330
6612 2355
5274 270
757 3962
9944 4999
2275 9337
2027 6764
9069 8321
1376 2178
3399 7289
4371 6071
1186 1950
8075 2206
8871 7992
512 3063
2684 9300
4381 6154
5929 4099
3536 3584
9716 1006
5263 3982
2360 7364
2165 1599
8404 5266
6537 3997
6656 7902
3855 7228
1243 6160
5400 8291
5519 9806
3893 536
214 5298
2969 8102
1734 3818
3228 4349
7192 8315
2379 135
6198 9139
2477 2275
5074 5578
9921 8639
2547 3252
9683 262
1002 1670
2493 6756
9540 3874
1050 1074
8344 705
8342 8179
4656 1147
5505 602
6660 6278
5522 2389
6881 2681
5912 8410
1257 8492
6716 2508
8836 1086
1778 7722
661 1346
3102 2532
519 1959
6292 8203
2774 9379
8568 1924
5658 6059
2227 1369
749 114
1607 3901
3390 7755
186 3897
9886 5996
1358 231
360 7265
2497 4890
9742 9274
4544 9016
7134 8851
6246 3462
6883 1934
5907 7662
8600 7054
6392 1855
3367 5618
6238 4369
480 893
5990 3172
149 2750
6779 1124
7618 769
9747 7947
9562 1969
8085 9411
7020 8184
5845 4422
3669 2660
6219 2644
3966 8504
3521 4688
4310 8668
1099 520
1291 2946
9040 15
7410 9063
7671 2168
4614 2289
1165 49
8141 4523
9618 6458
4181 9002
7044 9536
9918 1243
3300 1899
5457 4124
3012 3392
6286 691
7137 2227
8532 9231
5518 1262
3704 1449
5942 3782
3305 9862
4435 6896
7626 3372
3644 1296
9278 4062
6696 2713
2130 6742
6450 8214
452 2991
1253 7459
7250 3308
7382 5993
269 3143
5809 6692
4413 1658
3964 227
9181 9028
7720 3868
9574 1288
1189 9641
970 1576
8789 1075
2103 3530
2969 6585
6988 3700
8343 9645
2327 825
4605 8395
1468 7904
8127 183
8211 5165
2717 2802
4280 9086
3664 7240
3686 8868
4563 3578
269 9516
2190 3267
2239 9497
5645 3449
9195 6480
1183 3921
6577 4608
8618 1615
4725 9883
4892 6089
5086 7190
3133 7671
3086 8345
2432 3322
7099 8371
760 7014
540 3485
3831 9309
1600 9993
8818 1321
5607 8855
6512 6597
5460 6115
5713 7992
9450 4527
8171 3376
9396 4537
6928 9319
6929 6536
9260 8021
2684 8648
1578 9457
3081 6208
4565 9925
8844 5660
3084 925
388 204
2079 3499
1684 1128
6790 7467
3089 4926
7761 7550
1927 7658
2394 4853
5751 7985
3879 2444
7755 2169
8731 9808
251 6936
460 8366
503 1544
2223 9674
6612 3524
6943 4921
4212 1442
9517 539
3358 1101
6562 3176
7004 3133
9807 294
6467 5461
7973 7300
3678 4330
9457 2119
2403 1531
5823 9950
7095 7392
8767 1155
8829 1491
1669 6625
953 4357
9050 5869
7107 3695
3184 3250
9415 7319
4371 9725
7882 2219
7211 1314
4135 7437
4286 5960
6838 9754
4499 5848
782 168
848 4749
5778 1612
6709 376
5495 3158
9265 7044
6694 6618
914 9152
1100 3931
6075 4414
8558 3765
9677 1272
6858 631
9768 3226
6921 8780
1947 9183
5601 3989
4983 5307
631 148
7153 6066
4690 5383
9847 3988
1898 1391
250 7462
4830 5629
857 8446
4885 5928
6862 8795
1453 9069
5378 9534
3328 6483
59 7145
4644 5097
4726 1074
9633 655
9200 6067
4877 7630
2814 9890
3939 5861
6860 8296
9411 7649
4914 8097
2914 8200
9299 8735
5138 9858
5247 3146
4397 7428
1945 3640
2379 4266
1490 6261
835 9408
3924 4703
6253 1662
5035 6417
7878 1902
8653 4970
1053 7323
315 8537
5930 4184
287 4296
942 1033
4085 9170
1446 8642
7558 9729
6889 6939
9600 104
417 2748
7361 8314
8582 8939
4770 4454
3334 191
961 7072
865 1055
9286 9692
6736 4749
6839 3785
9349 1752
3447 456
9534 4306
2137 6488
2531 4448
9730 4096
7343 9543
6012 8552
4108 2809
6775 7716
4535 3979
2603 1213
3794 2594
2520 4958
2840 4506
9790 1384
6859 7283
4777 2034
7657 5896
5348 1057
4397 7437
7534 1232
5474 6388
537 3436
7347 60
6975 1759
5165 8167
8303 5191
4758 6183
7910 9074
5542 4644
1945 360
5299 4396
1166 340
876 7463
7835 4176
4139 1430
2534 7085
8605 8872
6635 2716
190 4601
6636 5052
525 6439
8339 8880
687 6290
4242 3324
31 1919
8092 1372
8995 1561
3052 5985
3625 5429
1315 7385
8417 5424
5727 3706
1204 5575
471 1802
8482 2386
1523 3678
4618 8158
1832 5837
7058 5047
9922 2721
6678 7518
1289 5801
1741 4940
8982 1326
2263 8227
7695 1584
6946 4381
9342 891
7484 7316
7760 2716
8371 7533
4201 1626
88 3458
5396 9875
3986 8970
2056 2276
2527 3974
1031 2404
3397 9195
3968 7101
6903 5752
1876 792
6819 5699
1654 3925
8872 772
2683 6436
4261 6973
3072 8355
2828 3492
5419 5860
5861 6095
3274 7017
4671 7355
376 6287
7361 1385
7502 6453
4383 7830
6278 3623
5480 645
2202 443
764 3819
1531 5783
3707 8998
1054 189
7801 5243
416 1029
8781 7931
3499 2165
6776 5745
7664 271
7523 3322
9156 9079
3218 1553
4456 768
7269 6807
992 130
7676 8892
6997 5241
1210 3996
37 3581
1427 537
4072 3226
5055 4400
2158 9627
8321 2059
5444 9512
7872 3379
70 9945
1572 1295
2926 2214
8621 109
2810 2717
3085 780
9900 4014
4486 9076
8507 3830
9518 4210
3878 3303
6575 3732
9001 2896
5083 7613
5736 270
8188 8502
4984 8127
9802 7570
7357 1166
2245 8907
3646 4224
498 5134
4389 8730
2211 2176
8722 3101
959 8380
6943 1743
6065 8986
1694 8263
2475 9341
8047 2885
4827 1225
4494 2092
2486 8590
745 8764
5489 230
1279 5968
2735 8711
8691 5729
9781 9126
6112 1189
6121 1129
327 6616
6264 6694
5683 789
3654 4797
7246 6193
5025 4174
7036 6884
1390 7017
5013 9972
5797 801
9856 8288
3385 6683
5691 2183
2079 1945
9992 2754
7248 8733
3137 8580
7929 5788
4475 1181
9648 6354
2424 8853
3585 2155
9334 443
3318 6693
6358 3914
2245 6688
407 6101
4707 8974
6353 8559
4134 4813
9325 8249
5465 3118
7745 7225
7656 9713
6650 4595
4267 6015
3858 5767
9312 2803
9153 1959
4433 934
4143 6322
1332 3143
2631 1874
5825 9075
263 7087
2430 7510
3333 1310
6102 4734
6412 8921
9929 3159
7076 476
3613 1049
2719 3161
1250 6571
9343 1929
2050 6210
3413 896
8039 2122
9924 4075
8311 6479
4436 3577
9643 168
9027 1731
653 673
7845 2490
8864 4820
5660 7835
6025 6724
1588 657
6426 7045
7845 8855
4912 3851
7307 200
194 941
7442 3045
4762 2533
2874 7826
9088 2792
890 8430
4338 1724
7409 2606
6192 8411
2072 4405
6499 803
420 8353
2814 7079
1687 3172
796 4325
7814 3453
1753 7668
1637 8692
5709 6138
2638 2911
4355 3384
1008 9875
7463 1139
3620 202
7998 1472
11 5693
5200 5019
8036 894
2032 5123
5049 7685
8028 3190
5353 8581
3039 9540
2833 3850
7636 2994
7843 5762
4182 6254
5112 5445
3474 6938
6529 4258
9326 679
5433 5207
5971 3839
695 5612
917 6559
4160 781
6339 4191
3049 8322
7066 6224
3737 3933
9460 3745
5693 5696
1582 9869
838 7784
5255 4852
6861 2346
4147 3045
6214 2824
4224 8453
2546 4943
3649 8878
8014 7089
9605 3111
4553 7898
1180 7052
6531 9537
3632 5674
6801 7869
3614 2185
958 1617
9880 6694
7035 3509
3075 108
358 547
1435 6975
8824 9275
2871 1732
3225 7139
7127 2400
894 4031
4666 5804
9538 7225
8412 9650
9299 3869
9180 5398
7059 4499
4459 8548
4832 2601
6432 4242
6461 4780
7001 7297
7966 5012
9484 1910
4691 4602
2188 3855
7356 9174
7079 404
587 6793
2188 6972
7366 755
2746 6537
6315 1202
4883 1553
7999 7897
9663 7130
2847 2216
349 4273
3896 366
3188 3046
2161 5223
1048 2904
6678 8851
7257 5577
3600 5894
5189 6061
8831 6293
5277 3700
1529 2867
260 1570
556 6520
4916 3064
5184 2235
8779 5888
8041 8940
9123 2154
2744 1457
8272 8350
9456 7850
5634 5005
1062 6547
8778 4457
4609 9238
5688 2733
5089 4250
1203 8858
7341 4908
6979 768
1012 5752
8952 5669
6117 8468
7837 1829
9178 8921
3302 3606
6399 1423
1831 2806
9585 3604
255 7955
8033 7321
5729 6839
6199 6681
19 6511
2132 9911
5135 6390
4640 2339
1527 2178
2881 984
7829 5499
5005 3829
9041 7027
7783 6150
2843 6263
3237 2270
6184 8704
6962 8659
9162 2038
8495 6423
8536 6194
3893 9406
7741 3262
2470 5553
2156 5692
9633 7085
5889 4832
3731 616
9650 3866
3819 2291
9204 4356
9974 7701
9466 5844
377 857
9784 9214
9870 4133
5127 890
5781 837
833 5533
587 2069
4683 3735
6296 3640
3 2888
9362 407
5902 8959
4927 4729
8100 1073
2184 2715
8456 3346
8570 701
8207 244
1862 4329
3698 4809
4967 6560
2159 9382
8179 5379
7993 2966
6123 5451
5599 4023
5517 6037
6106 4806
8457 5534
8112 9106
336 1110
8070 5807
5112 8036
1251 8826
4908 7718
1199 2324
1584 6179
5722 1885
5106 5056
1417 9934
4029 6731
2475 2114
3207 6279
5514 4850
714 4164
1852 2924
3440 4746
4825 5087
663 8338
919 8102
9508 4465
1554 3006
1188 2978
679 2870
4365 3407
4735 7106
387 6652
5993 9308
8966 16
368 4040
4505 6592
5628 3985
3565 1514
1028 2197
2204 6763
2337 9451
4066 1277
4461 9324
5526 6401
3578 1589
4102 8517
8496 3431
2912 930
4382 393
8925 2452
9490 9995
7511 6535
659 743
812 8026
5611 38
3035 9955
7747 5245
6074 8479
7926 5986
7642 3220
6711 4750
9122 1029
7167 3697
7657 3969
7598 9325
5952 5864
9683 4160
4299 8427
374 4561
5039 7775
7891 6790
215 7565
8401 7376
8081 2666
7408 996
5285 4750
6290 2886
5590 6499
720 2420
2689 3260
6877 684
4626 8735
9495 9099
2806 625
9385 7587
3467 8604
8782 7448
3588 7887
2641 8792
5113 2178
592 4709
7835 1813
2958 784
8868 548
5527 8419
7229 4473
318 9514
5625 3902
5043 6591
1759 3053
1120 194
3269 4582
4946 4257
1303 1308
7269 9049
7015 9916
2424 6009
1407 8443
9424 1792
1730 7691
9913 8387
7936 8794
4694 3388
1464 8728
6889 3761
9864 9794
8079 4016
8271 3664
4035 1509
9748 3415
1474 3688
6704 5323
7534 9318
6662 9829
9612 4298
2178 2157
3609 2087
9839 837
5049 8388
835 1713
8992 2709
4037 8582
7225 1859
9583 702
2867 7607
798 2277
396 7752
630 9252
9270 4126
8435 7928
9398 3970
5290 7789
1995 3844
8061 7980
6875 3544
9838 9118
5993 5471
363 7244
6931 9549
4103 5173
6712 7724
1722 8075
3127 7597
7870 1514
1650 774
8890 1430
6161 3580
892 2640
2227 8366
7711 8516
5264 5659
3437 4498
8938 9650
7725 4343
945 2772
6013 7208
8789 3720
507 9611
5766 4955
3309 5906
6056 6993
737 9764
2627 4941
4446 8185
3334 1912
7401 7457
6507 8001
292 7314
1094 3154
6880 2061
9447 6923
7908 2684
7231 1134
2086 474
671 4006
261 7102
827 6100
7609 8614
462 8423
5651 7692
9143 631
926 6679
9505 9391
2407 801
4081 5013
440 688
2408 2631
4095 9444
6728 3315
926 7612
3588 578
8140 6661
4784 1491
4521 5951
5463 3776
6478 6510
9643 463
4339 26
8678 7143
730 803
8704 6109
9112 8070
3818 2666
5300 1636
1414 8154
8984 2133
9690 2596
4149 5608
6233 3601
7235 4997
9665 8395
6117 2450
4356 6099
7531 862
8446 4063
8401 7389
2309 8014
9797 4177
1855 3577
5526 6129
4189 7369
3671 8057
9252 9823
8131 605
6028 4115
9947 4987
1522 1484
4395 796
4968 7048
1338 9175
8396 234
9952 9315
3686 9726
9122 8998
1563 5881
6680 3390
9039 5681
5776 1531
5879 9574
636 9400
1517 7229
2838 628
7468 263
3875 1169
8202 8978
8085 1128
3670 2380
4507 9511
9895 735
4115 5433
3732 1805
7248 8560
8050 6201
3751 4225
9912 2543
3058 1740
9950 5330
1447 310
9796 3825
2451 5493
4303 6756
480 7223
4958 7209
3990 3295
1579 4837
5742 2798
1548 7001
7777 4410
1401 4755
6063 3661
7897 4462
2075 7693
9269 919
4163 3939
2270 9980
1646 4986
2122 7363
6654 3846
8441 9621
8981 8543
2917 5558
1332 5337
1704 8049
8527 3424
5705 4068
44 9493
1022 9077
5210 6960
4565 6592
6126 8592
157 4222
952 6503
3455 6259
5316 7083
746 6660
7821 8714
60 3379
8940 8637
9628 4745
5822 3655
8036 7839
9619 4955
5837 4009
8802 3704
2050 7488
7595 6498
838 2746
8005 1533
3986 8215
821 1672
8311 9979
8768 6772
1489 9059
8823 1056
4572 70
7858 8291
6416 74
2232 1428
3928 5215
8057 5081
5873 172
5902 9067
6942 7460
1833 9026
3480 660
3638 3170
2834 397
7171 2898
8634 4152
6860 8452
6252 7643
974 758
3408 1606
7486 7364
9556 7162
434 8120
4325 7495
8348 5024
998 1408
3016 57
1635 5134
859 6205
5472 8269
5818 5927
7594 7751
493 2175
3919 3211
6328 9894
633 938
2153 319
5989 3374
1121 2056
7954 8951
1385 5525
1685 1715
7862 4423
2378 4904
1158 7693
5492 6897
8410 1159
4629 3956
254 5763
4282 4572
3379 2535
8158 1448
6078 5113
8975 9039
5370 782
717 9022
9800 7021
9822 8351
1127 8271
30 9751
2510 3446
5780 6205
7973 4727
9248 146
2068 3141
6449 1873
9187 6988
4931 85
5265 6038
1749 6689
1281 7229
328 7120
2190 6526
420 4074
175 9878
4053 7855
4341 9740
9970 403
1233 1627
6462 9638
5938 3642
9367 5407
1004 4873
7612 6084
453 4250
5164 9481
2970 5978
3417 3890
1022 1915
2732 3831
4034 5647
8370 5795
9743 8275
9395 9576
4272 9237
4755 1492
13 4868
8050 7432
5491 6675
5982 4938
3823 8393
4072 9305
9593 3208
8116 4504
8989 1927
6346 746
2004 6142
2777 9176
3073 7038
9643 8897
4968 9227
9700 8351
5625 3464
2292 3378
3930 8237
4860 5787
2946 3926
3293 2503
4882 5003
3211 1030
3470 7560
7985 2519
9049 6680
15 6898
5711 1731
1518 1761
8603 7649
1395 9548
6761 4409
8770 4239
7846 971
8138 2426
163 1223
2542 7702
7945 1112
2980 2735
2006 4912
8006 4402
2501 2672
5735 4292
7212 9572
9855 5020
4847 5994
4855 8718
1329 8349
6576 6597
8603 1378
3789 5036
5557 7774
129 6666
2690 5170
9523 7224
5752 5908
1246 3535
140 3179
1429 6131
5564 2727
4851 7318
1430 8810
561 4794
6983 1095
6001 1127
2125 2262
2871 805
9005 9168
9128 6455
7697 3213
2410 5044
8537 344
6619 1619
3234 1788
2957 386
3781 6814
5838 6819
7430 4038
7974 2916
1436 1979
3594 3193
2064 553
7630 8104
9471 3362
1512 9057
3770 8654
7855 3240
4845 2288
1073 705
9068 8536
9332 3750
3704 8094
276 8264
8785 4369
2859 2496
2758 9916
2223 7472
793 1553
8182 8747
3374 6294
1108 1389
7345 9
5189 3320
6918 2272
534 2989
2076 6449
1693 483
3451 2219
5193 2247
2349 3216
3908 1425
2393 7375
5652 3710
1674 466
6529 4479
9262 9041
2626 3837
7114 3329
9904 1816
923 6540
7900 4411
3655 894
2412 9501
9362 2473
1136 5718
1357 2646
6835 2971
2616 297
1773 9225
8088 9535
7157 9931
7908 6439
4100 7159
2857 7386
5205 3371
7630 9512
7096 2383
8690 3536
8166 2087
3344 9580
4926 2680
7668 1335
7774 7876
4024 5788
1981 772
4808 716
4261 2497
1540 5227
2703 5342
4659 8968
9047 2902
8515 2232
6878 5437
9807 3709
301 9478
6618 5592
3975 3537
1656 7192
6840 1838
7580 9549
6762 2211
4236 1118
7318 4901
5665 5555
3975 7638
1754 2816
6986 7452
6383 2271
3521 1594
7539 745
3767 7677
1555 5696
351 4645
1692 940
8293 4686
5625 4592
6342 7898
4057 3160
9515 9420
31 1186
9823 1156
8931 9782
7810 7122
4102 3267
5031 9593
4435 4519
8872 4721
8976 3162
3705 25
340 3432
3578 7511
8387 6169
3909 8221
7044 8319
1944 5594
1363 6587
6301 9914
9859 8813
3092 9468
3403 9558
5986 7774
9793 747
4994 2470
8133 8552
5706 6111
2852 399
5545 7022
1340 6108
2141 6401
4159 3830
7953 3251
6049 20
5683 4334
8908 681
7891 4605
851 9517
4039 8781
9171 7194
8331 4496
2149 5856
1574 2317
5200 9861
1913 4215
5243 1469
7696 5544
4288 6625
2187 9018
5548 1743
86 1906
8019 126
5123 3914
1985 6684
6922 3546
6267 7207
519 2146
7908 4516
1233 5446
9691 8863
715 261
4434 7327
5507 3320
6313 2933
9912 9092
1753 9985
6681 6412
8541 5281
2153 1207
9930 6072
9342 2985
6063 6182
7640 6704
2343 3913
9455 5454
6603 1104
1477 365
6741 7400
5370 6884
1600 8757
7391 901
5067 8383
802 9135
7980 8086
1992 199
2305 5443
7688 8975
8449 9820
2948 5136
7762 1043
9267 4121
5283 7421
4730 3891
3545 5146
6697 5552
2344 4134
1585 4672
6087 6715
2403 2400
2678 2112
4708 8223
6123 9874
7324 6686
4055 6125
7134 4756
1688 646
6930 6827
1959 7289
9006 7050
6978 7307
8275 5360
8564 4747
916 1194
2704 7578
4193 3217
4573 435
49 7875
1803 1544
398 9852
9620 1211
9610 417
3037 294
3136 5608
2683 6696
6182 9975
7971 621
1470 3256
5434 9080
2651 1238
9867 7295
3936 2904
3767 6324
5556 438
5430 2555
7186 4556
5563 7788
6525 8042
7398 5223
113 6949
3796 5279
3476 5534
5345 5573
8684 6013
4781 1986
4986 1306
4891 9120
3827 3159
3414 7622
6832 6429
815 4862
7947 2434
7698 5684
3306 9732
5815 2717
5080 4501
4820 7121
3678 6994
1967 1431
7841 4050
5168 2972
3877 9960
8949 4320
3232 5412
7712 3133
6137 9548
8987 660
9135 8754
3836 5046
7589 3331
1859 1644
2315 316
1584 9875
7560 2024
2769 1959
7539 9162
4137 4427
7393 2372
461 5555
2137 274
3976 2574
2068 582
190 2339
2128 2609
7245 4294
2211 8154
8559 5191
6028 7230
8124 6600
5461 9188
2797 7961
9284 4459
6443 3746
5633 4643
1142 844
5139 3781
9697 4060
387 256
6955 9485
7954 2801
2296 5337
342 2478
5374 8756
9279 7999
700 6869
7288 1593
2388 1313
3930 8201
8106 8101
2762 1609
7476 4416
738 3058
1809 4220
5948 3662
630 3575
9131 7864
2371 2594
7044 835
6917 1029
2634 179
6004 3420
9112 460
2396 9475
8838 6070
922 4873
4607 906
3084 6260
3049 3099
9163 9489
4819 7411
5204 534
3021 1641
81 230
6609 6588
3479 9295
8975 7631
5129 2420
5334 2065
3017 8786
2895 8423
2782 7554
3779 521
2866 4090
3293 1222
2626 975
6554 3780
6601 7452
6781 1112
2326 360
911 4446
5193 8054
5236 9654
2541 9390
9352 5547
767 6484
2248 9617
1292 8130
3197 7066
3449 9431
3698 6406
4748 379
3159 7573
2792 9886
6527 5449
2262 9596
5316 8253
6110 3487
3115 5932
2837 6993
5201 6927
4480 1371
5780 1239
4007 6831
9694 6723
2837 8815
9420 9694
9868 7849
9006 7273
5733 7775
3623 1649
8933 2919
1939 8588
8267 7724
5768 1685
7782 6462
1333 3857
4051 5101
248 253
1027 6461
764 5958
7995 7334
8287 565
966 4411
6497 7029
7765 1125
8840 2466
5447 9404
9649 4832
5795 9905
3361 517
9362 3851
6329 228
74 6700
6216 5639
1636 8687
314 7624
9871 2720
4910 5292
4254 2695
3766 5756
2668 4307
6215 802
8592 5408
2241 1628
1595 5972
1192 1120
430 5211
4848 3405
6105 5821
4471 4409
2222 4921
9437 6828
5540 9073
7215 216
504 6817
2448 5188
3757 8237
5848 4628
6996 1366
9703 7926
5943 904
4674 9787
7711 8467
3758 4015
7365 9236
6891 2471
7429 9152
9031 4071
7663 1116
980 4430
1416 556
2211 1390
1229 9414
8159 2955
7895 1458
4135 5824
7658 2273
4179 552
5095 1526
2152 6480
4754 6053
9670 406
6238 775
830 8973
7539 1751
1265 4529
18 8348
6180 3473
9375 4947
3440 2222
7981 4313
2277 4830
3560 6242
4159 3725
8364 1545
2353 5873
4371 1716
1821 6793
1147 4914
2293 8561
1701 5540
9148 4324
5978 9030
9462 4815
1032 7273
6510 1134
2858 2798
8230 8629
1430 2304
3769 3933
7616 3263
349 4457
1532 8837
9684 7268
657 7206
3553 8985
5881 5497
871 9325
8724 4285
1405 1485
3916 3914
5726 9456
3283 1206
9949 1721
2072 2096
6358 6556
6409 2956
9104 1018
5698 9515
5886 7611
2020 663
4453 710
4273 4984
6775 5232
5476 790
4478 3183
5005 7755
9924 7145
3658 4356
2415 1406
5009 9780
6938 3678
4137 8757
8334 2585
7065 5436
1489 1618
9048 647
4581 2687
4292 8326
880 3903
6958 4228
7819 7720
8578 5184
8644 2828
2724 444
6335 1399
6806 9217
8393 2072
2422 6589
124 713
8788 9450
2575 2061
3970 988
821 7286
1332 55
7414 7120
854 6187
8362 6269
9709 8397
5009 6285
5685 2979
6224 7145
8554 9995
5671 8812
2851 713
9118 2976
5336 5883
3804 1025
5156 4554
2234 9615
7013 287
828 7685
2944 8336
2975 257
354 5446
1761 7568
2994 4700
505 8295
5042 5654
8839 1760
3315 3403
9366 5247
1880 3137
4398 2384
2547 9556
2582 4912
1212 2386
9111 3732
449 9478
6284 9033
4678 5519
886 3769
5165 2476
2603 6407
9441 7126
350 2135
3004 1130
9530 6621
2649 7857
4856 7312
7188 318
9248 7595
9325 2036
5995 6032
9531 834
9655 4713
7773 5483
4644 540
3307 1350
4204 5338
620 8495
8464 9253
4097 7160
5549 6876
7486 2208
8813 2868
8329 1885
7081 6516
9675 9673
7404 141
5827 2311
3011 5908
3626 8960
7361 2206
9329 1454
447 6871
1382 9605
417 8302
3062 9721
8963 3745
2908 4592
6450 4432
2071 5572
4055 113
4394 676
9502 8847
2781 6185
8757 4991
2961 8545
495 5810
6449 5833
7145 784
4868 1115
804 8391
9599 5649
1 2863
9478 3493
459 7705
2035 936
8205 3156
8559 2443
4628 8635
8542 3533
1247 8830
9256 7729
9428 8091
3857 8427
8188 8394
9049 3703
526 2818
591 2421
8073 8459
6513 4629
4379 6305
6975 2460
143 8945
8334 8400
2483 3619
4184 8070
247 5765
3808 565
690 2064
8963 3910
3214 5960
3978 2283
1075 437
1708 2841
7170 9305
2033 4179
6199 702
7857 7124
4850 2157
7242 7145
2847 2685
8736 2745
1697 3351
8991 9265
1853 978
2989 1344
4514 9791
5371 7212
2087 2883
4953 4464
3933 4588
1113 611
9860 6514
8091 4933
6457 652
2520 7448
8012 1260
2827 4681
7871 7752
6905 362
1995 3654
7665 5901
7725 3923
8111 8750
5054 9376
6570 2750
6176 8697
3949 1640
9187 4019
531 8434
3128 6306
3115 7570
2285 9124
5483 8282
8631 1198
5265 1506
9150 6384
7973 5472
2834 311
682 5670
2187 7264
3603 7880
6910 7684
8674 856
3515 5268
8572 9792
9523 9266
4120 5035
4855 8265
7670 7633
5580 2027
6940 5197
4827 8901
7067 1709
2613 9024
1409 774
9683 2839
2696 8945
9499 2880
5772 7589
2895 2410
7657 498
6655 8401
6626 8823
5134 8528
862 705
7315 8211
2125 8433
6454 5032
7113 7577
9354 6354
9144 1507
9658 1674
5661 3693
3996 5250
4414 916
8642 6327
896 6748
143 8131
9294 2026
4166 7083
6953 3679
3118 7116
2409 9281
4995 253
2306 9591
102 7393
9410 7472
1076 987
7286 5649
4467 4190
6876 9738
3481 1072
2244 3939
5991 2139
4527 9624
3107 1920
9417 4494
9507 8728
1940 8561
6853 2040
8746 8203
188 5712
8771 5747
1236 8704
5447 4896
4806 9767
9339 9689
7960 6730
280 9402
4636 9950
954 7797
8712 1042
4996 2738
7926 8779
7776 7508
9185 3469
3796 9354
9728 1971
9937 1343
5183 8316
5220 4479
4713 5762
4415 4246
7410 5368
498 5334
1697 6735
387 9044
3066 5685
4877 3360
8121 5339
9236 5952
5851 7041
7702 8632
3958 6112
621 5335
394 9491
3410 6817
5791 739
7355 5493
4109 7310
9813 778
9706 6803
6621 1675
9501 5597
5319 2251
2546 4346
1826 2007
9479 550
5635 2951
8291 2937
6797 4625
4790 6249
4499 3850
6188 2621
7636 841
4699 2256
1605 1915
1947 2334
2364 6044
1813 7390
4264 1880
7380 508
5582 1342
6872 4386
6463 2270
7210 338
6053 3007
2618 2771
6892 4623
7108 7653
5981 6712
4577 5186
3798 6123
6457 3780
6117 3276
8726 4141
3731 7978
7411 7959
2589 2425
6068 3448
2078 6798
5183 9153
4393 1046
6600 8531
9761 116
8683 6511
5003 9925
6594 1833
6523 5169
4711 3752
3660 5328
7187 8876
8204 2630
7412 9100
9843 4173
8493 6844
8852 7085
2359 248
4091 9147
7829 5663
4647 1867
6902 4798
1633 7939
4020 6103
5658 7566
2489 8111
6660 6586
6321 2961
4214 3823
1018 386
8467 4171
1832 3282
468 5951
4037 4059
5938 3072
997 5642
2256 7034
4488 695
4932 3160
2409 6130
3110 4664
1652 7708
4945 1407
1972 255
9559 585
5289 1819
5698 4586
824 7630
3012 6934
8573 3712
2400 8074
188 9960
1313 1701
2709 6046
2168 7846
2902 4157
8515 4147
4090 1924
617 1299
2031 634
2898 4457
886 2444
5795 1469
2291 3301
6839 4601
5412 7064
6249 6413
1774 2013
9775 6975
5378 7430
3792 9570
6319 2348
389 4418
9425 6507
4749 9930
3176 7527
9211 5730
6979 2265
5610 2696
923 4986
2465 9465
9788 6810
3634 9836
7870 2029
2812 7116
5666 4196
1280 9856
7864 6900
6800 4649
1101 8612
1475 4135
1089 7512
5766 6024
7318 5685
29 1070
7413 9792
2423 3964
9323 2200
846 1805
5953 3213
7501 9377
4985 123
4813 3492
2372 1719
7384 3005
0 8036
63 7216
5871 9347
167 7392
1027 4901
6525 9701
4645 6029
3483 1158
4581 8007
5538 9267
5515 3632
5351 3169
6572 7584
8283 6434
4072 5947
3122 7697
9984 3759
8020 4712
6214 7882
9042 3294
8076 1292
1489 5247
2574 3221
9314 6361
8812 8635
2450 8641
4400 2153
1532 1073
4782 743
621 8846
9464 1858
3680 9993
9185 1273
3143 1522
2537 5523
1515 5972
9623 1232
1067 8978
7526 2346
800 572
5190 1351
7361 9597
6771 9998
7234 8099
2739 3956
679 6044
8360 1202
1703 874
3221 7925
5644 9619
9709 7633
486 3128
2072 3538
4719 2864
3007 7441
569 1280
5238 5616
3668 329
3465 3634
7084 6574
2863 154
4910 4320
7227 4622
7371 3288
7826 5399
1109 8992
2375 4664
6119 9102
1409 5945
2354 1726
222 1887
3169 6155
3681 9641
9886 2394
8566 2474
5101 2788
5878 3486
358 1149
4215 5050
2608 2645
5147 1157
1529 5531
2696 941
658 3465
3160 2263
8759 8656
230 1591
1341 1281
2729 9400
723 7044
1070 5080
6539 3865
8109 9235
6802 2169
4718 6763
7451 4680
3108 7953
7402 5801
6935 3682
4635 1549
3424 7617
9731 8122
2157 973
8063 2260
84 6750
6377 3003
8180 2066
9320 8289
2664 2590
9751 6054
1333 3939
526 5186
2226 4895
4140 1454
6327 6109
7927 4959
9309 858
8330 720
213 3957
5388 3531
3541 18
3505 211
9230 5610
3946 2865
793 5507
6104 762
6239 424
2638 5369
8872 357
8612 3230
9499 785
1384 3202
9380 7623
2703 8310
1491 4371
9176 7831
4033 3558
2674 5952
9342 262
4884 3469
8902 9718
3498 3079
1490 8861
8112 9888
714 7365
7398 5549
6488 2322
6963 6251
3624 2460
5926 671
5147 8395
1560 7534
1499 1791
6525 1542
1961 8601
4074 9399
7618 9722
6784 3314
8208 5622
2886 2396
5900 2483
6821 5278
1586 1396
9244 797
2493 7133
244 6321
4241 3714
7422 6948
135 1152
9017 8569
3826 760
4031 7062
8273 7331
79 2223
862 8759
4837 3776
9699 8245
2117 7319
8604 4475
8280 268
6279 7869
5773 2958
1672 4491
7664 252
121 7455
7143 1228
6927 8933
6841 891
7800 7959
7706 4962
8688 4452
6386 3281
5954 829
5547 9083
507 6620
1001 6781
5579 3376
1156 2076
8773 3865
2960 6634
6022 3997
4670 4565
6674 1157
8027 3484
2921 4936
8006 1871
6777 3777
271 6018
5053 4943
2827 8957
5108 6345
3140 6723
76 4508
2205 493
3532 4978
1476 243
6129 7665
8352 4214
7872 1021
9145 397
875 6395
3334 8857
4191 8915
6546 7927
7529 4896
264 1778
2296 9096
2414 2867
302 3875
5198 9702
6753 6810
2606 986
7662 5901
5217 8532
9613 1104
1607 7665
6719 4771
5631 3926
4564 9549
7453 8869
5241 9092
1975 303
7470 4540
329 2000
9606 1578
2744 1195
5271 3139
9140 7315
6562 5190
1526 7508
796 6946
6521 6828
5419 5221
885 8585
93 8835
8934 6847
3473 1791
2523 6262
8249 8825
8091 8958
3559 9940
3378 9600
5812 8082
2744 9043
1119 5951
9011 3240
803 1223
6579 786
4034 2069
2811 6341
7069 5913
7183 9530
741 4644
1273 8364
92 5251
9238 9010
6869 838
5597 2745
7658 8396
8000 8494
1404 6237
5627 3685
4564 4547
6793 6216
568 4294
965 7968
1146 1507
8318 5833
2218 8072
8644 9877
2508 5311
7328 9343
3140 5556
9152 5882
5966 9652
9503 4390
7802 8068
2642 1359
1844 6731
2687 4242
7522 1629
5241 7372
6038 4789
6742 6688
4387 2543
6785 453
4157 3679
9403 666
8617 1825
3613 1895
371 1886
6824 9489
4415 935
3533 26
3495 8194
5449 5651
9266 8878
1144 4366
70 3204
3787 8708
6276 3340
6611 3888
2194 6153
8157 7094
5943 2578
9592 9316
463 2766
7953 8371
8045 4171
8272 2697
4880 5483
6555 8143
2366 844
7944 3450
9806 9907
3296 5960
5314 644
6687 5529
513 8960
4472 7912
5554 2571
7254 8212
4788 3880
7757 7903
4747 2020
3070 2082
2500 3292
985 4475
3370 9004
2061 3956
705 4293
9371 3825
3536 2154
1993 8454
8572 3720
6770 6674
6271 6031
1114 1997
6727 3601
1408 3401
2778 4741
5516 583
7783 7880
7207 6154
5897 802
8730 1744
149 960
9983 18
4770 9267
4532 9161
4536 5
2622 8667
6096 2995
2137 9809
3900 5771
9181 3814
9600 6195
6109 9102
9613 5236
7641 6400
4255 6913
6340 9554
3964 3512
2880 4992
284 9443
3012 1224
8184 8267
7983 9220
8699 2075
3415 357
5382 8748
7034 8953
688 5570
3302 2681
1194 2274
2244 7586
3648 4782
1614 1615
3563 7871
7361 4093
1891 1182
7886 8453
3538 3071
4235 4980
6452 4746
3015 797
3274 6487
5034 9399
6846 997
9530 6718
4833 8440
1626 3475
1504 3773
3005 7719
9157 314
6456 7088
9738 4247
1942 485
1256 1971
2837 6028
7262 6885
9725 1661
3964 3632
2385 7507
1711 9201
8990 8255
2823 4808
6944 5944
3508 7537
340 8051
5472 2302
9560 3338
4037 739
7071 3420
6159 365
9553 1906
9852 6415
1246 7769
3744 891
2195 1217
6678 682
8037 4193
9888 1704
5675 7316
8047 7999
7272 8404
7182 3678
8181 4225
537 2357
2941 5582
7355 3744
9938 6601
1893 5502
8926 3301
4122 7116
5540 6950
6967 5395
2996 2696
6320 6651
7805 1900
6310 4666
2684 4143
1444 910
2147 8393
5337 5682
8326 1039
7952 384
9934 7430
1162 4260
8720 5557
3245 5320
7032 4485
9702 8561
5055 7992
3499 9893
9803 5715
5259 152
4901 6585
7318 4514
7158 9893
4393 1886
6091 1891
1969 6977
2184 3020
4033 8069
7625 9357
2559 7154
3459 3763
5832 5208
7032 7429
4692 2955
5226 13
2740 4667
8503 6212
9576 4222
7266 2681
6957 8108
8019 2910
2595 104
6516 6816
7933 6534
4572 4592
7682 3213
5561 6243
7712 8363
1014 5442
7424 5711
4988 6639
8980 375
5701 1029
8589 4406
9643 6122
1818 2322
4351 9412
4938 2535
2630 3461
3954 5915
4094 4420
58 8159
1246 5481
4994 5167
8667 7205
51 1911
8871 3532
4816 2833
3155 2688
1770 3471
1573 8859
4771 4449
4934 2072
9306 3492
8706 2463
7781 5096
4450 3899
941 9772
8166 6858
6307 1095
3371 5536
4496 7798
2093 6664
5499 6877
8758 6809
2035 796
4197 2624
5244 32
8601 8624
7911 3730
3980 4739
1833 5024
1229 1979
8845 9302
8677 7465
7350 8585
1388 73
6973 8240
5828 2936
5561 7839
1026 5668
5116 7649
2253 4414
8745 9201
3471 8846
2228 2821
2776 4676
2082 2504
1762 2166
8528 3874
6992 9611
1135 4582
2127 7122
140 7849
6430 448
7630 3434
474 6836
249 3890
450 1433
3871 3736
5354 5495
1894 3025
7098 4950
549 8531
5958 6417
8839 9237
3993 3539
1938 1557
5578 2720
546 3125
6849 5266
4063 1107
6179 2431
1469 6755
6776 3459
1489 2139
4238 5824
4257 9002
8662 3342
3412 854
7948 6080
4809 3746
725 2133
7748 4856
1665 7064
7635 1480
5807 37
5230 1453
8912 7015
7821 9080
675 2451
371 892
5504 4571
4648 9653
7857 5952
6693 4725
2265 5927
9545 3517
2248 6470
8312 9748
2167 1452
6962 3175
3630 8138
626 2509
406 6114
7821 1494
1688 1450
9466 9279
835 2829
8129 7429
7549 9582
1068 7060
17 3354
5770 3402
6519 649
4258 5757
9041 7425
5109 5413
9617 8871
7564 2951
8 2434
2704 3919
6729 1678
4857 4042
8460 5802
4654 9085
6527 8767
3435 5014
8647 9981
2721 7373
7284 3955
8295 5270
9074 2058
4206 3126
6876 895
2 6974
3947 7292
1356 7529
8651 9746
6068 1103
4031 9141
4900 6483
7787 5604
9384 8096
5343 3699
786 8250
4708 3111
8426 7556
6703 9101
9922 4622
6002 4807
8471 1736
6450 9748
1187 5063
3443 4939
3408 7266
9887 4052
1271 9771
5509 7891
6054 2805
5790 7714
7856 7782
4604 9161
9471 8938
1275 1677
948 9329
7161 9506
9311 4710
4418 3646
2586 6061
3299 6620
8303 7097
5904 282
9562 5207
7954 5472
5082 7162
216 28
6257 4308
4446 3502
2138 141
5307 2717
9242 4995
1828 6757
2319 6319
9358 9662
4725 5183
7393 9818
9271 7062
5896 2218
403 9836
8788 4877
6630 3299
1264 9927
1255 7127
704 5834
2288 8033
6242 5075
7174 9689
3063 6835
5802 4229
2059 664
4935 4370
2159 5528
1692 8509
3960 9354
9460 3631
3648 3137
112 7107
9979 5845
1095 9269
244 6799
7620 2649
1909 1249
3549 9605
5318 4128
52 1165
5340 3968
6742 9977
6579 8378
1456 6020
5318 9852
2018 5651
5947 813
6812 4191
5372 5643
1445 9794
4944 8771
5498 9562
424 9149
1251 6269
5605 8417
1057 746
486 5018
8756 3751
6031 6997
8777 8365
1686 5653
9968 2268
3319 7735
2716 1115
7640 7325
7588 6256
3894 3210
2790 7528
8254 4633
2683 8596
3256 4346
5206 4129
2701 2553
3990 7842
7497 1868
6810 124
2075 8106
1284 350
746 787
7974 4586
8610 8639
4681 4948
700 759
3197 6071
155 6570
9675 3406
9154 5501
3414 6438
1060 4259
6383 8237
6979 4132
8552 6038
3546 2301
1088 621
5942 7091
9261 1601
2191 5237
6824 9411
7428 1438
5650 6458
3492 3268
6581 3632
41 4112
7189 1292
1263 9434
1525 8588
7459 3504
5845 6015
5622 6531
3321 573
1553 3726
7702 9284
3810 6771
2181 4016
948 6756
1146 8965
5373 8459
5966 9436
401 8055
3048 7016
1811 9315
2570 2468
5292 4564
5847 6395
2772 8559
1299 7555
5021 3893
8067 966
4448 9789
1508 6767
6863 4620
2407 1774
3353 6211
6793 5144
3068 644
8177 1758
9460 4418
6835 4119
7137 4869
8530 4701
8792 3495
8866 465
6208 2206
5290 9516
956 3974
1912 2580
6648 6171
7519 3447
589 4319
1292 8391
3775 6926
4327 9345
1749 3308
8532 475
3704 486
824 650
7364 9294
1385 6221
4445 8317
4015 2186
9083 7076
6726 4019
3333 2707
2741 4213
9276 2981
5401 9420
9006 7334
3755 8774
5979 3667
5696 8019
5652 6060
47 6053
63 1160
8141 6586
1575 6005
996 3651
1969 8585
482 2385
9561 4411
6462 5419
7594 4776
7893 4494
3197 1378
3667 4305
7145 4923
8797 1731
2665 7834
2890 4628
4171 7224
7410 5309
8900 6970
2303 3276
9457 4811
5536 4624
7720 4821
8813 6974
2109 7099
2948 4030
5600 9638
7042 4597
5028 1290
7181 7119
9403 6613
8414 7992
9580 3123
8348 6440
231 3729
659 8809
9231 6348
3924 7766
9750 9685
6070 5538
150 6035
9770 5681
8379 3077
1948 8935
9423 6355
8021 3515
7197 2735
7421 6984
9415 5150
7310 8496
3315 861
8532 3357
656 5185
5201 7286
7254 8863
4237 3530
9420 4309
7290 1324
5187 1619
1973 5195
9807 6330
5929 4796
7221 6527
3949 102
8656 5819
8414 8858
5486 9010
9479 2445
8552 9614
2348 6772
8462 8136
2007 7003
4864 4451
6041 8033
1098 1797
1362 3012
9623 3906
4124 9732
3046 8870
5154 1863
138 2735
1102 2121
5099 8053
5231 3405
4266 7831
6361 3284
2913 9348
5734 3512
3721 6994
2411 2038
8309 2718
3030 6935
9596 2529
5331 5177
7380 7258
5886 2750
2202 686
2898 7057
5310 9498
7520 9440
330 7584
9852 3066
8275 3413
3665 9671
4057 2806
5348 6654
4265 1234
3302 4775
7297 7753
7874 6046
8195 7503
1671 8128
4659 5148
8352 1862
9051 7107
5519 6027
6877 8157
9336 1195
5016 4242
2169 8698
8900 7875
1927 9678
8 1654
2100 7705
4107 783
3389 5559
9975 5384
8256 9825
6409 93
3979 844
1877 4870
2606 6449
3527 9218
50 6986
500 924
1364 485
3871 9405
1850 3688
3671 3838
8918 5681
8430 6263
4200 7689
8004 7609
1325 6549
5842 3429
8454 1287
1426 6023
5108 3448
6683 4834
6878 4282
2571 1913
1669 2478
6622 3543
7839 8641
3371 4892
7199 9891
4285 5205
2310 7030
350 3655
4675 6975
8415 8631
2582 6092
149 2121
1298 6226
4062 3411
6864 209
9985 8285
2576 4006
6260 6183
5099 3726
6054 2903
6948 1602
3580 1101
3596 4659
2201 8677
6661 6259
3383 4009
1678 2254
5730 6688
5085 2755
6515 4551
5948 6099
4219 4394
9658 5908
933 8096
1265 5970
1294 608
4936 1555
5648 6579
9838 6821
1418 6487
8759 5223
395 9917
1380 3233
2765 6337
5370 6496
4255 7380
5525 5938
6107 6807
6 8314
7158 2325
695 1889
1845 1117
1503 345
3037 4315
4320 5007
2787 7122
6046 2013
5250 9145
2218 7977
8602 2815
3853 4765
3206 5788
9584 6995
3046 9669
3336 9005
9195 3083
1263 5759
3745 9921
6461 298
1862 5657
5142 7109
7145 7306
4380 7386
6462 7007
5861 1258
445 8751
2856 9758
8458 5956
721 3499
6560 8362
2340 9121
167 8791
7262 2816
4117 3537
7255 9143
7600 3504
211 9963
9200 913
1271 7873
2739 1908
121 6072
8379 804
9969 2038
562 6336
5916 3309
7597 8650
6943 9433
9454 5675
7384 5433
8516 7152
2575 5319
846 198
2908 1078
9404 7742
1555 7159
9526 7372
9146 4520
4246 3810
8107 4922
5264 7204
2004 1293
4898 8696
4156 8442
4790 9164
4464 572
5860 659
5404 1292
6628 4253
3765 3640
3458 2402
8770 2640
9146 5611
2507 9932
1859 3150
8618 5917
2440 6196
1854 2991
6625 2936
2655 1159
5904 9486
8428 3871
312 6525
4335 1339
1928 9274
4706 8007
8692 451
3930 3711
5428 4197
8529 5722
8598 6347
7363 1636
1311 3540
9295 9575
6015 5166
3085 3237
9235 8709
2750 405
755 4162
8798 2759
9579 2658
3894 9990
791 1124
3630 9017
2056 2510
5568 5349
99 9245
8985 4483
5657 1383
3928 265
2865 784
5784 7672
9840 2804
1419 1266
6155 2487
1740 1541
4724 2951
1254 8457
7392 7306
6499 2594
1625 6826
1180 7249
9039 1417
2528 8221
4377 115
6464 7930
5513 4591
6006 5908
9534 7985
7654 2234
5923 7215
7021 6057
468 8638
4598 8788
2961 216
5340 861
9371 8700
1129 5475
5244 6147
8892 4247
4883 538
1097 2141
1373 3169
7499 5164
2479 3007
8533 2721
2527 9055
2518 6023
8930 9355
8314 3883
1376 5923
5853 1215
6788 7530
3450 8813
1663 8702
4914 9701
7244 9522
7720 821
1599 1049
2634 7461
3223 7377
5018 4236
866 5690
6986 8674
5824 2994
1717 3602
5311 1982
3626 6875
6133 5462
9652 4805
845 2014
7653 747
9272 5965
113 4888
6069 6044
86 3922
3147 6604
6954 6286
7186 9252
9933 6558
7858 9830
781 4590
2388 2381
1480 8871
1316 6486
3803 6829
792 6871
4361 4860
9786 9296
3960 8650
8033 957
6230 776
7582 3349
4409 2746
1106 290
2547 3361
9085 6189
5188 7714
17 2485
1433 3333
4133 1516
7683 5019
3221 5999
9827 2060
2695 4767
4625 2381
3545 8224
2315 635
3925 2782
2218 8374
5430 7223
6097 4173
9109 3242
6751 7522
3228 5929
8788 1337
1467 365
7599 9426
7545 4407
7638 6913
194 4798
6383 2422
2447 9050
5371 7358
5140 3036
2515 9430
3538 5944
6922 6503
381 7232
7745 3906
1319 7998
826 8648
7851 7949
1733 6199
3606 5397
8006 9469
432 6305
8839 4394
489 2767
5705 662
5070 4323
710 2684
9146 4904
1602 4786
5337 3892
3440 6854
6552 4471
4929 9894
8040 5488
9143 7644
8386 1196
2087 6980
7940 8540
1965 284
169 7985
2841 3367
87 9623
3800 3005
3650 5755
1422 6579
6398 4283
766 450
6130 3304
6844 8871
5895 9594
1193 5431
4975 881
5694 908
4883 7859
212 416
4725 2087
5232 2164
3364 3916
4012 2030
8542 2310
7008 4958
6752 5767
6720 91
7288 8262
3647 574
5980 4591
49 6730
3763 7527
4910 9287
481 7593
5250 9418
9776 738
6513 4546
1961 3222
3016 1890
2 4925
511 6246
9282 7117
2906 2596
8256 7140
639 9488
2410 8131
1345 3499
8721 5474
6507 3449
9488 6612
7641 7886
6350 5752
5664 3845
7481 4072
2286 1789
3027 6034
3356 3952
1001 513
1568 4944
4205 6407
5630 416
4885 9097
3119 1053
7532 9399
8634 6456
6151 8390
7406 4401
4274 2028
6418 3136
7529 9016
4979 7747
3267 6523
7901 736
88 4151
6005 3205
1779 562
4338 3684
2098 4343
9852 7076
6010 4441
9693 9526
8968 9845
3269 8773
4242 2835
1385 904
1804 1736
8555 5320
7463 2300
7365 2121
1140 3507
9774 8199
6854 8730
5183 6653
9492 3119
4415 6277
5534 9213
4922 3831
7287 5955
2673 9168
241 3360
9211 5569
5351 3614
666 2656
1587 4536
6136 1760
5856 4024
2847 5128
4393 4209
6824 1378
8048 3990
6187 8178
8171 6902
4805 3937
3305 9685
4264 3285
5251 5176
2668 6366
8205 1788
2147 4768
1227 6339
5530 6680
5457 8124
8572 3469
8018 1262
9697 7621
5658 8497
6131 8801
8727 8441
1057 8358
5890 2287
60 712
3532 8158
8958 260
9491 423
8811 7195
8740 6866
3568 5031
9482 5265
5704 5419
724 258
6766 2955
1285 4594
5356 3588
7045 6601
7281 3658
2517 5125
1042 4621
5360 4262
4615 9799
1564 2531
4806 9125
7232 2680
7501 8271
8208 1869
4760 4597
3427 6420
851 8231
2662 6030
1434 3409
9945 3786
4492 4722
5735 9307
7965 2056
7539 8629
8826 3482
9549 7828
5720 370
7668 201
3062 5044
4966 642
6865 5071
4787 6101
5765 7422
5824 3129
9152 4379
4487 881
3059 2210
3275 7653
1811 7214
4345 9966
4316 7762
7146 9262
8660 5094
5509 7290
1997 315
1265 8822
9620 3469
2376 2075
4967 3652
71 5991
2804 8183
5203 2497
7644 4302
8101 8119
9590 6834
4374 4486
3696 6275
2550 981
2208 8581
6821 5790
9848 4424
7220 5947
3592 9523
9718 7177
4030 9725
5585 3691
9944 8919
6433 8686
3274 3049
9275 7796
6139 5063
3230 5600
6202 2464
8757 2397
3214 3332
5818 6986
9306 1055
5732 3942
5807 3349
1969 1668
3324 5660
111 5771
4113 6673
1333 4941
6977 4888
8414 6482
7494 2195
4005 5280
2734 5790
8444 3561
9827 1029
4566 5185
5704 531
7381 7931
7647 7512
6525 2479
6279 8021
2088 7962
6323 6919
1395 4065
3398 5758
6853 7171
2266 1930
8063 8475
1024 4977
7007 2047
8786 6542
4943 8808
8085 9321
2714 3694
5034 3119
5919 8879
4338 846
8109 2091
9025 991
1823 5391
428 3217
1089 8956
829 1694
9968 1892
2069 4844
5585 449
577 498
1943 6898
5925 3924
3496 3154
7604 4350
5641 9206
9250 9177
7781 1043
9793 6156
7293 5994
9767 7618
7177 8610
7089 2308
5548 3136
1152 4772
5766 6084
2626 8485
180 1251
9676 3801
3106 7581
6659 1481
7904 3083
2058 7035
5746 6951
3013 2163
5457 5479
4796 6648
3407 5383
5371 9889
4920 2450
8246 620
8995 6845
9418 9643
5256 4912
3439 8556
8604 9506
1961 9764
5736 96
8478 5159
1912 9161
9410 102
5423 7353
1485 8917
4631 8272
4350 8856
9590 94
4074 8409
5772 2894
4173 9305
3865 4524
384 6049
2892 2484
7323 5731
4901 2201
2866 2370
5212 7070
3579 2330
4795 9508
5808 1038
8534 4609
8928 2589
3579 5641
8128 1455
1316 8172
3102 7249
2410 7164
4902 2059
7715 9577
3277 8539
5212 5306
8571 2112
7441 1914
6646 2820
873 3869
9593 9046
9887 5710
1859 4372
4155 8182
5996 1842
2912 3147
1106 953
1518 5491
9378 4399
8407 8723
9475 5086
2367 8216
3100 8964
9692 3425
8693 5991
285 7975
8282 1538
5815 9258
492 8689
7403 6698
8770 7365
7363 79
1806 2692
5563 7637
4874 2352
5948 9543
7696 2882
131 6167
2633 8579
7921 7207
93 9367
6556 5735
2681 9046
114 1451
2447 5512
7997 3224
1639 9037
5538 4251
3731 3398
4420 5159
4673 2323
9813 5273
9177 1274
5741 905
6630 8401
9347 751
7890 376
7864 2816
8009 9590
8323 7764
1936 4942
1111 3349
1854 2301
6080 4757
2488 4019
1052 4908
9963 1516
39 5181
8082 7594
239 8884
4488 993
695 9919
3911 622
4502 262
6943 1413
6575 6184
6658 4838
6635 451
1420 6106
6338 432
144 928
521 3561
4621 1470
4534 359
3759 2742
3807 1532
658 9912
9968 1610
7938 398
6650 46
1853 4600
9433 2717
7226 5155
3774 4569
9027 9208
8684 879
7758 7887
1166 5121
4010 4223
1013 3515
4548 4259
6015 932
744 9130
1954 6771
4357 6458
8073 4379
3609 3522
8549 9221
9996 8107
1605 1352
5897 9051
528 7112
1495 8422
1679 9192
5718 6432
8904 6733
6852 723
5669 8400
3359 4058
786 7711
6709 1672
2965 6834
6999 2760
5033 3781
5948 306
819 2007
3569 4102
7845 6333
5647 1224
9536 1411
1349 728
8452 3360
1172 940
5571 9413
7546 3421
2708 6819
7349 6987
4132 5462
4473 8318
6278 6801
6621 858
619 9671
9248 9709
7789 1875
9929 4889
5317 9237
5916 7721
4380 9498
2456 8913
8639 2374
5965 2726
1307 8513
4315 9991
5256 5019
1925 3255
979 8813
6101 504
7747 2318
4857 8358
5900 9982
3003 1229
146 595
46 6183
6757 2445
4708 9142
9883 7384
2700 8587
2012 30
3177 1072
8967 2950
1966 3208
4945 6845
2886 9409
5933 1967
1888 739
4983 3506
135 1560
1723 8128
1551 9304
6419 3215
7211 6767
685 3310
9532 4637
4586 8014
1508 1707
4531 7306
1945 7141
7943 2245
4036 4232
5855 8655
905 153
9506 7987
7090 7919
900 8880
7108 9102
2185 9778
4066 4385
3400 6748
6016 67
4762 421
6704 7642
7698 3708
280 6225
5798 4617
149 4673
9036 9905
4009 7035
8976 997
3695 3604
2129 536
4239 6109
2508 1547
6285 1006
6495 1991
6140 9871
4944 4231
1696 1379
9222 5311
2129 2545
7173 6140
4492 8480
7783 3882
2899 334
4134 8332
7156 1357
9046 379
8007 6139
6335 9998
9904 1340
968 5587
7845 4886
4863 8343
1322 6025
3781 4519
792 9449
1958 5652
3788 1337
3542 7229
5435 774
1175 6299
8819 6397
7703 3518
6925 9738
2870 1599
8415 8974
4454 146
5598 7196
363 8763
2112 4800
8386 4873
5487 7260
5277 1347
5994 5217
5868 2942
8613 4742
7848 2616
561 7912
9272 6532
7367 6846
9607 5810
8637 7176
8509 5450
3003 9908
6729 2613
8151 5436
3072 3865
5004 6991
4063 5007
9593 2554
8061 6578
3686 4531
3116 2453
6514 3650
3230 4978
6248 7789
3027 923
8079 2782
8176 7855
3056 7715
4732 3499
6707 6705
8389 1337
4066 5766
1808 3082
9071 7002
8701 8844
3233 2849
5864 6872
7113 8368
11 3610
4900 5817
2865 8622
4793 3924
5 644
4786 9116
2985 159
7223 2548
9620 5295
7333 6596
611 2009
9198 9188
5503 4640
2955 6387
4591 8979
8492 3620
1444 7635
8527 8694
4562 1790
6959 5439
1663 6333
3892 9428
5716 2950
9144 1975
9696 3983
9898 8110
5868 4848
8075 9868
361 5907
3782 5550
9670 7067
8781 7764
3357 5854
7790 4665
7181 1041
9556 1
3522 1806
4362 1807
496 6324
1338 3744
7903 92
692 3095
7312 2275
7354 9030
478 4441
3992 6758
2000 6420
4225 2707
9483 2962
9492 4630
3972 2729
5230 4112
9954 5277
5849 6352
7874 5485
2113 7874
3620 8538
631 645
8227 1254
2031 1574
7858 8516
820 1038
1650 4450
444 869
3200 3856
4934 2353
6507 1100
4943 5343
7315 7019
9315 8989
9885 4453
833 1809
7747 1646
7448 7242
6424 4285
6477 577
2185 1371
319 4251
1007 3561
8913 782
5041 2382
6550 1821
5255 5564
5660 2546
4217 1118
2094 7607
2358 6544
2957 8017
9984 1675
5945 9434
7044 108
5578 7258
8535 8895
4699 4416
9676 4637
486 5602
1555 4927
202 9935
7355 4814
3224 6509
8616 1801
4862 9749
9744 6258
1962 823
8383 3461
1425 1930
9818 7686
7512 3124
5520 1894
7230 3507
5773 2850
3181 2022
7352 3032
1285 9867
2476 6070
4969 8037
8820 7137
6133 2953
2799 9935
2108 8197
2052 4401
3121 8222
1807 4353
2587 4101
3928 9444
4492 9046
8965 3963
9722 332
6630 2492
2972 7172
6942 3992
225 5532
625 2857
569 3128
7977 5930
9847 2913
1539 9955
4334 6506
2838 9935
4537 6961
3907 2219
3479 6525
5320 6734
8403 3002
8815 8080
850 4687
4996 7304
6101 1080
8243 8950
4798 9109
2240 7337
5135 9470
9664 7437
813 4609
6292 2341
7988 5978
1702 578
7013 4333
8491 1213
1114 5475
41 2743
2395 8287
8338 6970
6568 4956
6767 5434
3398 8069
5128 5038
3271 4976
6383 2630
418 9272
3660 6424
2865 2581
9523 8010
4809 442
9058 4910
933 763
502 4309
2155 4265
9150 5729
464 4172
439 6444
3223 8876
838 6014
8404 2155
5044 3727
5503 9842
4323 7946
5908 887
4031 4889
280 8904
1968 3091
9574 6263
9532 8559
5159 1217
3145 2835
1855 4860
5856 654
2596 5357
2957 4814
8506 6308
1731 5406
234 8212
9100 8000
8177 2579
1598 291
6516 5274
2266 593
6417 2729
2910 9672
8865 7067
2601 4611
6618 3281
8398 3796
2369 5757
4626 144
8365 749
8704 5638
2502 2226
9148 5358
6971 9309
421 2219
8003 5621
8787 7772
7148 3463
1535 2580
640 8842
4818 5748
8677 669
3590 4690
8211 5744
5944 7465
1344 9852
9167 7212
5239 5328
3911 9272
4680 5513
3878 5093
6105 5276
3440 1480
5977 1187
1397 2696
9173 4067
9607 75
2452 8470
9802 5117
3933 3017
1396 2109
7272 5156
2485 5651
7874 9681
9136 8321
5562 9691
9798 8342
7576 1173
2228 8553
1005 5139
3955 6600
5078 1945
9517 5580
378 8351
479 1577
6867 1821
6282 2047
8281 6249
3428 7248
698 5530
6523 7951
4182 2327
2042 4017
4966 5809
5252 547
4108 9498
4300 6455
2726 4529
5431 6332
6636 9900
410 7112
2521 1888
1277 3893
7943 2959
4577 4438
2211 1326
6269 3109
703 514
4212 3754
6390 2919
4115 9225
9498 8381
4198 921
7609 3087
9498 2173
7838 6753
8813 3264
3044 6213
1666 8546
4838 3258
4640 345
5729 5506
9354 9574
7019 3807
9337 7462
972 1113
5478 6945
9386 6638
5604 7906
3060 2566
8841 7204
8980 3922
6478 3845
6855 4337
1740 8313
8473 590
8038 7966
729 7274
7317 2279
8796 8545
7214 2296
5293 4764
6608 5901
3858 4642
954 167
2618 7739
2953 5092
1762 979
1471 2490
8438 7976
3999 32
5861 2448
8645 3112
7102 793
1779 3133
5655 3406
2181 9717
9276 6515
7078 7811
7844 638
6636 7340
3519 5554
7406 9523
2763 7257
1734 4867
7414 5805
817 6825
7054 6483
4802 2812
3332 2980
3207 9482
3615 8954
5860 9056
4845 1363
5979 7861
4196 7893
3230 820
4887 1870
1115 3364
4932 3847
7061 9125
6010 1669
8067 7753
2968 6923
5650 4765
1104 3759
4966 1267
1082 5591
1262 4014
4021 6272
4596 2744
1848 4955
9748 483
3399 5349
6404 3786
8801 3969
2562 4515
9462 3443
6764 5285
9462 5948
2503 1440
4773 7213
2019 8684
6282 2810
6326 817
6135 4877
2581 2960
5730 6244
9362 1550
2834 312
1678 699
1734 139
4207 4866
3871 6525
8413 527
3837 5242
9671 2391
1863 8851
1267 5017
3652 1432
8018 6736
6375 2192
1473 6497
5304 1028
9948 4232
7452 7582
5949 1129
422 9705
3154 2805
7927 8789
7565 2636
161 8857
3012 7577
186 1877
185 7150
732 9844
8548 7548
4265 9114
909 8543
2139 9216
1526 6229
5482 5225
5972 1513
470 3535
4862 6944
7508 7343
8893 9759
1606 5438
6180 1719
3283 8758
8986 9487
4950 3234
7570 4300
8066 3170
6508 3518
7058 8234
6756 6122
3854 2813
7127 9456
298 8610
7926 6424
1433 5120
8772 382
8912 4460
953 7783
2485 3563
7305 9199
5509 3174
143 9265
52 7290
1522 7730
4432 9432
9274 2442
4815 4528
2316 8928
118 2692
6768 1809
91 892
2324 7148
6802 9943
1609 5149
948 536
891 4884
8686 196
7967 4593
8534 1174
1108 1519
5224 6509
5900 3642
3774 9540
7300 2238
9950 331
3087 2525
6173 6551
4017 6621
3697 9123
1495 2300
9717 2496
1876 1008
1061 4017
4629 9343
9929 3404
4694 4856
4367 8877
8574 9965
6337 3949
8661 3550
3525 2698
4951 7954
3683 2276
2800 2340
4913 484
118 696
4938 1832
8102 4953
1566 2159
6695 2032
9347 1662
3931 4195
8761 6236
3812 4583
8331 7169
6307 115
2992 1461
3579 5060
5409 5320
901 166
5510 270
5148 6678
4282 9556
7928 9841
2413 4468
2584 5911
8519 8176
2264 8178
3257 655
5410 6509
544 3633
8721 5059
4227 2033
3297 8726
6908 9510
691 2456
2035 3893
3036 1849
9094 6951
2188 7133
6949 3315
9052 8121
9529 8680
5488 9322
2677 7288
9389 67
8228 1668
5348 7873
8226 4368
2828 4044
711 3651
5214 4524
3102 2174
6442 4325
5764 6102
2583 6081
1931 5920
4519 6041
4014 1304
7704 8895
8159 3421
4759 8027
8956 3900
4544 2816
3232 5032
7872 2379
694 5363
8667 9815
8729 2476
8393 1039
118 2197
8172 1873
4835 1551
9181 9275
9097 2516
1780 4246
5084 9793
9365 2123
5243 8606
7719 9622
7411 460
4209 4662
5854 4634
5950 189
2297 9139
8783 6442
3731 119
1807 9825
7473 6372
82 6260
1630 1106
3446 9328
9792 3080
3308 4519
6470 846
9056 2917
8605 7840
4787 353
3170 6459
8522 450
4785 5287
1247 8619
2316 7409
8453 4613
2760 9396
266 23
6209 2979
5317 5796
5166 8646
2846 4898
7327 1567
7757 9490
4771 6248
7210 9169
9062 490
4868 8682
6215 3932
7661 1797
631 6919
7906 1904
2381 9730
8297 2217
807 366
9123 6469
8667 4576
9312 272
6508 8518
9522 625
424 6344
3578 3753
8174 7885
4431 8249
7613 3031
8685 3565
9463 8540
6697 8680
1252 2353
1043 3597
643 4405
4228 2071
2875 1512
2967 406
4624 534
5156 7687
9298 6676
2487 4302
6031 1638
9808 7490
56 5498
6387 246
5472 7109
4399 5952
49 3175
8588 71
1433 6861
9773 222
4834 1764
1733 4199
608 9989
1911 1014
3955 2193
4197 6963
1036 2234
5242 7179
9772 4811
5619 4276
3127 5605
4519 1931
2904 1799
7816 4252
7358 634
5922 6061
3316 3398
4192 2503
9103 1317
5742 4770
9728 5714
3496 9469
7513 5836
546 518
4908 4749
4769 5276
8543 6417
2630 3134
4796 9110
7307 7983
1925 207
2262 6889
420 1844
4618 7435
5393 410
3469 1457
8317 667
3029 7839
9850 9681
5915 9833
1885 6612
4321 9345
3660 5197
6255 2286
9650 7846
905 7797
9090 3729
3549 5607
2856 1890
4041 3527
2394 3865
2201 8726
3133 9616
7022 7741
2404 2717
1226 8502
5299 2212
3975 3943
9619 4541
3879 6861
14 3533
6119 2977
9977 7731
6253 1945
1202 8946
3472 9966
5871 6262
3382 452
3237 4869
6296 3148
5786 9795
9874 9714
1058 8113
4743 8291
3046 7556
3826 9840
3668 1230
3079 327
6207 7131
1495 4260
2502 6249
9378 2788
5490 4468
4791 2817
3609 1230
8391 9647
801 4760
8040 337
4830 8352
1493 2057
7211 9495
1443 283
55 1565
4814 3308
2471 5034
8801 4524
4490 380
8757 45
1402 2937
9057 3695
9549 6368
5200 5994
4299 2496
8496 6199
5610 2052
2230 3212
5014 1849
622 5170
5532 3534
8768 6931
5717 5255
4479 6709
3136 2718
9964 5982
6520 5894
247 6244
9989 8733
3013 2210
1614 6350
5245 728
3660 3984
3356 3232
7785 9231
4568 2824
5607 5765
9762 7153
2638 6388
6212 9187
9005 162
442 7243
4466 8642
4958 9314
5060 4859
5611 379
3741 1687
1763 3112
9910 9210
5196 4169
1466 6829
7253 7731
4236 9958
1494 4953
5653 9414
405 5114
8005 9903
4805 918
4971 9519
8905 6654
6224 1629
583 2807
3805 3871
6551 8875
8796 6069
2682 3196
6700 7814
5064 2214
6463 3606
7601 4096
9902 8880
6805 6830
6348 5334
1568 1798
343 2738
2477 8476
9579 1447
9627 9501
5568 3449
4989 6452
6340 6902
891 9837
2660 639
901 580
4467 1367
9496 873
5901 8296
3049 2706
3429 4140
3887 9692
2235 5534
1789 736
6457 7789
2093 7326
1228 5642
8376 3353
4224 8063
7377 6079
7492 7916
3057 9186
3309 5727
8221 1992
5223 6527
5541 3676
5398 358
4486 4078
8522 648
1534 7854
8960 4724
3439 3088
2069 3382
3052 3852
7365 4838
4081 8358
7218 8833
2896 7893
5617 6177
8630 9041
4415 8412
6732 4654
7585 2118
4456 5296
1304 9604
2260 7610
4530 334
4102 2070
1229 192
9407 8035
5719 8478
496 1478
8290 4225
2725 1343
435 9698
7573 2042
8297 8945
8610 1309
7498 1618
8139 1172
1497 373
2274 1239
8308 4113
3415 229
9338 2029
9074 5072
2154 8138
7344 4404
1430 464
8949 9621
6423 8692
2528 6740
5273 7347
5420 9837
7623 1709
5522 1969
4546 1248
3980 5835
8042 5552
5685 1168
367 2609
2972 680
1985 3057
5175 7988
1028 3300
1635 6971
288 3868
5178 8421
5540 9989
1646 4787
2554 8235
9777 4520
2598 7337
3895 1000
7848 7647
3091 4876
1297 6751
5758 5983
3986 3268
631 3625
4735 639
5844 837
2147 4703
22 2032
1309 8732
7339 4481
3928 9121
9612 8223
1577 2323
1687 8628
8865 7954
871 5708
5650 9100
191 8793
5759 1512
1414 5735
6988 1509
2891 9783
1652 7424
6058 6122
5465 12
6135 6252
8869 5553
2167 7514
3776 5555
2767 8817
5243 9022
132 9557
5432 2619
8720 2650
3293 4626
678 1523
5309 1260
9853 9156
2806 3411
777 5110
346 968
3191 4807
7173 2497
854 7132
9805 3581
4627 4452
9848 4613
9309 3785
2215 3409
8760 982
6767 580
5533 5376
8776 4822
1710 914
1439 4172
1830 4169
1318 2805
4047 8520
124 6019
9021 7529
9847 7828
8488 7201
5996 3549
1496 7295
8641 3410
3305 6321
6891 8660
4157 3378
2913 8919
1600 4964
417 2143
8183 2566
8704 3079
1650 8850
2637 2653
449 1174
6831 7677
1858 5004
1741 7449
1352 7000
844 5906
1575 990
1955 3525
1484 8814
9450 3157
2090 9133
5633 897
5407 7041
4509 4145
1477 3224
2445 5442
4852 7238
5403 3324
180 1929
9357 8797
6817 7146
8443 3380
3255 3795
8252 4171
4445 8599
4409 7474
2654 1602
7155 7396
2226 8799
9264 4312
347 8224
4496 2151
1035 2589
5518 5796
1155 7628
2673 2093
1478 2329
179 877
4509 9938
2969 7723
9427 8130
3617 2002
8048 4664
4666 1086
3907 2547
7309 9616
8745 7164
505 6510
4106 5760
9932 3242
9906 1865
6077 8845
7149 6056
6054 1840
4892 1536
6800 8119
4708 6930
3030 6939
8565 1889
5372 5842
7848 1041
440 1004
6834 7169
1966 2445
4933 8162
1865 594
598 4179
421 7538
2505 1259
7946 8386
2392 3122
915 8693
627 3659
1085 7647
1985 2978
3483 5108
596 7774
5398 3217
2219 8628
3713 7814
1905 3560
9258 8335
3362 7680
4253 5678
174 7159
9427 9591
3958 570
8119 6936
2852 162
8425 8706
1879 4719
1228 1784
6939 5422
6074 6115
5863 9799
7 5599
6688 7749
1906 998
8491 1618
1944 343
5296 2671
3107 8803
2266 5837
2960 6804
3386 4747
2494 617
1388 5980
6034 5762
6913 9604
504 6069
1643 975
2243 9195
4055 9070
2486 1931
7957 9855
6203 4448
4419 759
8144 7081
7975 2415
6018 6861
4667 5576
9505 2616
5107 3405
1939 9047
3930 7460
5284 620
9466 5552
4459 7854
2187 2774
456 1569
9475 9993
4778 701
3035 2852
8909 1070
4706 244
8912 6775
4234 6816
3028 6387
4560 5733
2577 9338
6234 722
8419 492
5673 4429
2353 8941
5150 8113
2558 3741
8025 4757
2488 6690
2636 5273
1934 8069
318 4047
3615 2486
8715 2180
4558 4941
1913 6810
7585 1198
5957 4419
536 2168
652 5436
106 5866
8566 1044
7131 8178
4380 2151
155 5764
1818 1963
6856 4467
1728 5718
8707 671
5682 5834
7984 3339
6319 3822
2343 7577
4079 5611
4407 5941
86 8784
6122 7307
3925 3298
7732 4710
143 4339
6965 5525
1497 5565
3742 556
8043 5532
4528 3509
7651 4213
9568 7280
1097 9511
7478 1614
8524 2221
261 998
3419 7548
3045 9395
2321 719
6924 1898
5463 717
9867 2939
7693 6820
6180 1411
5348 2004
7161 3820
7474 9914
5600 2594
2840 1495
6308 3266
6401 7437
2101 5857
6896 6070
1166 9190
1420 4320
311 8181
8408 3225
9921 1641
8555 2067
9119 5917
9678 5043
5780 3208
6819 3676
4615 1779
3123 163
7443 6343
9248 8671
8747 1368
5577 8784
570 8424
1036 4249
7097 8393
9029 1514
4858 451
9893 6478
7745 5630
6366 574
7875 6925
3338 2896
4454 9559
7420 9904
6280 2131
7966 4920
6139 5423
9929 5087
7741 8525
8163 2828
9943 3739
2387 2934
3067 317
5648 5402
2064 4361
2039 2919
5275 8911
1867 2953
1315 9139
9575 9024
7062 2473
4399 2204
2346 1995
581 2999
9019 7673
5207 3215
5939 7150
8837 6015
5673 5292
5232 5898
4400 3139
2990 5955
1567 8275
6891 9531
817 171
4313 4776
3011 3085
7063 5646
8427 8352
1168 9548
3928 6433
9563 6310
6884 199
6112 1611
2741 9234
5802 1922
5299 8592
3495 9318
5717 7707
108 2811
1988 5666
3397 2603
7841 8227
2715 578
7538 7426
7583 3730
7239 8248
850 452
9723 3642
5015 1052
8406 7365
5872 8759
3183 7651
9557 9732
1807 9565
1027 892
577 3326
3616 5775
5349 7359
1117 1101
708 4708
6261 9837
6317 7442
9506 3021
5358 9515
559 6551
2126 9080
4807 7453
7927 1089
7196 7393
6610 4140
2660 3203
683 8512
8286 6663
9571 8565
3763 7794
4499 5835
9687 9585
8142 1267
1262 4006
7744 5917
1179 4976
1443 7374
3652 8486
7376 3374
7921 9232
6114 5340
9299 9619
3014 1647
8818 2054
7470 7738
9567 8165
6294 9514
9176 6626
7966 5807
9338 1346
5813 4293
9872 7515
3575 4126
1833 57
4829 9597
7928 6423
7170 3281
341 9440
5110 5485
7105 3634
8556 752
1686 7323
1454 7622
8525 5139
9408 8634
6985 7430
8402 8454
7873 7308
9582 8329
5211 999
1474 6835
4356 8761
5272 9696
8076 7967
3600 7631
7022 733
1615 9645
1309 7735
817 4163
7641 9050
6313 3561
6929 3717
8346 7989
3907 135
6302 1956
943 8310
1555 3524
810 6809
6630 2012
9517 3875
1255 4824
6749 9197
9324 9076
5398 1790
65 5044
7041 857
3213 9311
1157 8275
9713 1526
4217 4016
8137 4308
7207 6618
6949 3267
1821 6460
849 5784
7853 417
5951 3405
6564 4276
7143 4906
343 9923
9429 6846
2329 4613
256 415
8425 9685
4075 3436
5336 4699
7700 332
3529 3189
1898 3013
913 6791
732 7562
3342 8492
5373 482
5684 1527
1971 2241
6034 6139
2558 2629
9540 9459
7814 2847
1297 6558
9917 524
6820 9931
3347 144
8664 1118
1625 6606
9628 1964
8093 693
6422 8008
2804 6938
2708 6202
8741 2766
3149 9913
8434 4029
1414 9189
3538 9171
7249 4371
3914 3915
9424 5974
5690 6980
2599 1814
9203 4465
8255 208
3862 9678
1319 7466
5832 74
2389 6993
1234 4374
731 6433
7044 4985
2644 5904
8281 2077
3773 2375
6166 4441
5952 6670
4652 8364
8956 2979
2798 5939
241 3191
2572 7591
5527 2773
7085 9974
4254 288
7307 5484
9807 4984
5256 4461
642 7928
9055 146
1321 3359
8246 1614
1193 5576
911 4636
5145 7513
1165 5079
2884 5989
7363 4629
6008 7934
6936 3745
2016 1226
2823 9780
959 5793
2003 5391
9875 2753
8024 6583
6473 2541
604 7837
7231 2408
1525 7993
8340 2618
9380 9090
3468 5822
1247 5261
6800 9432
7420 2416
1186 2693
2680 5762
1438 3136
7304 5185
7947 9662
423 9231
4833 9320
5631 3369
9733 2675
2659 773
9200 9853
2968 5608
9934 4901
5251 6498
1585 8023
6237 9479
6662 4756
4324 4826
6367 4074
4251 8136
5376 1973
9458 7214
5093 9089
3584 5735
1376 9739
2972 2374
4113 7939
7659 9949
6029 160
7284 7480
1185 1520
7376 4793
3920 8394
9997 6865
3960 9107
7409 5607
9811 8824
2699 3320
9993 8734
7013 8107
2595 3716
8437 9999
8026 9362
7556 3076
4654 9105
6246 8419
7907 5798
1943 5547
2901 7788
7943 6281
6700 1037
2540 4467
9370 4013
183 5025
7634 5027
1569 8360
7715 4564
6195 9796
257 1614
2564 9410
2981 7838
7549 3431
8459 446
6441 7169
2777 7839
9656 936
4655 350
1810 9792
5001 4374
4825 9245
2386 9395
840 8995
163 2126
2536 7370
5353 1146
9649 7242
6581 7081
4012 2041
4540 5467
7591 350
8479 9429
9586 561
4757 5146
9239 273
7364 4137
8183 3969
2510 1010
2174 5024
4008 2134
8856 3139
9894 5754
8894 2642
9106 8615
6408 9852
5772 3442
6503 5319
9995 9795
6442 4584
5042 4884
4589 603
3693 8952
8531 2800
2778 9893
9096 9074
7285 2687
4697 8965
7740 483
5135 9611
9089 8652
7366 8835
7470 1798
2091 8576
6130 1581
1540 9297
3786 448
8330 1153
123 4136
7938 8957
283 9279
3897 9870
2591 4111
1325 8675
4991 9256
4408 5500
3110 5388
9639 8676
1702 7963
2890 3228
2792 7943
4964 6320
1025 3555
4897 2873
7504 1517
8951 8670
3363 1652
5062 7928
5817 232
2409 1617
7043 2861
9614 9015
8100 3499
4098 5842
5896 7206
8117 3680
336 9989
1613 6762
6731 9776
1751 7461
112 9675
8392 2135
5479 2153
5681 2051
264 7375
769 7539
7932 9703
8292 9969
2592 7277
4649 8306
2967 7946
8082 1087
5439 7434
8708 9378
5836 1596
9439 2073
5024 2790
8999 2106
1388 6594
3056 84
1728 9496
1273 717
6494 6809
5967 8797
1693 8006
7602 9750
8057 7995
2084 4110
5672 1724
3997 6315
3688 8986
8269 7419
3427 2881
4537 6412
8260 4145
4822 4238
1668 7383
2516 2707
221 8888
3361 8752
7360 9162
3375 372
4897 2734
927 2321
8608 7773
8252 7323
3763 4478
5173 3900
6382 7010
1810 8914
869 4636
1672 1622
3112 1168
7351 7178
397 7639
8368 6926
6044 4780
9812 4462
5267 7863
4360 3020
8090 9939
9285 1541
3921 2925
1643 2227
629 6923
5318 863
8065 8631
2953 8272
8289 3383
5030 9589
4114 9243
9999 3482
6230 8482
8919 7290
4435 5976
5826 706
7867 2144
5787 9646
2214 4938
6452 178
603 9202
5992 7063
9806 8597
6157 7696
4531 7088
3013 3543
5680 1975
8035 6889
9569 3902
5066 5115
6853 6775
2961 9960
2390 4937
4451 9928
8662 2314
4035 9246
5093 2313
6221 1486
1694 9082
2936 3609
17 7247
391 230
6796 4831
1951 2895
3922 8357
7570 1797
9725 1912
6474 5569
8496 5762
6913 1897
3621 5248
2125 6619
1990 8757
841 9448
1959 8107
1711 8256
496 5415
2866 6294
2472 2504
2711 9503
7980 3452
275 3949
5072 894
47 2419
732 7104
2809 7588
5896 8832
5045 2444
3906 4123
9824 5722
6892 2971
9508 3032
5027 4974
3800 8441
9241 4197
6671 158
1572 2565
1729 917
3184 2445
7814 3439
271 5140
1582 5804
4737 5935
9087 7846
8367 1229
7878 4614
8592 9039
4990 102
8926 5894
2366 133
3827 3386
5996 4816
2958 5285
8847 9667
9170 570
7443 8396
6525 4389
8646 1240
517 3825
9775 4700
7918 9296
3854 1394
2249 2122
3406 1038
4103 2884
5879 4060
2219 7644
8353 9224
861 7776
5634 7194
2778 3368
7016 9660
2345 150
6771 4889
4953 9064
3097 9683
230 7383
717 4865
186 5600
3690 7140
1871 1309
5577 1300
19 8591
5954 4795
9029 2793
6334 1486
8476 6556
4955 4356
6519 2475
761 1924
7167 8858
9570 1023
9992 6504
8151 2103
7206 8438
5589 6907
5053 2707
3062 2608
6977 1909
4691 6685
6347 2118
5527 3667
9757 5145
7247 9031
6204 4167
5598 6398
7420 2427
7677 8708
3515 5878
192 2584
5539 639
9875 4247
7139 923
7363 5444
4551 9253
857 9761
1363 9450
4289 445
991 4419
2313 5034
1116 6784
6100 8809
453 5310
6495 2677
6880 5284
6315 9881
132 4192
4137 9374
5205 9593
2660 4084
362 1152
6199 4540
7776 4776
2607 3281
9863 2719
475 4785
4138 9720
5473 7803
8252 9111
7690 4599
9630 5080
6861 988
1661 508
6922 3010
8136 6593
3916 1813
271 6412
433 194
6231 8390
1382 7857
1002 5280
3771 3215
6395 9061
9831 5671
4199 4043
5892 333
7415 3252
842 5927
7314 2407
1242 5176
7647 2678
1424 9849
9096 621
3036 1990
587 8134
1498 1091
2890 1771
3069 7401
5906 8697
5386 1505
5816 3517
4656 9628
4639 2974
1734 4973
9159 838
9133 6467
975 4254
4069 5654
859 4789
8027 397
4272 8189
5439 3034
1388 5699
9171 1363
836 265
4320 5582
661 9521
2691 7320
7147 1528
3893 4274
9344 3436
7336 2840
5548 332
1500 8783
363 411
6146 3675
7340 8256
8552 1850
6661 3996
6771 7168
4436 3465
3179 5856
5408 988
2976 5540
3823 807
6010 1930
4897 4990
3214 6667
1545 6451
8812 712
6059 8288
6373 3075
80 1569
8267 855
8471 2939
7664 2278
9175 5325
7392 3805
2543 3073
1195 5541
4718 6479
1546 9753
7342 2575
5315 2111
9274 1720
5400 7749
8849 9194
3081 4234
9107 3445
5786 4982
7464 4243
8831 5766
672 665
2771 7096
9429 4709
4360 7695
4444 6708
793 3475
155 1651
4300 3129
4436 6592
915 3323
399 4653
4289 4819
6343 287
3033 9433
6954 5737
9650 4439
2708 7856
7720 5125
4037 5307
4156 1365
5614 1562
9915 8893
2924 8591
2027 9565
4427 109
8242 9580
4571 3323
7441 7428
2368 1957
9246 7638
2211 1264
6687 3355
4742 3208
4194 4088
2117 8920
4122 7292
7672 4676
5139 4442
4165 9702
9255 2094
8194 1412
729 382
6600 5499
6158 622
8899 9194
9163 5040
374 6925
5034 2598
9563 4035
6662 3157
1960 8367
7094 6200
2125 4536
1351 8894
1786 3037
2433 6209
4302 4489
2795 9012
4442 3326
8283 7928
1283 626
1941 2315
3398 3027
3445 5629
5334 5079
9000 7488
6962 9524
4596 7340
1282 3673
6649 9133
9503 5751
9935 5050
658 4352
334 802
9764 9146
1260 9428
5413 6720
7888 9707
3273 486
630 7652
5884 7254
3724 6798
374 3820
5545 8669
5274 1946
3197 1163
3608 1545
6564 2220
1635 5645
9892 4252
2860 3075
1381 503
4653 8857
9568 9972
7682 9290
5328 9087
6337 3270
8469 5362
8666 8186
1496 5887
698 1264
9449 3085
2042 5414
8308 9804
7796 3491
3058 8822
6261 9772
8731 3172
4958 5218
1673 7035
644 6005
7543 945
632 4761
1977 8528
9905 1331
8502 6069
2133 2752
3119 3061
7463 8610
5507 1774
2890 1368
3403 3925
1459 5273
3169 9985
4476 2733
7966 9474
5365 5096
3568 8959
7094 4404
1786 8764
7919 1113
5509 980
9872 764
4853 7497
7220 1730
8838 3541
3576 2159
1205 5531
2442 5711
3307 511
6748 5039
5236 3503
8408 4841
9454 4077
9534 1435
8045 9162
9720 9187
6539 8496
398 9225
3325 9612
8133 3417
6544 6902
3587 7995
1666 3982
4222 689
174 1333
5682 9068
8783 8885
6209 7867
9093 894
9108 8498
7829 5534
3296 7683
5883 5724
3204 1291
219 1874
9119 971
838 9364
6158 5985
103 9409
8051 5843
6572 7685
3313 3176
9506 6104
84 5459
4522 5975
5357 12
7592 2445
5835 6685
3434 1053
4822 5926
2181 2479
1460 6445
954 4149
9006 9206
8744 1064
5405 1818
2075 4132
158 2151
4291 8492
5333 7316
2591 2476
9885 3759
5176 6761
4205 1989
8442 6951
134 7678
9677 279
8554 3826
3618 6586
6759 1692
9545 4263
4064 6073
6415 6773
1052 3629
8116 6294
7208 9667
91 9936
1799 334
3482 4328
8570 1888
3409 5341
7259 4310
9448 9039
9779 9823
977 9306
6748 2216
8621 8531
1072 9349
3914 9069
2768 6925
6634 8520
3553 9779
6431 4024
6864 5820
2066 8749
9206 6002
51 2916
9703 3172
8330 9449
1140 3031
3372 983
5905 8670
473 654
625 2129
5506 2032
8877 6925
5881 392
4307 584
1825 2519
9227 7743
7555 8572
4565 9486
7282 3488
6686 3531
5127 1291
5442 6703
2150 2246
2907 2866
7345 7054
6951 4946
4491 6961
6392 8495
7172 7625
4165 8999
9379 2882
5917 3417
6467 8602
3483 9288
8452 2036
1558 6702
3042 520
7344 4490
2851 7723
3182 535
2841 2006
6710 2331
1639 2677
6948 7849
8065 9951
1960 4355
5644 653
4041 5103
5204 1369
525 372
7884 9573
2960 4978
9216 5812
1729 1548
8439 4425
6461 2691
5396 8826
1795 6832
4988 9760
1526 6189
3090 4190
6049 528
8461 9564
1572 389
5979 5311
1693 3992
4911 1462
5042 9164
5765 4371
7771 1322
1015 8037
8956 7593
7768 4206
2592 4102
6269 9286
6193 8544
8795 8443
3588 8179
5164 466
9890 1135
6268 9711
9760 389
8975 4668
3120 9502
6037 26
896 3223
53 1890
7265 1372
3543 3622
1650 9808
7438 1402
5850 3942
9378 3944
4981 7040
7260 5748
3686 4945
6074 1628
6314 5441
9522 347
8381 8861
4260 1532
9510 456
9944 6677
8653 9266
4390 7191
9565 7618
5732 5568
3461 7123
9450 8043
1288 5609
2625 8917
1556 1551
6842 1485
3296 5375
6956 3607
5214 3773
2165 9388
9616 5216
4049 18
4023 93
4200 4836
454 5361
5986 4286
9301 9835
918 5783
2209 7253
5136 9546
433 8077
64 4275
6916 7188
4735 1187
3238 562
4541 288
8785 6611
9958 4060
2656 274
323 3664
5055 3201
668 4838
5566 4482
2539 3552
6213 6405
8156 9047
3409 6511
2000 9315
3643 1731
9841 6436
5482 8383
8928 4539
3439 7846
6666 9289
9647 6757
6409 7361
6125 5396
822 1004
6405 2892
7229 4858
9350 9423
6409 7087
9511 3704
3630 4930
7626 5200
9781 3965
5725 5466
9778 4769
1821 1660
8353 8250
6997 298
5743 9675
8757 1377
7301 6309
4382 6492
5567 4649
7161 3655
7115 3432
9703 8990
2125 594
2195 6944
3503 1603
3060 2390
9462 7607
2175 7610
3872 4550
2809 4821
9961 7216
2985 4985
4924 6293
4940 8904
4486 3873
674 5743
4103 2307
9302 5267
1202 7673
5388 8374
6020 2970
5490 8438
5505 287
2025 6787
2698 8927
3197 90
3786 5285
8623 3858
448 6096
1892 8994
7559 6231
2790 8158
6592 3015
1208 7708
2049 6794
4951 3735
8823 6406
3580 527
8439 7535
767 2027
5651 5322
4181 8445
8552 3135
8729 8864
7107 1529
6441 6352
3987 3406
7943 7653
4602 4950
8256 4990
5022 41
7498 902
4956 5466
7606 2502
8460 4186
5380 7319
4095 4842
8070 9441
4693 497
9773 6373
2971 7221
6160 9108
6625 3306
1083 8314
922 3332
35 27
4620 3563
6199 6056
9752 234
4755 9581
8244 8212
2846 9994
5539 5124
8051 444
7494 9775
6909 6952
1403 2024
1276 4995
1396 1375
8164 4769
9571 4887
1524 7704
3345 3106
5332 8256
6350 332
5367 1545
7266 3009
400 5769
9602 4076
1745 9584
8974 1389
8655 4170
5208 9605
9970 2049
1967 3153
2440 5389
7305 4225
8088 345
8015 6324
8772 3298
8642 9554
2743 9182
6875 9269
5198 215
6736 4421
2148 6563
8691 4783
7494 3489
1124 9825
6389 8082
8791 9780
1193 2018
2432 999
5810 9233
4027 5300
8170 3139
5352 2209
8471 7584
4035 581
5340 8488
7314 9796
2943 6631
3255 697
4597 3025
5301 5551
5914 3322
7728 285
157 7924
5853 7884
3719 8470
8424 9494
492 8934
2485 9324
3082 4595
8654 4147
7726 6081
4410 6365
9319 7953
8415 176
1170 2620
8175 4597
2196 61
4925 1407
1078 392
4819 9205
5946 9339
908 5262
637 1535
6908 8312
4933 3403
5935 645
8089 533
2367 6803
4223 5797
799 1062
2272 3865
5860 7093
1448 63
468 4077
6154 9778
7030 8630
8352 8899
8249 7552
8960 195
7361 3449
9003 2043
8539 958
6095 4169
9042 5211
3644 3623
9514 7585
9027 5705
2586 6355
2153 8851
4503 5677
9132 2261
8523 6690
8861 6388
7460 1952
4699 6838
2952 3458
9328 7993
374 6770
3445 1440
8441 8169
3681 8427
2822 6612
478 1010
8004 468
6620 6943
6731 1779
3279 9061
7172 9950
1316 1008
1553 1491
3473 6778
8262 728
5946 2375
5476 2373
9871 2702
8791 9296
4882 3797
1013 6051
3143 4136
7302 4652
5125 8901
2963 6241
9801 295
120 7293
3865 9420
9459 6620
7046 3125
4046 5055
2762 6555
1225 460
7537 6376
8288 9141
1077 3577
8956 5331
1841 8622
8901 2591
2839 7450
4101 8092
8397 4350
5864 7045
8289 2861
5839 9007
4334 6811
3604 3482
7111 3751
6776 2777
9696 1874
1832 1275
2763 8778
1199 9910
4576 3064
4948 4896
2182 7171
7587 8649
3806 8254
4746 264
8320 2885
1402 2976
7501 8415
9341 5486
2114 8576
7590 1938
5982 8334
7060 72
411 5918
385 9634
7064 1707
9399 8292
7831 7970
5058 8123
2738 1804
1521 2986
7961 521
7573 9123
2950 8325
5932 2623
4386 650
6935 4570
8192 4130
2439 9278
9607 6839
6343 9354
6589 1450
1731 1118
8094 8012
4102 6118
300 8092
2545 9232
7985 7693
55 1804
1871 5170
9093 3392
8185 601
6319 85
7418 2050
3718 3089
9763 7259
6725 2450
3747 7097
2571 371
8942 2773
9987 2430
2352 496
6942 8494
5947 980
6595 7856
2971 9753
12 7158
2075 6625
4658 4439
7073 9969
1491 9910
7380 1260
9263 1086
7166 4909
9683 6007
2652 5441
3260 9975
2770 7966
9677 5624
8155 2372
6348 9313
6654 7263
1862 6932
4877 8838
9075 5044
7143 2483
3476 9553
3805 1807
3689 5026
8818 1689
7631 8669
4507 3443
4614 8150
278 6762
5777 3569
5031 4112
1703 6421
5853 3223
8198 8384
8707 7836
2679 6897
4466 9101
9788 294
2963 6392
5270 2466
9603 290
1444 4554
1280 5377
1973 6301
5728 6711
3886 9326
3952 9595
1688 9103
5594 421
5328 2428
2000 102
2082 6337
1524 4210
4688 8552
5466 8571
3547 9427
8229 2539
6661 9234
734 4878
253 5874
4228 8649
841 9091
1853 5659
4194 3315
6522 6878
1161 7564
2584 1274
4727 5079
1139 9015
4979 2892
2565 2876
3500 344
1308 345
3382 8616
4538 7853
770 7256
8790 1781
1925 2163
8815 4562
6138 4102
8913 8309
8836 1205
6144 7194
6780 4585
2513 5375
8521 6181
7561 6559
2861 3572
8508 7871
4939 1570
9495 8291
7655 2595
586 9390
518 6627
1677 1013
2437 7994
771 2703
5077 2763
3660 2827
4467 7050
9524 9726
2102 2073
7865 2824
6450 5261
3514 129
1385 9681
8666 2021
1345 4135
9780 4601
7761 3094
4729 648
3860 9413
4404 1151
9680 66
9903 722
9633 9567
2126 5257
4015 5865
6281 5482
7470 967
3688 3460
5843 8684
9734 9045
8132 5816
1208 841
3496 8209
6903 1791
2766 4650
1801 1610
8778 9421
1725 7329
6986 4778
8245 4163
8694 764
4014 6859
7718 9284
8251 8907
9326 7957
9744 184
2196 5931
8746 9522
1825 808
1596 5022
406 668
1188 2690
4774 9953
9164 9005
3665 2001
1484 48
7826 4868
2764 9949
4750 6745
6919 58
4764 3456
2492 5122
9236 3858
8302 4313
6992 7022
955 2377
7647 5138
4970 4846
8168 5233
109 8442
3212 7670
5670 277
1748 9782
3142 9237
6073 1211
9889 3910
1267 3315
9581 39
7049 5155
3832 1809
2935 9801
4825 708
5390 7757
3567 2527
8757 947
4967 5372
93 6127
9817 2246
9218 85
289 2936
3133 989
987 1603
6774 6864
7783 5835
4999 5313
9405 9486
5068 4538
378 1971
5687 2690
9688 8203
1552 6200
1227 5942
5929 1615
4376 422
47 8070
5936 7656
428 7987
282 4884
9050 795
7231 6881
2322 7280
8879 2069
1122 7496
1937 377
8909 8646
2967 8422
6541 3703
3568 830
8035 6027
743 7305
1631 1917
6728 8154
4427 5649
1747 5277
9665 8874
6041 3071
8846 3061
2323 6938
6926 1141
7843 1068
5270 4779
6930 1603
3168 2514
2920 9319
2369 6101
3817 7987
9303 3854
4269 4786
1262 1739
5784 610
8081 543
2120 9560
3726 7442
5710 7008
7730 390
1971 4702
2388 4935
2667 3286
9598 8030
119 4004
1621 6371
2276 4857
1386 812
5329 4403
1512 6982
1407 8024
606 8494
2225 3583
2007 5549
9106 2651
2452 494
8773 6276
4508 4189
7544 1476
6698 5358
3122 4987
3940 2375
3915 1439
9964 7643
11 7075
9183 6660
9626 1635
9450 7020
87 8969
2845 7240
7204 4736
6424 4754
5679 7155
9522 5617
8859 4720
4920 7095
556 222
4226 1511
338 8136
7297 8497
5469 1653
6005 8891
1903 3845
187 1085
1791 299
9204 4393
8345 3186
2336 4822
7122 5917
1289 3704
3354 5822
6029 3805
1674 9010
6866 5094
5901 7240
7822 7920
3131 2700
6287 9630
8048 4965
9428 8069
6572 5831
1919 7731
9523 7349
3346 7309
2292 6887
8950 6340
3559 1939
1243 1475
6160 7867
106 7112
2352 6067
7686 4588
5130 8030
4256 705
1891 6596
3610 4695
3923 8194
8883 7483
9080 2014
8145 9212
5577 8421
1405 6171
9992 1122
5176 4383
8577 5197
5628 2305
3135 5711
5405 7723
9630 5837
3022 4456
1803 5912
6112 5816
1655 6544
4948 8051
4298 3472
8066 5991
6949 9818
7026 1344
192 2672
776 2354
3617 9164
2349 3766
3518 9933
9928 9519
8074 5967
9547 584
2763 8293
1017 2844
8381 1077
5190 9345
2223 1104
8855 481
4106 9756
9481 199
4418 6512
7229 9667
9509 7884
3665 8922
4721 3075
1705 397
3219 1846
3132 5139
2217 2734
5212 4038
4248 9013
653 4823
2681 7249
8262 1503
1039 1582
9605 9956
8324 4615
9949 6580
6001 3889
7147 5040
5884 5524
6583 264
1788 6423
8021 9711
5704 2791
6986 9979
5149 5635
5564 9723
7230 3543
1811 2485
1046 4595
9868 1099
8633 632
5147 1561
1320 3614
2160 4878
851 901
3635 4357
6969 7014
1402 6527
1820 8532
4057 2654
4367 9509
9048 720
3009 6359
4384 1670
4291 4081
2047 352
2021 6855
2972 4392
3711 1977
7220 4679
2795 1625
3123 3335
5536 6855
942 7399
3176 7674
9852 2436
8515 3693
3589 6586
6165 5188
6483 9511
763 4618
2101 7464
1723 5865
8883 9011
1129 1156
2571 4080
4598 7268
3802 9716
3986 9214
7718 9403
5874 6781
4616 9617
8205 5729
6231 6638
4784 947
5215 7644
7762 2019
9185 5174
4513 5857
8052 2654
6331 3525
8857 7419
8841 8459
3996 4094
134 8206
4214 2639
4973 5296
3023 4777
7600 787
177 1118
6789 4519
2792 4232
5627 3265
2678 1230
6346 9716
2595 7567
2824 7838
65 9790
2728 8977
9325 2169
2765 8525
290 8376
7533 8695
5671 8175
6816 1832
5481 2080
56 7109
9763 3600
5034 8582
7145 3460
5674 6005
1829 9816
6341 5108
3512 7067
3432 9883
5954 5211
526 6461
7053 1032
710 4599
8020 9864
7795 244
129 9847
8444 3408
1155 5752
8196 5991
574 2428
8949 7224
9005 2573
7045 5851
1394 9048
5675 9948
5086 6853
6042 3364
3292 8789
7548 3283
8616 6935
2074 1563
222 918
4631 4940
8300 3011
7037 2840
3385 794
2159 3762
3775 1908
5501 4311
4787 5496
7974 9065
8518 510
5624 1460
9683 8978
4051 3983
5721 7025
7579 3585
4195 9572
9676 5150
6275 1142
1496 4012
8957 8371
7132 518
4783 8798
3969 4060
159 7183
6526 661
6124 1352
9738 9282
2854 1027
4895 9248
3210 4362
7178 2282
7894 4546
7631 3849
7019 3812
4122 8201
4799 9417
2112 41
3394 5682
7684 6926
3737 7138
9509 6148
70 8904
7172 8515
8297 1612
4196 5897
4879 5717
9082 9130
3817 8613
5940 9761
6312 722
4662 5442
6179 1042
8047 5758
4027 3554
7946 5185
9334 4051
9168 3915
2711 8674
8219 9625
175 7362
4662 7807
6141 1607
784 8149
145 6754
5471 4187
3598 20
7297 5290
5933 7489
5373 8889
5502 2787
5192 600
4026 4264
8772 2109
2036 2761
2355 6217
3757 7879
1113 581
4247 3748
9423 5166
7713 4508
5396 6538
7554 606
7870 6391
257 938
2174 2751
4528 8153
2930 7673
4584 4836
6403 558
8224 3842
7775 742
7447 9025
3201 5472
7665 1536
5692 2331
4879 6822
1351 5331
9094 8851
3890 9387
3506 3730
8118 1683
9252 2023
4363 6566
9878 1547
7411 947
1263 960
835 1766
3793 5699
8850 1539
4800 5470
4042 8494
6685 8838
8444 5769
2705 4264
9808 2987
3445 7099
8954 9130
7662 6498
3527 117
5910 9057
8966 8016
3333 8696
52 9884
7391 1233
1488 3282
5638 9730
8446 4716
9216 3520
2951 5489
2628 5920
605 4315
2798 8507
8540 4935
5234 7101
4651 5112
5885 2218
6114 6311
8727 8142
1894 6956
6228 3455
7056 9346
8153 3586
8924 362
6492 9462
1692 3118
9141 545
8892 7007
5841 3717
2385 4494
949 1070
5899 7652
5615 4138
8170 5135
7463 7606
4652 1289
53 3841
2100 8582
3981 3584
7142 3242
6069 3662
1855 660
2391 9596
2898 4411
9409 3004
3309 4420
1738 1670
3226 2781
2191 4454
945 921
4684 3235
587 6136
6646 8748
705 4354
4260 4704
1155 6833
1774 9050
2964 1272
3614 712
1747 6067
836 9287
8485 6412
7061 1580
509 9143
707 5297
1341 9707
7511 6794
6150 4142
5115 7379
7100 7963
7588 8648
3669 5187
4333 3344
6720 861
3919 6263
7026 8347
4764 9431
5083 9403
5563 7954
5063 8726
7885 9359
465 9609
142 6878
3058 7805
3447 9945
6151 5029
2592 1082
8512 6547
1700 9955
9797 6152
1389 3694
4355 4727
5133 2209
2708 36
9150 3597
5917 4462
8226 3636
6289 4325
3012 8228
2162 6842
2271 6340
6839 4515
9917 7786
1577 1271
9175 5623
1816 3612
220 5552
4891 7514
9693 4714
4437 8587
5509 3600
1122 7378
3541 932
2128 7734
4653 4480
3579 1561
7335 2168
2673 713
9774 7998
3604 8322
3820 112
2622 2269
6416 3186
1422 2858
1438 4596
8288 3221
7089 5377
6875 7144
3116 7859
5732 4781
5742 1717
432 8542
6307 1639
9671 3403
6071 3000
3796 8775
3109 7219
1081 7392
5518 136
2511 2617
7174 8885
955 5221
4072 3089
9324 2978
8201 8710
4880 2528
3258 56
5334 573
9959 3366
351 3550
7180 8268
5278 732
5191 1490
2382 2520
2297 2837
1235 9516
6646 7808
72 9728
4621 3847
3591 9846
9841 543
9128 5859
5765 8733
5889 5242
5654 1130
2571 2838
2210 1808
437 3811
8918 3427
2130 4250
5317 78
8445 4695
5973 601
7933 7577
7348 5461
83 4070
3736 6724
8192 7800
1635 5576
2932 9544
7109 3078
9793 6725
9451 6853
7294 6129
5350 6873
7303 8073
6039 2471
3202 3951
6358 1733
6444 2517
3777 2320
2594 5175
321 6264
9868 8038
3801 9980
4147 5037
1048 4829
5379 530
2222 4546
2924 5322
9978 6648
7538 6025
6562 7156
2325 4486
620 998
1643 6823
3961 2955
872 6205
946 8911
9312 9806
2042 1213
7715 8059
4595 3030
1831 3614
4860 4489
8852 3811
1960 2020
568 3631
2730 8744
2651 9537
3132 5794
8636 6067
7503 3707
9578 2972
3725 1454
1504 2278
7210 9281
4040 4152
7801 3618
3248 127
4491 2575
2681 5534
2178 418
5276 5950
3171 4679
9575 2563
5930 92
4213 6622
7735 5156
2636 4616
215 8951
2240 6610
286 3818
2101 4838
9615 1366
8129 3385
7406 2232
2384 6799
8316 3332
7969 6443
9234 2247
3838 2962
6346 5464
4473 8795
5894 3705
3041 9317
1635 704
9604 2197
2424 7436
8350 6714
5337 7095
2704 2207
8505 103
7084 4956
8764 2464
4509 9529
3434 3642
5411 4993
687 6106
7419 3646
3855 3103
766 5095
8615 8444
3152 8355
1727 6157
5768 4792
8459 487
0 6437
5361 6097
3074 4952
4468 3593
3762 2445
5279 9988
1163 2691
510 8742
3153 8956
8758 2186
4358 9282
6965 2094
7096 1617
6404 7935
1815 4500
345 1532
8628 8879
7096 1513
3621 4534
5978 6915
4214 3369
7366 6123
5977 830
9403 7344
4686 2649
3360 3373
6046 6729
7794 4925
2144 338
2781 2742
3710 2402
3350 393
4482 9122
3429 5188
4010 1804
192 9698
6492 6148
737 673
3058 7268
602 1789
3526 8887
2863 2797
4185 466
4594 6266
524 3978
4413 3576
34 9350
2727 3074
9437 6610
4873 4070
4021 9772
7834 5530
7159 8703
8631 4202
2282 7706
6878 7808
349 7981
2073 7662
156 9071
4665 922
5889 6046
6856 6311
5062 468
8320 4700
6745 1010
4874 7219
3881 9500
6990 224
6669 4144
9481 6299
4084 68
7613 2637
2455 6380
1730 4291
714 6629
3866 1682
993 9009
3426 6711
6591 9327
5989 1161
5882 3590
4987 9774
6587 238
8174 9030
337 2171
5613 8840
7748 2103
6377 3720
1591 362
2332 577
9384 3048
3002 7444
4849 168
2272 9117
6624 4493
6937 2159
5284 483
6448 3052
8414 4631
9247 6738
4423 7635
8486 8325
1584 5909
5703 2293
4099 7098
9165 5596
6953 2236
9293 1878
4006 6662
2549 7693
9198 6608
1362 3553
9819 8844
333 1776
1206 5387
9029 2855
7122 220
5976 3317
5737 2162
1418 9080
478 8465
7384 919
7362 4549
1367 1211
5058 2512
7318 4891
9053 6910
7298 5442
3443 4773
4103 9455
6376 5118
5348 4137
9944 5051
1623 4733
2309 4788
3224 3926
8220 1426
4658 6263
4454 5079
2987 4440
1290 8312
1893 5994
4992 3577
1901 1577
8480 2371
3905 9821
4456 7780
8143 6669
476 2531
504 6641
3512 734
6723 3073
7713 3858
3998 6832
6954 7158
3823 3615
1619 2021
4456 2767
5723 6806
5225 2599
8198 2793
3392 61
2713 2337
3355 1893
130 56
6126 4372
7253 324
8048 1199
8577 4116
4960 5125
2418 6294
5429 5477
703 6169
5762 478
387 7129
1960 625
9657 7020
2758 3893
2784 3432
6460 5591
5038 127
9485 7867
641 2713
7235 5683
9200 9820
5980 1611
3057 2026
6034 8831
4196 632
9096 7546
8044 8806
9200 4956
7149 639
5241 1702
4608 8879
7606 2693
2740 5052
6314 4905
95 7202
6767 6577
2115 7551
9543 3509
3243 8456
1481 9488
692 7238
525 3288
9017 9297
7699 6282
9558 8567
2892 3367
9438 9560
6524 6933
9448 4273
3784 4163
7492 5316
4538 3278
5276 0
2259 6089
773 4322
2272 1900
5045 9112
7381 7211
7086 3678
3621 401
2776 7191
8052 7194
3741 8041
8916 2682
8510 1941
1883 7213
211 9553
9142 1484
9184 1332
4950 2073
2515 1070
6633 2007
265 6321
3396 4648
4352 9728
9324 292
9815 5763
4100 5187
4882 7700
1792 1496
1210 7225
8584 4123
6401 3726
5000 4161
8147 7166
1284 8153
4632 4926
6169 7717
8086 9094
3135 3123
9779 3501
8266 3112
1256 9552
1776 4440
4993 1518
9349 4628
4304 6515
4401 576
7538 9279
6291 5487
1849 1955
1952 9486
3673 487
8484 475
2574 8154
2008 7632
5818 1783
5188 6623
7165 6833
4908 3899
141 5035
3206 240
8005 8487
9804 1297
7401 5768
2477 4220
6599 7333
3630 1420
7641 8573
2253 8235
4295 8034
8422 8546
8714 580
5134 7710
6651 3179
6301 6449
8762 8015
6953 2818
6235 7399
125 4305
8218 5437
744 1931
8639 571
898 9207
8877 5332
3865 5883
1172 9521
9610 8430
9590 3190
2204 9386
9575 7696
8310 8941
4445 286
3984 8349
7207 89
1558 7573
9450 3970
169 7009
6198 342
2816 1170
5032 4800
5693 6926
713 3067
2314 6071
3811 8898
2561 8118
6147 5623
3707 8612
1497 8172
7888 5221
45 8609
7373 289
4941 2506
7268 8944
7377 7196
701 930
6447 5541
9450 9112
5417 9573
5513 6594
3828 6668
2706 4246
3156 2050
7584 5561
4052 9565
4365 78
3489 6434
9797 4761
9750 299
4205 3918
290 3105
1500 3898
677 6022
4839 4973
4010 4962
8683 675
6654 1209
4707 9886
655 8357
7658 8786
1599 3236
3802 7500
6056 7616
1171 1856
6297 6999
1095 6893
5407 6648
4130 127
2607 6905
6103 1697
3151 3767
6709 9837
3060 8762
5752 8162
9174 9652
4796 3937
5360 4087
3629 996
3812 8688
2537 3562
8555 868
7319 3379
5674 9173
1409 5077
9824 2065
2797 393
2268 3927
3146 6261
7627 6902
197 3575
9039 9636
7354 858
6363 9928
5784 648
1370 3381
7037 845
704 6740
1521 3923
4249 1869
5903 9439
749 5585
5902 3048
4277 8710
1902 8799
2535 6880
5805 8159
9260 9993
1145 2851
3667 557
8560 4654
7791 4692
8035 1451
443 7084
3321 5569
3662 6643
1360 4178
985 2894
6254 5105
366 7145
3621 6894
4778 2684
5317 2560
547 9094
6044 3950
2413 5528
8152 8585
9349 4352
2861 5593
289 1056
7362 7938
7999 747
7110 3682
5001 1644
7376 330
7018 1571
8596 967
1723 5357
5857 61
470 9695
9991 9695
4588 7998
2694 5709
6274 2350
2241 3466
1765 1236
3538 9784
2046 5898
1719 6019
8737 4848
6170 7639
1695 5465
1806 7870
6428 5913
3541 4586
2747 7832
8686 1451
6229 3619
9644 3150
3640 5616
9922 8883
6636 4588
9675 1257
9809 1268
6886 3064
6724 924
7054 6570
7920 2158
6247 919
2257 674
6996 2731
6917 8006
3622 5030
859 6315
9311 5713
9885 5005
7045 5560
6441 2172
5810 4616
2570 9211
599 3141
5543 7077
3025 264
7265 55
5556 5125
912 749
9603 5045
4839 2141
6754 7460
2883 7354
9027 5288
9475 2374
2124 7756
145 6600
2682 4425
3871 7445
5951 16
5437 398
7462 3302
8983 6038
5991 1468
554 6639
1590 3226
1239 7792
6214 5352
6528 7652
6155 4409
7664 5841
4957 2628
775 8244
9113 6208
3779 438
3793 7099
3674 6893
7443 6231
996 3618
4887 6370
1957 9674
1793 2112
6472 8115
7719 5879
1911 4317
8109 3623
9526 1618
7900 580
1248 9315
6433 9041
9258 5361
3761 7883
7955 9989
9562 8607
5837 2908
5749 8441
3925 6835
88 9210
1581 2026
3368 5828
7468 6776
3899 8294
2843 1308
123 1919
1888 9275
8023 1200
9367 5498
6435 9011
1564 1561
7264 7778
4294 6170
9831 3141
6605 510
6910 92
5580 6251
2621 6789
7874 667
5530 298
3378 4723
9376 8682
4298 2702
494 9746
9136 7270
2924 1336
9384 7039
8921 8884
1299 6128
5296 5531
7730 2574
8728 6746
424 3783
4186 7595
8205 3320
1742 8199
8718 5580
2942 8296
8002 4033
4572 9514
4744 2008
6527 7262
7548 8297
8233 8841
3176 785
4612 4703
519 713
730 1784
4565 8836
6436 4669
3586 1476
7946 9490
5205 5418
7993 3359
9661 984
9379 7932
9139 3109
881 4184
5835 9948
915 6950
6186 5617
6839 9013
5201 3522
8168 3723
9735 5493
2510 9613
4261 6820
7699 6029
8138 9457
3846 9473
9647 8615
6424 1820
6261 9824
2068 4347
8986 9645
7356 9486
3723 7541
30 2864
3267 1628
5733 949
1714 7311
172 2944
6969 9402
3885 1422
4129 9734
4552 6626
9435 1954
8879 2846
8402 2781
4382 8906
893 5422
7784 9157
3872 976
156 4421
2642 6525
311 2172
3386 8053
947 3193
5394 7003
6972 648
3902 5708
9747 9448
822 2093
5020 4150
7710 5201
994 5579
4998 1652
5419 7599
2910 7446
6758 8520
866 1895
9744 5555
3667 2299
4005 381
2453 4139
6628 2703
7365 4856
300 4644
9603 6252
7906 1721
701 9487
4757 7104
7452 4739
2008 848
1047 9036
3102 7676
6613 5359
5109 7982
1425 6374
2984 2976
8822 1598
8520 6311
1833 9789
2342 1917
5670 3075
9223 841
4211 3164
5545 8573
2945 4718
405 3388
6704 1862
5898 6534
9234 7177
3593 8417
9736 2794
3904 1110
4248 1975
5422 3109
3344 6304
7861 4757
2981 2965
3005 3516
5428 3835
564 7336
1417 7419
4244 7064
3150 3270
8573 8057
9195 6793
9218 577
1612 2201
6960 9634
6992 332
3495 4027
7597 3364
29 129
6881 6232
9880 965
1348 2544
2138 7426
9337 9949
3594 2902
6371 1890
6812 459
4916 3507
6178 6864
8769 6249
2939 2840
2273 8016
186 9503
8452 3197
7795 5333
4961 9918
5662 7224
7847 752
9277 5506
9957 2967
7706 6172
9781 3166
490 9389
5922 4043
2734 3508
923 4190
4584 2670
2624 4438
6346 52
4297 4144
745 6580
5126 4333
9761 2154
4529 3822
7683 8618
848 1823
1162 9757
2982 1389
6795 4646
4953 3429
1241 6960
3534 2299
3384 4118
2656 8371
9962 4446
1968 9968
4998 7331
6519 9207
7702 6621
6486 7311
7167 2639
1486 8119
6044 1581
9132 1811
6227 248
8412 6421
7913 9608
8910 7956
6737 1301
2902 1660
1423 833
4765 9345
5707 5637
5638 1185
7233 6151
4539 6934
8454 8773
9749 20
9397 7776
7305 9125
6135 9032
7536 4814
2368 8640
5760 3726
7958 1662
6438 3395
3085 6529
981 3448
5198 1375
8135 2015
9478 8506
6034 519
2810 3567
6694 7706
7657 3419
2515 742
3481 617
8712 22
5027 1516
8326 5276
2875 1782
4451 9341
4968 627
6394 5593
6770 2357
2175 9013
2617 2572
6832 2695
5521 2386
9447 5677
827 896
3437 9963
6912 1185
7353 9647
8886 5409
7749 2003
6581 6737
8241 4398
6515 8922
5393 1815
5067 6683
8273 1511
5325 8336
7497 3321
1503 993
1292 1025
5520 309
618 6647
7229 273
7270 8383
6429 546
5713 3253
8647 1058
5701 4906
8131 2729
2542 1494
6590 7748
5426 2409
4503 5467
8914 5138
9094 5057
3640 8682
8556 3981
9568 7902
9878 3856
9012 3848
9035 6706
8431 6441
3909 1486
451 9525
6076 2470
2773 5386
9598 1716
3590 6654
7227 4879
2925 9621
1532 6006
3328 2636
499 6524
2562 9797
302 3616
7350 3103
3413 4439
1153 9809
4419 4025
5582 770
7138 4453
2843 5592
3215 8593
8800 236
2524 7010
6048 9350
7540 9396
5431 3995
9625 4550
4388 31
489 1558
8673 9640
8639 3076
6669 2497
7910 9958
5466 5127
3017 5128
4242 5508
4037 3997
3829 5157
9264 374
93 3994
418 8558
8706 7850
3937 4640
2218 2577
5692 821
7528 6327
4813 8062
3381 205
129 890
8524 5703
7188 7476
8191 3601
4773 6301
2296 9519
5497 9537
5865 1989
1787 9129
1957 1583
3873 9068
5079 7742
5850 3586
4832 9904
6915 8599
1023 5450
9225 8968
9000 8869
2424 6878
327 819
8498 820
7501 8172
4044 662
9993 1241
7474 616
3971 3596
6443 864
9905 7034
8135 2609
5228 6838
7444 2981
8653 6124
2928 1670
6865 2502
4441 873
1116 8174
3184 3959
9177 4705
4124 7417
8608 7292
5227 8720
4384 5510
4660 1903
1899 5210
679 8773
6241 7903
8853 7755
1237 2294
1564 1766
7804 4687
1611 1929
435 1607
6308 9002
7664 7778
4511 2575
7809 9682
6459 3061
5409 5602
9471 3165
7833 1585
7295 4163
99 6126
4762 9980
9449 6716
208 1724
9436 242
1745 5170
705 2434
4321 9840
8021 7843
151 3610
8146 4830
8997 3770
5306 5698
1313 7086
7183 1492
7026 5743
9109 3334
5559 5214
8879 5474
193 2605
1142 6900
4000 872
2296 3314
3147 2014
6717 9032
5721 5888
6821 7124
4557 7956
4606 2971
6063 2070
913 3094
2932 8076
4779 5485
8191 3173
6105 1389
8129 5373
2141 7417
2444 9087
2094 9803
8950 744
1212 7909
9001 4308
5808 8281
1943 8807
5969 1537
3435 2746
4323 9067
8410 4079
5898 3061
4808 883
4301 6609
2262 2240
6694 7813
8393 3756
2437 8242
9927 5201
8468 6446
8475 3482
2150 5040
4024 9030
9368 7192
2361 6028
3081 5400
5446 92
2934 2019
6660 7982
4638 7153
3764 5017
6612 8716
4283 4353
7811 8410
8369 2734
700 8215
9810 22
7818 8653
9491 2342
2791 9123
703 1042
4135 464
4063 2758
7058 747
5911 3272
2752 3809
8061 7021
1964 8241
4677 9604
9211 759
4696 5555
6646 1507
1155 5116
3650 3653
6636 5771
6513 3944
9231 4031
9937 5928
982 2930
2659 9329
1639 3431
1014 6870
6391 4815
722 6346
8684 7096
2608 46
817 2787
4550 264
9074 8400
6353 3004
2727 9064
59 9401
1710 3479
5660 1331
8545 5844
7180 9417
2102 1902
2214 3571
5877 8917
8489 9641
9508 3074
504 6370
2750 3347
8785 5576
1539 231
6075 644
6345 9378
8264 8524
192 3742
4186 4278
3795 7503
6338 1815
6617 7361
9043 5724
5931 688
2709 9572
8241 836
8518 4504
7990 5815
59 8520
6970 6196
5156 1364
8149 4957
2733 9923
7352 9961
2464 1588
6864 9096
2072 3854
1812 9669
1345 5462
2366 2791
3179 2813
8311 7555
1421 7795
4010 7378
1975 4636
4922 9083
7439 765
1775 5036
4157 7588
1212 5002
1858 8769
476 5859
6819 5300
315 3372
2820 4004
2417 4876
3519 6921
6057 7812
5155 4951
6928 6249
8473 6904
5528 9440
3362 1749
2220 3204
6509 6705
2430 5927
7157 1266
4156 8435
4982 6748
994 1660
9136 299
1944 5540
3412 5500
7372 138
7339 5865
7659 4784
4918 4016
9640 6423
7360 7312
2591 6985
5616 991
8579 8835
3227 6858
499 9629
854 4921
9868 7735
5497 1742
5432 8706
2750 7546
7764 9337
7417 7741
3759 666
2642 5384
8670 4404
1997 800
236 3710
7851 5922
863 2290
1273 6189
742 2837
8198 3856
9870 6643
4675 6657
5332 2491
4786 4679
9428 3701
1649 4725
2288 9868
9152 8612
6077 3516
5357 2620
1111 728
7793 8062
6053 1016
1796 800
4967 8446
5339 3110
6684 2756
8146 6969
8928 5331
6468 4311
4450 9762
439 8664
2947 5657
3557 2888
3962 545
9620 6021
821 11
2231 6647
5466 5337
2558 1990
9980 6509
1097 93
3433 5820
4986 8170
7120 9182
3447 5166
5824 996
9695 1719
1419 327
3876 1191
4009 9177
6550 417
377 3578
4209 3968
7267 4666
8796 2596
8984 2917
4339 2010
8747 5504
8463 3942
4377 7967
3088 1568
4739 9600
6284 3640
4620 391
5234 1127
8126 4231
6999 7300
1207 3322
9634 6255
4049 3901
8435 1613
688 2667
6269 2049
7316 7077
2965 7267
6142 7819
6610 8192
2975 8569
1988 894
4523 5200
3458 2682
9789 3487
844 3680
4068 4223
6766 5110
9163 2936
1301 8774
4935 8515
7148 2342
2889 5709
8752 8757
6467 2565
306 5476
9543 8611
1674 7742
1051 2788
2265 9334
9673 7974
1879 5564
6259 332
7322 4043
8307 3790
6056 1154
3985 3889
340 7660
6462 8270
692 2543
2156 882
9411 4542
1760 2658
6323 6475
6256 6440
1386 5005
1863 3486
9501 6921
9096 4966
8570 3664
8111 9779
7599 7973
7618 4024
8088 7641
9734 7259
1045 1157
782 5174
4698 899
4079 6154
7441 1354
4047 2015
7338 3556
7179 4221
882 5181
1927 16
7169 4810
1745 2316
3949 5540
8479 5005
973 560
8230 3305
4600 6076
3452 7524
6315 6840
4997 4943
9161 9950
4714 7871
4188 2239
729 3173
3450 2220
1813 7711
4820 1149
5165 3515
1720 386
9354 9955
4502 7652
2386 9674
4079 7383
5915 1025
345 6255
5385 9750
9839 1835
5959 2841
7909 5922
7396 8172
6106 9033
6101 5959
246 654
6745 2662
6594 2548
2586 6095
4919 1563
190 883
5199 8971
9005 881
728 9917
8525 8385
9575 8198
602 8580
8025 2577
737 8325
4388 6984
4315 1676
4748 3855
5767 367
2401 5277
1408 4229
6614 2631
6846 5081
4828 5691
7432 5479
8493 4934
2519 6310
885 7986
1605 3602
1899 5760
8868 4341
3437 3549
7532 4049
9625 6372
9724 9292
1544 305
594 41
9684 7549
2341 7823
427 1451
607 9000
940 6685
3337 3976
8814 6868
3790 7224
9023 370
6465 5614
2202 9101
5179 3899
1634 2819
476 6208
3083 5893
5507 7006
6408 3969
6985 7865
3662 7376
6407 1288
1656 216
5895 3467
7028 7999
8392 8729
2538 685
8348 3894
1789 2908
3916 1213
5850 3087
8267 9680
5821 3132
6807 6393
3268 5719
1196 571
1659 5629
1442 8442
4261 6810
6599 2868
9708 9383
2424 7370
8048 4499
7288 3711
3307 8285
2995 8780
1030 6491
3788 4622
9988 5163
1683 4541
1068 3027
8674 7113
8644 9526
2502 8659
4152 5686
2955 5333
3066 4801
5473 2191
6836 2250
5290 9391
8777 4132
6293 3996
4265 1821
7157 9647
3923 869
730 6159
9541 9705
9361 3048
1711 8368
1799 6215
6677 1570
5609 2244
7123 1328
6711 8091
5563 7652
2742 9769
3545 3046
3525 9473
7192 9831
9400 6824
2062 8782
1488 5843
162 7229
2939 5386
622 575
8791 7049
735 3856
1090 2003
9001 1369
6638 9956
360 2502
1856 1249
3537 1222
6247 1822
551 2591
41 6924
9689 4651
4793 1148
9816 2947
9557 9989
791 8582
5820 7902
2331 8005
637 2920
130 3039
5386 3835
9168 6516
3516 460
2932 5752
4112 183
9481 8791
3550 8847
9112 6383
9546 3759
1723 4366
3667 7452
5708 3113
7609 7049
6252 5701
8781 4438
3072 9654
4000 4439
5766 4162
3821 3356
6933 4785
4834 1986
7986 1572
4585 8309
7071 895
5014 3280
862 9332
9673 5667
5379 972
7283 5888
3239 9253
4357 8802
2393 7571
6739 6026
9343 1940
2280 7575
7546 8597
9955 2097
3319 3002
2111 5986
6274 6446
3185 754
309 9575
9882 4526
1374 3972
3549 356
3391 4631
2234 254
9487 425
2712 6904
4814 2654
1457 4064
8085 9878
663 2857
5756 6605
8660 8699
7349 3360
8784 7642
7477 7452
9548 6354
8835 2453
5339 2140
601 511
160 896
4408 4301
2305 983
4216 2836
5563 7243
4348 7770
5760 7501
5716 9377
3052 8162
9388 8346
2037 5468
450 7815
8929 9425
629 7922
1137 3482
4984 6083
4570 3258
582 4962
2820 89
5072 1753
9564 4572
4514 5573
7940 8930
4387 3481
7323 6429
4555 8959
4519 1739
5039 1308
2317 8161
1976 7711
1299 5427
1745 7558
6926 4946
8415 6828
7957 2530
1723 9923
6406 3703
1243 2202
4774 6588
4399 7563
756 6191
2230 1796
8679 8428
5585 4559
9622 2629
8175 3217
6006 3195
5464 7915
7118 1883
1781 3072
1222 3368
7404 9204
2878 5392
4138 8269
9083 7614
4937 442
828 476
3569 8940
9515 5779
5659 2740
3966 5793
96 7451
1613 517
5152 9944
2943 5385
5166 4754
5773 8093
792 7810
8056 3996
9125 8611
4022 4349
6919 3481
4903 6264
1009 9899
9110 5971
2386 7263
4555 6425
62 7121
8045 1110
4045 1695
5828 4193
173 5668
4525 2613
4499 7839
3335 1022
3599 6735
9179 9757
9901 7229
9784 6680
6424 1926
476 225
6201 2068
142 4097
6317 4840
9176 4513
36 3222
6963 3973
7958 1644
1418 7589
5200 560
2097 2618
2956 4774
6110 5553
9855 7547
4725 2510
7883 3937
5217 9537
7877 1527
7774 7390
3425 2339
3444 7307
5305 447
9806 2731
3052 5550
937 8129
3827 7609
6488 2820
2080 6299
4884 5550
1519 9653
7696 7712
5870 7870
490 5078
4505 9643
238 402
1246 1927
9077 1400
3199 5727
6650 3685
9333 6749
669 6893
7522 9246
5729 1680
5503 7346
9936 6168
9732 2736
7006 5185
934 9187
730 4117
6522 6277
1617 4243
5256 5303
2381 395
5946 9066
2379 5817
5620 3565
362 8092
6110 291
5055 5506
8749 3008
4358 4994
3568 2224
8883 1125
9861 9268
4086 9249
43 9258
2380 7892
2739 8855
2546 6682
2320 5332
6053 5530
2477 4787
3077 307
349 6636
9016 4687
8478 8712
9722 2865
4871 985
9458 1408
5040 5188
9968 7616
9169 6220
7155 9321
3971 780
8423 246
7202 7409
8619 1517
8644 9458
7297 6550
8339 8749
9870 921
166 2351
3521 7512
542 9951
4608 6551
4236 8695
7790 6260
9264 576
5689 7062
8332 1162
1008 5510
7334 6293
1282 8852
7853 6782
322 3144
1939 7385
1286 6630
1753 1224
4846 7213
7320 373
5953 3292
7195 6082
8451 5585
7370 9786
1908 5552
2706 1043
8850 1644
8960 4419
4590 1701
2444 1612
3564 446
9474 9942
788 3641
5899 5239
4037 6002
9514 1041
1065 2869
4435 88
9844 844
2662 9774
742 3625
345 8109
3616 1853
2723 3233
755 1730
3717 5328
2644 5083
7491 9142
2907 534
8080 4929
5163 3355
1928 6054
5372 5093
6502 2702
644 649
502 8816
2116 2455
6357 5948
3182 2492
1156 3041
8581 9601
4620 6076
7628 9444
5291 3183
273 1970
6940 7609
9635 4621
197 9575
2733 3583
10 4455
695 6476
6415 9332
2 5437
2026 3571
1233 5742
3543 6169
807 6757
8229 1703
1723 4573
269 8211
8920 9375
8723 3636
5489 6732
2806 1961
1362 6810
5905 7447
625 1768
6500 5630
8627 5887
9404 3926
1675 6583
3374 1579
1230 5699
4916 3666
9154 5722
4142 8615
7077 6323
6666 2821
6857 2908
1326 977
7597 2167
5457 2035
3591 1090
2217 4961
109 3985
9072 7130
8626 4266
8592 7260
9646 6909
6253 3907
695 8606
2818 1535
3579 3504
8115 1760
5456 9936
1521 7217
306 8571
5773 9134
8011 3597
9860 4531
4642 3159
1128 2946
6618 9036
5359 1376
6698 4392
4772 4333
4605 1022
7148 4591
1648 8396
2019 9434
4969 6205
2549 4622
7863 2907
6552 6188
5140 1838
7094 870
3190 7734
3817 435
7445 6049
3679 2123
6552 9497
5181 197
7096 9757
4496 539
9462 8986
6846 9382
6632 3254
4443 3308
9262 5114
7448 7810
2211 409
6901 9759
7071 4481
9847 4272
761 7244
4789 1761
1098 7123
1308 686
2813 8272
371 3383
4338 4079
6297 7193
4882 7137
3578 4783
6060 3484
1120 1028
3134 6290
469 5811
5568 8139
6823 4589
5770 7714
8501 6646
4005 9274
9910 3405
8351 9675
7225 9526
1944 1309
2614 7398
8793 6943
7347 4074
4805 4821
2307 3317
2056 5388
9242 7060
6924 1786
8075 5247
7738 6375
5970 7790
9005 5458
9517 7829
6866 4114
5077 8622
6284 794
8506 3921
4532 2327
9661 9651
9341 8585
1783 4425
2581 5355
4982 6519
6296 4817
1129 3865
4671 1134
8896 7420
597 5151
9542 6298
7354 3352
1195 5809
8369 2840
5034 9807
3460 763
9993 6605
6439 9548
7135 7332
6346 9077
4528 624
8024 245
8579 2991
9612 6604
9428 6070
7363 5094
902 465
8796 8689
5248 3653
4844 5885
5272 6980
9631 9344
2558 2219
9288 1603
4911 2875
8058 2668
6202 7347
6751 9736
2830 6678
4997 7125
1090 3902
2153 8777
543 9613
1675 7139
9736 876
3409 252
298 6098
2808 9961
1614 1154
7268 3728
6763 5522
9897 1445
4440 8371
5570 6080
9599 3602
7231 8684
4189 3386
9356 3470
9254 5507
7883 2704
4262 9035
900 6729
2834 8335
867 7131
8781 8423
3455 3593
7895 6332
1563 1219
5263 118
7478 4207
4457 1126
9533 7222
4826 6204
7407 4840
8912 2758
6369 6733
5903 5990
6408 7321
4982 6303
5972 5690
5552 3868
6525 1425
9511 1533
5909 2155
6306 3422
2092 2603
847 7670
1491 8406
8380 1641
952 1947
3823 8298
688 5389
1526 9073
8819 4462
9961 549
9184 8297
1451 6198
6049 5980
7215 7593
346 7137
1350 9233
8523 7607
1959 5078
6885 3794
2136 5429
1897 2411
8809 9204
2300 5125
4576 592
8567 5118
7118 7909
9786 6462
5633 9465
3824 7263
4355 837
9246 6216
7519 3905
5126 9048
6899 9419
9976 348
5089 8308
9303 7133
560 4215
3065 1625
2736 3847
4632 8748
4475 20
7511 9610
358 5449
3182 4044
3895 3557
6582 4629
5216 7812
7296 2544
8025 8953
7359 9048
9596 5050
3574 9779
9258 8072
3484 5116
7355 7018
5756 6636
1827 6389
5961 6740
8975 4842
2575 3545
3599 3852
628 3372
1678 7196
398 1125
556 3235
4638 1451
204 3195
298 9347
7113 2250
8376 3491
1988 3916
2421 1442
2457 9389
9750 2462
2000 5280
3494 6856
8799 2782
2431 6992
4428 6510
7076 3641
7247 4925
3258 617
678 8603
2166 320
3651 4050
7233 7330
0 723
7529 6098
563 6638
5537 5628
540 7230
2537 3823
3755 9840
2680 166
3886 2366
3221 2498
7928 9084
261 5654
1038 9773
3247 9422
3195 1139
380 4620
7507 7825
2426 6832
4836 719
7855 596
4168 9434
8874 833
9911 3029
7893 6082
9530 6896
8455 2643
3146 4227
3750 2389
5367 6407
1209 97
9220 8097
3323 7254
9152 8588
2572 4465
7632 5330
1410 5528
8711 1382
2222 9139
4503 9025
7705 1031
9665 2728
7964 1760
5513 870
2078 7531
6933 1067
6616 2637
4564 3824
4213 2756
8283 4982
1141 4424
5706 3371
8177 636
5102 7112
1496 9607
2287 8889
3224 6090
6650 8441
7913 5374
6921 1834
7939 3675
5149 622
3695 1911
8366 8246
1371 489
777 9204
6023 2329
1256 4174
2845 1702
720 7794
3278 707
8692 3856
150 8655
4774 921
8561 3967
7102 8274
4296 9562
1475 917
2772 6401
8054 9060
163 394
7982 1338
9367 9112
8861 6304
3067 4344
7202 8473
7186 6697
2440 8443
5784 249
4540 1018
2842 6905
5356 1939
8849 4700
1754 6498
6873 3777
9007 3072
6416 5258
2237 2060
2153 9129
2861 6805
3472 9110
5463 8065
5657 687
416 7405
1617 2301
2302 6930
758 2958
1734 1392
2242 4901
326 4522
3650 3306
6431 7693
2822 2815
7050 7742
4129 7680
7932 6831
815 6374
6116 6334
7926 3560
2945 3531
8870 78
1712 67
2890 8452
9634 7165
1024 1112
5853 8305
2421 1152
441 9728
8121 4074
3499 6004
4322 1522
6318 7509
2093 7449
8989 356
2879 5752
8605 4696
5145 1762
663 8642
5258 5662
8787 2639
5422 3753
1744 9643
980 6983
3361 3388
6686 5138
8449 146
6786 5265
2039 2040
4605 8358
2628 9847
5286 7732
7705 6472
384 266
2598 916
5866 4369
478 5866
5393 8590
198 3355
6725 8180
7403 2886
6296 2537
7379 1195
3267 8883
811 9934
5331 5215
9136 219
6320 622
1514 9280
9342 9389
6162 4395
29 4479
7749 9568
5131 7977
3408 7079
4714 3337
8331 1553
4427 5700
642 6133
7593 1915
5054 4779
8739 3081
9107 1667
161 9052
8386 4867
7960 685
5567 3884
904 5454
8781 455
8690 3775
9333 578
2871 796
8565 945
2860 3767
9877 6562
6042 3501
2852 4001
1074 7512
4609 4229
4061 8865
7543 853
6257 3983
112 9003
1631 6928
3370 355
2985 1043
1110 3823
3186 928
3437 3771
7022 7765
5149 4247
3880 6286
242 551
370 6735
4032 2515
4375 2337
7851 2843
5933 7559
4553 2315
3494 6827
9872 2887
4741 2458
8202 6483
8157 7097
7015 450
133 9027
4945 6409
6136 9792
7322 5486
2954 9235
7793 882
7940 144
7908 9193
5568 2888
7680 9890
5696 5394
7139 2087
2121 4456
2946 3475
7021 1323
2839 4906
6550 132
2307 5050
5486 7673
9585 5324
251 5735
4858 1111
1304 9074
3829 9569
6751 1895
2550 3155
8579 2121
1383 9272
7465 8688
853 3681
6150 7675
577 3176
1795 5741
2055 2399
2478 8075
7659 2053
203 9169
7535 9572
4231 7308
3873 2650
6045 407
4129 7777
6433 7653
3441 9965
4841 1431
7941 2978
5708 7659
9481 4768
850 8786
8754 1324
1115 1532
4844 4252
2637 9986
3427 5966
7541 3680
654 8549
5182 8829
3173 321
5647 6824
5683 3659
1278 2081
54 3130
482 5105
5875 6020
8535 9127
8327 2805
9483 8319
8729 1013
2069 4993
5547 8841
1573 8164
303 264
8854 9837
85 8152
7984 1144
1906 8229
2939 2305
1117 6749
5085 3168
2852 7979
36 9455
9611 9197
6544 2393
5876 4948
2455 6928
3354 8089
1692 9851
983 791
4378 586
7862 2648
6362 1592
7811 8943
4980 8748
3230 959
6977 6108
5070 3558
9887 5550
5090 1850
4239 9388
8835 831
4088 4740
3717 2593
7118 7225
3772 8436
3549 5593
1355 4726
3999 8972
8104 1182
2573 8278
2188 1587
2098 617
5638 6523
4731 4602
7791 8287
8203 8494
808 2503
1499 9328
9151 7303
2335 3106
3009 8629
2723 8590
5625 2726
4180 2824
7847 7877
331 3138
251 655
8324 971
8096 5166
8061 4229
3719 783
2970 5553
760 3410
677 8090
3277 6526
9938 2826
8890 8510
3201 2477
6020 2732
6221 2352
1362 536
6417 4997
2449 742
5050 902
8721 5089
3464 1460
5165 5584
5918 2875
7128 9171
1064 5747
9906 8537
7820 4374
6827 2482
5370 6361
9230 4780
3805 5097
7966 5932
6003 3491
1199 5355
729 6719
6635 347
4304 2410
3077 9860
44 9327
4666 6479
8634 2354
2995 4398
3457 8937
935 4326
5858 566
8782 4202
5882 5733
3632 7317
4006 7183
7051 9827
5589 7017
7892 9085
969 9084
7476 7424
2903 3489
5444 5801
1855 5561
3876 1855
4165 3542
6996 4732
1149 746
3254 5337
2630 3562
6634 4006
3389 9150
2329 1859
5010 6472
5470 3085
5495 654
2590 3128
3429 9798
9192 5941
5209 7485
7464 3457
3516 9507
7653 9867
4208 1719
4474 2143
470 6475
2786 83
4764 7684
6428 9885
8083 5280
9726 3567
3759 2675
8150 6960
6680 576
3340 4168
1966 1249
1283 4216
9385 2980
8030 6420
9454 1234
3855 7518
9309 9964
5595 4048
1431 5140
2953 6502
478 789
9225 6294
2340 8080
7985 8588
4709 933
4291 1846
8017 2938
9818 4424
737 9403
9123 9453
1563 2638
3289 4940
4241 4497
8712 9603
1123 275
9571 6066
9781 7611
4721 374
8363 3401
4082 6192
6304 4136
7312 6577
502 7948
9793 4853
8744 2909
2424 4842
7212 3824
8651 2587
7844 1455
2367 893
1555 356
5935 5589
4204 743
6364 1635
4950 8529
8766 7504
2717 8093
1449 2560
9394 2618
907 5091
9474 6927
8673 1806
644 1436
8809 6000
2219 9320
6675 8900
9723 4188
8097 9811
1065 6348
8509 6178
9659 7245
4105 7023
2399 9480
7505 9204
3736 4857
6429 4390
5378 7700
7026 173
4887 405
7369 5119
3514 8434
6231 7819
672 3023
1803 4031
7678 958
8695 7559
6638 3041
7670 9091
7131 8157
1995 7155
1788 9101
2074 241
238 1984
5520 9355
1385 6992
9660 7148
2532 6000
9697 8807
4469 7793
8644 2063
5681 7393
6000 6853
8241 3008
121 6062
6213 992
1469 1632
5010 3913
2982 2042
1016 8471
3837 8542
3391 9857
840 971
5135 9654
8900 8443
8878 8005
9310 1125
3299 3689
1787 4592
2138 9727
7255 5302
7585 566
4554 5872
8527 3106
1559 5315
6820 3261
4670 4951
6956 987
177 224
477 3992
8340 3483
7791 9536
2413 2679
7275 5098
7131 7341
9628 7570
5635 3853
4179 1394
1670 134
5558 1132
7998 4674
5720 262
7255 7772
2852 9251
4426 3327
931 4714
7861 9516
6045 2325
4070 2903
9212 6392
758 6143
5931 9836
8355 8280
2734 9271
6117 5271
2796 4010
1810 8153
2310 8087
3276 7584
7979 7324
5768 3115
9844 2209
7611 3201
1883 1561
4797 6410
9689 5352
943 7850
2508 178
5064 5963
1495 2732
6475 2806
4339 753
1300 6765
2196 8355
6706 7688
4054 7724
9647 8842
854 8159
9689 1935
397 4176
2709 6084
3159 9389
2522 7379
3234 9448
4024 1434
1186 6546
6732 4167
225 3973
2299 6242
5332 5085
8715 8215
2136 6805
1761 478
7051 2410
1269 9929
1784 2478
387 7785
7082 523
2330 5550
4369 4129
2199 521
9459 4766
3132 1839
681 8409
4025 1292
1002 9963
4764 1329
5382 8555
4021 5517
6984 8389
9810 4419
3406 8502
2506 7661
5365 7142
4341 5149
1086 5602
9816 9660
1453 4869
3343 2369
9696 5682
4066 7583
5180 5041
2170 6379
1154 5667
5997 1593
6993 9732
6100 994
7494 7389
1726 7028
3342 5186
8766 6230
4268 5582
6880 6534
8165 489
6937 9538
9592 740
5099 5167
4924 497
3495 3433
9730 7569
877 663
9434 875
3983 6346
6417 5126
4533 8914
3399 3156
1545 8685
8335 6043
4018 9533
4703 2560
5358 9381
1399 2770
8008 3408
5295 8897
6777 5949
8585 3033
442 4667
8998 6959
616 2845
5237 5190
5200 5003
7685 8430
3466 5941
5691 3418
4339 7716
1887 9037
5090 8894
5281 385
2156 6405
473 5315
2514 766
3276 7038
7368 1545
4106 8770
8001 4194
1956 4273
3366 2226
5932 8486
8725 402
3141 7298
7046 9470
1129 9380
6665 1314
2168 5860
3947 6276
222 1389
7496 3693
382 6677
4666 8405
4506 522
3983 6538
8693 9482
4312 6365
3999 7759
286 6361
6687 3525
6400 864
7376 3978
9575 8596
8290 9185
4298 9631
433 7810
3501 1488
563 6849
9748 8691
2186 1722
6534 4315
6777 7462
1101 6926
8484 3997
217 2077
8432 4360
4452 5391
5337 1153
3968 7769
1714 9274
749 5564
903 8166
2023 378
3679 8648
2923 4486
253 2950
9258 9672
4790 7689
1991 3626
3805 6740
4122 7315
9017 5887
6295 2461
2824 751
4600 1780
5437 8643
375 5069
1780 4749
8328 6368
503 5643
2275 7540
9721 66
7359 2150
9455 4854
5242 3334
895 2456
5013 174
3936 6941
4492 943
9137 9078
3332 6921
7077 5249
1804 6439
4412 9356
9782 8453
3662 6513
8511 5424
9664 690
2250 7352
7704 7442
7451 1188
9181 4510
5870 2082
104 6230
7096 3337
6103 9484
4006 4749
528 3192
6274 3982
2755 6181
3508 1854
7880 3804
4308 9933
2583 3579
7437 3171
2550 673
9133 2313
2061 8969
2586 4788
9813 1920
1071 9455
5103 1588
9395 7875
2450 716
7786 7174
5532 398
6421 9566
3225 801
7269 9808
8673 8383
3053 1354
1884 3878
3973 2169
2961 3356
3707 1863
4956 2109
6596 740
5677 4259
4176 9312
8829 592
4075 5027
5308 842
143 4873
7526 6419
8327 2045
580 9380
2607 6625
8382 4134
9783 7495
4766 5837
4214 9504
9568 3186
7723 2334
1189 1835
95 6631
6391 1449
1254 889
5607 9197
4629 4884
1794 775
6461 6585
3538 8509
9317 7501
9632 7845
8534 6025
9016 9103
7983 82
5349 3666
6617 8480
4187 8690
7861 3325
547 3370
3874 3275
4001 9643
8443 7730
6705 4449
7916 3238
6944 8862
9140 5601
9367 3174
118 4770
4002 2935
3339 4865
3743 6850
8738 8381
2466 9610
9591 1204
773 1608
5825 8207
6893 7833
1396 9032
9384 997
4567 6585
8482 9244
2433 9362
6086 1374
3165 7205
626 1463
812 5026
8163 6134
6073 4458
1183 1481
7031 3907
770 8343
295 7447
7568 2905
310 4729
8410 6806
7603 1221
5211 2825
4318 5299
2914 8017
3228 9976
3626 9925
2359 2760
7364 9266
4963 4828
6614 1474
219 8475
637 5130
713 953
8638 721
9716 2233
9131 7032
2116 5920
1681 4171
5329 6504
2141 418
9113 125
6111 2596
7249 4216
4502 7833
8451 8053
427 2073
7573 5347
6538 2582
4250 8999
5051 5668
274 5245
975 8753
9021 5437
534 4820
748 8566
9933 6726
1848 1161
7444 9271
8460 2661
4510 6767
9453 5770
2082 1795
9003 3836
6846 4383
9023 2038
9611 9910
6724 5128
9531 9379
4114 2991
143 7370
7653 960
2197 9441
8268 3168
1855 1989
3054 7923
7151 9898
3047 2175
9854 1666
3151 8604
8604 9353
6684 3882
9185 9451
9902 9471
1442 3106
9864 4988
2847 9872
7823 4107
6970 4246
778 4455
5810 7583
3993 5127
285 5516
4163 5032
8100 9292
2375 806
3176 7031
468 1799
3298 9527
2756 6389
4200 9108
1763 2758
1164 5899
2813 6362
8910 2330
1845 2784
2466 490
8643 4420
5164 7993
2517 1657
8808 4212
7142 1039
1270 6717
4987 6161
5298 335
5962 8718
2402 5867
4582 2898
5544 9645
6917 9377
3831 9776
9138 3551
9475 5035
7774 4335
2753 6711
242 70
77 8013
2751 8858
8091 8273
1478 2540
4965 6677
8484 3007
5123 3611
9541 5573
4568 2108
5802 6229
8169 4222
2693 3898
8328 7012
432 2619
8559 5624
397 4306
9017 8446
72 5036
2330 9893
9385 4300
4638 1599
7606 6636
9887 3834
565 3169
5872 4874
3855 6025
1190 341
2720 4708
1655 3003
1883 7052
7546 7312
2779 5715
6030 5704
8596 7560
6359 478
2455 2101
7730 4880
6740 1495
458 2314
2266 4219
8563 4301
3818 8578
1204 9772
5802 7600
290 7091
4853 9143
9319 8613
7775 8411
2705 4352
1623 2258
134 1679
1173 1194
3334 9980
1762 7686
2985 4767
8903 5911
8135 3176
9454 963
5446 9989
6309 4404
5470 6256
2897 639
2569 8025
4814 8960
6502 1195
7412 6223
5356 3597
3350 6577
3339 6791
2421 4589
7855 7759
5889 9032
5694 2767
8751 2384
1264 7621
3381 3378
9039 4119
6930 9145
6964 9296
5340 9268
800 4188
8945 4098
8060 5692
2815 4988
6600 134
383 7487
2608 5884
5099 5284
509 3303
1105 7278
9095 5183
3263 8864
5128 8762
3214 1144
780 7600
3900 60
5525 6358
8577 6223
6746 6623
2739 2064
5471 411
4245 3328
2320 2330
5434 5006
1464 5778
1383 3072
382 4137
5303 2272
6206 4319
6120 4257
438 5530
2818 1212
4759 9008
488 4107
9883 2267
8823 2689
4934 2716
8475 1221
228 6783
4353 1993
5474 9366
7031 6187
121 5828
3312 1783
5189 409
6948 2183
9429 9941
2403 9960
9658 8971
1674 2474
5426 8883
4286 9203
4094 2684
3782 5585
4879 220
3029 1435
224 9333
2052 1746
9629 4295
591 3641
3681 2508
9414 9822
6445 4947
8259 2324
116 5164
6139 7566
9587 3517
4029 4698
5678 7967
5064 1336
230 2472
4106 4806
8454 5973
6866 7066
9597 1540
7607 138
9926 1932
6593 3915
5602 7529
5077 1460
9832 2840
3983 7566
1266 6027
8584 1338
6137 1177
9030 7263
3211 4085
9555 6255
9272 1337
325 1557
4061 2656
6044 3790
3831 3357
9947 7377
6809 3899
6590 9227
2025 4417
5578 6555
1268 3761
9122 9303
9154 7374
2101 5898
2356 824
7492 1226
74 630
5025 1226
4785 8142
100 3737
761 3459
8039 7396
2693 8460
6593 7519
9500 2493
9696 1419
8940 9621
3199 4405
7070 8563
4327 7115
6724 8021
3554 3052
5615 2222
2890 8762
8446 2419
4960 4558
3344 5459
4633 4521
3098 7185
3427 9027
8869 5903
4837 4178
6302 3704
4260 8087
5697 9082
9954 808
7648 8367
1360 838
2972 7047
4053 9180
4919 6707
1719 7443
7456 5728
5 6323
5069 8989
9991 3306
4663 5131
4637 7250
1487 7537
933 2451
9759 3417
344 1653
9835 5099
7412 1679
6485 8243
3300 8209
384 929
8522 9178
9869 6174
9999 295
4993 2470
8162 2281
8552 9014
940 514
7778 8098
3733 9547
6315 8675
9087 2821
1769 8620
7903 4154
9534 312
8876 3535
3293 2690
864 8905
7370 5985
6283 5912
1770 3341
3335 1860
2906 7138
4599 9395
2907 6320
7096 5701
7866 6524
3929 1788
750 3927
8087 7099
5227 2985
7089 7977
7859 6090
9051 3634
8492 9277
3533 395
7549 1833
7835 4064
3122 2597
3936 9483
1246 1743
2339 3619
6144 9113
5484 2511
8303 8768
7200 8725
9583 3786
4679 9028
4053 5036
1167 7066
7527 1030
3354 4579
3948 6188
6338 5135
8883 9617
8236 7454
4368 5282
6890 3306
177 8908
4523 4033
8335 8955
1469 6414
3503 9776
3347 1283
536 4509
513 7045
4799 3521
6756 6132
5037 3419
6511 1462
531 2364
1599 3103
7332 7214
9984 8878
5040 635
6985 1943
2018 1707
5267 4280
7231 7037
6631 7115
5166 7137
2052 3607
2999 4816
8096 6531
388 1577
2486 8776
2484 8617
878 2290
6862 7862
8154 531
1235 3608
8524 3556
6364 2501
9525 7641
4547 4071
1656 8351
6429 6091
1709 1204
7764 4809
1090 2547
9219 2107
8268 107
1899 6509
7755 4636
3491 3503
8123 7949
156 7929
6759 3116
1282 9948
9240 6195
6750 7265
9579 1603
7032 3168
2784 3280
794 735
4526 1625
4880 885
6549 6882
1548 1546
9243 2944
9238 2141
5032 6032
8432 129
6589 3556
5863 9589
943 6811
4485 7695
8194 3788
2196 3188
496 79
861 5638
6409 1768
286 2987
2052 2560
4282 342
9747 8322
5611 2868
7940 3007
2002 8212
3348 975
2207 2196
9135 4213
300 8117
2306 2237
9987 4522
8498 7988
2769 8210
1445 5188
5458 5328
4877 2123
1851 979
5189 9863
4438 375
7140 1808
824 8855
8063 3794
239 4508
7403 6677
935 7639
1792 3931
1756 535
4201 229
3257 9096
6023 6594
9791 200
133 7605
1521 3735
4935 5298
2540 2235
2268 182
7908 4812
9618 9216
9242 9074
7560 447
6569 4826
9998 9449
4736 1615
7961 1780
4042 3163
9236 3349
9945 3977
6624 3268
1649 8437
6843 9992
3952 7683
5054 420
4395 8265
4561 9901
3092 3818
633 9287
5336 240
914 5099
6516 821
8375 8487
8152 7422
5166 4866
708 7653
5601 2218
4239 4881
6343 2316
3158 932
9233 6879
3553 6129
32 7822
3025 2472
5059 1808
9382 9311
2078 3414
5325 3902
2247 1216
5975 9255
7450 1980
1476 9857
9389 5372
4430 1776
7821 2771
2227 6114
4951 7707
1754 2120
4467 1974
1526 9327
4026 2048
9720 1802
6136 5469
4878 6446
2684 1492
7562 537
2397 8391
2062 1568
8183 7278
1699 2260
3683 5023
7193 9328
5060 5309
4601 6450
1422 3402
918 4851
4481 7001
8161 4437
6499 6037
460 9048
5259 9479
870 6409
8025 9256
469 7079
6852 2644
3394 787
9244 9751
4702 8803
4029 1831
6515 6611
7397 9357
3077 1978
7996 7409
5335 1892
9762 9745
1578 9617
2423 1549
1663 9129
3556 82
3646 4778
2615 4066
5391 2928
8123 8508
3302 271
6838 7982
2764 4976
1148 2195
5736 1366
4368 2666
5660 939
3995 69
9244 9228
3285 1274
425 4814
4688 6426
2907 8764
7189 8699
6030 62
7126 1477
8643 455
626 517
8472 9371
519 1873
5314 2059
4241 873
9477 4847
8369 6502
6310 2287
7993 690
7160 3245
2163 8355
7874 1106
5345 9909
8114 9012
8784 4163
6171 4960
3494 3058
2906 2106
2522 2234
6343 3695
7986 1250
5654 3507
5959 7383
9724 2123
8294 8761
495 6217
5168 2194
8599 1408
640 8547
8657 9123
8924 9868
6642 494
3349 1928
8855 3040
249 1027
6475 6804
2920 8857
2291 2187
4243 8205
3955 5367
8240 4706
211 4374
4378 5145
5388 5129
6614 2984
1277 7008
144 8403
7370 1620
9444 730
1875 3809
4664 7231
915 9390
3942 2626
2495 5883
4168 8155
2814 3637
2012 6515
5832 6104
9847 9903
2231 9218
7046 1481
7290 9808
8287 5981
89 2663
182 6430
978 7857
5931 6707
3250 7827
625 2993
1775 5943
1514 9557
4082 5898
2701 6334
9458 4099
1226 9429
619 1087
3444 603
1214 9622
9549 5949
7922 8731
7392 1334
1896 8917
695 4209
5708 6725
5148 2842
7927 7827
6829 16
3601 6121
6456 9160
6676 8572
5670 913
6156 3011
1589 432
8603 9173
6942 1512
41 8243
4037 231
2728 4351
8766 9264
1349 5960
204 7104
5115 8307
4004 8399
1233 9032
1233 1110
5236 1654
8897 6119
31 8115
9901 3133
4662 4179
1846 3073
5443 4580
2042 5318
4871 4373
3061 2865
6498 3025
1396 3913
7870 2988
3781 4471
742 2920
5371 42
3556 3988
3918 8202
567 8130
6863 4790
8019 8708
9512 1084
5219 5586
34 4389
3625 4106
8128 8043
3350 9700
1497 7927
9157 433
5891 2235
8018 9728
9963 489
4425 8860
5633 1406
1400 6390
1087 463
4198 4538
8714 5406
6781 432
2834 7769
5842 7058
3556 431
5526 9589
958 2639
2005 3094
7074 3408
4059 4770
7396 7975
1110 3921
6878 6152
7159 3409
8675 8876
3442 811
879 8282
101 8803
8285 3910
5494 3329
9747 2579
3796 6327
2984 9318
6271 6607
438 4600
4516 1971
8155 7768
5137 8696
6553 7131
1991 8775
8748 6800
4588 5785
1483 5717
9680 3791
8536 9263
3576 5451
5875 3802
2054 7247
4043 3982
8730 8592
691 2746
3057 2518
275 4911
2828 8739
9205 9499
3836 8205
4400 241
4232 3482
3635 9762
2049 1831
2183 8586
6749 6389
1014 7417
8863 2177
9754 204
3944 3118
3421 8823
8599 8768
3280 3026
3388 2872
3176 7949
602 5143
1683 3553
58 4321
4041 5429
3596 3392
7341 5866
9497 1394
1105 5283
196 6752
4457 8052
5631 8315
4841 9830
9993 6293
9496 6404
9525 7065
3717 9541
2086 6713
616 1718
6758 9570
6450 7699
7574 9886
6526 274
5839 7557
7337 7021
5048 9233
5213 6154
2465 9661
7337 8104
9051 2120
2413 8984
5962 9516
2912 2934
3923 8550
468 8658
9759 2625
306 2335
482 1460
2335 8152
7397 7220
3056 186
1295 3463
2186 8962
2610 2759
4674 9843
3858 2750
9731 8387
4960 6148
7278 9492
5269 8707
8811 6138
8842 8691
5117 4782
4932 1703
2228 1902
61 5426
7516 8766
6189 7223
2643 9967
808 5437
7464 1914
9472 6731
879 6010
7963 3525
5809 4563
6752 6787
9568 1283
8619 3867
4375 2995
9184 9706
7888 5737
4188 6644
32 4398
7223 4021
397 9991
8773 7459
991 7730
4332 1475
6244 3935
4255 436
9358 6984
9577 5675
8359 9263
8902 1004
5445 9298
8571 930
9912 2925
822 124
31 7789
9392 2037
2379 3308
8974 6973
9788 5198
2279 6393
4663 5207
2096 7827
5865 7687
179 4975
8597 1091
9230 7548
7929 1456
2648 3411
3423 4478
9550 6416
3871 2864
940 4746
4434 1556
6439 800
4433 9139
294 1345
9915 4566
9569 1880
7862 4898
9682 2451
8653 3618
1401 6494
4360 8432
8955 8433
1850 3808
3338 499
7539 7337
5631 5048
5189 9121
6516 2398
1587 1188
6318 3985
6293 1600
6152 8262
7721 3856
9035 9882
2484 306
7225 8647
6790 5239
3193 63
6092 7415
5804 1736
1662 8975
670 9189
6184 7256
8904 1917
3415 5109
9251 6059
5065 1657
3047 337
4102 6626
5169 5161
7550 8662
8626 1385
3688 1528
6132 9154
7386 6951
8313 7621
2278 3556
9388 659
6689 3197
344 1088
1183 539
807 2387
8122 4580
6002 5853
5330 2110
1080 1507
4558 3857
6746 3321
160 7640
4243 3501
9079 9204
1268 686
1198 5820
9581 4711
178 5428
872 3979
144 1193
1312 1374
5357 391
7023 7582
9503 487
7876 8333
4376 2793
675 1948
4836 6026
9623 709
3992 4753
6163 7445
3210 7659
1078 7444
1727 5713
9676 5171
9407 3268
8417 1840
3685 9141
6672 681
6818 674
6154 3819
7714 5968
4131 8933
8998 7426
2022 734
7984 8884
1832 3216
7214 6454
1786 8207
9901 7144
4392 6618
4030 5727
4094 1517
3446 289
9738 9408
8752 6818
5693 3728
2909 7228
8236 9224
8988 6196
3683 3020
4516 2367
9576 8017
2429 3489
2973 220
4143 4621
3775 1942
8467 6062
5628 4440
102 3680
9857 9625
9451 1324
9073 1809
9199 5775
1426 633
9784 2966
866 6962
9063 9783
8023 1998
4077 6031
6547 1806
4778 9460
9222 5625
6816 5366
6638 9190
6006 3687
6425 4295
217 5155
2667 9266
7148 7950
6155 8173
4560 89
903 6020
4526 3121
6856 1130
2241 9620
4401 3962
7570 3600
2369 6249
8891 8746
2104 2379
3020 9416
8709 302
4556 5612
4254 9462
9143 2093
6489 1446
6486 4563
1335 8808
7437 8575
4753 8649
4797 8485
2458 3124
74 9831
1540 5321
8631 7887
9774 1098
9660 1736
9547 2738
4442 9497
8142 4274
6117 7760
9809 4218
6384 7255
5653 6528
6919 6614
5364 2304
693 4277
6786 8512
4310 4443
8866 2030
1031 712
2869 6152
1786 2715
1645 7800
4309 4705
8543 8634
2569 9915
6567 5147
8977 9594
2758 2929
8097 3482
9270 3697
2829 5896
766 5489
7579 4833
8016 6426
3185 9545
2816 4249
9720 4709
9008 6802
7331 1781
3286 4705
3224 7345
6031 9759
3228 1167
2204 7774
142 6911
7626 5202
6825 7379
9729 6203
5133 7773
6242 6514
3016 5559
1395 2736
9853 2682
3543 3270
7542 1083
7670 9788
3398 1592
3740 2762
1287 4779
9517 4716
2290 9624
6374 37
8318 649
6783 7316
8159 868
2572 8491
2943 3349
8451 594
7947 8877
4216 2215
8708 8151
6643 7503
3830 9155
355 9710
5157 2417
3644 8095
3682 9755
9308 7904
734 9983
572 5693
5510 1848
3842 5352
3132 8408
4418 2914
8950 5316
6789 6009
3759 9260
5490 1757
4636 1509
2216 6320
5498 437
9070 2378
4818 9050
8193 9318
782 1208
2333 3213
3445 237
4167 8653
6962 3
6663 6101
275 5937
8819 2448
4493 9662
6950 1291
2781 9347
8831 7125
5577 2956
4534 2290
9061 7995
9849 3740
1586 6392
5957 7638
4529 5913
1440 9582
2309 6954
1443 335
1446 2922
7941 5760
3601 2946
8611 3357
9612 4498
8299 8128
5464 7289
7352 6523
4128 7904
7576 3572
1774 5972
6280 9773
8317 9087
1729 4943
8825 5298
3340 8980
1938 4417
945 2638
8031 3083
509 8918
2862 3492
7090 8804
7722 7472
5288 2136
3494 1567
5905 4788
7622 832
506 4118
126 1779
9758 8933
1025 9662
4085 5255
7147 91
7897 2972
9146 3949
9225 6859
3175 9630
8566 1751
4291 6182
4026 654
1436 986
3337 7886
5743 6414
3264 3908
7127 1656
6474 1459
899 6531
7778 573
662 924
9762 5488
8680 3421
6778 9024
2394 7636
8572 9917
279 8511
3011 4977
4470 9206
7460 9128
1531 1380
5613 6956
3469 9940
8107 6972
8210 404
103 4473
7495 1288
1200 7389
8908 7518
5204 5896
5564 3162
8951 6760
4474 6718
6071 9748
8054 2631
7238 3045
863 2758
3350 5874
9891 41
5955 8902
4914 8070
2169 2704
1729 3379
4839 6071
9434 197
7563 4056
912 1236
7181 8718
3936 6967
408 7004
3475 9441
4850 8873
9440 4823
3597 6265
1550 1084
6726 3524
2679 7660
9163 5958
8777 7713
4506 6610
8198 4005
5700 755
5435 1445
8400 4241
7197 4206
5788 8108
6335 263
1998 9081
7136 4347
9880 1318
2098 7569
7258 635
2629 5002
2818 6750
2994 4086
3582 6851
3684 9091
6194 1903
352 995
3685 8535
4245 9032
2086 7322
2398 5887
3996 999
6357 9703
7370 4236
4210 4044
8962 7053
5616 6389
448 5197
8961 4950
5831 972
4056 498
8473 3646
3796 1104
8832 3363
6060 7417
1626 3416
8821 8044
3745 7849
3633 4446
4600 2481
5426 9441
6529 7872
8236 5120
507 9159
9065 196
7833 4307
3846 4502
4894 1956
8090 4674
8436 7833
2694 2164
5293 4810
3544 5473
6192 2738
634 2053
1013 3622
5847 3716
6364 1606
9374 4463
246 7056
1919 9766
2951 2987
9330 5252
964 9334
3319 4715
3319 6957
1847 7357
1665 3573
4666 2244
7263 3942
8418 5134
1797 7474
325 3337
3046 4725
2616 7095
2598 1403
1798 9550
8663 7544
3472 3967
1311 7752
6302 3104
411 7668
9636 1016
4397 365
9743 2039
6928 8697
9343 272
3964 8887
7919 2596
9045 9264
3535 955
2334 4892
1491 6881
7307 2286
3892 2092
5796 478
5044 5509
5173 7073
3615 4138
9906 4470
6957 6719
7560 8143
6675 6637
2543 6010
8553 3768
1515 8875
8503 640
8866 969
4409 2964
200 2274
8642 2541
5829 1211
8588 9471
9993 8167
6237 8071
2502 1123
5253 2608
203 5372
5508 6329
2481 4622
4233 523
7069 1611
1892 7097
2790 2356
1997 1241
6929 534
542 4777
6376 84
3163 4879
7946 6028
4210 1106
6988 1353
13 2815
5996 5573
7861 4984
1606 6041
5696 4511
4319 5730
3867 9211
2719 4081
2035 7301
8956 5712
6492 5394
2625 8860
7509 6796
2541 3219
7347 7743
2344 5339
393 3757
7409 1037
1657 4223
9298 2172
7157 8985
5461 3062
334 2745
2208 6214
606 8364
2987 5363
9936 4172
5170 9480
5309 7961
9990 5681
6018 6355
2894 7471
5836 305
7324 9208
7542 466
8922 9422
7417 1950
1042 9978
7010 2935
4269 3925
3074 529
6771 6035
5599 363
7041 9788
4919 8106
9353 2424
8100 2353
2435 2086
1563 5246
8882 2890
7935 7603
3265 9873
9203 8096
9179 4162
9292 9162
5978 9026
5076 9386
3720 8996
2779 6196
177 9083
9160 258
7098 8413
1006 1389
4906 9159
9577 9128
1286 1607
24 3337
4683 3082
6500 4868
9844 2514
1774 9493
3372 1539
5224 5674
7373 6394
4569 2379
2935 4506
6740 2087
3052 3957
6722 4540
5192 2548
7707 8082
4606 7011
5716 7349
1773 7852
5651 6366
9009 6734
7102 7309
1030 1914
3361 532
4568 361
222 9059
8678 6301
6446 8699
4420 4579
998 9873
1183 4418
4165 2962
540 1203
5529 7869
3578 7452
2690 5970
2454 8283
6350 3333
5468 9515
8643 1342
2091 1606
7900 7840
2818 6616
3227 8723
6726 1051
5660 4113
9493 8708
3914 922
7589 3689
2954 5477
3974 3742
4309 2211
246 9947
6036 1505
1587 1883
468 4442
283 4596
5176 5734
943 4478
9486 8196
3638 6257
3194 8111
9726 2527
1246 2912
4077 4907
6539 7999
8053 5813
8849 1607
3718 6916
4770 1206
1854 8366
9221 7501
1883 4935
4503 7210
1617 8899
4747 432
3847 1274
7154 7696
9692 5655
646 4550
6391 5548
5968 898
8684 2006
5370 9201
4874 8105
1134 7783
433 8184
9885 8763
8769 7923
7243 4784
397 6269
2424 60
5759 5576
378 6567
8245 9039
9397 4673
617 2576
445 5903
8846 8197
867 660
6534 5102
3898 8617
48 3804
1805 9593
2991 5660
6330 7579
8518 3166
230 4924
7472 9297
6196 7400
3644 4797
113 8213
9381 3756
9318 684
9423 533
3936 9381
5725 4071
1708 3839
6496 6863
8620 249
1242 8038
7606 3839
8209 762
2428 1204
7407 3943
8390 1224
4949 9922
8779 9446
6560 9682
9471 4061
1956 667
6454 7849
2404 8104
8631 8941
6836 8581
699 5311
8086 7686
8725 6129
5376 2759
9228 8167
95 2592
6979 9594
9893 8805
8137 9576
2733 2568
4012 3061
496 27
8057 3058
8719 7942
1998 6504
4288 833
449 577
8023 9871
7673 9412
8921 5031
9914 5323
854 4896
8030 9634
3887 8376
223 222
4850 4417
8801 3768
1943 5640
6876 7141
6306 1252
5175 6291
4105 3480
1072 7714
3744 8932
2632 6412
8496 2334
5835 3666
1030 9673
6733 2693
6583 5839
3296 6526
7457 2769
9202 8603
3853 7831
9428 294
2369 6757
9909 4467
4258 8013
1836 4981
4982 9675
9445 6798
3223 370
6162 4866
372 7856
1651 8695
7554 7152
9825 875
159 9484
5619 7265
6951 6636
9460 5129
9071 2335
1724 3755
1823 1797
8570 8416
717 8120
5955 2701
2516 9493
4468 9005
9972 2074
3188 2218
5058 9021
4261 8008
7328 742
9385 4238
9704 9146
9600 6162
7377 2422
6784 8383
2164 6868
4302 1781
1161 8029
9496 8062
3514 1083
5365 8505
6793 4698
4180 628
9469 6250
6337 8858
6872 1971
8118 775
3012 1238
5614 4372
5019 5868
8148 6196
2998 1214
1611 2522
1341 5983
8407 2548
4957 2730
7368 3304
664 6307
7399 4057
9655 7885
6168 4950
4090 6568
3455 8031
6143 6324
6160 1365
7969 9462
8910 1901
4904 6374
9461 7297
1630 4803
6708 116
8626 8900
5825 5871
150 9787
7888 4476
3202 4360
4751 590
683 2376
2712 6571
894 6855
2458 3192
4278 2713
2961 319
9422 6577
6465 1759
2577 6588
4690 9440
2748 2189
7605 6530
9940 9430
7621 2289
3124 623
4377 9271
9103 3846
1030 8654
3348 7316
6161 7424
4128 8424
2641 9821
6301 6082
7683 9912
4103 2222
8071 4527
8383 2762
8424 3205
1593 8374
649 4717
5824 5672
5515 9621
9226 9944
8523 3373
3046 4559
1720 6242
3185 7111
5778 236
6567 4414
8670 6768
8887 8605
5766 1650
4128 1199
3005 1483
6855 7409
3968 627
7307 9125
8072 2044
5775 5154
4141 7403
5974 1387
8724 9123
2990 7338
6904 2831
6515 5209
5895 3291
6451 9773
9059 6480
146 7648
2345 9914
7860 6697
7118 9176
8759 4906
1829 4784
1844 2582
9118 6588
5098 8429
5080 2485
4778 3541
6103 2058
4802 3894
7105 1117
1569 5619
9266 5770
5113 9792
1919 341
3554 7924
8567 1119
4970 1276
5846 2564
2091 8281
5379 4085
5525 7496
9353 3405
3851 5052
6499 1138
2362 9930
8065 9433
9603 6385
4087 998
2489 1716
8068 2399
8534 6661
5168 3116
3064 3247
8798 5598
1225 4960
3409 4057
9100 3105
3003 2175
8323 1924
320 346
7054 5049
3706 3525
5341 3821
2582 3863
7815 4415
6139 3998
5283 560
1227 3764
5011 6887
4769 1040
5809 9742
6954 7212
9986 3724
8001 4463
4903 8176
7251 9142
3138 1591
4833 2771
4181 4458
4115 6434
6278 4247
2217 5140
6110 8713
7005 730
8449 4247
6196 2240
3113 6599
36 5539
491 3069
960 9360
9739 5492
5006 2763
7258 5079
3833 6537
3149 7788
8754 8698
490 5037
5793 4902
6732 4133
6826 691
4229 5460
6859 1248
7875 8367
8769 7122
5307 2887
7915 5400
8306 8932
310 5484
6411 5821
2167 4233
5226 5623
695 7924
1111 4488
5080 9992
2254 7399
2966 5650
6740 8881
4857 69
8820 9914
4679 1099
6807 255
9270 2458
3889 388
335 110
2552 7583
7806 7736
8096 5407
438 19
2274 9514
5970 5518
219 6946
1861 4891
4480 2052
4563 3284
6736 4285
4713 2581
1458 6488
8230 2441
9692 1224
4541 2244
2837 5279
4579 1626
9715 6601
6339 9995
9038 7896
929 6396
6982 7004
2572 6019
5423 575
444 6831
5002 5658
3562 4177
9184 9623
9263 3163
6839 7253
4277 5507
5431 9745
7690 1187
5606 71
1266 6193
463 3333
4252 9334
7506 4056
5549 1630
2501 8758
7161 747
2631 6103
9040 3845
197 5808
9236 9234
9526 5725
2649 6814
2017 6939
4790 119
6750 8671
1336 9144
8362 9510
2773 1552
6740 8939
7437 7774
7524 9246
8829 2652
9756 5495
702 9220
2886 6839
3994 5203
1724 3590
6878 4489
2231 1503
1467 5066
4479 5540
5287 7717
4370 2159
6464 7502
8864 6647
1713 5353
3474 8747
5373 725
1034 8062
4360 9331
5654 1327
4900 8418
5375 9651
1737 8329
3726 6657
9582 3504
4205 2522
7700 27
8235 2836
5443 563
8121 3665
1451 7891
3330 7344
8988 6364
8808 4672
7825 5509
6985 8365
823 7779
8369 5288
4524 5073
7112 1031
3539 4796
748 902
5555 3390
3481 696
2383 2613
6709 1118
7249 1167
920 4035
9583 7396
1465 3633
4431 3199
3108 5636
5495 3162
4150 1786
3965 5958
9115 1939
8589 1908
2495 6842
4169 7155
9697 6928
2170 8566
8710 8145
9973 4897
201 4773
4793 9088
5200 6422
1557 8500
6714 25
1254 3435
2740 3515
4158 8731
6955 9257
3425 5338
7035 7260
9992 9293
3142 4351
600 1627
7441 8398
5837 734
8312 3229
9919 3829
9106 7202
4919 6552
9503 9152
2763 554
9853 3137
6229 3508
4714 4671
6562 7716
3044 5934
2918 209
3980 7098
1260 3513
4378 2297
2779 5833
9769 2157
4197 6024
4595 105
7049 9120
4967 3516
2504 5082
7446 6302
308 9574
9870 4470
3492 5204
6350 3574
6261 7730
9128 8981
5115 7010
2308 1335
6341 3814
6321 7482
4414 2827
9094 1247
5183 9552
6759 4034
1665 4961
2227 2968
2641 5892
7338 2069
1149 8623
5772 1895
8138 2020
7133 2883
2728 9179
5604 1914
8733 6698
2403 2183
3790 2803
6785 8376
2397 1402
2834 1254
7403 289
1256 3618
7486 8099
7331 542
4078 8681
6915 8822
1338 6140
5967 9785
4728 5944
126 9352
1993 3288
7203 2761
9146 3252
9014 1736
9095 2676
8700 3483
1018 5952
7144 9393
5089 8262
7083 3942
5230 2678
200 4997
6471 3005
2850 6923
4910 6252
6598 6003
6908 4885
5157 7396
2518 7218
4586 1619
6801 9138
5626 3894
5089 128
3177 2535
8093 5713
1800 3233
5743 7210
7788 2362
919 5164
7931 1116
9695 6941
1856 8609
5209 9332
7390 6683
8229 8225
9600 6190
5951 8774
7951 7483
3413 7126
733 6281
4837 3353
7710 9106
165 1401
1110 391
5517 2860
813 2049
1166 686
4383 5173
5782 1450
2657 6067
5355 8341
2702 4236
8693 3447
6175 5117
841 9750
4744 7772
1231 9489
4335 2126
8917 9783
920 2514
8924 6673
9180 9902
4704 2770
4200 8484
7654 858
1938 7200
6590 449
822 3601
1223 7094
5630 6625
4033 5860
8880 7571
7614 1630
9697 824
8066 4759
663 3022
8794 336
5805 1046
7369 2959
7855 4448
5244 8072
6053 2757
4255 6427
205 4545
2889 8553
8097 27
4947 948
8631 5986
7846 1219
5799 8757
8929 607
7783 6863
7914 4477
6579 6334
60 8759
1416 9903
1342 2457
5295 311
7316 4117
8055 4320
6591 7156
2779 622
1456 314
482 5053
6091 1268
6918 2345
4166 2465
3052 746
5263 7706
8818 9210
5837 3791
1399 1587
3151 9392
8307 1418
945 213
3927 9250
5134 7530
1856 3647
6255 906
5461 1784
4064 9398
4528 5784
8292 5922
3130 6305
8527 6061
9774 61
1073 5788
8975 3650
659 8482
7573 577
5321 7469
9987 5452
8872 5423
8228 3954
177 6407
6884 9912
1387 7420
5163 9573
1855 4423
5732 1882
6925 602
4348 8636
2892 6992
4949 9967
9966 2609
6858 481
9697 8642
61 7873
1074 6248
4316 3850
1917 1047
1539 8304
6399 7403
8426 4229
28 786
1679 4472
9021 6068
6783 8106
1073 5008
8957 9583
9748 5460
3493 654
157 168
6618 8917
1872 7480
2795 668
4053 1244
6949 6931
3728 1318
5234 2075
1343 4792
3199 9342
2866 7823
6027 9901
7316 6992
251 5076
1737 8941
4378 3323
7360 2691
5726 5388
8983 8243
5814 6139
7229 4092
3839 2343
5970 3650
7158 9884
6251 2173
3703 2659
1938 6080
484 7479
4379 9827
1890 1348
5409 7184
3181 9981
558 391
1692 7722
7145 4638
7087 93
1594 5561
9269 6911
8473 2178
5050 1228
2053 8725
9101 8120
1520 7594
5743 8172
9735 3519
3687 8273
6560 5985
4083 3288
2540 2568
2394 5779
6908 5901
6940 1236
6383 5544
1322 7712
937 8890
6066 4270
6016 2179
2595 4722
6416 9105
7791 6673
3838 9751
3150 2833
5498 5173
239 2495
1789 378
8874 7740
6722 1586
7520 6164
5825 7085
4468 9996
4006 7311
7267 4808
3921 2845
5486 1238
54 6490
8393 7530
1012 2718
715 5111
3843 9120
5142 5031
2870 1360
5632 151
2625 9844
1904 3442
6836 5276
933 1241
788 9956
1136 4619
3963 2950
6866 2887
6678 249
6079 3755
8460 5130
146 7415
7167 181
9770 9843
3899 3584
594 2970
6635 228
1487 2258
4923 8457
3826 1673
2424 1261
1453 7902
5267 3809
2146 3656
3044 2928
1879 5383
8987 2829
5926 4565
4482 3928
1569 9609
6015 6764
6707 6568
1798 1128
4561 8168
9994 2728
6143 7954
2356 2527
142 5715
5404 755
4004 1759
7924 3014
660 3331
7237 1884
6892 8118
1680 2718
2862 6459
8999 6521
518 85
532 99
6010 7751
5782 9708
5167 6167
9117 6797
2584 2974
8747 8721
8634 3568
7338 8860
6395 6722
1404 1595
4840 5532
8302 1178
1221 349
9702 6556
4144 4581
4219 6922
3471 8596
2003 9371
1943 7964
3223 348
2142 9941
3139 6397
5240 9613
1242 2744
2094 9161
359 4430
5854 6797
9070 3552
9147 8116
7696 7735
8804 7405
2317 1328
1091 7378
2836 4360
3308 6022
3526 463
453 1658
9977 7404
5428 8252
9720 9549
8131 9420
8936 7417
6609 588
8757 8373
9347 8820
6315 9439
808 4191
6496 9930
6106 438
9902 8438
6287 759
9567 9819
8687 7298
1665 162
8529 2335
7673 4624
2654 9311
7699 5872
5159 2477
999 3356
4865 9777
2792 6056
6398 7489
9703 7691
8424 5156
2500 2778
8711 8261
1492 4451
1874 9344
9902 3699
482 8012
3727 5332
3905 5845
9117 5879
8578 5252
1257 6554
218 3470
4749 3158
2699 6662
2005 1431
1266 1248
5995 1913
4070 4867
7738 91
545 5385
8516 8643
3244 1126
3999 9070
1938 7875
3610 5458
2262 9654
7373 5970
2785 560
6590 4108
227 9826
6912 3283
5627 6381
4758 7397
5170 4853
7702 3976
33 6096
7128 2261
4915 1153
7245 3217
5876 796
2957 4484
7161 5333
7929 5432
9802 6474
7775 0
7850 6249
7163 5234
6871 3471
426 6675
9453 3839
9338 6781
3445 9483
6654 6927
9578 4625
4990 3313
572 4661
6282 4243
285 5751
2783 5281
201 6929
6418 6501
7555 8896
58 6457
6779 7020
7546 599
283 3397
9052 7327
5809 6716
2937 5332
2326 6091
3860 5875
9757 2242
7047 9249
4231 1663
9524 3904
6515 553
8414 4846
8836 137
3201 1595
6906 7350
5483 9668
850 4219
5566 5649
3913 3415
4926 887
4124 1137
2900 4026
3051 502
2613 3427
9851 3009
349 3962
4331 2325
2821 689
5711 442
3428 4668
6584 8482
5697 1760
8612 4950
5270 5063
2593 5234
2736 7709
1725 3561
2275 8715
7706 8374
234 9374
6173 3857
5661 5122
6533 2235
4539 6144
7016 7398
7910 5697
9273 1203
4591 3982
9542 8761
8710 2726
6846 5103
6739 7547
1088 6230
8707 6265
4206 5238
1146 2788
2657 467
1879 2173
9430 3932
4197 9696
8261 8657
3981 237
8274 7886
8905 6961
6684 56
3156 1889
1203 450
5597 8995
2312 3388
6778 7048
9308 6521
1080 5658
2090 1340
5841 9774
9200 8607
8023 8485
5112 9807
1948 1637
5382 4391
2084 1375
3786 5271
898 3469
2229 9248
8831 8250
648 5839
8026 8733
3879 4724
2409 3540
6077 2271
1645 3529
2121 4134
3172 2915
9271 4276
5815 7964
9593 7361
4260 7850
1619 6634
1734 6733
3815 4141
8480 9444
8229 2036
2137 9580
2644 7435
1888 8885
1038 8927
2337 2979
2277 2405
1152 9054
3267 8165
8754 4486
768 9425
8492 4648
5597 9893
1187 2821
1821 2829
8930 6389
9155 6637
7817 2791
7909 2529
978 7651
9504 5122
9312 6575
4934 5458
352 8890
7651 2644
6481 3528
9694 731
8864 2235
666 4189
2908 4682
4347 4643
297 7681
8821 2144
3056 4564
8848 6027
7987 1825
4761 7915
2221 1153
5522 8831
3960 5675
8858 6695
9977 9750
8391 1218
374 2936
9391 4949
599 3487
4053 1492
9994 9563
2145 16
5888 8599
985 1469
8454 7122
7947 6527
5534 8926
9805 6561
4283 4292
6891 8225
6924 7522
8831 2747
3247 8419
8943 2576
1143 3353
7872 8771
3368 2025
6969 9201
3727 7011
2306 2074
8047 7548
395 6192
4774 1674
8713 571
1518 9547
8971 246
6271 4546
7307 5610
6481 5904
4239 3220
7392 1467
7951 6870
648 6429
4482 631
4016 8652
6753 2535
179 6881
1133 7716
2121 567
9788 882
676 7586
4878 6250
5030 6618
734 2194
272 1266
8916 8981
7701 3945
6343 8174
3902 1789
8463 3718
870 5719
1625 4536
3429 6086
8676 5613
3451 7915
2457 7386
3090 1599
151 8754
8197 9709
2380 1384
3071 9919
4336 9381
9452 8856
4442 5618
3005 5275
5190 451
4679 3991
4255 9200
1802 6832
9878 7361
5807 2522
740 5270
7835 7124
8156 1760
7393 7535
8585 2000
4963 7418
1847 4857
392 379
6302 244
1625 1372
3113 2560
7814 5952
6117 1380
9382 3633
4821 2179
3355 7095
1682 4715
5844 4214
7295 5322
2492 5621
6666 7789
4591 8662
6719 3398
7613 263
2103 6793
9511 7156
4013 6291
6007 375
8097 1816
6876 6574
6070 6328
4834 8326
3910 1404
416 2041
5333 2259
5627 2738
1106 516
8888 473
8154 3791
9631 287
5495 1828
1147 679
6758 4703
1246 4655
9542 8431
7153 9130
7612 2530
440 780
4628 2383
1236 3057
7922 1567
5603 602
2822 2968
8114 4645
8973 2840
5410 9320
8404 10
4360 4537
1592 3928
1278 4557
2121 2798
7128 1035
3565 9558
4545 4524
1328 6246
324 4066
2345 9394
2662 1762
2120 8047
5456 9791
2444 2965
5418 3269
7809 7375
7059 8206
2438 9795
4285 7652
3821 4664
1478 7188
8459 4057
4449 7259
2751 5973
9602 4272
5599 2112
8265 2221
9198 602
7606 5420
1483 8106
4219 8682
1874 9111
9455 5306
677 3810
3806 2281
4102 8259
9054 4313
9995 8062
7548 1260
8340 4338
1349 1055
5800 3438
2641 496
2107 8064
585 9390
2173 1083
4281 7356
9004 9877
7121 8817
4233 7627
3301 6687
2840 5585
6404 8253
545 6873
886 227
8707 2766
6607 8130
632 4463
2624 2094
9428 9219
1133 442
8839 6557
248 1070
5170 3085
4940 4998
7190 6048
2854 4490
3128 7846
4254 4422
3136 862
3844 3653
8113 7376
2836 1567
67 7734
924 6092
3244 9208
3477 323
733 8019
7260 8148
2536 21
5541 2303
8368 3927
9157 2095
3401 343
7310 7942
5118 3041
3896 2981
9025 346
1418 8056
3420 7081
6743 8893
3047 3363
597 3695
5683 9569
8794 2035
4467 1567
1455 5470
1370 2547
342 8097
591 9016
8792 722
893 7863
4695 7864
8695 4689
1554 7523
6089 4059
2167 4549
1833 1975
3698 7761
3468 2667
6788 3455
8997 7072
7983 6504
4409 1656
8557 5316
7198 9645
6657 4446
7874 5778
6405 8929
9447 6249
2274 1506
4268 6625
6382 7801
9607 8376
8880 8732
6286 5781
2111 5530
4357 7579
7080 7058
3489 1931
9407 7661
3035 7753
2524 7790
3136 9032
7286 9701
9350 7333
4478 8714
6649 2541
2962 4620
6116 2540
3778 6134
1643 9011
1903 5194
8228 9845
8431 3230
2662 1326
7118 4208
7241 9281
9726 2390
8957 508
9423 1254
5655 1098
137 8111
5862 3253
9446 5347
8420 3397
3293 8529
3160 7146
1849 8499
3656 6610
1416 8129
347 8087
5759 7983
2268 7496
4875 5610
5275 8274
4882 9803
3086 395
1544 1877
9717 1547
925 4513
8635 328
8932 7091
2984 4860
9791 4920
579 2117
5206 3199
837 7769
2534 209
5305 5267
2198 3950
2927 7774
7652 661
1376 5485
6894 8736
9371 8741
5933 7850
5438 4312
9004 7886
7521 3183
4278 4621
1180 2131
3405 955
1048 5976
9831 8423
9091 9798
9635 8789
2861 5253
2490 8666
3872 6212
4848 3380
5532 2134
921 4915
6816 3658
6072 119
2069 4326
3635 3895
5444 3664
7762 9195
1512 6872
2183 3591
1934 1908
9463 8997
5177 9641
7782 4158
9170 2228
7313 9092
4284 8211
1509 6319
1989 1282
2557 8626
6073 7909
1720 729
8785 7439
8185 1202
2616 5645
6312 6501
5230 4130
4326 7761
6982 4736
4253 820
8282 7552
1334 1878
6366 7998
3269 5635
8098 6436
6302 7731
4449 2849
3275 4088
9750 1957
4533 2835
1438 7692
1759 5155
9368 3348
8739 8988
8185 5373
7812 7328
8477 5069
7186 6028
792 5468
9276 7666
8074 8115
2528 5710
9648 2268
3246 8727
2615 3813
1195 2916
1116 2567
1761 6744
2543 4958
7763 8875
6102 7540
9997 6263
3598 9006
7466 4716
9900 3506
8144 8688
3153 4675
215 8855
8859 2444
7591 74
7369 5973
4254 9543
4471 9252
8352 1541
7959 5219
5737 7986
705 6953
3518 2236
5521 2760
5218 3912
9694 211
580 8594
6571 9722
8517 4257
6407 2883
8872 182
6207 5127
5091 2545
1923 7126
8673 576
5829 9719
4889 3782
4221 7104
5386 6467
4922 9295
8333 517
4452 9123
7372 2171
141 5018
3153 3138
469 9495
631 910
7677 3359
221 4438
947 5425
6313 1453
6332 6256
361 2025
6784 9294
5956 6929
8590 4998
9471 2743
2016 8838
2252 6880
1066 4264
7277 2892
7708 1723
7494 6423
8967 8770
2977 9403
8076 2185
8570 9823
7504 9488
4282 1343
8188 6854
2994 345
5104 6242
2253 2002
5127 320
2536 8820
1638 9431
2334 3333
4911 2643
9467 3860
3138 4180
2498 7250
546 7075
9450 906
5029 6235
1555 2894
1237 7579
6102 8816
709 9271
3787 826
733 2534
6532 731
1878 5132
1639 5295
5841 4916
201 3193
1921 6553
1605 2447
7785 6289
587 2882
5888 663
5750 4249
2145 4003
7942 2073
6383 2792
2652 9459
9926 5771
4948 9002
589 9195
6636 607
5111 6992
7555 9035
1448 1796
9405 1912
9845 4297
1427 9517
6740 3062
4823 148
5091 1057
9589 585
4036 7674
9573 3889
5862 2610
9196 4
4767 4919
4002 7257
2661 6941
2735 7037
5436 2042
2783 6096
137 8462
3685 3708
3461 6508
3307 1938
7614 8746
9847 2531
2135 9217
6249 8088
4064 1729
48 8270
8240 1429
1901 513
798 3822
1712 356
9536 6542
7086 8714
1594 7684
2484 7573
8120 4415
8901 1305
1927 448
2351 8923
4237 6529
5932 4987
7065 5003
1301 5627
2437 2873
5200 5467
4552 327
7930 4483
1256 2342
3935 716
8892 4991
9766 3451
1568 8785
3658 9851
705 6233
7571 4358
7641 2717
1348 1536
4261 2869
7437 2304
33 310
6192 123
1749 9324
3648 2014
5640 3028
934 1128
3155 2259
3550 3203
3601 7478
8750 5677
8802 3559
1654 4151
479 6777
5170 3561
1511 3793
1837 8047
6008 2449
6160 5445
3834 5313
8104 9434
6517 4556
3094 3908
962 1589
415 320
495 3940
7348 6883
8492 4880
2060 2515
1763 1578
1501 1883
9477 6724
3449 9807
2654 2717
6917 3116
4522 2491
1477 7611
674 7395
627 5314
7599 2455
9247 3974
4575 2413
2160 6402
7124 6279
3561 4413
3386 6372
22 3642
6417 2931
8598 4833
3752 8832
4130 5798
8251 1372
3915 5939
1379 2093
338 4583
1084 3759
1841 346
6820 4677
2711 9292
3582 6529
2913 1161
4134 9179
84 3242
5136 6353
9366 7516
9049 8572
4268 501
9295 2970
6718 5736
3884 4685
6087 535
3022 8816
3833 6832
2194 9441
6461 7845
6334 7312
5784 5244
4030 2498
4761 2847
4261 1586
9006 4593
9798 69
6983 6223
4203 8696
8578 5518
5682 9305
9205 3366
5768 8078
731 1770
845 4325
5205 787
9479 1977
1282 2393
8659 8206
377 9917
5686 250
2163 7622
8113 2768
9221 2118
4899 8890
3979 3640
8744 9682
1633 4136
6416 2909
4267 1518
2970 1317
6948 6761
5663 3697
4275 181
8427 7539
2361 1464
8917 2286
2807 7342
6576 7361
3965 751
3467 597
3949 4586
4755 3263
2654 8497
3448 7090
1020 3984
9420 7524
3181 970
1576 267
8143 4003
4281 4724
4668 7236
2535 352
7247 14
710 5580
2449 4590
8294 5723
7084 3689
5029 8802
3761 9188
3861 8559
8788 6803
3400 8583
8933 2460
7750 8315
602 4855
1873 422
6487 564
8096 9846
7424 4713
5352 4372
7365 4871
6489 465
7516 9016
2484 2928
5357 759
2010 8762
6038 1035
6016 5473
9039 9137
8927 9685
8200 3686
4904 4093
9806 9774
5604 259
9276 708
2953 9118
7790 1950
4136 396
2337 747
1939 1948
5239 5884
3517 6822
6406 8557
7386 3048
832 1551
6005 2637
5773 4835
7024 1708
3316 6564
6838 1339
7881 9442
1309 4749
496 6135
9991 5999
3008 5143
7063 2747
6082 3913
6304 3207
8985 1452
2665 5741
2235 6296
6941 7928
6333 6867
1040 5096
4478 5772
4027 7762
7530 9431
392 2263
6638 9061
7961 1982
6475 4928
2003 9745
243 7360
3992 1745
7297 2269
1746 279
741 7233
7211 9704
1325 729
7481 2164
1567 7512
839 6844
9522 1992
495 557
7533 5678
1140 1629
5559 4392
475 1
861 6038
1017 3960
9603 3571
3751 2040
498 1742
6515 2227
4143 6249
1553 4981
9291 9885
6830 8413
3143 8120
3125 3542
7696 8532
5690 2225
9992 4437
6019 4512
2037 8319
4567 6225
6819 5650
8158 5717
3108 1267
2473 5052
3080 1368
1211 3327
1688 8527
6228 8538
6107 5387
4030 8916
6028 9837
8864 9980
6851 5163
8768 1170
6255 4495
8245 6527
5541 7183
3291 5857
66 5012
2192 3095
4700 2409
4427 9878
9527 4962
4508 950
3604 326
5454 5052
5076 6907
3225 8868
8682 7453
9733 4858
9934 3626
2681 9589
445 2157
8736 5474
8078 6037
2717 4216
7712 8977
5013 1549
6767 7210
4843 5973
1525 2845
2282 4017
2221 3491
3371 2476
3042 6575
3366 2861
6230 7204
9493 7833
5439 689
5139 1705
1436 1577
1236 868
1734 7059
8446 6249
6097 7435
4229 2555
9922 6947
117 6344
5290 8937
6840 9896
1488 5846
1415 4703
8796 5105
3277 2575
544 8942
8855 6029
9985 1990
7688 7373
9267 4179
2601 8493
9892 7256
6654 8748
5246 3484
4547 9237
6320 4321
5765 4508
1734 1237
5869 6355
5364 4964
6823 5657
3874 4568
3041 8688
2369 4862
9967 1273
3500 2630
379 3134
2010 9159
6889 3404
9295 3804
585 9227
3522 879
3654 5036
1162 2529
8603 1582
4177 4659
3525 3084
4890 436
3604 2263
1231 5991
9627 2187
9315 4751
5350 8896
4183 8395
5915 5504
2216 840
4106 8272
4101 3511
6558 1388
9838 3517
7541 8596
1192 912
3036 8141
9917 8469
6180 9461
1808 931
2897 1911
142 3715
4832 8135
2320 2743
1432 3754
5997 1092
8058 8885
684 3069
8435 3585
1240 3357
7504 1144
940 9249
3984 2047
3517 4480
9733 1807
5303 2471
5972 4865
7999 4341
9501 1942
3736 1824
4596 3824
9186 4995
7021 4481
8604 8181
1703 4526
7898 2374
3231 319
1938 9128
1941 6806
1200 9336
7531 2681
7417 3271
890 7885
5740 1306
9615 7825
660 2506
9139 7605
7627 4537
3832 5094
2329 7746
1311 2327
6634 6299
3318 1740
8333 3130
2446 4646
4456 9489
3931 4774
713 9015
7573 9424
5192 3861
7788 7198
1016 2922
8472 8349
2780 8315
6318 7496
3558 8378
6574 1904
6954 9569
2681 5221
7986 6859
353 6947
9707 7488
3000 2843
7676 6603
5642 5517
2086 6874
119 4623
7367 6226
9768 7021
4169 2076
1635 7869
2119 5215
4634 7885
3376 4219
8765 2635
8676 1007
8688 4353
5115 5240
9303 8172
6661 9335
2269 5031
4188 6622
8468 6873
3141 6614
8727 5207
8598 2112
3420 4391
1361 3222
997 3250
2927 4317
1685 8149
2376 9546
6543 8949
1310 7518
3354 6444
8537 8895
2498 7092
7021 7492
6504 4559
6887 5084
4969 321
663 5084
3708 6858
8920 5380
6980 5524
1034 6812
3525 5829
3313 1152
4724 9633
8086 9029
5463 3808
683 7975
3980 3447
7388 5200
6070 5462
9345 6503
7169 3710
160 2451
2391 4460
7519 8779
1531 2470
8951 5211
2514 6912
1268 9333
9473 6731
6089 7137
722 812
48 6994
9456 6405
31 4567
850 7730
1382 2779
8005 113
2549 3226
1313 1519
8443 3840
1837 1563
6041 7919
9999 3386
420 7676
3148 2502
2457 4631
6845 883
5196 518
3650 6432
4649 3805
8593 9238
27 1115
6007 5441
9834 4036
6847 8567
9503 6023
80 2745
6996 1163
9600 3238
3558 9211
7303 9126
636 7066
7758 3978
3890 4117
2630 7086
7950 1604
7925 9655
3603 2701
7228 1423
3811 6565
8052 9626
1216 8899
5318 5764
523 5635
4569 2841
7246 9124
7446 8000
8741 8527
7320 9365
2374 116
5568 4065
4305 4259
2788 3129
3203 7555
3943 2240
9605 4194
1428 5754
7473 538
3412 7150
8372 4204
5439 7350
1407 7004
3855 7446
6552 889
9616 1687
7357 7303
851 7263
3192 4763
1458 2735
5022 7922
3038 5193
6034 3182
9491 6571
7943 3135
1134 1916
1106 7802
5189 4594
8925 680
1220 1742
8360 3389
7624 6165
4411 6818
9188 3979
7942 8306
5889 6622
9977 7823
8723 6172
9231 2238
3238 8050
7797 1365
9127 6515
7177 1439
1743 8865
9790 6746
1658 2203
9035 1230
342 3554
3539 8489
119 4314
1279 9739
2135 1194
9591 8444
9531 4591
129 7573
1952 6515
3760 8578
3780 6646
1325 7585
4466 4550
659 5527
2085 6753
404 2480
4509 2228
5625 8624
928 3262
2295 8251
3655 5174
6461 6046
1401 5813
4378 5272
9734 4322
7355 7112
5113 6329
7218 5076
1633 487
2498 5427
5769 8980
2743 6024
322 1085
3475 8379
5442 5804
9138 501
7590 7063
8287 2057
579 1282
5327 5626
9370 1746
9067 108
2634 7232
4956 4443
2720 9685
1055 2530
5545 136
9288 7673
9048 8641
4546 5342
5106 7753
6788 5550
278 8881
128 6624
9771 1563
1061 2079
4690 552
1588 8386
43 8319
9039 7962
8147 3431
7165 1607
5802 9681
1259 2871
9091 4709
7340 2988
7236 2424
5265 1641
3981 5191
1044 9769
2358 4370
8270 252
1201 8360
3849 7870
2367 8586
9439 3286
4655 3455
8961 5768
4240 1604
9684 5671
5847 2845
6901 6059
2972 2125
3613 2330
7311 3822
7200 3287
4456 109
5600 9812
620 2805
7918 5732
6539 1878
1376 34
23 3890
2142 8584
5231 7396
8423 8893
9065 5389
2896 7453
9454 3580
8092 7046
6862 5513
8536 4845
8549 7679
3821 891
166 7444
3848 9784
6163 3846
4550 4562
5183 2243
1209 5802
8234 7509
9656 7851
4940 2920
7762 5640
9117 57
5203 992
5392 8909
7183 2705
7808 7100
5483 1590
2915 8392
8331 4830
1611 9230
4598 2971
2971 5687
3349 7523
6183 1355
1387 8791
1124 1715
7551 8046
9566 2025
4324 5021
3768 830
5929 53
3742 2280
1388 1913
9271 9878
8602 378
663 4930
9538 1601
7920 6242
6807 8328
3384 1194
116 1957
117 5617
8121 5908
5973 3438
8020 5664
9595 944
7483 4430
5475 1543
2902 423
5031 7010
1914 2607
2586 7862
6687 2934
9041 8567
2979 571
7858 918
4711 1944
164 8743
3223 2398
7702 4926
1831 3374
4075 902
1081 5824
1411 8302
2971 5700
2326 160
5790 2291
4649 9550
2673 3456
4594 5835
155 5505
7912 4260
728 2820
2644 8825
5211 7616
1108 9772
913 3625
3790 8693
8950 6335
2530 7599
7441 4980
7160 7379
8314 8728
8424 4687
269 4339
7016 2674
2758 1342
6672 7766
5243 4990
7913 571
4825 1454
7508 2204
2519 3528
712 8400
9175 2031
7251 3872
491 2060
9009 1264
7444 7876
8522 6299
2917 5842
9958 9839
4230 7254
844 2386
2004 3177
5880 1424
2790 6972
842 498
731 3996
3355 8829
5839 3668
507 3508
5085 8048
2294 202
2109 2713
3829 4888
6894 9009
7248 5959
7999 8909
8385 763
7096 1690
4900 4637
6822 8813
1578 4835
4339 8379
5485 7533
1795 9730
7214 511
1066 3010
42 4886
1532 9820
4811 7945
5885 4853
3019 62
4806 1702
3107 5717
4921 8916
3649 277
6812 2263
1128 225
1553 3817
3121 9127
1414 9021
5360 4261
6376 1417
4017 5688
787 2657
6977 4258
2116 2593
9289 2247
4575 2823
6421 917
9292 6395
6851 5181
8124 8156
615 418
9626 9177
6268 8173
3389 6648
8084 8490
634 4950
1376 4355
4582 924
6763 2119
1800 2554
9184 9479
1821 1955
493 973
1190 772
8447 1913
3068 3970
1228 6873
371 5727
7312 9876
7036 2265
5375 4243
2660 7103
746 8332
5530 9585
3564 8925
9838 131
9492 4114
4789 2573
8525 1715
4329 9378
3080 5724
5069 6171
8795 4250
7054 608
5907 895
4053 9810
4629 9459
4826 9864
4707 8583
8738 5603
5146 7254
8824 6992
615 8619
6234 122
6586 8249
3754 5994
7042 5931
3733 3212
1832 1785
8961 9519
3096 7955
9455 2344
1898 3485
6064 1235
1695 856
6435 9880
3655 7752
2860 4294
3167 7367
4289 3487
1495 7669
2238 1183
7410 5290
8952 9097
6519 6714
6382 5856
1236 8340
4988 9200
1058 3623
7929 4727
787 5042
673 547
552 6854
4589 5016
9247 3801
1453 1454
8490 2250
8887 4565
9691 5676
2249 4630
555 1698
3275 3528
1274 69
4560 4572
5424 8485
4859 1685
242 8921
5119 9575
1200 5652
814 5483
3068 9271
2595 2604
3189 3773
6379 8017
145 8118
5421 8423
3129 8884
5883 7163
9342 4780
400 8561
9993 7849
5593 4531
7296 1763
7761 3577
4725 3734
4053 6946
2616 8051
2966 1949
6045 6320
2156 2694
4728 9004
4519 7472
9173 4323
3489 587
3540 5002
144 7763
3553 7576
4328 4725
770 3250
4460 494
8121 4161
7124 945
7961 4977
8059 5461
1910 2217
9328 6041
2709 1714
1132 1013
1490 1733
3379 5406
4625 3894
9379 8181
3996 1015
7498 8926
8443 7674
9764 7896
7393 4231
6513 8381
9651 2918
6053 6071
7619 4554
2345 6269
555 2539
1840 8537
6 1197
6036 5016
5000 2322
2286 7005
7149 3577
1236 8946
5615 8049
7628 3532
241 222
7823 8585
1992 1094
5753 137
5642 969
1437 4935
494 5675
2133 9330
643 9920
87 9788
2429 5570
1380 222
2586 2994
2698 8950
1010 6425
5881 6414
5773 3321
3522 4938
9134 2165
7242 2670
7501 5897
7359 3465
9347 1559
5810 2386
7678 9680
5602 8510
1364 108
9946 4507
8229 9094
5584 4685
3865 6710
8702 1218
7656 2236
3037 6019
1432 1238
7901 2217
2321 7726
306 5898
5677 4275
7881 1631
1259 2819
776 8291
1570 5506
2627 8730
8418 6425
5066 907
5783 9358
4608 3228
6871 5243
8534 2232
9211 1758
8438 1680
1626 7133
2796 4619
2624 2435
3086 571
8269 3035
2509 8014
9770 3592
1411 2301
5239 9231
6908 3413
3648 4770
5282 3759
4382 7018
2224 6206
6809 9664
7112 661
9131 6664
2112 1506
8240 7114
7798 3067
250 3774
3893 132
6960 180
8016 2330
8838 6573
1403 3982
8 7641
8969 721
2465 3150
6655 6905
376 5377
9255 9165
2329 7861
3202 3827
7730 9741
1173 7315
2900 3311
7476 8024
7673 9304
7068 7619
69 2374
1497 747
52 1077
120 4245
3251 3081
2887 5627
5947 3109
1465 5532
9064 5158
8309 9185
617 1632
5230 6759
8864 4723
4494 6158
9496 9224
5691 4173
6582 3982
5867 7823
6055 7883
1844 9214
4985 1553
4348 3962
8567 2592
2031 9494
7660 7201
7055 1584
4281 9702
8646 5163
3169 2428
4471 2987
9137 1882
5778 9308
9613 5529
6870 8607
6534 9871
3664 1105
9143 4009
1282 4442
6159 6245
5919 1103
281 1417
2435 3829
7830 2068
4064 1315
8173 5503
9843 418
3209 8576
6180 6452
9504 4395
8156 94
1107 9732
3025 5891
8913 6853
2765 2334
8215 5240
573 7611
5250 5059
789 6451
2469 9006
8177 7891
8454 401
3654 1432
7442 2750
422 9496
145 8824
9874 2752
6420 2831
7515 8790
1243 8969
5665 138
9107 9935
6396 814
7196 3969
5929 4863
3017 4615
9916 5486
9937 3013
6868 624
3330 8185
9740 9470
9461 8645
701 5882
3180 6963
1777 8975
1192 8906
9282 387
7160 5676
3345 4924
5211 7945
2771 9387
8631 9252
6821 682
6818 6495
8753 9246
8605 8757
3401 5481
2464 1732
3935 3119
7088 9334
2439 1106
8909 1562
5172 7628
6585 276
2191 1384
7075 1933
9463 7982
4801 8200
6818 4809
7564 6803
2289 1415
7973 8070
9073 3388
4806 4395
5838 723
4403 6906
7602 7539
3502 9727
6299 5065
3290 4026
4859 4216
4072 8419
7385 6426
781 5704
3573 9457
8597 9269
7240 2926
4864 9023
2105 1453
794 9389
1676 7771
5993 1267
6358 2773
6703 3100
3131 7551
847 2323
8232 4062
7533 5518
5997 6739
174 2408
1042 5380
5151 6538
8250 5832
8017 5013
6741 62
2849 4206
9423 2779
7910 2406
9094 6686
1796 9589
4601 1122
1277 19
811 4655
2199 35
8135 3885
3305 860
526 4631
5487 4020
2363 4680
29 9995
7192 9380
5295 6994
6698 6821
319 3223
7830 2833
3024 4094
5879 1716
3159 4605
3784 7856
1306 6228
1227 3405
9104 5495
556 430
9320 3881
2512 5810
1558 9495
2407 5667
5128 9102
7120 8495
4839 5786
6524 1
4040 5788
5738 8428
1986 310
5762 5827
1322 4006
8013 5575
7018 2318
1313 2269
8784 7484
5963 2907
3026 4939
6229 8096
2656 7956
2615 3613
7538 82
2217 9780
1424 7601
598 5115
1360 82
1117 2605
4634 2830
6705 1437
8296 4132
1617 6872
6441 9073
1313 5478
1028 699
1127 8012
1690 8458
4306 7554
2100 1811
7107 9260
7932 1379
8160 1143
3735 2132
6446 914
2015 3279
1724 3478
2031 8990
6927 5203
1112 5212
5975 72
5889 9052
3792 4110
9611 115
1124 3298
3234 2675
6046 7742
1071 5237
554 2243
6586 721
6984 9445
7501 4333
1984 8163
5860 544
4511 6401
3585 50
3151 3476
4876 5138
9717 7337
2647 5395
6067 7650
6607 6996
5774 590
4926 5771
9658 7796
9886 7853
4929 1612
9400 3724
8818 3130
586 2685
438 2232
2839 7157
4718 1358
7369 9840
9641 6177
8066 8414
1106 3957
783 2603
3237 6144
5421 5993
8402 3645
3606 4747
7578 6650
6548 4944
5094 9071
7718 427
2920 1162
4864 8139
2649 7131
2988 4428
2273 4505
3471 4841
7989 3024
2167 5339
6714 6008
8960 8115
7895 9571
8278 448
3737 5842
1508 30
5857 6132
7147 8843
7352 2957
6574 5111
930 719
1802 4055
6992 5223
8547 246
4863 2406
58 6073
3055 6762
2619 9485
7710 8649
1122 3984
9122 1914
8077 1704
2869 8672
5981 3668
7834 8435
5030 6301
4271 4844
3718 3032
2955 1869
3778 6155
678 5659
6476 3097
4216 8570
1361 9596
3865 7619
6990 7182
840 20
3155 1428
9608 6404
9408 9944
9444 5153
4460 2817
3522 408
7252 7185
757 6145
5392 5355
813 6324
8929 8782
4506 9803
7751 243
2686 8198
8527 223
1008 6373
5498 9381
7708 262
7176 2331
2391 6363
5875 5703
4369 6551
8425 567
9683 8693
3505 1258
6024 7396
4302 9053
6984 7619
3153 5942
4240 2229
6552 5959
2013 9409
725 351
9142 6410
4810 7123
586 7781
5440 4292
4494 9804
8087 333
4809 510
4728 6652
6139 0
7446 6986
7063 1845
611 7369
7874 4949
7086 8857
5508 3181
9561 6278
6203 1314
3273 8610
318 2227
8952 4843
1311 2523
1268 424
4154 3840
810 1781
6250 7547
893 7464
667 8468
976 6128
1114 4793
6580 826
2232 9514
9626 6335
1805 6053
5130 5405
8762 185
2492 6703
1815 409
5764 3420
6635 9231
2427 5594
361 4634
3864 9612
5943 85
9773 1471
8762 2389
1214 5309
9086 6175
2220 1900
4898 8708
912 5575
5296 3643
7315 1590
4761 2009
3689 1196
1007 8431
79 8077
6588 5887
9690 7450
3184 3116
8382 1179
1720 2318
8864 151
1625 9199
7251 963
3485 4373
1166 5381
1828 5980
2655 2275
6859 959
521 1997
7370 9795
7433 4820
7111 9553
6999 9397
8297 2109
295 742
7895 4055
2430 3196
8398 2990
7746 935
1681 7708
8715 2363
2171 9602
5606 6027
7632 5616
4264 771
6961 5889
1646 1842
623 7505
259 3170
1782 812
4524 230
9051 4869
4077 7600
6929 4719
7790 6428
5460 4860
7400 7436
6888 2319
3386 3936
60 5200
3992 3217
9096 2652
722 763
2230 1637
1379 3173
6669 9261
5968 2414
9063 5419
2464 8934
6261 6360
2059 1798
6073 3609
2939 6749
3552 665
7263 6888
7186 1313
9471 1340
7218 4535
3385 595
3025 3153
6074 8689
9247 3300
8216 5618
2449 142
1148 7539
4670 2907
541 409
2035 1672
263 9841
6935 6418
2523 6341
984 9754
6368 3528
1284 7431
455 8111
68 6472
476 2939
6067 3637
728 663
2540 3040
3491 8074
7585 4590
5671 8794
9736 6188
2961 9454
6496 7359
4544 9997
8817 396
3615 2616
7361 5809
4143 7537
9427 1326
8733 7271
6426 35
6564 7119
6412 8136
4971 8784
9858 675
7487 2811
5435 2185
4619 8454
1103 4884
3763 7811
4049 5485
7185 7409
7214 9399
9926 5183
7059 6888
3682 3512
3835 6932
8143 7184
8389 4631
7656 8089
7172 3743
247 9778
7648 4932
507 3949
8217 8549
1208 7356
4380 721
5065 5959
6991 6926
5264 6092
9094 9497
8510 6179
3912 4186
4495 8045
4891 2963
8428 889
6523 8134
724 3410
8090 7744
3860 5688
6786 8422
4803 6826
5014 842
6075 2301
6710 7498
81 2924
3489 7829
8662 4476
1253 1963
7350 6330
7042 8272
7373 1123
8412 8988
4313 3791
6783 8962
5211 7179
2717 7067
4359 3746
9683 31
2459 4824
9802 5391
3149 6051
5801 2609
9452 6038
1799 8857
5208 4827
2734 3937
1918 6060
7291 7221
4572 2173
4770 861
4563 8394
5359 5688
8282 7673
1095 7745
3614 5516
8029 737
2935 1157
5248 9297
5558 7766
3345 633
8011 3860
915 650
6547 359
7371 4149
7999 9601
3703 7734
8368 2952
6555 7200
6254 3186
2758 7366
6423 716
931 8067
6244 7239
7740 7895
2695 159
4136 4911
8833 5881
2757 144
2737 5513
7505 7583
1175 3325
9394 8608
9350 2298
2470 6169
5399 9585
2116 4050
250 5581
4305 3595
6728 6699
9183 4921
1172 3335
5136 7279
4432 7551
9512 6214
939 7302
4256 5689
9624 7863
9527 1839
9370 8132
2707 7557
7019 874
6821 5383
2188 5458
9675 3867
1191 9367
6575 6139
6096 7487
9564 9837
6458 3961
9952 9584
9957 385
4861 7845
7141 194
9930 7992
7839 5353
1943 9513
3148 7857
8797 3964
7088 2737
5380 8697
2116 7790
8558 4976
8639 4910
5040 6573
9635 1419
3681 8179
7556 4559
267 441
3203 1490
4879 2830
4937 7854
4517 2266
7343 6059
7665 1826
5834 1676
3248 2759
6228 6452
5522 1020
2069 5638
7586 227
1553 4953
1200 5699
219 8148
8063 1559
4615 6507
6090 5766
5916 5766
6946 234
4344 5754
7491 5039
8526 6695
5125 4986
3739 382
1997 3940
3431 6540
4707 578
6710 7207
4431 2210
6846 7651
2653 6948
9570 578
7503 4898
8317 838
3265 7422
7611 404
200 1911
6849 5127
388 5815
1869 8622
229 8555
2696 2019
1977 4224
8535 9353
8595 6439
785 2641
3688 7588
9739 8601
2402 1033
8511 4466
6663 4266
331 9212
8532 5949
1222 7072
3331 8576
5405 8042
765 1686
7564 2881
6120 4831
4712 1380
1712 6547
265 3266
3380 9483
4756 7302
6328 3821
4806 4541
7464 6818
2414 3494
1324 8789
1729 5126
6934 5098
5185 7412
2328 5560
9383 9511
3347 8532
5069 5594
1931 8972
808 9481
4902 5053
2851 9356
5027 530
9751 8605
5639 89
1894 2454
914 7875
6663 3916
3920 5448
9019 2770
476 2053
7422 3100
9615 4388
5481 3841
2358 1157
645 1003
2370 8510
1178 1727
5496 460
3717 5939
488 7509
9624 9377
9227 7756
7419 1399
5846 4592
544 4807
3900 6322
8852 4946
8959 9041
4337 7932
6550 5171
2561 9804
5563 7426
6877 9523
9355 5760
4852 5846
4976 9817
3783 8041
6108 596
6545 2666
8651 1429
3347 9431
2907 3970
6141 158
8216 1856
5017 2159
8800 7801
7938 4399
8933 2876
3250 5820
8369 9650
6664 6744
5347 1016
4968 6724
3495 6782
8493 8218
8132 6507
3834 4007
2031 3834
5566 2963
7118 1541
7285 7006
358 5308
9931 1145
4405 9298
3003 7134
5004 7397
3862 7806
804 7544
3808 6197
9154 7454
3524 3803
7157 9413
8423 9337
1291 7261
9610 3830
1123 3380
233 2238
6126 7359
2352 2734
2239 8454
2157 7438
673 7405
8529 475
8600 3419
1041 4368
6239 1593
7961 4848
225 8488
8671 291
5923 7343
4949 1723
574 2288
360 4961
3498 5494
2422 177
966 6766
8188 3359
2533 6942
3613 7108
2706 502
5535 329
6068 3266
4768 5983
1532 3865
9782 6504
1243 1125
4323 6405
6225 3903
6743 4237
9920 7254
32 3751
4575 2156
9772 8869
5386 685
9455 3149
2487 7437
5584 9636
4019 733
7085 5145
6731 938
3391 4556
9623 1762
4937 2233
976 3251
5930 6069
9890 370
8178 8244
9709 4261
9009 4676
2022 9310
5050 7241
1306 4644
6502 2646
6754 4767
8181 1973
9137 4464
96 1171
9771 7179
6154 1995
9056 4162
1093 8717
4198 9663
8960 5531
4581 2397
3358 9936
8651 5492
7634 3117
6080 5295
5030 4897
3508 8828
3547 2533
1396 3215
7195 4113
9195 691
4666 5886
6805 9086
9147 969
6031 8720
751 7681
602 4056
56 5021
8911 6307
1595 8605
8524 4914
9092 7035
588 5750
5892 93
4421 539
6181 8827
5195 6110
9902 8647
4434 2237
8481 3566
1072 1577
114 8329
3153 4938
5779 1072
2836 3040
4890 5340
1939 5329
1780 8535
9824 1699
4850 1427
8970 7368
3554 1699
6335 7649
8665 1962
7755 3265
5595 6286
1647 7167
5709 1881
5885 9383
3250 7084
5344 1038
1010 1135
2392 1711
9625 7321
8451 3927
539 6441
4487 7482
7861 5551
1627 5247
9071 2186
8054 2367
7757 4543
9567 373
3301 6386
7683 579
5803 4597
9685 2385
4935 3050
2736 6674
3336 2374
8488 8629
7362 4980
703 3460
7235 8098
7363 925
6548 636
3684 6875
3627 1636
1140 4784
1933 731
2471 2113
1712 863
2297 3214
3694 6768
79 2044
4709 208
133 6945
7884 7207
5447 3004
7744 2512
5307 7982
893 6500
891 5625
7320 3217
5345 9347
2025 6182
5196 7415
4598 6910
9791 1128
1722 2086
9736 403
9524 3661
173 4832
3436 6439
8034 5940
9536 2973
424 5687
1741 5013
2575 3869
4777 2010
4300 2259
5581 8856
6070 535
3600 5846
7338 8084
1903 2000
879 649
2153 1711
9012 1077
2086 9208
5221 7138
8263 8542
9020 3163
8744 5556
7219 554
8290 8387
408 9570
9262 2772
3818 9414
3268 7003
9328 2565
4929 5201
4889 6979
8855 7020
830 4597
1326 6013
851 9976
7128 2965
8188 654
1106 8661
4012 9798
8743 2017
9577 5623
7679 176
8940 2377
516 5858
4932 6272
8933 8526
3770 6485
1843 3687
7759 4467
4729 251
7249 2203
8680 6456
7548 8101
3584 2811
8942 3779
9531 8550
3699 4547
1444 5277
5983 4146
3061 7774
5946 2807
6494 5515
197 4627
8513 9076
970 995
9545 7701
8418 7759
1819 6106
5937 2035
6437 3115
6267 9831
212 3736
4730 7244
849 6082
3127 4406
459 8595
7782 9121
9216 8571
5870 6625
9428 328
2949 3178
5573 9729
3227 6392
4901 7455
4861 3436
8198 1401
5434 8004
8052 3386
2626 4838
7003 3281
7129 8585
7434 2709
6379 6111
1567 7235
7034 4963
6194 469
1267 9083
5902 7041
2159 9370
5818 6331
2437 9317
501 8184
5245 9311
2960 1840
7455 436
7781 5471
4633 3759
4405 9592
8143 9416
3920 7350
8173 8221
781 1921
5304 8027
3402 809
4995 5561
4653 9267
5854 2561
3160 3485
4296 2557
8555 8862
85 9946
9348 6847
4378 3259
2193 8081
6869 9229
3222 9049
6522 4130
8266 9599
6361 6493
8268 3407
5707 9145
1427 5129
6202 6437
4818 9387
8800 9952
6619 569
9624 8621
6138 2982
3889 4643
7442 754
8161 4900
8278 8336
8534 5976
1149 467
7064 7861
6712 1908
42 8637
5472 3315
6303 2772
2904 5095
7481 6861
4850 1491
9564 1120
2765 3800
7057 2586
8572 3345
7191 2208
9826 6671
6084 257
8841 4577
5930 4808
8963 2287
5860 1067
1783 1523
8191 5747
237 3733
7510 4920
7189 674
8789 2711
737 8968
4447 7027
9874 3441
7595 4470
5360 3081
6521 4178
8740 7965
6755 3753
975 1650
7918 1237
8062 9151
9136 1109
3509 8121
4811 100
4743 2553
7639 5063
6280 5211
6254 9891
602 5974
8305 4569
5091 5347
9753 7232
3408 9740
6679 1981
2883 3058
1756 6016
6023 139
3540 5598
5716 9926
1757 503
4686 7276
6135 1156
7448 5909
6227 2463
8422 7060
9629 2574
9824 2768
4582 8701
4754 208
1098 5863
7504 6627
273 2897
2455 3449
3505 6387
9647 625
9232 4628
1516 2287
4551 2208
4084 4505
1762 6873
4475 8271
4563 7928
9161 4230
5735 9518
670 5775
5233 8235
60 376
5762 2634
4546 2878
8794 7895
8841 429
6087 9374
1830 5927
5212 5490
848 1148
8734 2710
6316 8444
8536 4523
5269 3510
3774 6263
1495 3244
6190 9454
8890 7366
6386 8864
491 847
5586 511
5142 8895
263 9338
9696 7830
282 9547
8513 2066
1563 4090
7871 3086
7774 348
7781 9767
3007 4108
9762 7115
3702 4899
7374 944
5414 2743
6952 4351
5455 8446
9130 5387
5411 6781
4462 4994
774 5857
1834 7838
2478 4681
8214 5912
8250 9070
9806 4315
4047 9200
8819 9936
2989 9935
6044 9675
4081 8211
2859 8417
9476 2328
4442 9461
8368 3017
4707 990
1554 7895
7711 4277
7899 1303
1958 9744
2992 7142
8725 7303
5298 6217
7566 7536
9944 1189
1177 9563
3432 7687
7241 6316
1748 5394
4969 1920
7537 1171
164 6253
1219 1090
8852 5851
4021 887
8467 8713
1861 1895
2541 5966
1803 5610
9479 3661
329 7993
5464 1492
4382 4745
7045 5505
8869 9823
5003 2144
7531 479
2357 7062
9726 4789
5966 6307
9520 8847
6192 1592
3467 7045
5627 2773
8558 9414
1393 3965
4006 2976
5294 3129
2296 7340
869 8453
7994 452
4149 6219
7553 1137
2394 3690
3717 9701
6400 898
5569 5266
9619 79
5655 6357
7314 3520
4704 3235
1041 339
3169 1870
5389 639
6953 595
6203 1901
727 9444
9642 3907
504 7741
3831 3614
1374 1813
6718 2156
6748 8035
5790 8212
7438 7546
5286 6946
6773 6787
827 4723
8320 7877
7355 265
7974 7444
5420 9227
4784 4691
2622 5613
5828 695
9039 4023
9419 5433
5373 8212
5492 39
4390 3082
4898 2457
2763 5248
3760 5083
9411 7601
5541 1611
2060 2556
2931 8001
4332 8565
1481 118
1685 4540
2264 8098
7943 1944
8018 5542
9312 3727
8382 3411
7406 3972
6664 3829
7781 7998
1254 9247
8588 2449
1510 3012
7682 6332
9971 4911
5838 5774
4646 3360
516 4245
6920 8996
5667 5573
6757 5487
683 5249
5149 5129
4108 5513
4293 8466
3433 2368
4554 9603
5276 3112
2517 6819
1475 3532
3130 7426
1560 4922
8875 8054
8206 572
1673 7359
6199 8626
6762 8585
1122 9053
6694 4974
2082 186
4107 4981
2090 6761
977 4875
1493 2408
2168 2860
2850 5697
4045 6046
2332 8350
5692 6203
9063 1556
9407 7305
5910 6019
4836 599
8842 7192
9468 6838
9813 268
176 9009
9773 6157
6558 6363
4044 4743
9442 7188
4643 3903
7168 9415
207 4108
3645 7043
6996 2786
3117 1748
7686 8796
7254 2349
4246 4133
6164 8613
9097 6420
1574 1115
9781 1938
998 7287
4900 8056
8134 8846
5579 3161
5974 9201
5668 2986
6994 4099
4792 5194
6615 5125
9241 3090
4902 3328
1050 9722
1009 3678
8866 5700
2675 2166
1061 458
8893 4402
8579 6127
3962 3967
3869 7572
1731 2640
8241 1146
8591 6974
2567 1007
9042 3072
5955 343
503 6259
7691 4744
7592 9207
4387 3538
170 5046
3268 4473
3669 3026
91 1169
5745 1721
7293 4404
2445 231
8664 4114
3928 5801
8277 7670
978 2649
6826 4145
5565 9963
1660 806
7773 4995
7873 6881
1614 3840
8179 2373
9701 8793
9201 4064
8847 5027
9008 8925
7877 4876
814 4613
6673 5959
5767 739
9770 6692
1280 2787
6715 1403
7649 4694
6771 3829
2576 9541
581 296
5112 9183
6175 8237
537 4770
2695 271
7128 994
5697 6977
6951 4456
3614 1804
6512 9337
2943 6005
6538 7745
3383 7800
1326 5293
8270 9555
3828 5075
7794 8576
6470 238
5495 4464
950 4137
431 4497
2747 3223
2885 2876
1895 5693
8259 2429
7140 1533
6100 7568
3820 7760
532 1572
8808 5807
8659 319
2624 6317
2648 9182
9858 5412
8978 3287
1917 5899
58 6333
9965 897
836 8303
9585 4058
3029 1966
9831 7683
9038 5992
5226 594
5318 8054
5410 3119
2918 5054
6154 9881
8829 4806
8574 9798
9652 934
1763 2651
5020 2360
6928 1700
4915 575
1274 1665
6454 9089
7422 46
9056 6403
408 7821
4337 3327
2800 9761
7882 7716
3572 8122
3012 8059
5968 9544
2480 321
3049 365
4265 5462
3610 8964
4054 8640
3398 1064
731 2140
2460 4019
6127 2451
5545 4452
1145 6725
6247 8427
2691 2181
6018 1476
5905 3841
4523 349
2635 8908
4262 6774
2805 9561
2350 8372
1152 2678
3433 9490
6169 7779
8134 6581
7023 4814
4130 5243
3426 6972
4042 1791
6487 6661
6474 1099
2728 7229
3268 7610
8232 4299
2189 5576
5412 936
2305 6425
4469 2501
6374 2579
7746 9977
5854 6362
5891 8470
8167 3142
7728 2983
3373 1362
7879 9592
1966 3635
5085 594
6398 6387
8667 8593
3057 7353
682 9428
5030 471
7930 2801
3667 8416
2219 7954
8490 9028
6495 1408
9291 7113
1143 2090
4596 8807
9913 706
5620 7232
2275 8004
221 6795
4586 4132
4375 8876
8363 9891
7489 1441
9714 8958
5586 907
3817 4323
2829 1591
1848 2928
7732 3992
6907 2794
9380 3603
1265 5207
9294 7799
2240 3448
7541 3687
3318 7175
4707 6421
5163 3657
1606 9916
1650 5231
1480 1738
222 8783
524 4872
1857 7962
9172 3240
4112 1290
6304 9514
226 4074
4176 4747
3703 802
4139 9866
4326 141
8616 4904
3822 3752
4073 7724
7710 1626
1576 5296
112 11
9082 1099
128 2882
4176 316
7002 6302
4796 5631
6817 6657
7504 4272
8892 4100
8098 7369
5516 8139
5899 9945
8904 151
9999 980
5193 3137
9480 7585
977 4042
4171 612
7958 1788
8220 5783
957 2971
5708 8007
3906 6558
4400 234
6515 7669
7582 3096
6732 5126
8817 349
318 647
3035 8665
6776 2266
8938 6353
1895 32
83 5590
2905 4283
6859 1023
766 1525
2933 2198
6583 8054
5973 813
2609 9254
2403 9803
603 5984
3484 3510
8146 9886
4882 6286
2542 3911
355 7908
485 9682
7863 4646
6301 3733
2578 8040
5711 2302
7066 2880
5959 8510
6051 8173
2584 1261
8502 9685
556 9182
6560 5834
6153 8608
2214 7784
7471 1645
8871 4206
6574 7683
3482 4439
2757 6188
3125 6692
469 845
2943 6008
260 1320
5118 7551
8317 7693
2698 9547
9716 1828
8931 1484
7415 4688
7453 6299
9729 5552
1241 6628
5336 5015
8144 4862
4854 6966
1400 1433
2004 1347
5449 1826
2242 5801
4777 1237
9268 6491
5763 8688
3447 3414
2791 5200
513 2514
9787 5627
6293 8612
9822 153
6438 435
7821 7727
3459 6949
4255 2889
385 8294
8379 420
2966 5717
2937 5509
8641 4746
6582 4729
5480 6423
1137 2634
5145 2395
3554 795
9393 1133
9819 2209
7131 9403
8438 1597
2417 7614
7309 7882
1950 8217
5225 8928
932 9343
2354 690
744 383
4758 6618
3099 7517
7957 2863
8180 7358
1480 3792
2985 9135
929 9344
9469 4850
3118 4718
6979 9302
7736 767
1936 7873
1128 5898
4879 2765
712 8752
8926 3885
663 166
501 8411
6358 5713
199 1871
800 3821
2737 653
5911 6682
7935 3500
4137 563
3902 911
3186 7676
4860 9841
7690 9191
1131 1874
6895 5811
8357 2840
4749 9011
266 2612
5514 7622
3284 7827
9519 7303
9707 9901
7184 8851
2021 9565
2348 419
7045 4733
2207 3973
7060 9950
3557 891
6237 8545
5962 3920
8450 2069
6189 2562
7597 6445
8243 5953
9313 7165
279 5106
366 2737
3055 4640
3811 4938
9546 6816
173 2710
8101 959
654 4827
2317 8602
8873 1056
4910 8826
122 4679
8074 5738
5378 5115
8358 1846
6784 7042
2478 7762
2876 6479
8345 1236
1452 4743
1959 2239
1609 8637
2502 2956
4236 6812
9812 5511
7858 3137
8079 3252
2687 5059
2760 8509
1055 6576
9591 8825
8151 821
103 5082
3369 7369
5570 434
7510 2343
4791 5859
4206 9222
3223 1074
4052 758
7968 487
3085 6329
8753 7092
199 9276
6604 4399
7973 5985
6041 4398
9336 8906
647 6590
9562 5092
5933 784
4276 6878
2479 2017
9056 964
3708 5460
4616 8188
7892 1534
6205 7452
4055 4061
8228 6342
249 9750
7739 7010
7857 9306
1513 2566
9745 7172
3283 8596
7360 8049
7482 1072
7298 3901
5458 5885
393 4230
3454 7939
2325 95
7879 191
1447 4323
2924 9718
3715 9220
6898 6423
5731 703
3308 1373
5001 6366
6695 5309
6669 1610
7916 8178
1796 7210
6264 3203
9793 2652
9881 2270
9125 1551
4782 9091
8643 1819
8625 3328
2574 1118
2881 3796
9683 6515
1623 6209
947 993
2154 9907
809 125
5086 6232
4170 5373
8792 7035
1738 75
9660 6753
6810 82
1287 8623
8655 6487
4105 2278
4335 3559
7914 8941
7605 201
6525 9673
2500 3184
1041 3642
1287 7600
5140 9685
8407 4746
2867 2746
4086 2389
8301 4817
312 3499
7381 6406
1905 4157
3846 6334
6857 4916
7601 933
1740 7509
6513 150
6591 2816
816 6054
2941 4246
5426 3885
8191 5012
4319 3906
9129 4128
1983 4993
9601 5967
8429 6092
1691 3904
526 4444
5088 633
3019 9346
3038 9180
6105 5998
4184 8869
9290 5355
2509 6803
9533 9637
1110 7680
9376 9800
7833 1631
9013 9302
3131 4337
4003 9828
8498 9428
3475 9315
5369 681
8283 6118
8972 1040
7432 692
595 1538
2532 7548
2364 4603
39 7776
9329 9906
9913 9760
5624 3830
4325 7043
7785 8854
8426 2260
2250 733
4827 7511
3463 7849
6230 5175
7357 9111
2274 9965
6885 5164
5393 7999
7566 9554
7157 5714
2323 7229
9615 6285
748 9769
7202 5133
5408 3698
6870 3166
8807 7935
8809 6077
7454 6796
3216 9031
8212 5875
9051 3436
3329 3671
8502 9718
5495 4700
9547 3184
5264 694
1925 6885
4038 7260
1232 9383
7730 5545
7628 9752
5357 8079
1425 9144
9778 1112
4732 8555
7972 2250
1191 118
3963 5062
3286 3287
8810 222
205 2525
2172 9360
3376 9163
445 9220
8307 7733
5989 8446
8176 1348
3695 9616
7878 1068
6008 3023
142 663
1762 31
4105 1118
5912 190
5222 9027
9916 4491
3584 2766
124 3553
6003 3682
7380 2899
5791 2539
828 1190
6469 9991
4162 709
5918 4142
4531 2869
1883 9167
1650 3558
6119 9864
8843 4227
7001 2449
4417 7974
1430 134
9171 5131
7971 208
7518 9631
5032 9535
9596 9092
9679 6245
4762 7092
4908 5537
3927 1232
7431 8967
1080 916
9076 6825
1096 7000
9924 308
9597 309
2564 3178
6022 7810
6803 8887
5728 2875
4802 1122
5688 9341
8164 3602
9178 7392
5540 8826
1240 3649
4789 2579
2711 4475
3844 9860
6756 7794
5211 7104
3651 3996
1375 2557
7079 6267
8120 4812
7742 7595
7969 8234
4468 1589
5925 2594
2680 7886
682 7436
2411 7871
4394 4470
6772 1793
8891 7310
8577 3605
704 2201
4665 1133
2137 851
780 3402
630 1299
251 6307
1209 9354
5700 207
6440 9961
438 3088
4978 924
5619 4636
1833 5030
7539 8553
4013 6714
917 3620
2218 5619
2913 5021
5576 2577
8216 979
272 9936
1677 5384
6190 551
5389 5568
6609 9290
7513 5644
4768 3997
6533 9229
3335 8693
3976 1047
7951 5324
7572 9044
3787 6209
4800 5745
4078 5034
2240 4777
7914 5015
3670 9916
148 7524
3058 6044
1603 9419
3957 5700
9464 1187
4835 8326
4775 6297
5543 8815
2915 9897
5152 4552
5271 5801
6473 1436
3617 3010
9447 2305
7017 3788
7755 8837
3343 5830
5863 2551
7027 8894
4285 7822
2302 627
4419 1258
4398 4292
2419 469
1246 5572
8543 1445
6292 9373
4482 1762
5267 7150
5105 9358
385 979
2576 7654
7795 6639
849 1236
8197 9145
7479 9149
1606 2400
3912 2926
1759 9947
6305 4270
7220 7682
1076 7967
6435 7555
8941 1687
2618 2402
962 1158
9589 2896
1000 4275
7364 806
7554 6823
4971 6286
533 2389
2500 2606
55 2069
383 5299
8213 2700
4505 7110
8548 2138
9098 5149
7263 975
408 2960
1535 4090
8074 4854
3241 4080
8295 8461
8896 4102
4652 5410
1596 3707
4412 1874
5875 1188
7585 734
4259 7333
2417 6820
1601 5401
4429 4688
5932 6799
947 1759
7739 3793
451 7259
5237 5505
158 5032
5103 3715
4890 809
3823 5441
914 7696
7120 6287
2474 5441
206 4044
5249 3825
9249 673
1311 1552
2839 6553
1886 4688
9002 3021
8309 8641
3056 2171
8078 1035
4977 7858
2905 1255
836 5485
2650 2283
4562 8394
1246 9375
1308 7573
8379 1248
759 2965
2917 3985
3893 2963
7996 5721
1904 5731
8563 4654
4448 9857
6428 4635
5628 5001
1070 1344
61 4322
8008 7767
1725 5720
4176 3854
3599 3732
6644 2310
1384 4411
9538 3863
3146 208
7955 9470
7170 9318
2786 372
9112 7574
7322 6092
6947 7898
9741 6008
2143 9540
3233 568
6598 4893
6260 7313
491 4606
6785 4406
1863 5508
3227 3302
6122 3284
6070 2881
6019 4699
1909 1256
9643 7824
5181 8752
1723 1705
921 2979
8366 4359
6759 4995
9840 127
623 7931
1766 3157
2148 4165
1896 4423
7827 4593
7609 2979
9017 4249
279 7382
4609 5662
9566 2835
8794 1805
2263 6332
6470 1124
6845 4703
2863 7772
7792 2272
4501 6834
9618 15
1347 4357
1855 2502
3519 3406
6298 9490
3871 6071
8211 2731
9177 7770
2853 1873
9443 519
5483 9573
9978 257
4850 8273
2238 4501
1033 1477
8937 856
5349 7775
3888 6509
2929 3254
9586 3424
2003 3411
8446 6049
1386 3981
3666 8416
5939 6175
2078 3777
1803 2040
5750 2476
9071 399
246 8949
3279 9473
5648 5891
2161 4777
1521 4286
4817 3082
1569 1546
9030 1852
8329 9099
7280 928
4111 1875
9469 4258
7821 5327
3324 4506
3360 267
137 8383
92 2365
2182 2889
9357 2629
2250 9105
1016 2591
6195 3591
2176 6289
7288 8272
8932 455
5625 7594
4549 8665
776 5661
6950 5158
5808 4335
252 8016
2371 596
2853 227
1282 7137
6485 2755
6358 299
5499 8497
1916 2001
7522 9577
620 6371
2611 9676
7770 9741
3480 1589
2309 5892
6859 3641
8190 3515
8957 1232
4147 8786
6067 6315
3992 252
5531 5777
7607 9404
8028 9530
2030 9611
9707 3495
9351 7961
4186 6539
742 7726
9163 1450
2699 8987
3074 8509
6823 2945
4136 7295
4427 9613
7308 5960
3195 1087
3940 2659
6050 7670
4801 9325
8496 4603
2144 8541
7918 9222
4365 5274
7841 5552
5138 7774
5645 3158
1726 133
7137 214
7056 3905
9904 2090
1842 9342
176 6510
2067 6445
5611 3599
4941 5215
995 4770
3925 4271
5203 9182
9808 7037
4064 664
114 4723
5902 1225
3314 6805
5567 1742
5306 954
9142 9787
683 3137
9162 6604
1741 4274
790 2282
2739 371
1261 8247
1405 4019
9834 8470
5559 5175
9814 2778
1471 4734
1219 3193
2276 2914
9829 6652
2650 6446
7440 3414
9081 7623
3901 9694
5701 1800
8598 9435
1081 7054
8400 2268
717 2124
7241 4753
1414 6044
8503 6969
8796 5459
2432 9144
7143 768
3943 8661
8706 3009
468 5454
2 1185
9037 2792
6096 9938
6608 9495
8130 2531
1779 6405
6552 7006
9906 339
7009 7201
5271 1338
2798 7254
8568 8876
2734 6257
6186 8748
3241 1286
4020 7063
9801 3125
9742 2685
9266 5779
7048 4880
7089 9750
4087 72
2818 2156
5738 9984
2732 2905
9467 6224
4248 5739
5393 5368
4831 1691
4497 8550
401 275
8085 1493
7121 6438
8037 7858
5117 3136
7954 3788
3692 812
898 7319
9569 1212
6933 7340
9228 5240
7430 7873
9119 7606
1917 2288
6877 5298
5761 1831
8382 8186
3387 1532
7648 4425
1957 1179
6440 78
5905 6445
3238 2232
7831 2262
9910 4592
4118 7964
9203 5251
2684 6479
1174 7035
3873 9929
2684 601
8893 2211
5397 1072
345 5489
4649 2817
2227 8827
9973 8671
3931 2601
6179 6782
5018 3563
5080 221
4771 1778
3238 509
2657 8686
9810 6173
5152 5173
3184 7876
7208 7901
2954 218
6052 9766
8336 4658
961 807
249 5368
7346 8419
3255 2659
6480 4120
440 2984
7726 2228
4249 2011
7530 6228
8870 5410
2560 9898
1757 1959
2841 9178
848 2826
5424 6337
2648 7185
1397 6883
7895 1021
8411 959
4710 859
5036 2529
2221 9331
7500 8405
6897 4544
74 3603
839 4876
419 3275
8199 120
3137 3805
9468 4997
7665 2341
2743 4162
9778 5042
8819 466
8921 2066
4468 9065
2002 7996
9897 499
4577 5753
7408 2865
3030 2847
120 3984
7550 1820
1266 1944
2758 4123
4753 7999
1499 9990
848 1031
3677 2553
3394 923
802 6190
5557 7393
9846 7819
6480 9115
1984 9748
1179 1344
304 3565
9934 1379
3157 9569
9858 6461
459 5864
2227 6956
2881 3192
935 3894
3289 7787
9224 8075
7208 3977
6157 7943
6797 2930
8103 8065
542 7210
7015 8484
7470 3825
1005 9959
8732 1406
3723 330
5221 8631
1928 5407
7016 8944
2704 1171
6586 990
7560 5560
5280 8022
3120 672
5354 598
3393 8152
8512 1536
8326 3135
5139 1727
1976 7985
6166 1239
6321 3396
710 2573
7809 6878
9204 3680
735 7201
5556 9459
2359 3076
4126 9801
8818 368
9105 9643
5667 8020
6391 6376
8270 1813
4468 4186
3507 4309
6472 5905
4632 590
5444 7662
2645 5148
6345 8046
4840 548
4412 2625
9336 2373
3381 1478
5591 4538
6151 6469
6801 4760
9642 5256
2657 3386
1764 7335
8691 5911
1878 4863
6532 5917
4930 110
101 460
2683 8381
4511 4113
6309 5050
3200 2797
3355 4417
3395 2402
4607 87
8510 5834
5739 7619
5045 131
4407 5897
1612 635
2180 2916
4985 6307
8565 3152
5016 3619
2685 8513
5640 9003
5555 4867
6642 8369
5874 3391
586 6556
5405 5942
9775 8844
7264 5405
9596 4403
1409 8773
5873 2228
949 2374
8171 4855
3104 504
4496 9670
6276 6382
4039 6695
8330 2031
2915 8070
1183 8434
9665 2093
7301 2501
727 4643
3915 6186
3420 9919
5031 2655
326 2216
4111 7289
7247 5803
9943 7708
5457 279
2020 1913
4752 360
9023 7284
295 5758
949 4288
746 2169
7420 7594
7402 8163
9616 8463
3848 5818
7292 3739
2193 8793
8244 8079
3687 2435
9918 5326
3808 9483
1025 4308
3703 1650
5765 8355
945 2494
154 4652
6346 6307
229 2791
942 7984
6789 2702
4371 9929
1060 8284
6307 6205
1513 2701
3320 8611
970 3682
1008 8950
5966 1413
4320 8666
4544 2291
3429 1193
7792 1322
245 7983
7588 2256
484 7406
3820 5485
3763 3055
2387 9511
6355 1014
8657 1032
1831 6848
3325 9326
8758 2012
3536 383
8128 8307
8741 4070
4344 4501
3628 3678
7664 7650
9934 6810
7811 6017
2410 8447
6427 9632
9310 639
4114 3449
6850 5795
3302 46
8494 1396
7158 993
2955 9478
8553 8050
9943 5937
766 8773
7538 2925
6813 7743
3126 697
2844 8173
6483 2088
6878 7649
8 7785
6919 8474
9390 9282
7402 575
4830 8648
4899 7768
9795 7518
3424 9402
8906 1143
3578 4796
3014 5865
3522 7722
7248 9920
7382 5622
715 2620
5586 9525
4725 9129
547 1805
1770 2281
7032 3145
7859 8272
6449 5735
8444 6347
6777 8895
5778 4877
800 6512
9611 4376
9121 6504
6608 5045
6851 8927
5349 1920
5162 2129
4346 3938
4797 5654
7722 4076
5426 432
2576 2654
7622 3377
2713 2721
6777 8182
8708 1367
2741 1059
502 2397
5055 8572
8043 8393
9479 4798
9687 390
3450 3288
9082 442
4487 9545
6561 1136
8318 3303
1449 6998
9075 7225
6031 2261
2946 7762
4547 5336
2429 1163
5323 8876
4273 4779
5828 2883
8903 2213
2675 1172
1430 9326
6521 4626
6789 9786
6869 2279
958 8530
755 4894
9966 6548
8706 5658
4922 1016
4163 1653
2587 5450
5422 4457
2170 472
431 789
9590 5401
4189 9149
9906 5320
9787 9649
348 1437
648 1591
9256 5558
9905 135
9659 6487
3142 8708
5107 4443
793 9202
4244 9221
1570 9528
669 5480
96 3204
5833 1023
459 1173
4658 969
3301 2521
2608 2453
7343 9699
7790 6982
871 1224
5805 4676
590 9063
7314 6319
3128 9299
811 5728
5149 2494
3616 8845
988 7539
7076 3145
3951 272
4842 1078
6762 1406
8804 3976
2109 8207
1686 1991
8841 99
8729 3744
4911 7879
3084 1817
5780 3867
5813 3567
1665 8461
8133 2590
3686 7735
458 7836
8350 130
9038 8818
382 7494
5644 9272
6520 735
5490 8796
9324 845
3122 7983
1517 9000
5619 1692
7313 9918
2309 1750
9635 859
4466 3868
1891 3204
5231 8380
4220 7200
2658 6434
1174 7475
2061 8698
2706 632
1448 2730
5539 1002
3213 8853
2508 3039
2477 4861
7540 1090
8800 7240
3558 6171
5434 5342
6661 3309
8856 924
5293 2140
298 3192
4821 5065
3707 6962
3584 4476
9115 3459
6850 3533
2670 9941
5104 1695
2221 79
9552 4537
1290 8411
6848 9841
9904 9221
7202 1527
8617 6162
3685 780
9450 7131
9679 558
57 5589
1926 9553
5439 8686
190 9643
4199 5349
4380 9803
1462 3142
8313 423
1829 18
9795 7058
3994 599
4733 8662
3157 6161
9255 9811
1046 524
7304 228
9724 2149
4567 8874
5239 1548
5226 2375
2127 7656
8485 3849
6126 3319
1284 6642
9704 3152
3716 240
9931 2567
7243 3165
4001 6156
8840 3765
2994 2673
7685 5535
3911 3750
9241 1931
2153 2627
762 9990
9256 2705
1807 7389
5671 8005
1012 7196
8021 8602
3911 9521
9943 6970
8271 3089
5232 2441
8812 4150
6210 62
5593 2309
5246 4718
6414 4072
4440 7543
3938 5660
230 5990
3326 3881
1543 4725
5293 1097
8480 1541
1503 7223
5922 8835
9405 7974
9511 8042
6438 9739
7163 5718
7176 7832
3943 7456
9163 2421
8680 6443
6071 5997
9310 1257
1029 5362
6817 7834
4707 1406
6142 4083
2209 744
591 6311
3033 6015
7657 7077
5644 9958
207 2301
374 4268
2036 3040
8307 7591
5501 9907
5068 6844
1812 2479
7050 3245
5481 4329
427 2079
6835 9305
5873 4967
8916 4409
2584 6449
7403 6076
5088 3085
3731 4264
2744 8230
7657 8641
7084 4896
9547 7684
9765 8846
2795 9932
8863 6717
5747 6117
3048 240
1858 3947
4691 3080
3716 3309
8300 7472
5584 6692
1591 1187
6907 4810
9585 1146
3739 9145
9448 6646
9718 4785
3671 1910
1992 1396
3913 438
3682 4226
1694 164
8976 8925
7739 448
8003 1288
5228 1951
5037 9025
469 1628
8620 7335
4886 1308
2285 2074
1564 1228
2 4062
628 7001
3406 9355
9355 1852
6540 2181
3329 5136
7056 1362
2300 3361
453 3277
8489 6787
8582 5383
5677 3564
8632 6132
5273 2127
7540 4825
5852 2454
6931 7904
2594 7515
7505 5077
6171 7667
9108 4833
7622 3032
1590 7952
4204 9905
5022 4865
1593 9376
2174 1961
5108 4647
6469 1701
5968 4776
6483 6970
6588 984
6685 9114
8389 6224
3367 5046
6635 5360
2334 3786
8496 8831
4680 1722
5085 5699
1810 6391
5807 3001
7977 1901
8398 8130
5237 5196
6911 6219
4831 8641
9823 1671
708 7393
3743 4635
6369 9810
3328 1269
8750 981
4884 730
1431 3779
8531 1755
3829 7203
7967 5683
3772 8022
4479 6528
4109 319
7240 6091
2812 8450
5674 6501
6380 5816
6790 496
2070 5996
3390 3592
1112 3334
3572 1548
7178 8337
3156 5325
6092 4474
6526 5377
1467 583
8811 2980
3042 7042
3729 4381
2925 7489
7761 8872
3497 212
3902 5957
2919 1690
9720 204
9472 2831
3958 9962
9218 4726
4674 3933
5881 1231
751 4857
2761 5670
9541 2004
9671 7240
8381 9028
6663 5570
5016 2643
4863 4888
5689 7516
1163 510
1075 8677
8890 8630
2189 9864
3158 8919
2083 5920
8177 5303
5334 3885
394 7653
3347 2275
335 8645
8096 5141
4845 8137
5106 5226
7282 9496
8637 1225
2820 4333
995 1943
170 6495
2750 9418
5400 9336
952 9576
4968 3957
4503 9313
7363 5929
4663 5286
5168 1518
9983 1300
7043 7305
9413 6401
1127 3065
1485 498
5958 2140
92 742
1924 925
2956 7427
7660 3101
3784 5275
8770 3917
7079 3290
7128 5734
3781 7919
4476 1878
7789 2197
7326 7912
4083 92
5024 110
893 6457
1814 2909
7170 4551
1324 1236
6779 7640
3991 5642
4518 1596
1924 2484
4553 4924
4748 3232
99 772
3785 8402
4926 7419
1794 2408
881 1184
3458 395
2802 9139
3159 3701
3704 8220
7943 201
6047 5644
6988 5331
6581 4447
4560 4157
7537 5467
7812 1979
1523 1335
5578 4805
1190 6443
9730 3470
466 8816
1377 7813
5775 2995
5262 6376
7284 5339
5335 2047
3804 7476
2048 2284
4154 2888
235 7293
4164 6954
2067 9067
6330 1166
1586 611
1738 840
9251 863
5468 127
5490 1280
5448 6894
3279 9497
40 8247
5713 7739
1399 6228
3511 5977
3321 5244
5642 3687
9684 5310
2382 2644
4700 6972
5431 2817
5981 6215
7512 9661
4097 611
3255 4750
1905 9367
477 7934
632 4772
3305 8544
3955 3072
740 3245
9269 8269
2575 3600
8023 9610
3688 7354
1069 7446
8380 402
6035 6892
7174 29
7334 5728
8694 1830
1807 6468
1949 346
8650 9735
8100 1474
7941 9115
2316 3342
2308 7553
8447 1819
2641 8515
1030 7504
3328 2254
7477 3515
6977 5738
5665 4707
3823 6424
9537 2329
741 407
914 848
544 5058
1796 3958
1584 4249
9346 8910
5464 3675
4591 1996
1236 3805
4060 8972
6362 8666
1254 1727
170 5798
4348 4403
1039 9568
9310 8957
4791 2564
4160 5734
7167 1003
7918 3087
6440 1424
7834 6594
4550 5007
6753 1895
2470 4731
6988 2608
9983 2908
4979 8850
8530 7188
7659 7248
7948 1341
1695 4885
1514 3633
3852 8014
9195 5060
5895 3154
2753 5330
7338 1807
753 8161
6907 7986
1931 8531
3117 3554
5539 1050
4559 1417
1085 1079
2275 752
6504 1074
4426 8742
8241 7312
7402 669
1448 5619
8353 3298
5967 852
3267 5015
9215 7781
7376 8110
9301 4454
4689 9348
9626 2855
9040 7239
3248 6373
7063 7814
6536 7922
8977 5203
8848 5605
1005 5959
7801 1531
6978 1555
4327 3225
76 7599
2018 7632
7091 6209
3834 3147
7324 4891
8487 6919
8921 9521
846 2511
4956 6997
9471 4468
2618 3697
3515 373
3130 4257
404 4561
3340 5370
332 9974
3494 43
9055 2788
9354 4302
8189 7652
2611 5259
7503 4190
9550 9290
6219 4860
7366 3218
9091 5849
6263 9187
3047 8372
8020 2588
2315 439
2069 4986
2339 6191
3656 8063
9530 7719
6183 42
1650 5173
8794 9960
9606 8305
4803 9606
6316 4590
7816 2818
2886 2998
8206 4718
2663 5254
7264 9183
5267 2931
1567 5880
8255 1591
3619 9998
2279 1004
528 2600
6174 4244
7860 9510
5264 659
8668 3626
1908 5593
9063 6215
5037 3424
7426 9556
9535 9406
9618 3005
1791 2727
7072 2311
4788 6451
9726 6734
4153 3927
8840 9405
1812 2515
1670 1688
9376 7703
6990 9033
8807 7667
3894 3062
3644 4073
8183 7468
1428 9345
1597 6714
708 1241
2330 1804
7030 9319
1003 5713
5205 6781
3139 6748
8616 1847
1651 6468
9868 1219
9003 9848
6553 6846
8601 1587
9574 935
5952 3159
2857 818
917 5433
6855 6524
2547 5209
2649 9014
4862 1821
6527 1744
6276 9481
9679 6723
4016 1565
3190 8922
3624 4730
3695 4590
950 3826
4033 8013
6531 9803
4114 4887
6111 5296
2410 4900
3246 4053
8178 1109
1036 8020
5019 7941
337 3513
4427 9020
3008 8422
6931 3585
809 2532
6892 7896
6350 5991
3279 8447
2835 2028
2403 7473
750 5217
1649 262
5934 5345
2740 4232
7209 28
2445 2257
3645 9407
7522 7990
6967 4228
9334 4250
1570 3529
7428 16
4888 5797
3013 2306
3924 9981
7601 5303
4919 9138
818 1780
1449 6387
9284 6258
9240 2503
5192 7735
4556 8655
1528 9300
9723 6380
4165 5963
2808 605
8028 6570
7365 8450
6135 8280
9018 5218
6479 6139
4814 2565
1423 228
7394 7855
3252 6680
381 7642
1025 4091
1154 3758
7199 8347
3854 8256
6946 9830
4573 1525
3430 4281
5980 1345
1240 8535
7385 4016
737 1634
2294 4991
6893 3529
7725 8888
522 6157
2381 3273
3708 4049
3139 8400
6605 9918
228 3797
1138 6065
2150 7636
3032 3090
1183 6613
8013 8274
3221 7098
1612 959
804 9316
6304 102
3854 8450
3849 4951
4636 9832
4749 9902
563 3064
5493 9427
1170 2575
280 1951
4087 8942
8230 6425
4114 8739
7002 8460
6402 7604
1939 7047
8539 792
9580 6850
4120 578
6566 9479
7933 6842
2071 6836
9350 874
7804 5900
9083 7314
9946 2788
3413 328
9938 5793
3466 2720
1827 1500
9044 8307
4794 782
6095 2975
3412 1278
3025 5083
7620 1412
837 8149
8511 3785
7184 5226
7541 1133
9524 2722
5786 5061
3730 8613
9186 5295
6842 1886
6588 5475
9007 3418
2293 2392
6902 8733
541 1103
3420 7426
9399 2048
663 1372
6297 2800
8069 8461
8196 2364
7969 1362
9501 4340
4036 5226
5866 1398
4919 9794
4888 8646
6375 9518
6505 3624
8353 9893
2459 2330
8333 7817
291 5712
6152 5170
537 6893
8201 5159
6829 2986
6437 4488
8199 1767
3821 5370
5148 8044
8213 5552
6636 5210
4176 5794
4041 7938
6807 6669
8994 5058
6824 8551
285 3848
4731 6013
4099 52
8624 6475
5700 9502
8404 6262
8972 5393
7843 794
4894 1603
8407 4972
4828 8609
2078 4219
1945 8652
5034 7479
2389 8458
8401 2318
4824 1771
4309 8415
6906 5721
142 2621
6798 1914
4515 6594
383 6326
3064 941
595 8463
6881 3273
9980 6113
7029 796
7261 760
7998 3961
3674 3608
5244 4290
760 8830
3993 3741
3107 1921
7719 5569
4734 1299
9158 2766
245 7034
5954 8647
5903 4229
5096 4685
5488 7293
8761 1465
1418 1531
1224 8261
691 5488
7453 6951
6097 8516
5004 8699
7938 8606
1728 8140
7129 5421
4320 7919
2066 7281
1267 9629
1639 8249
5824 6171
1579 2826
3055 2599
8419 2888
4651 4576
2197 2708
5160 3282
888 1986
1329 6173
4475 2486
1387 5890
4306 2331
2550 1978
5898 8447
3889 1106
6734 2590
7052 2646
1010 9082
9049 617
1500 6340
1916 7566
5379 1130
2034 1751
1920 4236
5981 8455
9953 428
461 7270
9996 3906
7067 6593
6097 4665
1087 2331
8472 810
8625 3620
3481 9394
1484 4563
2522 5923
8638 4883
2147 6020
1741 2360
7613 982
772 5517
5625 2212
9738 4828
8782 69
980 5369
3482 1394
5248 5195
4793 4814
5202 1319
2612 6519
9820 7674
896 5576
4374 6707
7079 8104
526 7340
2244 899
3321 4739
4424 3634
2711 3737
9001 9305
3780 4453
2650 7166
7034 1334
7654 2465
8308 2948
6230 1772
7694 146
7954 6424
5464 3042
2260 7209
4633 9108
4840 6807
2304 3917
9327 9899
6150 2176
4163 802
5056 2875
8965 7361
8880 4721
9394 7733
6458 8079
6388 901
4660 3597
4373 1063
3175 1540
4718 6283
2643 8422
4701 328
8046 8430
613 4769
8476 9173
7247 1940
9947 670
9071 207
2694 8863
3681 1727
3561 5580
1058 1094
4756 8498
7755 6936
8408 8620
1688 3826
4798 8038
7127 8184
2167 6284
6380 4602
4782 9709
3378 7410
1002 8386
5547 1164
6959 4213
536 4386
804 5807
6372 1075
3568 706
2202 368
8862 3824
6600 339
5231 1830
1995 9404
8238 8121
2905 9081
5182 6331
6334 8273
16 3562
4142 9533
8849 6406
6746 563
8576 5852
4061 1521
8606 851
7222 4146
4525 1106
8416 4128
8475 4157
4428 3095
5832 2410
1104 354
1586 2628
4377 3460
5202 1419
4332 5332
3167 1062
3067 3382
5649 8167
1459 3970
6288 9177
5921 5892
5755 4312
5221 5599
6292 8188
2910 9006
2056 8436
805 761
5084 6859
1670 4992
1171 506
4217 2871
8877 4138
6943 7262
1914 9795
6568 8172
3180 3350
6065 2552
7785 404
1290 3731
8543 25
3958 2309
6483 7977
9500 9906
5410 1909
7258 1865
7896 1737
4153 8233
2591 8581
9995 1872
2031 7430
7585 6162
3844 5265
6889 2162
2429 7819
165 1040
9089 7192
7879 1983
732 2094
4312 5730
1831 8229
8696 2242
597 4285
7551 5342
1401 1260
6690 4928
1813 4962
2897 7608
1054 7147
542 8087
2427 4465
264 3306
9372 2907
3925 5441
9816 7543
5614 3979
8126 4863
6884 3504
493 7434
5824 5819
783 3490
3064 9441
8096 3341
4590 9874
3692 4090
2930 1339
1351 2602
8392 8854
5158 5689
5460 4735
2474 7351
7634 867
3341 1576
1906 3175
9189 3060
4960 7538
6565 1707
2162 5352
7827 6441
7146 2181
1348 1170
7435 4562
627 3370
249 4358
3649 5539
57 6300
4343 8324
7879 9533
8503 1075
6423 6890
2032 2191
8259 2393
4543 9980
5059 1961
7938 2891
9402 8131
377 8869
9661 4095
3878 901
5311 9264
6595 3839
1495 3357
930 6353
2739 5101
8303 3972
8310 9006
5234 8543
8684 4515
5105 9960
239 3799
659 7559
2770 5042
302 394
5306 5463
8498 4319
4941 3207
943 6865
6562 7126
4368 417
3656 5431
5915 2080
6259 9431
80 3431
8321 4179
3743 9028
7738 951
2439 4529
7302 2581
1561 930
4360 4238
8075 4731
5000 7327
6424 7724
5647 2586
7268 2634
4891 9520
2766 5387
4626 8505
6302 8605
1220 9344
3742 4931
4473 4701
4676 2317
249 9024
1005 2323
3002 7623
9350 4703
9796 5068
2580 980
7185 5758
2115 9694
4688 5242
2396 2775
3944 8919
1727 3155
5929 155
1232 4153
9615 3852
1694 7055
7056 8711
9566 9825
1829 7767
5542 1773
9589 6866
9878 2862
1436 2822
1409 7650
7082 4747
3864 3722
6216 9461
6504 9167
3302 6633
6890 7595
5744 2857
9576 3323
2143 8062
4032 4255
5435 2145
2337 3514
4974 7030
1217 7933
5284 1701
5233 9851
9823 9190
6408 7384
1286 1208
7244 8867
3037 6495
944 6333
9233 3320
1319 6596
3066 906
167 9761
1970 5674
1992 5819
4820 858
1179 5813
958 6304
4984 9163
4689 1119
8239 9012
2455 7300
4800 4980
1860 2495
1174 3057
4516 6364
5663 9696
5284 6013
4407 9820
4861 3542
241 7186
5548 3956
2951 5307
5773 7819
1689 8887
1349 5258
7537 5522
1534 4349
6551 2582
557 7343
577 3341
6655 5674
4002 1793
9490 4893
3251 4243
1937 2120
4016 3540
8551 2727
9353 5874
6741 9609
6152 6883
8078 5180
3938 1223
4783 2838
7734 5101
4284 4354
2611 5
3318 5046
6391 6829
4009 4493
3121 1722
241 7894
8184 6341
9916 2471
6005 6383
4314 1871
858 1218
482 4727
326 4454
175 916
6465 9933
919 6621
1522 4604
9515 6611
2096 838
7994 6513
4260 3382
2833 7169
7838 4873
6381 3961
4127 1333
993 1648
7219 9034
4499 9793
657 4388
4720 3659
7675 3738
4560 978
240 1894
6356 8038
5473 8817
2412 5277
6865 4570
7637 7456
4997 6291
5488 4911
7370 5305
6493 9090
246 2334
8230 9565
7143 9684
2056 4782
8984 3703
6012 9670
3362 1544
3493 4178
9231 4834
4513 454
8554 7659
4626 5029
738 793
2791 8991
6268 3806
1171 5286
5736 8881
8047 9759
3468 8122
9275 994
1021 6602
4895 3166
3245 9989
3696 4861
6654 45
6575 8206
1364 7676
2347 6997
7400 3726
678 9723
5080 2472
3429 131
284 7193
1761 9915
5604 4571
4011 8923
2254 2054
2381 3245
4691 6018
8427 5368
4737 8422
6119 2731
3731 706
2788 7667
5148 9989
9539 2873
722 9020
7273 2571
6647 6760
7842 6453
1236 8986
7134 1036
6510 9934
2729 8311
58 17
8233 1178
8172 6737
528 7168
4699 8768
1938 7524
6849 9027
3360 5484
9502 1661
9122 883
44 5891
1684 7778
5150 7212
1095 8602
545 6583
8280 8976
5780 5193
6974 917
8836 9553
5021 3009
4880 9354
1383 1228
1900 5757
1330 7992
9713 8512
5717 878
3456 9374
9820 8916
9463 9236
4011 4584
6061 2326
5950 4796
1895 7036
751 9934
2477 5772
305 9826
3414 8613
1145 798
8240 5733
1981 3938
1901 7112
2357 8594
4807 1997
5645 2673
1699 9174
1036 5467
6227 2381
1647 6944
2166 7342
1599 1960
9834 8293
1841 2551
7906 132
3420 2415
7090 848
6981 2620
4999 6697
1158 1856
1252 9060
4029 7612
1350 1895
8896 3831
5849 8273
2671 1902
8148 3907
4130 7048
5216 4415
8897 6373
4950 2907
4034 9347
1286 6434
6653 9484
3907 2472
8700 4447
7243 7335
1086 4441
8757 3259
4059 3504
627 1558
3441 3804
9143 8416
2348 7474
1138 7471
7797 4719
2823 4783
7521 4845
4447 9839
2314 2149
1861 4392
5707 3857
2401 3962
1893 9100
8002 7684
3935 4649
6276 8176
4618 7917
2690 1641
5762 8970
8661 5545
4960 6488
7338 3316
3420 9282
1985 5003
3984 4987
8849 1597
5048 6923
9514 4849
662 9786
4835 8648
2802 4951
3233 3234
1086 2645
8937 1552
2023 51
8380 610
7911 1094
8097 3052
9160 1846
4833 8505
3155 6770
4940 2300
2711 0
8697 3711
3445 7973
1306 3675
5207 1677
2973 1010
8737 8216
7439 7804
1695 6546
636 8268
2302 3564
6162 1998
7560 9308
8531 9727
2695 5790
3048 4729
746 6197
2626 8858
3173 7843
5436 9552
5858 784
9917 4435
5526 9290
3370 5470
9423 6106
152 7100
7849 4751
1167 6379
7392 7337
8682 7072
3695 8180
2282 8119
3191 7022
1578 5076
3707 4295
6782 5691
776 6900
9541 2504
5106 4256
7789 6924
874 8864
3413 4021
4876 2545
4317 5417
4100 2657
3658 8303
2976 6406
9783 3818
4897 270
357 6098
9867 3957
5954 8529
3036 8461
1128 3655
4601 3981
4748 1210
7156 5240
9655 5597
2474 6312
4609 1692
7913 6807
6377 6945
366 4490
6657 2790
508 5035
8806 6632
2697 1009
174 8789
7890 9262
6730 5986
1311 772
6107 9787
2049 1781
8113 9959
6328 6919
7150 7990
6833 6160
9672 9147
285 9059
5246 4176
125 9302
4082 3211
8136 7071
1828 6955
5311 4219
3824 6286
7336 4091
9406 9651
3190 3212
6311 7382
9098 3633
8487 8686
2435 15
2510 6607
6624 2405
3184 7548
2278 7382
4748 5421
5390 7668
8474 2424
4613 602
3357 495
6647 9302
9929 2006
7958 8049
4478 3232
6820 2028
2146 9477
3232 7530
6268 7266
7468 5028
6092 4333
7245 4509
7577 5139
9645 9922
2323 2879
9211 9005
6903 1897
1025 3047
2176 6425
5893 1239
9242 6983
5161 8748
8337 9905
1806 2850
2681 1112
405 3957
8823 3879
3206 4927
6988 6144
7193 7903
3746 869
2498 7913
959 3584
202 3555
7287 6096
5000 7667
7102 8896
750 1059
6842 1398
320 4494
86 7397
9439 9482
9924 7743
6260 7970
26 6202
4904 14
3453 4253
6704 8945
4955 5944
3702 6623
9058 7614
8226 6329
1646 5600
5063 3015
5696 2678
7210 7392
6746 5212
7086 3209
70 1448
2475 440
8438 7764
5740 4035
9623 3852
39 4746
5583 4773
9592 4766
9429 3623
9239 8076
4319 9673
3512 5706
3990 5304
3089 253
9767 2643
9829 5461
5603 1638
5551 2405
3589 2081
9579 3394
883 1317
8702 9448
6462 2522
2101 164
8100 2832
8379 513
1509 9904
3317 2242
9666 7373
4167 2761
2033 6573
3353 8466
2381 1646
4756 8351
6715 55
887 16
7895 9740
6230 2590
4269 1117
6274 9829
1619 44
7907 796
5315 4729
6577 1282
3991 1963
5842 4439
1917 1197
8430 5252
1914 2451
9295 8216
8235 5544
884 7583
8198 8006
4069 4801
191 8848
2304 229
5654 6399
9314 3008
7806 1751
5905 2718
8457 1974
2854 7948
8415 6121
4696 799
6989 7466
2131 20
3481 6489
1976 565
2244 6118
4078 7749
9609 2489
3398 232
3090 4094
5340 7090
4489 5856
5129 2731
1884 6865
2438 6747
1642 7747
2379 7016
1466 9190
6597 6968
5594 8367
6661 1637
4453 1569
4005 445
750 1594
3174 931
4489 1308
2166 5862
3033 4343
6205 6395
4532 6752
6630 4489
642 8496
154 785
5796 4156
6919 8968
2946 860
6016 2291
8413 9385
447 9006
6163 8024
6598 4729
7904 8094
4546 79
9441 3487
384 6148
660 3928
5802 8778
8444 4724
5418 8800
9409 6094
8015 264
212 7941
5357 3603
9680 4981
9231 7100
5867 487
5175 9294
1052 4103
3958 9698
1238 6462
8168 6856
4322 1612
3238 7474
7004 2467
5279 8856
4484 3747
6368 7963
5733 1037
416 9242
3538 6215
5993 922
5083 7819
16 4678
4847 108
8614 9523
4460 7398
7287 7565
3729 4720
6351 6788
8581 8241
6316 4413
5521 9724
4767 8566
8872 2906
7868 2410
6023 5555
8897 7565
2822 9176
5636 581
4462 4192
2836 7541
1429 8572
2177 3623
1557 7049
3400 36
8892 8610
5063 6563
2060 7536
5423 9725
1905 2831
4743 3961
4371 8621
9532 6969
4113 5666
678 2191
7406 5127
7622 221
328 2789
7708 9000
4642 5754
9686 2648
8324 8458
4546 79
9209 4256
3300 4723
2726 3344
4755 1738
1546 7418
7837 3617
8496 7949
3035 5481
6417 5142
1248 6030
2023 771
3706 7237
2445 6968
9243 1602
1410 2493
6018 6051
7548 5954
6882 4893
1256 7456
3524 8513
9376 3598
6152 2762
4038 812
8231 5413
6429 7168
5652 3213
8694 4571
2673 7171
8552 2230
4125 6535
5305 3694
3227 5781
9897 5929
9150 4622
8446 5524
3552 2786
3065 1004
2706 7335
327 5477
5854 5497
7540 409
4760 5662
8778 9760
5587 7156
824 9705
7423 9738
8286 5939
9984 3144
5828 298
587 9964
3561 6273
2537 1009
9721 2712
9758 6557
8744 5226
9251 4840
44 1462
335 8709
7351 2568
3732 9614
2001 1748
9286 7008
7252 5326
6630 6448
7377 1928
2397 2408
2176 9337
1460 5379
20 3703
112 9824
893 7009
9627 1014
6407 923
4365 997
2832 4982
1194 5012
8823 779
1269 1037
7952 5684
738 7697
2628 1592
7160 6265
7045 2785
1541 8458
7662 860
6652 1476
665 7180
3402 2311
8139 3786
4391 9107
2778 3037
8903 7931
9854 1635
9088 2820
3397 3721
4005 1471
2257 9357
2401 9441
1564 5805
832 3500
9132 5771
119 716
1633 6992
7620 4864
2186 2634
4416 962
5048 4707
3952 8917
4651 5743
2891 8442
2168 1058
7862 4863
1244 3195
8075 1477
5050 5553
1576 4172
4896 6745
7204 6061
7256 5745
8620 8211
1402 828
5244 1047
3599 2986
3977 9367
2320 9075
4859 6579
3149 9553
9848 3252
4489 535
8730 392
9778 2689
9091 8222
1855 6329
9719 7770
4659 35
8760 4918
4542 3222
5807 7238
5874 9400
2342 8550
4258 1108
1746 2194
151 2571
3294 8209
1116 676
6755 9487
793 9313
1283 2438
3582 7104
9365 1977
2853 7146
9098 4044
329 1339
1086 2019
8598 4463
9338 949
2758 5670
3815 2028
9322 5075
2253 2060
7402 2855
1369 5790
7475 9236
4285 5065
1807 1217
49 3739
5603 1706
3783 6777
4577 5120
4796 1793
4222 5988
9466 8456
14 3611
9515 3445
5499 1423
4313 1865
3669 4355
9520 1977
451 9712
6020 7753
4759 9952
5807 4503
7792 1078
4994 6049
9737 1032
7725 580
5647 7867
7690 9235
8415 9386
6692 4128
5934 98
7717 58
6290 9548
9820 8179
8638 1848
2238 3212
7691 5282
4387 7663
7249 6724
1345 1833
8325 9448
6246 8978
8204 7640
4350 1434
2302 2020
7653 4322
3910 3567
4614 1812
9062 7351
2978 8208
9735 8015
5069 2261
3901 7802
9266 9352
4793 1590
3190 5955
9593 3795
122 6685
3306 3599
6346 8162
2765 4591
1698 8975
9607 9548
4961 3516
6979 6775
4197 2838
6258 2410
278 1176
7955 8413
7199 6389
5965 6178
5990 2597
6681 7214
2381 3002
6780 2564
4273 5421
3794 6335
5984 9722
4631 7387
71 3509
4798 7249
8681 3031
565 2253
7164 7625
207 974
6094 2283
6385 7930
7877 9122
3113 5579
9299 1836
7927 3546
2184 6849
6175 5830
322 296
8247 2209
7903 2179
8940 3512
739 3880
7169 6733
7157 5004
8247 3298
6659 9454
8104 9299
2439 1774
4492 9665
9745 5496
2319 8311
4243 6817
8154 4251
8428 5548
4590 530
7036 8650
2415 3264
5990 3900
7709 7404
5875 6182
8573 9932
7891 9505
7574 4545
2191 765
4008 9329
2874 1234
2615 1725
8470 2097
1958 5087
3106 7548
7917 114
8609 1550
9325 4110
5542 5032
6842 6462
363 3065
9783 6928
8225 5130
1904 7096
5378 8467
4080 6721
4242 4813
6771 8754
212 2021
1670 296
8825 570
3435 1173
2627 19
8856 6901
311 8000
5391 1881
6017 7339
2472 1235
530 58
3210 3756
9812 5925
5464 3397
8382 3054
4264 4072
6226 8018
4272 4682
9988 4234
6986 4511
7494 7726
614 6362
1086 3911
637 7584
8809 3375
7683 9240
872 8072
1127 1361
5577 4485
7909 1856
3569 4473
5114 212
4964 1642
1079 471
2135 7297
3134 2084
6749 2785
1337 2832
7790 1090
347 9671
3558 2313
5038 7235
1257 8038
8955 2987
5588 6569
6505 7350
9279 5121
9756 3610
5582 7523
9646 6
4247 6883
7532 4376
1742 5970
119 7643
843 3685
8539 9569
8317 8318
2924 89
6952 9896
6076 1070
6906 6964
3113 6939
8668 9819
4291 7550
9508 5616
8779 6856
3031 2020
5783 6542
5963 3060
3251 1376
2666 8211
3905 3108
2098 4240
7425 5614
3194 4916
5883 6557
2607 9738
1849 453
5501 8715
4002 2884
1673 5669
6705 6003
9259 2487
4020 6908
6393 1963
2160 9395
9390 2817
5522 4754
5193 2980
3440 3364
3906 8652
5406 4974
2519 9199
3165 4357
6101 5460
2126 7536
5250 2886
8836 1371
4327 6689
3143 9636
27 3724
1796 6614
9195 6243
386 6832
3654 7439
7119 8194
3316 1828
5033 8387
1942 8360
3753 3761
1288 715
9722 9190
515 9319
4920 2675
6032 9301
1123 6108
6471 8553
6690 5087
7077 8556
8116 8498
4476 8868
7905 249
3236 274
8031 7121
9103 4151
5170 4620
8619 3748
6203 4057
1808 9293
7665 3967
6457 1592
9916 7766
8543 9272
7469 1634
1777 7249
7484 3340
8720 1111
8122 5007
4183 72
4773 1020
1543 8386
42 1371
7568 2882
20 6127
8620 8666
7106 3380
8134 7870
2327 4967
8008 2476
2347 1938
7378 8501
5647 1202
742 5004
5006 695
9455 4474
4047 4920
4882 8044
646 2065
9357 5930
1898 3306
6541 1780
2801 1861
9612 11
6056 2707
8374 1705
815 6579
8700 8398
8257 6872
8066 5016
2033 342
6579 4270
832 153
6868 2377
475 690
6198 8527
7280 1472
8805 7774
6353 4870
5645 1890
6882 8702
1053 8339
3261 1642
3379 4030
5925 6642
9127 3469
2695 3919
8180 3430
2108 9187
2049 8397
59 7939
589 1511
4027 2579
9465 812
9878 9548
3151 5415
3626 6588
9408 4494
89 1258
5852 6185
6032 1732
9082 8641
5460 1463
232 4694
8184 74
1596 6700
4843 5512
4984 6323
271 6088
7980 8866
3044 3770
3670 112
4819 4177
5348 4462
8519 9319
1546 9220
1013 4049
655 8679
4700 5345
6898 3139
7591 386
6586 9451
6368 2515
5147 9338
8463 8227
6500 6405
7808 9861
7812 4303
8226 3184
157 3816
3483 9478
5938 2643
6457 1647
3050 2227
9283 3649
5574 6849
1966 8126
79 460
4684 8107
1048 8798
5807 2680
3027 1047
908 8432
9055 5385
2890 4015
5983 5039
2553 3371
8150 2458
2031 976
495 4745
1597 5276
3945 2996
5441 5908
3470 4725
5845 817
5237 676
1956 7227
1742 8718
3933 9456
7755 2513
4032 2016
7102 823
7669 776
1308 5164
5052 5322
6961 1533
8830 8037
7230 2783
5779 5622
9885 5465
6029 9531
5909 6208
2146 8288
1224 1821
1271 9944
3434 8380
6007 6089
7245 3204
9139 6244
3911 4350
5811 2607
6997 9284
91 9425
1097 3559
153 4618
2782 4268
2634 1148
2044 1173
3820 4122
5111 9560
94 6156
2834 8942
692 5116
353 106
1847 7520
8652 755
5673 7620
2607 8800
4022 8483
2062 8031
9830 5074
6070 7923
8350 8137
4191 4024
7063 6751
6189 8579
1878 7697
4470 5754
5002 8510
1038 557
5493 5170
8734 336
577 6445
7187 9895
8612 8592
1666 7005
3150 5827
4025 7280
5855 6293
8129 2108
9334 9009
8335 4802
6900 8154
2474 3685
8302 7411
7527 5554
1761 6573
4465 2281
3536 7886
8340 1100
8665 4874
2728 3811
4711 7393
7306 9289
896 7109
6070 3222
6717 5734
6481 1946
2026 9387
7075 3811
2596 2703
2562 3819
7151 8406
8985 6786
9018 1691
3975 1555
3834 5480
324 9429
5538 6608
8655 4704
9636 5628
3442 5130
5954 4544
8071 414
4317 9529
1524 3575
1663 7206
1233 1582
1924 928
9802 5486
914 4712
1872 1360
4185 875
6603 1192
1365 5540
3866 6139
8993 8446
6858 5947
4614 2772
6068 5441
6850 5704
8369 3078
3923 8460
9609 5230
2002 1440
6761 3538
6732 7512
7123 9512
9035 9849
319 6768
9060 3537
7040 4621
2986 1792
1313 6143
3136 9270
8174 5753
1419 331
6894 5796
8837 4741
7470 4463
7806 6025
1226 8817
1981 7025
212 8541
741 1766
1158 4304
9395 842
980 5547
323 3269
331 4919
7698 2362
1111 8761
4285 6742
5184 2852
8793 9780
6419 5622
8876 463
3583 3712
7001 6949
1334 8501
9737 8101
5124 8926
7972 9941
7404 4903
9760 5570
7229 4698
3072 100
7475 6966
8797 269
1594 4299
3586 2607
7646 5381
6241 375
9134 4979
7635 2442
2398 9539
1965 8602
4716 3499
2494 2932
8650 4070
3988 8442
2026 2682
9023 6536
5896 1154
6589 3925
848 8541
8629 4328
9393 2050
6111 7700
4186 8893
2944 7954
6336 9227
2003 2010
2881 1166
8179 9469
1907 1245
8597 6145
7590 6876
1394 6650
1048 9267
5539 4274
9543 7949
6693 1669
6097 1695
9435 7355
7831 3523
4867 4770
9504 1185
4129 6936
6346 1321
1287 5186
9531 8607
4966 9644
5205 9187
5678 9182
7800 171
6417 7302
1810 3440
4198 1224
3586 930
4666 3055
5690 9945
4113 8174
450 345
3545 2840
4472 1825
7279 3400
4581 2592
2827 5102
3836 4740
7975 9063
9804 6752
765 5304
5077 650
1982 7766
4871 62
4494 5892
2037 1522
6109 7834
953 3976
945 2799
2097 3849
7887 3780
7863 2612
408 4412
574 4755
3152 331
7752 7685
3818 3881
5300 7902
2494 7731
2133 1960
5805 3967
7678 5779
3180 6058
602 2176
204 144
5192 6470
2826 5096
8419 8287
465 7561
4911 7395
3917 5116
6415 3807
8779 7135
1348 9425
1357 403
240 4930
7369 308
2425 8800
433 9266
8233 4951
5501 3248
6721 2140
2308 7656
9182 2422
9562 1497
7716 1241
8851 3119
4311 5056
4134 5806
2376 230
877 7930
924 6721
5096 3477
6025 1404
7057 982
9609 8752
762 7698
993 142
5954 3594
4188 9787
4055 2593
9568 4025
7830 3512
9314 3902
9726 1705
6244 9074
6162 4924
4845 778
1501 2952
2066 8668
5663 7098
1152 1487
4054 9579
779 1745
3448 5761
2832 1652
6492 5733
7447 5878
9113 5436
2308 8267
4934 516
5517 9433
5777 5820
5254 2672
4619 6369
9256 4052
2704 1713
6128 2408
2420 8590
227 6985
6057 9073
4751 4228
9789 4295
3357 5013
2881 5517
5971 5661
8324 4659
6262 3967
6877 3840
7788 8791
1832 8579
9327 4983
6807 5377
6078 7760
4378 4287
7838 7737
6378 4237
1741 5695
7231 1101
6967 2506
5489 3167
8753 6679
3035 8043
787 8887
6779 7579
6323 739
3382 3650
4204 8458
73 4716
7406 3065
7435 3923
9822 3366
5294 971
302 7961
7412 8619
56 5864
9358 6424
1427 1597
9999 8176
5064 9926
8063 960
8607 7273
2443 9619
8850 9169
9994 2583
3203 3065
5979 2461
7049 5236
6090 1021
8518 8887
9729 5540
7684 6292
9931 4619
8701 2692
7844 1109
7258 8207
2684 6484
4307 9371
4058 4169
2438 3871
8797 5254
5651 5587
6894 3378
5203 278
7793 680
9912 4651
1034 8972
8592 6497
8141 1724
6099 2350
2381 6446
1068 6903
5286 8060
7429 2847
6983 3320
7082 1929
5430 1773
6480 5643
1080 3269
1230 7073
1080 3921
4345 2587
1076 7592
3950 5845
8311 9230
2985 4209
8320 8832
7346 5906
1874 5242
8439 7607
1573 5381
1252 5747
2955 7648
3423 885
4460 1146
176 3689
4226 1498
3181 9690
9105 3931
1828 642
494 5927
7074 5487
5024 4910
4177 9988
8372 8131
7933 6345
7178 3443
7911 2912
4109 7171
1891 3638
3952 5878
7612 3441
7156 1496
552 1468
1974 3161
9062 5292
8373 1929
1443 1534
9089 5004
764 2272
3855 4491
8253 1768
8025 1383
7464 9989
9586 2666
6418 1456
1159 2908
9495 6062
8241 4078
1725 4709
4344 2903
9782 9656
9713 4073
5856 9681
23 6623
599 4843
6376 1174
3930 6777
6038 8276
1786 1541
6238 6137
974 4393
1029 65
8692 8676
2846 5794
1090 6122
5785 2105
3114 8090
5078 1915
5996 8013
982 2682
326 5608
3330 2359
87 9534
5797 9151
225 6470
2580 8659
7980 7012
943 2648
8807 1238
8271 919
3593 3821
942 6481
4822 7398
983 3331
9725 8980
8962 6962
2350 7708
898 8324
1433 6205
890 9563
9521 9450
585 4878
9968 8181
7463 3957
7508 4489
5847 6817
3223 4820
236 1269
4476 6463
6728 7893
293 2396
7216 5226
5026 6939
3435 6687
5555 3864
1593 3804
4751 6037
4768 9020
877 5488
9058 509
799 7776
6730 2691
3871 8065
2677 6761
5762 8570
6606 3621
6713 5159
3602 8167
6598 1848
6530 6766
1531 4725
1110 9639
6894 3004
2974 4947
1641 4729
4 1875
3021 9521
3086 8835
5479 7946
5583 3040
4875 7034
7549 8679
8253 9419
4813 8124
5774 2664
7178 6403
3523 7015
8677 6671
6962 1267
3638 4197
6470 9557
6737 9676
4273 5662
5540 1843
4449 771
1933 3038
1243 5413
4040 95
2436 7467
3701 8573
3343 7487
4104 7444
5232 8931
282 2184
271 8638
157 6183
6137 9718
7149 2139
7216 7099
7106 5864
9218 638
1794 4664
6343 2908
227 2960
3651 475
1662 9151
8540 960
7903 6387
2166 6411
841 3319
4570 1648
9847 7325
69 4050
1389 7812
3053 4173
6076 7110
9278 1120
6932 8545
6594 1526
244 9232
543 6800
2237 9925
233 7376
2148 2741
6393 8708
4806 8480
2086 7070
135 9627
976 3948
4787 4844
5948 2968
5253 2513
2056 9038
4885 1326
832 309
5724 5377
5081 6828
8004 2019
27 35
9851 5262
5596 1299
6470 5206
4359 6155
3809 1717
7340 9704
3108 5766
401 1360
9346 2589
2310 4043
2587 2562
789 9438
7889 5848
9480 9973
5048 3838
7477 2204
5479 2370
8261 1179
4235 4445
1938 4108
5146 1343
6558 8138
8164 5143
576 5816
6934 2094
7610 5706
4985 8241
9926 7892
5879 5402
1006 4814
9774 6474
3579 3520
3148 325
4918 9504
2570 9529
5098 8501
5094 8316
7018 8759
2104 1778
2590 8197
4118 2184
5401 8306
4019 5200
9734 7196
7890 3721
3009 5723
1528 8234
18 6099
6719 6522
2819 8374
2647 9663
4835 7641
1928 4450
9747 4737
8418 3787
6990 8586
981 4831
3446 9460
844 9202
2633 7914
9508 3354
8307 9120
1099 2946
3980 7848
5252 3383
322 7793
2423 3651
4881 8701
1780 3123
895 1470
7976 3767
549 5420
7032 6038
9959 1877
7466 4172
452 2226
3780 9009
1496 9857
6092 8326
1439 4804
3070 2639
3749 3942
812 7191
1289 6613
175 1125
5664 4545
6364 7642
5 3535
6626 499
9950 6250
1616 5905
1386 1015
6836 2050
1862 6163
2989 6235
5999 411
3298 3045
8561 3159
4139 9474
6686 1093
7085 2010
8363 2590
5316 6310
660 1270
792 2216
3024 8197
1986 1397
8895 5277
2424 5408
607 4024
2452 1237
8910 304
6003 3086
2058 1706
7497 8869
6564 5248
2865 4567
2276 2233
8146 4753
2325 8199
3502 3866
6449 1772
356 7373
839 6506
9301 4641
1400 7302
2243 7398
2898 5928
886 6031
1332 418
8376 8742
9424 5018
1488 9024
8222 3350
3868 7455
125 147
8807 6718
6148 3362
8538 2412
1495 1520
7518 4808
4421 9040
2448 6101
2558 9879
9854 1050
1810 547
750 7897
8005 3849
1005 5657
3070 8314
2612 4931
9007 5793
4439 7398
1903 4987
9512 9351
4754 7091
3928 3496
5482 4986
2910 4787
5863 1968
7792 5748
6458 6257
6829 6545
4375 79
1181 2086
1401 1527
6896 225
1343 9475
1555 6167
4244 6924
9858 3041
9260 5369
1175 5206
5002 5480
2960 5910
1295 4312
2399 4625
286 1137
4683 3266
5162 6736
9427 3915
9824 4723
9731 4750
3649 6653
9183 277
4616 791
5308 9198
4730 8276
1310 1751
2059 8735
1484 5874
4332 3490
7632 21
9858 7717
9066 8433
9827 2290
7428 3116
938 9841
2224 2205
2746 8293
5758 5059
8990 1842
4074 3331
207 8937
2898 9549
5583 7889
7509 394
4962 5252
2566 8051
1884 883
9872 8625
3541 8391
659 6924
3449 8613
9789 898
4685 8701
7125 6583
2988 2655
7760 7923
799 5851
6390 7533
7931 1220
1134 6466
899 1951
1158 1489
8558 1710
3791 7510
5812 1155
3189 2849
179 8787
2429 4274
1358 4186
6215 5684
9508 5220
994 9699
5406 9503
2990 1819
3714 3547
4989 6030
3733 8762
6483 2226
4702 602
9133 9477
9253 1452
5246 4061
4938 6112
2692 3361
689 8815
5544 7085
9755 7940
532 7846
5633 2536
6384 2875
5593 9722
5077 9891
5227 2615
2226 2569
8125 2619
4669 5265
4091 7652
2545 2790
4578 6734
4997 5665
1803 49
4094 1784
7589 8324
9307 6097
9467 9788
2413 4049
8981 9445
5802 6165
2090 8155
8775 5996
4370 1285
5282 8463
7290 8335
146 2206
8977 643
2630 2345
2959 8772
9706 6407
918 598
2777 1046
1424 9997
4332 9760
2760 7680
2624 5207
5364 1833
9141 8621
3856 1757
8946 9538
2006 1235
7254 3610
777 3762
6106 8170
7986 1899
6003 9359
5601 8192
1987 2572
5701 9135
8014 4238
2566 9232
3354 6493
8287 1255
4080 4721
6106 2597
5088 5198
1652 6465
8177 8590
4831 7567
8261 6122
5478 2091
7386 8533
4507 7364
813 6020
8620 952
2490 5326
7381 4327
734 5500
6191 6182
7981 3788
37 435
7808 8936
1591 8832
1654 7166
6583 6286
2603 5724
2977 168
454 5803
8136 4888
5324 7317
6667 6425
7858 8835
6791 1067
2831 1591
1910 5869
2064 6226
4021 5114
3318 3380
8147 1714
7290 8334
21 9860
3792 3301
7430 853
3497 3094
4988 5935
8146 3488
4758 3961
2170 1618
8049 7119
8241 1570
1610 4270
1180 3287
2014 5838
8581 1812
4300 5436
5632 1186
108 8131
3144 3145
8874 7575
6055 2522
8090 1421
4260 9755
9279 7674
9223 5184
8263 6391
6408 7634
4222 6174
3334 239
4051 6995
7699 7982
7287 1810
9132 3710
2081 9041
39 3434
399 4369
1973 9866
4792 2983
8023 6633
5836 9121
8140 8031
1788 4135
1928 4763
6710 6752
9969 6478
8217 1326
1507 3318
9239 3975
5812 1349
9688 1569
5521 4830
9451 1305
6150 7660
1896 9039
2429 5359
817 7122
6574 4884
9238 548
3845 8863
5783 953
2754 7928
6036 8049
6553 2303
673 5248
6505 9725
9477 3623
6394 8408
8242 8768
335 8771
7711 2267
8924 6032
1440 1024
8401 9235
4391 8336
4468 9764
6244 5501
1132 4624
3112 5890
3769 3501
7831 5968
354 7800
4844 9271
566 1677
3606 4461
8836 2434
9312 3566
4726 5969
5855 5712
5032 6304
7188 5137
4935 2254
4033 6271
6244 5996
4824 3636
1927 6037
5711 3821
2800 1692
4368 917
5593 289
4221 2898
9752 6191
4145 956
6241 4421
5361 8165
9463 3086
8273 9898
3139 4672
8611 7204
9389 4030
4698 6411
791 3482
9404 8632
2906 7163
2614 9877
8600 662
4426 6548
8832 8380
8596 2521
3631 7376
458 4948
8404 1523
9745 6815
1916 9326
28 6480
1324 7915
5936 7851
6349 8737
5715 5112
2226 8986
9810 7308
5621 1826
7298 8791
9663 7614
6318 6729
8646 9799
7007 4897
7136 1330
986 3236
3238 6557
4402 9766
2452 5495
1983 2457
4797 7133
3095 7359
6524 5469
8456 6365
6917 8169
6215 9326
265 6329
5411 9632
3737 4173
7283 6256
2593 4318
3390 9709
6454 3584
553 3307
3034 4439
5786 2903
3196 2418
7260 3202
6477 1608
7051 6476
9004 7885
2847 8574
4132 1313
4406 8627
5243 2966
5610 7252
5387 141
3010 9407
6862 8764
3971 3267
8754 1165
7959 6715
7932 3669
662 1940
6616 1055
4401 2493
9007 453
6334 8298
6721 1962
7116 4725
7058 1863
5240 3010
6401 2577
6569 8748
5763 5091
9382 2209
6303 4894
120 6824
9858 4137
5754 3930
1378 7654
2796 8660
2080 6962
8070 3927
1943 2808
6282 5162
5521 564
5346 365
7064 3599
9977 1178
2601 1948
4149 9946
8917 3101
5250 7154
3586 211
4810 8984
1279 256
6368 8405
212 7850
397 9449
5847 8367
4321 870
6683 9888
6427 9018
9459 3515
9268 2012
5877 553
8517 1522
7337 3040
1465 8317
5344 2182
973 3778
7138 5347
1027 8949
576 1601
7238 5764
6664 4835
6408 8749
3862 2671
1367 1533
1063 7001
7695 2790
9801 3198
1289 6044
5311 6426
7264 1037
3105 5254
7476 4555
656 3889
6855 4439
5126 1658
1349 8907
284 5175
8882 691
4853 149
6667 8729
7560 8861
2542 6829
6891 4303
1269 7933
9578 4782
5741 7110
5271 4120
6341 3303
6812 7744
1154 9311
7996 1737
6223 5507
2087 1873
2818 4701
9436 9431
4858 9459
5688 267
3492 4147
7373 8897
9805 1849
751 7010
5666 1613
6231 8591
8083 8412
2618 9362
5830 6657
4132 6515
4727 2447
1390 9427
925 2638
2895 4569
616 6591
2414 1895
5318 8542
8053 216
4374 8275
561 2200
5188 4405
2230 4816
7106 6908
6624 6588
8951 5873
5732 3419
5921 9300
5060 7347
6071 4777
2530 1422
4537 81
1292 4020
8473 5920
8933 8375
3394 1712
821 3733
6054 3954
2342 7422
951 3884
5839 4386
9835 8835
3566 869
4962 4150
1054 51
3139 868
8425 7194
5074 6380
3398 2568
9406 9247
243 866
9256 2356
6990 4029
3150 2216
7069 3597
5092 5391
7069 8840
5588 76
568 2902
4013 8408
7344 920
6167 1651
3560 4450
1782 3044
6401 3877
7980 4750
4385 2237
8105 7682
7105 3412
8206 1707
3661 5394
9024 4874
4590 3618
1063 1710
6788 8482
6118 559
4541 7846
6917 9704
1699 873
2265 5087
897 7313
8118 9330
4773 6669
555 9279
3425 5982
8827 1999
5676 5856
9644 1185
9654 8708
4040 6959
9320 5435
7505 655
8377 2929
9682 3336
286 9859
5712 2063
297 5646
2031 9229
8642 550
3617 2286
1331 5823
8985 9225
6428 7836
3102 9319
4455 3378
4635 306
7111 8951
5427 2923
4121 9085
2113 9928
2749 9429
3086 1368
8926 3281
5804 1669
2155 8763
975 2917
3642 347
235 1356
2083 9337
2313 8145
2520 9647
7235 715
4516 2122
6318 9944
2609 797
4040 3131
8644 338
9191 5104
8259 494
7601 5980
7734 5696
5306 6694
9483 2214
8055 139
6884 4379
9153 9907
2603 9985
8549 542
5157 8215
4089 9530
5508 23
8665 4117
5911 6975
7743 3961
5836 2681
1009 408
22 8073
1636 181
6681 6371
7135 4349
3426 1207
4218 2256
5364 922
1701 6688
861 2290
8597 5877
439 5294
3641 4922
2730 3807
3035 1031
3263 2918
9938 8412
5839 4268
8291 2615
6009 3096
6264 5907
4259 6960
313 3821
7208 4544
1031 1091
912 1840
4392 7068
5197 8677
9932 8414
7025 1910
9886 3712
525 601
8774 4284
1013 3674
3339 2784
5439 5207
5814 9218
282 4283
2561 3246
7835 7781
3886 6045
9090 2180
5989 7795
4667 529
6901 9541
5568 7401
8428 2566
2108 6790
1266 7325
9435 6217
9567 4052
1518 8582
1292 7966
1290 4267
2375 9878
7664 6750
6768 9921
3847 3699
3280 192
6836 1159
9786 1444
5196 6300
4474 9357
7664 5760
2905 3569
7927 4620
3203 6390
7242 7655
1135 3228
745 7813
5213 3466
4379 3487
2927 6771
5202 2784
3614 7172
5965 281
1501 3662
4567 6833
1066 7450
1645 4205
9329 1486
7100 5864
8331 5610
5160 3407
3395 9055
9034 3324
7609 9149
8529 9612
4320 7159
8553 4735
354 9302
393 1628
8723 8854
870 7102
8322 433
3029 3807
7276 5222
7086 944
2347 6086
8860 2690
1260 315
3537 7284
5406 4981
2710 8617
5142 9346
607 6709
6224 8888
205 2516
5008 1618
8702 1255
8102 9590
4015 7948
623 2767
3729 5576
6296 8780
8745 6388
4638 2596
4610 3058
8433 3924
7101 6970
6887 8870
7640 7109
5964 7343
8589 453
887 1350
4017 79
5208 3932
4205 5302
4510 4364
4361 5557
709 9121
4308 7977
8812 3294
8368 7977
6389 5678
2235 5731
1333 8617
7768 548
6347 1791
348 9299
1950 7076
260 9978
9646 5688
1059 2162
2653 2194
9322 2251
8087 1128
5408 7269
2811 5838
4321 5949
2110 7448
2707 8151
9653 798
4595 9253
2928 9403
2350 2337
2951 9169
380 141
5532 9982
9494 7188
6399 1251
4952 8012
8304 3142
1682 9275
5663 1446
1816 5651
2400 5478
7994 5084
6747 6713
2174 4508
2271 40
4648 1381
854 1138
1147 5387
4708 1857
7738 8400
9801 3253
3271 2814
5126 2639
3789 4353
3436 2956
5801 3295
7184 2828
691 964
2506 3966
9451 3726
7261 7690
2718 3601
2961 2890
535 7080
3244 2086
1394 6250
7119 4570
3948 8101
1052 9814
2790 5481
6742 8195
3160 979
3393 4269
4563 5716
200 4977
8863 5662
9773 3604
3075 9931
4907 4077
1042 7017
9111 7488
4706 1766
2005 9768
377 2532
1511 7552
2176 8585
3616 3535
1193 6917
7 2830
1773 9121
9079 1190
2526 9505
6307 251
9067 7541
103 6079
1618 3154
2745 9220
3679 3352
878 6594
6979 6975
4682 6641
1808 1747
9343 1460
1137 3945
534 8994
8166 3805
2220 3170
9868 8458
1107 5074
1931 4708
4458 3380
6346 3590
4199 7334
4509 6083
2448 7388
1550 7739
6073 1709
1674 7596
1399 2086
8418 7202
5699 3310
7729 2461
2235 856
1917 1661
4002 4126
1895 9885
5367 4273
7261 1577
2228 602
9407 6829
605 5595
2606 9867
2376 2535
5792 4456
7948 4922
4305 2804
865 1654
7811 9221
7751 8764
5270 4383
3027 8339
210 1266
3156 2840
4753 2431
100 9907
4090 8216
9818 9633
4360 9620
76 675
7705 1611
5921 8355
4290 8388
4612 7550
7168 5257
8581 3362
2713 6419
826 8597
5569 568
435 5807
3033 2285
7803 8662
7121 8553
9306 4580
9390 8905
6040 8631
9751 8873
763 6548
4217 1125
161 5385
1115 6652
1657 9726
3403 654
2188 4519
631 946
393 7833
6024 5223
5438 8678
105 6821
6067 1207
21 9710
4752 5269
4062 1078
8590 1363
9498 7484
1595 7852
4920 148
4839 8612
8065 7123
7244 158
6585 2774
9226 2618
6308 1311
1376 7528
6085 2798
455 9182
1858 7784
2936 8385
8035 534
1774 6275
3018 7756
2118 2522
5372 3044
2307 4697
1853 4406
9454 1517
4170 7207
4794 694
2848 6540
7829 2304
6906 377
9547 5869
5895 7258
2581 689
2586 5340
6943 2489
4363 3273
9686 9000
5867 3679
5120 3344
9413 9356
1830 3001
1791 1128
8604 6546
6240 2015
2130 4993
7963 2362
6707 2808
2106 7224
8778 5750
294 4718
3700 1767
5730 2040
4800 6154
1560 4187
659 9485
427 9561
5369 5430
4684 9199
7542 7952
3559 9534
5418 352
29 5876
2 7924
1469 6551
4891 7383
6332 2094
8466 9443
228 2460
8375 1683
8040 4762
7232 6788
6549 7791
7482 1352
3875 7966
1754 1014
43 877
689 7409
8468 5485
4814 7171
9478 5115
1725 5206
5631 1426
3629 4272
5091 6426
6239 1768
2766 3041
3915 825
8565 9188
6285 4626
3499 7211
5804 4695
1999 6302
5547 759
8707 5976
1769 1915
2679 3399
371 5656
2836 5996
3577 8465
1637 6853
5597 5885
1919 6628
3671 9824
6961 3132
2182 824
6006 6056
9762 2807
1143 4072
8781 8071
5326 9336
1576 1151
8454 2031
8113 5409
6734 321
8745 8093
6604 6337
5412 1573
830 8151
9130 1998
6363 5146
9770 9328
4920 1722
7070 8218
4759 6332
826 9269
3882 451
590 2291
4309 4279
7195 7540
7346 5477
7618 3781
2125 1331
4168 1669
7120 1582
5158 1525
2313 786
6220 700
8198 4933
8710 8276
2691 6976
9814 3813
1755 2395
5169 8555
8394 6724
9222 7398
4915 4828
1080 8142
1549 2718
3309 3377
2952 4733
1392 3819
9342 1321
1745 2113
2644 2429
8859 3274
4751 4104
1510 7770
7140 8694
3107 7627
1544 6410
1605 9451
9670 8586
255 7965
8351 6503
9128 6156
4459 6664
2507 5667
429 2338
3835 5346
5541 9910
7540 7886
2127 6215
3069 4392
7193 4230
1977 1512
5010 1708
1532 70
7950 4307
2235 6772
5622 6433
1148 4971
5692 322
6557 9377
5884 1441
3584 3780
7086 68
2180 7542
9335 305
7855 7317
6895 9472
87 6709
1486 6014
912 476
2880 682
3759 2281
6760 4849
6125 8834
9872 5633
232 6265
5486 6987
6723 1019
9218 8474
622 9653
9228 9099
7856 6323
2602 7944
3392 5590
1935 7861
5316 208
463 917
5488 3151
6599 4521
3264 5652
7866 7687
6657 496
7350 7796
265 3914
9030 7262
359 2351
2064 3016
677 7478
7261 6066
1386 2687
1945 7508
9308 2391
1984 343
5170 2522
361 608
1400 8598
6543 2810
8348 3208
7226 2959
341 2758
8317 1122
7443 8216
6952 8444
1425 4083
4781 7186
7175 1236
7664 3599
6716 2485
5479 9971
8697 2735
4673 887
9033 4316
9075 5948
1756 3351
4637 9920
8347 1283
9723 7580
6085 2677
5336 1692
120 9294
653 2443
6412 4633
8423 9003
7289 5054
4455 638
2760 2112
7347 3285
1991 2649
1465 7826
9686 7856
9331 1707
7343 8420
4438 7694
4291 5640
1444 6539
3999 3067
4434 1363
2429 7202
2596 1307
8166 1317
2980 6733
2693 7651
178 8971
8407 5506
7253 4368
7183 6759
1056 9733
7702 1630
3648 2797
5711 9687
7617 174
744 5501
5775 2924
4557 1764
2026 3316
4695 1071
9780 6866
2722 4235
500 2879
3084 9003
1277 6698
1640 4016
1400 2098
5715 4693
9917 29
1182 3125
9169 2728
7561 4377
8665 7180
81 2866
4157 4681
4993 3631
8696 4130
1540 9756
2108 9668
5658 1095
2546 8948
9912 2320
7071 1108
7802 844
8546 5538
5412 1622
7913 7902
4822 851
2868 9237
7485 1280
7329 8942
6550 3962
2758 6945
5694 7706
7646 3455
2613 6267
650 2050
1650 3609
905 9954
4975 6600
8850 8368
1716 926
1438 3667
7313 9598
9923 1084
6037 4290
3770 5224
6716 7012
18 6787
9110 137
7662 5827
7682 7338
7625 1688
4921 5473
7706 8589
7495 4573
3666 5659
2723 49
4818 5691
9248 9567
5402 246
445 4412
4812 1947
3335 7232
3935 3675
5150 4573
3824 4789
564 9866
9826 5065
2658 4059
7942 3243
597 9806
662 4886
6421 1892
1611 971
7687 2009
1262 869
6184 1203
8395 3177
8313 8883
2834 3263
1979 9403
1640 231
9568 5549
6090 8059
7857 3819
4513 4320
7709 5920
8913 8359
4526 7033
1867 4182
4312 5602
9859 8942
971 9737
1499 3352
8648 7185
1070 6961
2225 3222
2618 7632
3512 5399
8596 2128
4889 5653
2655 2510
276 4774
3895 4625
6194 5910
2264 9648
5625 5883
9820 8996
1370 292
3921 3948
9560 6478
8456 2855
9715 6306
8762 9090
130 1917
5557 8093
8751 5405
6692 4940
4941 6885
7613 4151
1348 6862
9348 2382
5133 7451
1005 4941
3785 8343
5215 1912
1307 3821
8691 6947
4982 8739
156 1777
4801 8451
8368 4951
424 2647
2628 6939
2876 5361
9847 4494
4762 2565
2453 9332
5720 4932
3899 2380
6940 6710
9338 4640
6359 9602
5924 6011
6894 6205
3940 81
6602 957
4234 5680
9221 2520
292 7505
4709 590
9256 3387
5286 5984
6893 644
2255 3883
9034 6005
8614 4373
5158 1433
1183 9939
4095 9009
9535 6900
3670 8679
3744 8958
7847 7149
9501 2451
7670 1202
6525 1151
2645 1440
3004 7409
7650 69
4373 3427
7325 7531
6828 136
8311 9478
2855 7026
5223 1066
2381 1517
9126 375
3751 7963
298 8770
6115 2748
1151 7393
6999 8185
6913 754
722 8318
759 7384
4910 4098
2073 8707
562 5668
5282 8204
6772 5747
8720 1418
3019 9066
6504 3923
3843 1895
3399 4435
4218 7607
4435 1458
8439 8815
8353 7861
1482 4553
2351 9843
3102 1065
5649 8514
8571 6219
7065 8158
5401 3772
5055 5669
1407 2001
3648 146
5929 6167
9475 8611
2423 6344
9575 8745
4242 199
3560 685
7721 4312
4592 3881
6138 815
554 9082
4221 8835
8577 5552
8266 7903
5031 8511
187 6229
9315 3557
2059 2527
9266 2072
6654 451
6685 5915
8490 2626
3227 5245
1043 5710
6429 8543
1829 8614
5975 1216
4634 2703
6831 7687
7435 5680
2478 3451
6675 8794
995 7826
7072 82
8007 9077
5458 9117
6859 3260
2102 9735
2141 8267
5388 4431
2186 9176
4227 1315
6141 520
1399 8067
5797 8502
1537 533
7957 3823
2669 4788
6901 5677
9801 5269
4214 541
6153 9625
1731 4415
8151 3992
1939 5882
823 5552
6858 2841
3065 2713
4047 2182
1944 5396
2617 9729
2575 2176
6962 6334
4971 8408
1918 9096
1740 3532
8404 8661
2293 2571
6379 6104
9411 7530
3840 8237
8026 2739
6419 3989
4250 5997
7922 830
2464 3924
8861 4749
5737 8805
1705 491
8338 537
3120 3050
2124 5355
9109 7522
219 199
4277 3516
1293 5552
7657 5610
7975 686
7656 6448
4314 5235
4953 3764
6933 1529
4775 750
3076 1705
3741 3147
6438 3994
8448 8548
717 357
5180 9750
8815 1313
1943 2878
6185 8735
2673 5011
2210 3156
189 2847
381 3950
8569 75
5897 1141
9641 9255
1811 7184
323 8099
9691 1793
6707 4764
4196 4926
8094 2678
3620 2013
6579 2498
8603 8075
7501 8301
7489 7785
1670 3174
6792 2611
278 313
1361 2142
5945 2940
2042 9982
2398 9045
9365 1169
3419 4966
5635 1436
1486 9734
8879 6784
2463 7357
792 3447
9105 796
8294 273
6231 9831
7374 6038
9651 400
4160 6535
9657 9873
4622 358
6339 9366
9495 1566
6254 6084
5025 2881
3393 3226
3812 684
8573 6627
2915 1785
3504 3140
9158 9792
4100 888
6003 9722
6980 6918
6476 3621
9855 651
7361 893
9205 8778
8582 1101
5358 8461
8159 8161
9370 9398
6951 1079
9427 6630
4384 2610
8351 5561
3893 1083
4465 9821
3884 7828
2319 5693
2375 3226
7982 942
1529 7783
8553 8821
9238 4272
6913 9218
6691 3730
8318 7838
4572 7764
1748 380
9092 7785
9073 9039
2871 6820
8818 3576
5932 1048
7189 5530
1606 8251
5625 9629
4794 1975
1314 6986
8426 7213
5241 8521
8320 8582
9184 7621
5430 9799
4339 7961
1650 9424
7706 618
864 7617
3643 2416
1175 7081
4444 5937
6013 2125
6406 3436
1750 3730
4389 6847
6600 9719
7196 4054
3546 8321
2133 2273
4186 868
150 9840
4830 2155
831 5629
1043 6885
8304 9014
497 2732
1736 8358
4608 2051
2856 672
2787 795
5382 6007
2018 1042
2397 4732
9989 4457
4369 1588
7356 5808
8832 213
1661 9776
2900 5006
5077 6852
1333 6768
8271 8629
6780 5053
9506 689
4579 508
9460 2711
1271 3701
7485 2594
2095 8047
438 7232
6647 1332
6320 2013
7845 4093
5073 7313
7724 9503
1146 4978
5439 8994
4164 2855
3533 2170
3224 3627
5050 2452
5629 3194
3583 5279
2396 7115
7544 7588
2928 9226
5387 7907
6378 7553
2169 1723
3152 2770
892 9014
4405 7876
2928 5567
1540 1799
4622 7073
1302 4469
7939 9341
9571 9592
6208 6327
8965 8274
5227 5134
5624 4253
8306 1846
4621 2271
9983 3092
3694 3465
7511 1493
908 9276
9725 9643
3332 4377
9284 677
7360 2884
177 1594
6441 9604
7711 34
9162 2394
523 7393
2784 8779
7280 2753
8574 8299
3181 1659
2605 2984
4530 6033
5729 912
2506 1691
5318 3472
2146 3100
6057 3099
88 2160
4419 2243
8175 8788
4080 2246
2014 2850
1758 664
8504 7400
817 7337
8438 6292
7027 3555
5808 9326
2665 4739
908 7250
6064 9937
1981 5256
4966 6173
4028 3666
262 2408
2420 7121
4955 4860
8807 2309
5781 5705
3534 5759
2490 2622
7710 2420
9587 8224
7046 8848
6503 2665
3669 4836
4262 8272
5896 1071
7867 6368
3489 852
5013 8888
1283 8077
8367 8687
5546 4956
6858 4194
7496 9370
204 9548
7401 5982
7378 5601
4408 379
2145 8438
9850 6630
9898 4864
9848 7395
6140 1415
4491 5083
4404 4087
8448 2684
2159 3844
3403 3661
4320 951
7351 1980
3596 169
4251 8359
2067 906
8537 1427
1833 6222
8576 9180
258 2502
4593 5481
1581 3927
3662 5211
3191 8120
8046 8258
3776 9005
510 2140
3595 8763
4642 2651
750 1624
3544 8690
4730 7696
3085 8860
5588 3094
201 664
6914 2853
1606 4757
4481 8722
8494 1334
531 2753
8626 8995
3910 3136
2839 8524
7007 5427
6394 9370
3446 1277
4980 819
4523 8583
4169 7977
1510 5521
9659 7233
4844 2514
3499 5323
557 350
2527 3970
7403 6179
8959 4450
3381 6703
6410 1873
7489 2434
7798 9468
7576 4028
8036 2095
2074 4883
8801 8496
6707 6114
9336 3192
8902 8913
6293 7343
5717 45
2693 1651
2371 2117
7386 3013
5328 9488
9947 5904
3380 6190
3991 3510
6903 5257
522 5977
9548 1607
7896 9267
7022 719
8726 8387
643 7766
3352 4693
9805 7605
3605 284
6687 2441
6646 558
9821 9638
7918 7420
732 2760
2676 6797
1176 9720
283 1910
8004 7736
2034 4376
1980 4011
5495 3077
6967 2404
359 1728
3593 7977
353 9057
2324 4259
5896 4098
942 8501
4967 2090
6701 7991
4895 4211
7583 7838
5499 5353
6023 1833
8837 7153
4065 6251
9553 2835
1015 64
5607 9846
9212 6541
3534 3639
1925 2169
4564 3317
9128 5762
3434 6685
3148 7373
3116 6589
4672 6990
5422 3318
1160 9296
4162 1923
6737 5025
5015 3520
7574 861
251 4457
7611 7222
7504 4977
9111 9661
4333 1692
9502 3999
9563 1369
8620 2223
1008 3823
1502 332
8777 1826
6187 8591
8575 9074
5024 5315
572 6401
5208 1152
3192 5279
3914 5638
3564 5396
3404 2883
4727 7257
7350 2610
1854 9395
9601 208
6862 5965
5615 3196
7182 7920
7348 5482
7504 1506
3089 4547
470 5113
7617 4861
9441 8106
3453 4275
3540 6643
5386 849
9655 1200
530 8446
9048 3198
1088 1237
9787 4714
1637 9842
9890 7381
2807 1782
5848 4407
3305 9751
4824 8172
7942 2968
8523 719
9351 5264
1133 8882
1188 2585
2833 4215
2551 3111
2955 6958
6428 402
2123 4668
6004 8610
5306 1460
9465 1959
2636 4645
7020 4978
4197 2511
9594 6372
2841 4738
9837 5313
6364 8934
8031 4255
1592 6209
2713 6033
8220 4744
2841 7227
977 8598
562 257
4760 9186
909 7920
3775 2543
3998 2713
9875 2565
33 3270
7840 3624
1699 954
9539 2162
1805 4297
6864 2834
8667 3248
9631 8640
1611 2915
2466 7083
7681 7394
2129 2593
6440 23
6614 4091
850 7438
9205 2963
256 4497
7539 5554
9821 4047
4808 2666
8532 1097
5886 7133
1459 2089
5417 7993
3143 8367
9537 7584
2375 3337
1242 8216
8524 9645
4485 9307
2733 359
8655 1484
3450 6906
4695 4343
9215 9493
3101 6307
6792 8819
390 3544
1219 5102
8220 9591
8448 4786
2498 7866
8757 1370
7237 7032
383 3529
5759 6453
7555 9926
7221 1972
4899 1189
7151 5226
5836 9550
3848 2849
8747 5645
9275 7013
3584 6229
1933 590
9147 7761
5018 4395
3506 4233
2072 8919
2948 9805
1000 507
4520 5409
5787 6448
6463 5029
9760 6799
8137 368
4187 4583
2963 9336
3938 6233
2045 2689
7153 4388
7546 1232
3645 6728
7185 6602
8566 4489
8304 8366
2053 3970
5056 5323
4133 1891
7843 6927
3438 7961
6458 4174
1548 553
8515 7931
9150 9288
9392 6294
6138 1946
6051 5874
94 2533
7285 8050
8594 6145
1558 9279
9097 3694
1726 1608
9303 690
4178 8183
1548 8174
3155 972
8317 8891
6432 456
9172 710
5899 5064
6398 5942
8665 8188
5298 358
4419 2515
6178 51
3786 6613
2346 9091
2359 5021
7157 3056
4896 1904
718 3664
3271 9550
5156 7586
540 8308
4951 6359
4723 9676
3775 9547
4400 4946
5277 5615
9407 9075
2824 2852
704 5588
6425 3669
8383 1804
2451 9457
914 5583
2633 2356
4187 5288
9364 8898
2941 5587
1148 1599
7004 5748
1459 8974
8189 3879
7825 9971
8109 6645
7898 2007
6877 7023
1036 6184
6618 2395
5749 2314
2011 6232
9313 7583
2163 5391
3520 6542
2535 7512
4118 2706
2970 6374
2957 7826
2067 4192
9269 8424
3376 5389
3003 8049
6596 3355
9831 3232
4459 3292
6287 5823
7151 3550
7609 3219
2323 4566
1070 1242
8172 504
5258 4276
8416 4949
176 1691
6438 5073
3787 6945
1229 1119
9503 7876
4889 5468
3805 9697
3800 21
9653 4226
8626 6598
9894 2885
2015 960
417 1755
3922 2102
2604 8104
5299 6613
8178 8062
5259 1453
7399 9825
9560 5456
2889 1735
9664 3925
1843 1454
3875 2313
6955 921
9145 8500
4779 3529
8426 1475
9485 5076
3548 2552
2255 6180
6759 9866
5845 8382
7781 2233
8174 1117
2005 50
2991 4876
9518 8187
2252 7821
2033 3213
3397 4120
6391 8299
2397 4834
1465 8403
677 4009
6159 5407
2647 4330
1792 4904
1599 16
440 7513
1908 4826
9751 4555
6436 7367
8086 6706
6045 3552
9653 7571
3752 1586
8640 3552
5935 1942
9952 1666
9951 7567
5661 3330
6889 1744
1521 1444
6659 9271
9896 5712
4156 1082
2164 5134
3196 1420
6765 9469
5673 5996
3285 1761
2646 6523
3385 6423
4086 6952
8483 629
8046 1433
2204 8435
1465 6552
2544 4896
6181 2712
3514 4979
8554 1074
8990 4015
2555 3216
2213 6017
3621 5445
6467 4665
3636 3352
9716 6051
2581 9963
4085 9745
4070 7612
6608 7831
7594 3767
3503 9330
7944 6693
5585 1909
6083 662
8682 5810
7877 3063
2228 7666
4820 6047
7588 4353
4038 4636
7367 7001
1105 6197
5308 4585
1243 5083
6779 3585
7200 6449
5218 669
6082 5189
865 1724
9675 5450
3707 2300
7022 7475
7213 2499
5147 46
1259 9676
5713 8027
3974 2348
3885 6296
5562 2657
5809 5050
1587 3542
6000 3818
1343 6677
726 426
8446 346
7061 2786
9271 4799
5210 2171
9205 3753
3741 2454
1950 2142
5255 6938
8179 5426
4718 9065
4435 8253
4588 846
4955 5498
5790 9894
3384 7998
7032 8168
9421 5235
8966 6977
5376 4177
5421 1568
142 3544
1535 9995
7615 5420
9326 3116
5556 797
5672 1980
2445 8433
2048 667
1063 465
205 7193
8147 7869
4844 3923
7457 1644
5537 6029
6891 1029
6651 8392
2158 9171
6181 5073
4643 3224
2088 246
4701 9425
3870 8597
8090 9394
6833 371
1532 238
6034 2838
4946 180
8550 272
4111 9641
8123 648
1420 3631
8760 6951
5353 3823
8722 5771
1854 4968
7658 7563
1808 2003
5604 1976
8480 8562
8755 8172
9245 277
1648 2435
777 7033
6634 9586
5289 8190
1991 2072
9766 9699
4360 6511
289 799
4778 5471
7700 1551
5737 2736
9891 247
3119 8649
6849 2487
8074 3978
9566 5260
7340 8114
7838 1119
6140 7870
1509 9182
5338 8511
8799 2149
2703 3895
1628 7545
7602 6607
7336 4321
7655 4760
2825 1761
7651 6716
6225 4100
2411 3328
6308 5349
4665 825
3715 1114
6576 9527
9302 8526
4647 7714
7721 9737
7777 6976
2829 7791
110 3233
3023 8770
5482 5175
2278 6516
2563 21
7414 8477
5000 7874
6161 6772
268 1258
8397 2030
1690 6770
5473 1649
5523 9910
1337 8868
1363 2000
2937 6213
6897 3127
621 7750
853 9298
287 5013
9092 8215
2994 6214
710 1269
7755 7023
6137 1370
1120 8448
4206 4546
8041 9836
3393 4157
370 7577
8279 43
9842 6608
2656 7766
1302 7665
6731 5772
9303 3591
6649 2904
2122 8003
3273 8892
9174 584
2451 6429
4288 7298
4784 5643
8146 4499
630 8860
5130 7980
242 6212
5630 6356
6798 6434
6654 1352
3362 8970
6130 8719
2214 8858
2162 2233
3110 284
228 8340
510 9415
4272 6362
9477 4834
1344 9578
22 4486
8931 7249
2984 1775
6641 3333
960 9135
1704 4878
6461 8639
1444 2897
5921 3891
3006 9322
1775 5416
1179 7638
7311 8652
7525 3003
1279 4138
7288 116
6292 7057
9458 3404
3614 7265
1021 3702
825 817
393 6567
7583 4287
5906 8593
1387 3925
7281 6252
2409 3668
926 8611
5738 4272
9107 7929
4899 8072
6780 3430
5860 6544
5291 9633
6774 4605
56 2284
3534 8988
2613 7111
4974 7759
3743 2162
363 7541
8656 7954
9641 8405
7058 4927
1810 8727
990 2712
4549 1775
3699 1987
4779 1318
1314 4373
1989 7767
9813 8138
9538 5475
9232 9202
2125 5954
1983 7432
5634 4903
6159 9712
5361 3438
8890 1613
5659 1540
74 2332
7786 8307
5230 6048
9245 3177
5642 5323
6976 3268
3736 149
8026 3212
3149 3788
336 9981
1751 3865
9319 7919
9170 9131
4087 500
7082 4610
3338 8237
8682 6073
7780 2345
2259 4497
765 8283
8136 6519
2265 2711
3798 4177
4217 3641
3745 5722
875 5267
2378 855
236 193
2205 9237
9597 2249
7062 4689
9523 5268
307 5204
3400 8580
85 9897
9440 3282
5024 5693
8966 7189
8946 7377
1172 6448
2080 4270
3841 9048
5820 951
7605 8336
3891 1972
9273 756
6323 9456
9289 4527
8649 1840
6091 9225
7400 6333
1641 4624
4166 4689
6073 9953
8464 7867
5103 7075
174 1262
2040 705
9425 7580
7479 242
7625 4570
1597 1639
7283 6065
2545 4800
9200 817
6191 8923
7361 529
6061 234
2781 4759
3624 2831
9925 4128
5325 4807
2111 9501
1683 1233
5230 8859
9958 2010
9123 109
5951 38
5917 4728
5774 4700
7771 1931
7002 4302
1506 5752
4975 1812
4059 7620
9046 1732
3812 839
5954 6880
9222 3279
8918 8269
5846 7800
4677 2779
9301 2704
9089 8469
3234 5770
1845 6055
6160 5186
1118 807
9426 4535
2932 5698
1634 4906
2054 6020
1921 1602
7523 3971
2376 1993
4949 4840
5117 6710
1672 9979
402 8632
4857 7578
648 2747
5369 7013
6513 874
8033 6057
4914 3106
5247 6264
5655 1759
3694 2385
6896 805
7764 5361
8601 445
1700 2726
6184 8938
5796 716
3807 7639
4362 5942
7250 3839
4239 5610
946 5496
2245 2377
3288 3004
2037 3401
1309 3270
6625 706
7430 9814
1368 7377
1853 3889
4999 6844
5258 8456
1229 6291
2032 5586
2775 3727
4740 7417
4010 6698
8233 1567
1696 2074
5191 6986
3129 9579
6234 6819
3202 2632
1766 2967
9731 5958
1895 824
9251 6941
7399 9491
358 8260
1465 926
7670 9976
5091 350
351 8392
1960 5026
7652 1072
3443 1296
6496 3953
5792 106
4807 5817
644 6285
3451 3444
6381 5942
2458 9502
1523 4944
7348 451
3886 3454
4922 1862
8561 1553
4210 1882
9412 2071
8567 1648
848 4929
397 510
2644 3184
7075 8168
4772 443
2913 4094
97 3535
2609 2242
1187 9315
7834 3348
3186 5014
2375 284
3637 4504
4230 5347
3809 5346
6204 8926
8339 674
9045 4087
9721 3479
1098 1258
8219 102
7051 4634
6599 1991
6300 5294
3658 6895
1549 5371
58 9770
5664 3902
9888 6884
9183 3942
4435 501
9510 2012
5967 8679
1036 2433
8437 3877
5807 1186
4444 7506
6669 4474
3237 514
6831 9572
4636 5289
1072 2875
9994 5614
987 3985
8424 2844
3874 6600
2958 4821
7931 9712
4105 6259
3189 7774
6522 2973
7272 8469
1899 8786
5802 2851
5037 6117
3726 5355
5038 5141
1624 7994
198 4071
4491 7688
544 3202
8835 8894
9397 807
6110 1822
7619 5771
7028 9027
7581 6499
4712 3622
9565 2779
487 9161
1045 947
1726 5332
9778 6134
8872 603
3457 4168
4020 2152
8572 4747
9845 8250
1581 6286
8979 4185
7427 6835
798 3636
2978 5387
1539 6361
7461 2417
1912 6689
8575 6239
1073 7062
7678 6369
7781 5425
2689 2100
3962 4324
6784 2890
5708 7809
9658 4078
1885 1909
5964 270
5879 8981
9901 3369
4061 7667
3575 9703
3200 6701
4511 1199
6460 706
5126 4489
2178 5969
1624 2033
6913 5249
8033 1524
3150 2759
5983 75
6514 7287
9219 4625
1442 7066
9185 8386
3322 7351
103 6786
2595 3233
8171 8503
5508 2526
8284 6948
6180 2784
2395 8226
3037 9137
2354 3661
8204 6255
5474 7097
1845 6002
7963 6176
2692 8902
2836 2585
1086 4490
8122 5205
4742 8371
9317 3785
2123 7437
2582 1667
9294 1120
3981 9244
4354 555
2216 2793
4732 2159
1333 1757
9146 7914
2968 4222
4512 287
4952 4370
6125 2415
9683 3942
124 8902
2338 9050
9527 8004
2504 6845
8661 2102
7428 6065
4964 9088
1509 7739
9298 5722
3133 9929
117 2484
7534 9040
8699 8087
6945 9040
5595 3866
8342 5638
8138 5486
2870 9119
2618 4518
4324 8852
6733 1542
5570 6055
4439 4023
239 1047
593 1091
9198 2403
7306 4308
5762 3241
3080 2644
5221 7834
1308 8000
2520 9868
6436 6718
5045 7531
10 9624
1728 7165
809 244
5068 7184
9727 961
2137 3587
6990 1232
7003 894
3085 2348
151 2142
5980 3256
6790 7313
2853 8372
5532 9034
3085 5708
1314 9954
4585 8493
7071 4620
718 7619
3765 2578
9409 340
9736 801
4989 3715
458 2606
8194 9283
1985 2131
2442 1672
3705 938
8312 9259
5750 9557
410 5322
9122 696
9949 969
1061 6708
6335 2201
2243 7200
111 3299
3311 5158
5792 6354
2493 8679
2493 4538
7524 1692
1463 9608
2722 858
1018 5656
4250 7457
8814 6637
5689 7665
1880 3729
7143 8778
2560 8041
7864 1214
4334 5795
9042 6741
9134 8575
73 1997
690 6503
2517 8540
8503 8733
3781 5524
5663 6079
5421 1105
7949 4425
6939 6786
8384 6168
5240 5921
9542 2726
7737 4545
5026 8311
9285 4499
8057 7231
5329 8197
5814 317
9559 9416
5357 5624
1830 6716
3148 9989
8578 3786
445 306
1708 8509
1912 5490
8316 2654
1173 7638
3098 9051
5088 5572
4765 8340
3525 1798
59 2257
2123 7537
5790 3411
9901 2848
3944 9558
5731 7197
9965 719
9327 2940
9279 4600
4899 6468
9239 7989
720 9691
4495 9202
8346 93
6173 5531
935 2120
6345 6407
3062 6790
735 5938
6844 8648
4256 182
8217 5420
5635 8597
8137 6827
8553 4438
3703 9330
8702 5705
1084 858
2043 8473
4389 7494
3097 9837
6579 5673
1488 218
5947 7249
1517 1769
6462 8164
4178 6384
8499 8053
1063 5936
1903 2611
6894 6059
439 2447
4260 959
6780 1063
8243 7892
406 9300
5061 366
5884 3596
3524 8110
8046 6741
8476 3307
6230 4215
8673 7689
9539 1853
2717 8772
805 6120
8722 8475
8759 6799
5021 3035
4069 1430
1403 6791
5119 2090
966 321
7958 9079
9288 9176
5748 9030
1681 3342
9496 9607
2291 3940
3550 4022
7993 9748
2941 3373
7560 6154
4570 3350
158 5249
2939 1035
7031 982
5013 5901
5919 4779
150 2621
369 6298
8767 5737
3246 5731
9753 1702
426 2356
6665 967
9936 789
2494 3384
4997 1005
9190 2201
7658 6532
8049 5770
1595 9621
3725 3568
6468 7295
7152 7889
9716 2874
1092 7425
7033 7873
1133 8522
4811 8527
262 5505
5733 1050
6042 2459
6749 6519
7182 9244
2309 1112
7067 9767
8026 8553
5481 8375
4298 9187
2695 3512
7075 5306
2376 8387
8614 5690
4375 2645
8825 5049
1979 2235
8236 9272
7925 2651
7524 7788
3110 1890
4867 8803
8782 9062
761 8693
8063 6295
4548 2233
4976 4519
6034 3104
653 6130
9911 4866
9148 6508
9738 5860
3370 3926
3018 9651
9300 6173
2862 720
6626 6767
2217 3511
9549 6746
2524 6429
9810 6531
9894 1349
1966 2544
4359 7455
9161 6323
4114 6495
9007 3747
768 7285
1721 8904
1153 4814
7051 6787
3550 9959
3638 136
6954 4249
8701 3193
2535 693
4389 3952
9252 7852
8566 2856
7812 108
6238 5144
5258 3427
5 9230
8320 6657
4987 6756
4023 7726
5453 8930
5129 3301
4182 5808
2554 5052
8514 1413
4573 417
430 4289
483 1874
8235 7443
4574 8025
6626 8984
8083 3874
1121 5137
2558 1291
7107 8543
3712 9879
5118 3806
2675 3870
7062 251
6894 9413
7727 1955
3763 5013
6208 8650
5830 5371
2818 7749
3017 5644
439 596
2562 3826
920 8431
5982 5863
6583 3580
958 1116
8211 506
5264 8791
1322 6142
7833 792
7865 231
510 7814
8382 672
5009 6042
3198 5105
2904 8311
1651 8018
5050 6709
8861 6142
1699 2025
826 9904
8711 210
3648 6812
8419 8323
5430 6748
8095 2232
1219 2565
2207 9015
6606 8390
1977 9140
5444 4589
3601 4272
2489 6422
7759 5519
6485 2160
6866 6421
8239 2942
6750 8957
8696 3255
3537 7030
7758 6874
6676 3002
8929 897
9405 8875
2179 769
8401 3837
3192 9276
8406 4186
9100 2595
5798 9494
420 2667
6895 0
4444 8938
5688 5265
4080 4030
4350 6228
7478 1115
3197 6914
7081 6335
6090 1240
3521 2468
2701 4776
4701 6033
6716 5545
1378 605
6994 540
4445 6721
4702 6668
1508 4697
2984 5041
6427 5767
7662 4001
9587 8547
6077 8739
4780 4883
4427 146
2043 4083
8369 9946
6967 1842
9735 8274
3102 4681
7527 9493
3380 1016
5315 9599
9563 4782
1730 1441
7870 8676
7477 961
5751 3911
7304 5010
3777 2961
916 6619
8487 755
7986 1974
4507 1521
5770 5223
6243 442
345 6039
494 2370
2817 3228
8725 6925
8058 7383
9340 6378
7990 7225
4695 1578
7379 2786
8297 2525
1465 8696
5064 4487
3811 2913
8029 4227
7194 2094
6535 6180
2093 3732
2271 4516
4413 9255
8806 6651
373 6228
8314 4462
7142 5260
2999 8721
2256 7529
8315 2074
2606 9742
3602 9172
4888 4463
4000 5004
6171 1178
7661 6956
3766 4096
346 1682
1419 2932
5810 108
9782 1407
9307 2306
8217 6526
8140 6671
5061 2457
1961 8333
5958 9984
4905 397
3430 9667
584 6864
1105 1950
489 3333
4344 2432
4323 4576
3727 6055
1501 707
6129 6778
8820 4587
2003 339
7480 7017
742 7014
9735 8411
4374 3650
2225 663
8783 8291
2587 4403
1856 5489
7151 2932
4631 7848
8240 593
4844 6597
1643 3972
4282 2282
7624 6861
5112 7599
2081 3186
3605 9653
3146 1558
5106 9320
2430 4788
3257 9200
58 521
5675 5604
7458 5676
8536 668
4258 9947
8519 8689
3792 7011
614 6819
204 8123
4395 9318
6585 2990
8744 9594
1621 8835
8045 5878
1284 5323
2824 9953
5915 7510
8263 1228
9352 1858
1854 3119
8127 5073
9716 4654
5392 5381
2312 6280
6004 283
4689 5549
2981 6786
9043 7497
4797 486
1117 6144
3591 6253
5215 8920
3570 4894
6488 5390
9796 377
8494 9974
9163 8790
9751 226
5199 7278
5252 7998
2547 4480
6430 7222
5850 2945
9720 645
4710 3923
9924 8123
8395 9553
3713 4618
8162 5156
5282 973
9706 7781
6906 2724
7530 2096
8612 7217
5825 2417
4575 345
2941 4317
3766 6631
7018 9759
6701 563
4435 7662
2535 7322
4580 7192
5637 1098
9568 2702
2553 6716
2030 7611
5848 5343
6862 5169
3198 2893
1498 2706
1116 7676
2551 3368
5244 8115
6171 193
6037 1494
6632 8571
4058 7761
9638 1528
1100 5261
8064 9758
3808 4465
9396 1486
8459 873
5134 3550
6394 1531
5998 3141
9727 5276
9237 4867
6069 3614
9103 3067
7284 6036
9355 7774
9184 4052
5190 4804
2828 3751
2836 5513
1964 3952
3024 370
2024 7846
9916 2939
3948 8080
8513 8143
6972 8444
9930 275
917 4092
4636 7087
511 5966
6349 4458
8046 9335
262 2305
7064 8123
8435 1251
5105 1659
7559 6764
7938 5643
7420 5516
8408 2111
6152 4340
4360 8065
1723 2860
7504 1106
9173 6724
4681 9419
5572 1045
5448 6174
3083 7586
2004 3374
5951 9665
5779 3448
6347 3424
7357 6156
4051 421
7345 7532
1413 7159
9190 3151
2939 2722
2601 6130
9917 7275
1430 2429
308 8017
7186 606
2521 8524
6389 2724
9436 3813
8245 9497
7105 2065
573 6972
7140 3866
1340 1771
3869 4684
4586 6906
5071 9673
4086 3682
6682 970
1978 1161
6736 6595
5152 7257
7093 3554
4670 480
6111 6611
8204 3956
7085 5891
8551 6401
212 6111
5309 5184
8437 1672
7961 5429
5642 261
6505 7605
5871 7669
5914 9586
461 5536
3989 2213
2673 6152
3283 3735
5452 6321
1292 428
2403 9402
4541 8252
4471 9960
6888 3583
8799 830
549 3461
3697 4410
7143 3039
1424 2942
5689 3245
7598 362
5719 7893
3315 3027
7144 9565
1126 8914
9593 7829
3096 7435
9622 1044
7648 5176
8161 989
2016 8850
1733 1005
6215 1740
5603 6020
512 6172
7707 4814
8600 1190
8616 9197
5229 5142
9010 8229
4641 2794
3271 2771
6926 6074
3843 3435
3667 1717
1739 6445
989 6057
8074 3346
6337 9262
3075 4297
7141 5200
5349 6697
158 4872
6764 1794
8468 7862
3652 1876
1714 6876
3865 7851
1754 3610
4826 4086
6838 3345
1003 3762
9864 8918
6202 56
2386 646
6745 2944
8738 64
474 7185
3493 6676
4809 6134
1773 5814
8547 2078
2237 8190
820 8351
3697 8095
7502 9512
3338 6545
8469 7090
135 9006
408 1171
5183 4966
8618 1327
7819 2336
3214 1882
6257 7101
1489 911
522 4170
8433 1798
5669 3650
4268 5669
5861 221
3187 6
7109 5226
9133 5889
5084 2932
2328 8582
4268 2436
8538 2969
3124 5426
9301 458
4341 6473
4857 5887
9745 6279
6388 913
4623 1613
9285 7392
5579 7385
8734 8148
8571 5182
999 2897
3037 9677
4398 2837
4172 1634
5132 4882
3937 4973
6628 6899
2837 75
3445 4172
5637 7024
7007 1442
8334 8291
2626 9508
328 9559
6897 789
5039 5426
1654 3399
2732 651
7151 6102
1619 8053
2038 4526
7526 7474
286 1449
550 246
6409 6569
2137 7002
3271 111
9863 8536
5656 2565
8494 7034
5971 7278
4790 5498
7311 3832
7375 9045
414 6875
4406 3329
6506 2449
2471 8199
1303 5106
8124 3487
8808 9018
6963 9592
4702 3321
8589 8912
5035 6312
8963 6582
5909 2099
5651 585
8838 3447
6345 8253
1871 8041
8505 5786
5997 6208
7000 9920
1156 9440
1610 3579
1144 9412
5397 4510
1914 3927
9141 4879
6079 3823
8122 2064
4797 8215
1707 869
5790 3560
7341 5943
9527 3155
6975 7076
8099 8205
1325 96
5512 9927
2356 6188
4155 9257
2597 6833
7855 8651
1155 4985
7528 3040
1222 5211
5326 6719
5474 4081
7437 9855
8081 8967
5305 654
6029 2962
4783 7518
5930 6187
3623 13
5984 1255
1525 255
1894 1556
1919 954
3577 2818
1561 7918
2109 171
3500 831
7243 4048
709 4976
6536 5794
8777 6990
5734 3722
1878 1990
211 6582
6133 3268
3087 2272
5020 185
4316 1052
8752 8200
7102 9485
3591 637
7169 3509
3707 7962
2730 2584
3515 4176
4374 1675
8380 4294
574 3279
1804 665
9772 2484
7591 1696
4567 8875
354 1947
4106 6172
1925 1432
7492 3984
8118 9649
488 8908
480 3429
1412 9115
3091 4897
830 2967
180 6843
7355 7956
6245 139
6905 9881
3728 5783
6796 8092
4557 1913
2758 4712
4066 4175
7983 317
4362 9854
517 37
7694 8580
9516 4478
5120 6713
4246 665
9415 5697
6606 1262
9253 3137
8655 8954
1684 1627
8705 6198
8526 5895
9859 3653
6332 1824
7988 5338
7958 377
2411 7299
3386 2458
4775 9878
7080 6955
4033 390
6057 2139
1342 6402
3935 9933
7248 2490
3112 6176
8715 2879
2156 3610
9877 6870
8918 1136
5463 633
672 8932
944 858
8486 2348
1113 9061
6813 6699
2195 6049
5852 238
4844 1298
2408 6725
6353 4574
3870 1308
4526 2345
4522 7108
8336 9328
3748 2067
43 5007
3338 6629
3799 255
5640 558
9685 9184
3572 2573
7984 9134
6214 5502
143 8515
3668 1308
9574 169
1196 4240
7212 5818
3931 6763
7704 3222
7131 1469
2677 4784
8713 5711
8020 2182
2883 3859
1744 5019
9696 7845
220 9810
2298 7934
7833 4041
9447 7462
3012 2016
6518 451
76 1908
3988 4866
6193 6829
126 9265
2376 8224
3088 9494
7787 6609
4700 5392
8669 3609
8407 280
4635 9040
6861 1443
3694 7448
7989 6775
1005 5030
8446 4679
1792 252
4921 9485
9919 6247
8881 9059
9336 2355
4853 7135
8048 2022
6998 168
3009 512
3179 5753
7937 3581
9490 2929
883 5380
6625 3635
2295 1535
3306 6321
5132 8327
3757 7825
5398 2683
2680 1353
2603 3101
7482 7756
2311 8057
5813 4928
3855 4595
9585 8507
6082 1884
5965 1371
5819 9120
4976 8607
3828 352
1246 1029
4709 8935
8694 7952
6090 6138
4664 5653
4914 6753
1236 483
3460 5485
1821 5116
1468 9829
477 820
5490 2865
5106 6726
9339 7378
5318 5789
9578 1308
8940 1286
1919 3585
7846 7327
5759 1003
6612 7084
1284 9333
8342 6406
2379 1718
9395 2688
8123 4956
1874 1192
9413 6529
2230 453
3431 4908
7910 9635
3483 3607
9770 5897
5389 1001
7730 643
9529 4527
5584 1
8274 1067
5126 7403
7840 1897
9706 8207
6193 9882
2198 8297
6431 8399
907 5981
4178 3652
3622 2916
9981 5030
6939 5745
4035 706
2350 5279
9052 1660
1792 2457
1603 6745
8438 3365
7719 4553
5670 9310
8113 9140
4907 7932
2213 7568
4983 7154
1105 4300
3272 9556
5010 4989
8531 8467
2918 4450
7549 6199
8893 9125
8329 5096
6329 6721
5515 7912
7140 6507
8107 752
1696 8558
5430 3958
2457 2199
4430 8376
151 3897
7921 6040
4736 4894
9287 4803
1706 7164
2325 9279
7966 447
4014 8881
2536 9336
8953 9001
1339 5042
7518 5163
5441 4268
3258 6826
7344 8648
7683 978
5624 4000
4117 258
2857 4959
7834 1157
4994 5891
808 6780
5972 5629
1748 6441
1845 6562
2404 4362
5584 1202
594 3872
3785 6818
8333 3276
7166 5336
7946 1285
4970 5683
9959 4472
1987 5604
4288 5724
3475 2717
6746 1376
4755 20
3501 484
8467 7539
575 1841
5351 1184
6939 9142
6940 4916
2721 2800
8520 234
8679 9364
1566 9703
2605 3004
7265 9072
9789 4349
4128 252
417 5857
6416 5943
7295 2053
6631 8047
1584 913
4244 735
5118 3759
9725 630
1867 3386
2624 4867
2926 5013
2107 9855
1993 7572
4038 8231
8038 9131
2334 5589
5328 8674
7421 9050
1629 2337
9717 8682
4681 7214
6892 4004
2430 4864
4048 6924
7615 5918
9611 3814
7492 1721
6722 7841
608 3827
1432 6526
6190 2171
9232 5996
2762 3399
6639 5554
4732 9724
2112 9096
5742 2972
2289 3506
4143 2316
7674 3001
9857 5969
5886 9784
6236 5047
8970 9568
6629 4590
6330 6056
5865 3825
8299 5781
8948 4852
9371 530
3022 7705
4796 7292
9893 9375
3880 4669
4566 6824
8527 4819
1716 1542
1099 1484
7403 8145
5861 3775
8654 7943
4192 9514
4460 4464
3650 308
7233 7373
7187 7231
9801 3437
7039 2156
1072 2140
4677 5018
5685 2488
1506 3276
3485 2800
8200 2470
2771 7116
1527 3044
1101 2835
7454 1191
9274 6029
1898 5773
2887 7062
8237 9100
5041 1740
4650 9274
3204 5493
1821 9820
6962 3823
24 3929
3616 9509
1207 1035
9898 3515
8917 1713
8359 3319
3592 9011
4647 8028
4103 5188
3032 7924
651 221
5400 6105
5299 8236
197 2880
9826 488
9729 722
8292 9103
7649 4105
5246 3774
4420 7619
5250 6188
9744 2054
1713 3059
151 1569
9388 5660
841 2922
4659 6583
1700 7849
2142 4980
2951 6080
6922 2273
4628 4245
3610 4096
1363 6126
2415 5603
8147 8856
3747 8375
1307 7860
7743 5946
847 2303
1357 8107
3230 5292
8615 2125
8376 6863
6398 1031
7901 9289
8183 6475
7441 2235
480 2145
6460 3225
8160 2639
3581 4158
8860 9879
9278 7125
4613 6029
8594 586
4415 8387
9035 1118
9277 1140
1337 5921
8120 9673
4461 8911
9183 6411
7691 5770
9175 6310
5998 3407
8884 9637
6917 8200
5328 3792
603 2909
8343 6111
8132 2312
4646 6282
1636 9460
7752 8975
4282 6577
2383 9950
345 1830
1716 5316
1302 3539
2502 8226
9533 4915
7358 298
303 7786
1555 2646
1223 1553
889 4181
4346 6011
4245 1298
3948 3746
6987 1922
5055 9571
2728 8426
3910 1283
8284 6123
5095 717
9839 139
4367 2761
2084 3073
5168 9066
330 3149
5221 499
5231 9505
1335 3463
1456 1856
1384 4365
5884 9874
5996 7772
4615 7009
9911 5801
2425 2227
5201 8586
5590 9332
5670 69
9033 6191
4923 778
8585 7897
5355 4697
8174 8058
4687 4690
7708 7656
12 632
8462 6402
8917 3488
2350 6646
4033 8460
4849 4720
2040 4878
3168 6656
4488 8891
6400 1831
3204 6558
5315 3053
4331 7734
5384 2481
1910 5502
125 6238
1739 8550
1669 7959
8543 1155
3460 9919
8137 9072
9191 6967
5441 414
6208 8405
4615 8544
799 8573
6079 7996
2189 2063
8538 3438
6850 8556
1345 7679
9606 8262
107 6189
9876 9556
2461 9800
4635 2207
1569 1401
7214 2939
9151 9150
9659 2277
1943 710
2937 5702
3441 9318
5018 2497
6988 8566
9168 799
4899 2651
508 7924
7694 9313
1665 6861
7652 2772
7831 5273
2253 8731
4460 1009
6310 4530
1877 7637
6206 7475
7314 2261
5181 3776
9807 7305
5413 2176
3654 7261
3728 8612
7778 204
4137 8276
8015 9367
8118 5354
781 3202
7491 5275
8164 6092
6202 3837
6593 5274
2606 6122
4238 2430
328 848
5071 6361
6520 7297
7641 1706
3149 9390
8397 9601
9407 5179
9010 789
41 1407
7521 6159
8181 2411
7385 5489
5616 2372
8595 5094
316 7807
5857 3766
7188 3240
1439 1478
2698 1726
2539 5803
492 9454
5680 297
6758 4171
7358 1484
1553 3559
5222 146
1816 2529
4465 243
5003 9403
1984 3326
2620 2998
6270 6481
5639 9180
2114 900
9343 4890
6033 5171
5971 7960
1664 5094
7280 9175
9607 927
6512 5814
6449 9056
9840 7696
4223 1142
3023 1109
2140 6710
5938 3491
2011 4514
7716 1938
9677 1719
763 3849
5504 1670
6 1648
1281 3902
3314 6659
5121 3843
5612 4431
4197 1901
3777 6876
7191 1183
4001 2599
4858 6321
6593 7547
3083 6829
6576 9084
8340 7315
6577 5231
9226 6025
727 425
6502 7347
2400 8531
9920 9227
8648 2039
8582 5980
8430 4329
2349 1729
115 9749
1903 8261
8479 8897
2482 9558
7533 8990
650 6236
7991 2913
4340 5744
5500 1800
515 58
4798 2779
6520 1259
2488 961
906 2403
1148 7372
5781 2432
2043 8098
78 6677
4814 7112
9797 2018
2881 1661
8835 3525
1039 1377
3411 8781
9657 8001
5389 9895
9663 3423
4045 5688
9137 3426
306 373
7215 6391
5187 7553
6909 2643
5772 132
3378 4422
5302 869
1488 7613
4116 3364
5934 8597
3289 8982
3840 5591
5303 4958
1960 4436
9875 1877
438 6398
501 181
9547 8688
2075 6040
5755 6443
9500 312
4209 4015
7194 1666
3116 3922
2545 1452
4327 944
3388 8895
1399 2239
6918 6675
7341 5805
6974 5734
9355 2472
8164 8489
9923 9034
5345 8951
91 6479
5795 9347
4285 1141
7301 6925
2939 79
4349 7888
912 3029
846 2731
3313 700
8830 7018
2098 8974
1810 9120
6821 677
582 6083
7229 8777
1609 8756
5120 211
2276 7850
8331 173
9243 5098
6304 1961
4140 6021
1995 4171
3349 4814
4242 8883
2882 6262
266 5371
2548 1206
7046 9001
5757 4281
6411 1537
8663 6099
4063 1963
8532 6977
1199 8236
5072 7822
1808 7364
9347 1920
3821 9779
2355 9933
3279 4424
791 5821
4043 664
7830 781
5700 3991
4493 3677
8914 7446
8527 1015
8091 8378
2423 9308
3661 9125
8697 93
973 6947
5862 6979
6106 1138
462 4715
9467 879
7216 2562
279 3865
5837 2264
195 1140
6011 8964
3829 9517
6341 6212
5592 9925
2543 2943
8712 6764
9800 6698
4477 8635
1784 3043
1669 8349
9993 3613
9322 6539
1794 3608
1363 7699
9341 5500
3653 3284
4458 562
5114 3961
9645 1279
7994 3359
1763 1582
3302 5173
9954 3465
4980 1887
2158 660
1284 8007
6663 8614
2768 6752
7616 3572
6642 2872
5627 5612
6528 1674
847 5963
5875 4397
9052 7883
5734 6589
5973 7949
5033 4324
987 9359
7316 5428
3563 4314
8265 6756
1774 7210
130 5092
7727 5914
1882 910
9705 6508
5544 1291
7646 1539
5077 2847
3892 493
910 9907
3913 4960
2406 6285
7432 1503
8131 5790
6052 6328
6392 1464
2177 4094
4835 9097
9010 1199
9261 9000
3212 9169
1103 8955
1626 6765
3076 4611
9130 4568
6313 8804
453 7402
3808 1589
283 237
2868 6608
9532 5044
5815 1495
5124 9349
7175 5684
4094 5013
5408 8938
8489 750
4859 8381
1128 4447
6995 8859
1842 1904
3960 3974
5402 9729
861 607
3898 3326
9371 6848
8312 6129
1465 5029
5483 1188
9187 8424
6998 1841
919 4440
3874 8472
1151 7910
9691 9580
3864 1484
9089 9930
6369 1130
2270 1527
511 4206
7975 5733
7085 7071
7516 866
145 5591
5945 5182
7066 842
9503 9542
8725 3367
3933 3506
1311 9898
1527 6103
6421 2715
3337 5449
4503 727
1477 8161
2427 232
7016 3143
8397 180
234 5949
7556 8031
6900 7223
7280 8878
3148 6138
7728 9385
2092 5872
80 3596
5937 5125
5743 507
4815 5858
6814 3839
6338 9219
1492 8449
5935 6455
6399 2769
1145 3636
2230 8499
4831 4740
3049 5719
2770 8016
1498 1124
789 2167
6644 4289
6397 9019
1945 5184
600 3992
6603 1590
8106 8354
5600 7659
2210 8138
2904 7435
2747 8140
1034 6438
1198 1640
874 1210
261 571
488 2651
3082 6058
5090 7677
8590 763
1833 8910
5910 4095
3296 8994
7296 9168
4897 1291
2291 6035
2187 2053
6180 7785
4422 8812
6197 1512
9190 3755
9048 2977
2141 7794
8257 3502
411 3219
9337 8218
849 7353
9567 9532
8404 5845
9609 4385
6332 9622
1032 790
5676 1764
8313 7855
1484 3658
7592 4551
2609 3022
9487 3492
4255 6733
3357 8838
4757 7448
9185 2700
7510 6997
2469 1618
8088 4868
6248 939
5189 6943
1604 9784
5199 9820
6110 2994
5569 9506
2667 2745
2752 3382
6991 4441
6496 1841
9649 9254
3011 7871
7659 4373
7548 6535
1182 3030
418 7730
7074 2929
9904 8074
2202 4812
8121 9248
9158 8406
3352 5898
7826 8787
6550 855
6476 2197
9637 4848
5027 4723
4825 4141
1227 56
8774 1201
8188 9499
3829 1140
6394 9687
9536 6987
5008 2502
7261 1621
7590 6015
1767 9764
1441 5128
199 6327
4009 8714
6466 3392
5798 7120
1532 2646
3924 1499
3770 9305
2661 7030
2021 2574
9573 7936
2634 8550
2745 9419
3775 9343
2753 4016
2032 8438
9756 2989
583 375
315 8077
1482 5108
5486 4946
8558 126
7994 1601
1530 2642
732 6457
6422 4195
4295 946
3218 6848
2217 4495
2931 1393
2331 6927
4248 292
2392 9749
2347 3438
8773 5410
387 6640
2894 8044
22 8824
5426 1917
587 2752
5204 11
621 1128
4403 1775
5580 7563
6259 2500
958 3536
5514 4302
9091 7408
8199 9125
8790 5822
2444 924
8351 6552
9884 5218
9765 793
3023 7173
8257 2008
4899 7789
4125 6848
9213 6220
5132 8701
781 3904
3971 1040
2607 3731
1013 1423
7070 2304
300 3052
7475 801
1731 3152
5835 1849
7153 8196
6614 2123
3247 3116
3436 838
5387 5761
2826 1741
7253 905
4938 2119
8918 5860
3761 608
9361 8694
9393 7402
4722 7420
2831 3204
3970 7981
8047 9460
8621 2766
2443 8004
3578 882
4819 615
3209 2765
9726 5959
6780 8819
5326 2668
2828 7281
7666 4074
3836 4855
3221 8936
666 4865
4515 9368
3186 3393
3420 8120
5613 2203
7697 9572
3142 6029
7643 7638
7421 2024
380 3964
6309 159
8845 8803
6904 8779
9238 6901
1514 5192
7324 2909
2890 768
708 5235
7589 7570
2422 1608
165 2079
7277 5375
9111 3857
6106 7462
3467 8007
6776 4256
7844 2305
8635 9857
5278 4821
1058 9781
783 8044
1963 9213
2374 9309
1397 855
7056 915
2577 2713
6058 1037
642 7673
6225 9682
8691 428
3429 6670
6200 3497
9740 126
6924 8873
370 5524
953 8750
7918 2135
7303 4109
3872 6203
8923 2233
5367 2584
1409 3998
1951 4202
1252 1942
9095 5332
2714 8747
6513 5393
5757 4474
6050 6857
9060 7568
2089 2316
7936 8644
5037 6942
482 5552
2766 3247
2074 2701
2110 5701
8090 3291
7513 6361
1497 2506
3279 3371
4787 2760
418 4691
8797 55
1978 8917
5399 5849
4454 512
8875 5227
7982 1571
8577 1307
6676 3532
1093 4024
1736 9055
9952 7349
8826 8639
3986 6681
2474 2508
9026 886
4060 3401
8556 2243
7272 6488
4377 2440
8893 7365
5149 2534
2886 332
1033 8961
836 9288
5424 684
394 7480
4999 239
1256 4128
3622 582
7327 6010
5515 1577
2132 8215
9917 4515
3024 3558
5198 6418
1187 7150
1242 2411
8888 5868
7980 6967
8372 6868
5888 9309
8968 8726
9283 4493
7942 8895
7910 8039
5761 4953
8530 8838
2637 4112
2997 1020
8165 2657
6426 1610
5211 7953
3063 1964
3434 4391
864 2992
551 1543
7833 465
374 2652
4744 3204
3049 8177
889 1038
3027 2845
9483 7984
8283 2665
2136 7296
3020 142
3938 5557
8441 1024
7384 4287
3470 7665
7064 6944
177 6723
8718 5451
1175 558
5691 5959
772 6186
6929 704
5178 9418
5978 3211
7202 1237
3064 9620
9849 5218
3144 6870
7905 3727
2896 2374
5705 9790
8583 8604
6855 2173
9380 4654
6513 7664
7502 3835
9787 2989
978 6977
3194 7684
179 1628
103 185
5484 2220
3152 320
577 4321
6136 7635
5908 8198
9119 8851
275 1687
7964 6536
670 7264
3942 3143
2086 7283
6290 4879
5985 5174
4999 2048
5050 2871
5933 2585
9222 6892
612 1724
9617 4331
4737 7504
5895 5923
6531 2546
6718 1702
2580 8026
4592 1587
4235 3173
1095 4964
8014 4644
2161 433
5428 6848
5444 9646
3160 6680
4986 2120
154 9626
4765 7608
9840 122
8398 2033
2074 4097
4862 8348
8275 1188
5536 4029
3795 3440
4950 881
5762 3439
3431 8102
5030 1498
579 1160
253 5324
461 7428
5878 4798
3703 5818
4234 2020
3308 4196
2184 8483
7206 4413
7214 1837
8575 5968
388 4651
7861 7054
6994 4453
2071 5531
465 6865
1500 166
4735 2598
51 7235
7276 1196
3316 9303
6914 8003
374 5152
9921 6252
2634 1102
1608 6295
1524 4705
1424 1962
6777 8016
3154 6282
2420 9107
7257 1081
4387 4798
1314 2157
2799 1707
8272 7721
6201 6707
6476 7722
5631 872
5385 7664
365 9858
5637 4215
3233 5012
972 3905
5383 1914
3639 8097
7251 4338
626 5655
1549 2132
347 9907
3829 9934
2373 4168
7608 1873
1932 4830
460 3746
4995 755
8981 8734
8490 3008
3754 8525
3916 6980
2145 4257
5396 4655
503 8475
9615 6413
4748 9226
7388 1117
6795 2690
3872 4572
3703 6437
7495 6883
3456 3552
517 9738
3029 8901
6826 7607
7108 6320
5187 7863
5181 7320
925 1080
916 900
4581 9345
7029 3335
1067 3758
6194 7641
693 9211
9304 7796
8304 7820
7632 9944
5057 5560
113 8539
2697 3728
6850 273
8855 2351
9277 2323
3671 1263
2848 2143
1752 325
2285 3916
4876 8971
4224 4136
1400 1289
8833 4529
123 4031
1247 12
700 9376
6637 389
3595 110
7897 2195
5930 2735
7975 9847
8293 8745
9868 1745
4796 1631
742 303
3633 3176
9513 323
9388 9576
4036 8272
8221 9213
450 3585
4873 5608
2957 3974
7269 5078
2909 8108
2033 2731
9693 4903
91 6618
958 2046
4276 4098
6662 6708
224 2840
4720 6318
7591 3037
6679 1974
9272 3773
8253 9147
237 4260
1781 8787
7594 7612
465 6638
8367 5559
5141 5784
4717 4501
6778 8922
2357 2419
9119 862
9708 2656
9802 9709
7531 1277
1660 7430
3394 2193
3427 318
5069 9990
569 5791
6974 1795
8617 671
3370 1335
7954 141
9872 7247
6772 4809
8099 9732
7015 6481
3705 20
5082 2516
2669 4395
4153 3669
3663 2109
1272 3646
3515 5987
6237 2590
7222 3072
5770 6897
5908 8431
263 378
4455 8011
5278 2319
8946 9946
4336 305
4988 2919
677 6839
7856 427
6353 5558
8593 8663
7954 735
5531 944
7509 565
9669 583
8696 3081
9154 6980
5018 3572
2534 8463
3199 6624
6454 1114
8704 4723
4920 478
5983 2906
9434 4897
951 9742
222 1489
2930 6277
6563 7184
8629 4727
9983 8603
6118 5931
9656 6344
654 1518
1938 7948
6777 2768
786 4775
2057 1323
289 2445
9035 3104
493 1601
7745 4192
2441 3344
9678 2995
9733 9191
4369 6489
3288 6769
4841 8571
6137 9201
630 9085
9550 9801
7344 6466
8763 821
7329 28
2044 7559
7693 2879
9614 96
738 3456
3991 9479
8970 2623
3190 9641
4637 2798
2101 2109
3204 6733
9851 530
728 8916
1230 5656
3721 4300
4197 9272
9963 1050
7068 7345
7178 6793
9233 2528
6494 1171
891 8779
2201 9195
6314 298
3085 3594
8217 2690
6396 1845
2896 2399
9447 2679
1958 3262
8279 3744
8132 4053
10 1482
2805 3247
8485 515
1129 7175
3929 3548
7993 112
3760 3789
2020 7838
8838 4818
5528 2949
1540 1079
797 829
7111 9611
3563 5134
127 9076
8668 7070
1780 9167
5739 4724
8563 6081
2491 1448
5351 4848
8085 9497
2498 4407
634 9002
6938 2314
567 6170
5713 2406
2102 206
8892 7011
7008 574
8437 2394
3392 9961
5820 4045
1907 6101
7720 5911
3564 9591
3403 9234
6724 1675
6708 1774
7150 7025
30 1412
1144 4052
3734 6616
3182 4504
1130 8980
3209 3119
188 9703
7877 5192
2230 3129
6672 7078
2567 9161
2349 920
2091 22
713 602
4681 278
9125 1047
9575 6470
6369 4376
7000 5279
6410 3214
2517 1569
4891 5960
5097 6703
4767 2001
8885 2007
3830 2938
8773 2235
9013 4511
58 3553
2440 6233
3238 6707
7955 6800
3015 8788
6646 2106
6682 8384
7182 436
6689 5359
488 7243
5215 4102
1 7223
175 5385
9386 4774
6645 7169
6391 5249
5116 4918
8805 7405
1839 5897
2667 1216
355 9073
7626 8589
7969 8864
5262 9630
626 1745
9095 8877
771 9936
4097 1903
2407 645
3838 3997
9356 2287
3030 5633
8453 7497
6821 9241
4791 6876
4274 6427
3984 1809
9808 7846
8673 8545
7550 8816
8108 9227
281 3345
2312 2353
7857 9963
2561 3135
6312 7685
6573 8024
9511 3282
3609 703
2043 2195
3378 512
1821 6870
6144 9833
3727 2712
6989 5592
3537 2254
3571 9890
5780 4956
7458 220
5030 5489
7233 3402
4492 95
4509 5970
1886 9738
2429 5996
5435 4541
9861 2248
749 6595
6825 2444
3608 6312
105 665
7596 4461
6299 7769
2394 2754
6663 1623
7380 179
1275 2778
5580 434
8543 1183
9342 2253
1315 291
9546 5691
5044 6218
2969 6984
9421 7375
5681 4330
74 8088
3827 9888
9736 1748
5954 566
7097 52
9662 6711
4051 9828
3886 5968
4152 5973
7101 4989
4336 2104
6635 3906
8530 6328
3827 3848
338 7365
8605 3426
5124 2217
8810 8331
190 1416
4605 5069
2972 1193
3241 8624
5261 3387
8485 1262
9467 8710
829 2399
3112 4272
4354 2934
4435 6968
3489 3863
954 4930
3952 1395
8106 8815
5029 1666
2417 6504
2209 8283
1157 5768
6906 7059
8381 9172
342 1951
5197 4231
7235 3768
7071 7518
2435 9403
6141 1500
7925 521
1771 5515
1647 1714
5104 2448
1255 8073
6486 5641
257 9027
6871 4614
7266 4018
8263 2034
5860 6393
6305 1852
2530 5339
6969 6950
4227 4676
145 7673
4307 8467
8791 5187
9917 6994
5644 4414
6437 292
5983 8686
6241 3274
3863 759
9064 8706
0 9209
3411 3741
6332 4969
2480 3740
4187 4941
9237 6518
3429 9059
4257 3703
9508 1182
8318 9656
4815 3055
419 5016
5745 8380
7718 4404
7241 9263
1407 648
3706 8142
71 4370
898 290
3967 511
7751 7750
7821 3332
9101 3278
3249 8539
3701 7937
8230 2328
784 6357
6405 6311
8225 1926
2003 596
4560 5826
6618 1159
5162 8948
2149 7658
1958 9339
3684 6168
5506 6774
8640 1043
9196 3678
1528 6994
3022 1504
2522 998
432 2469
5790 3831
4785 5536
8860 9295
6736 2212
2446 7011
8724 4287
7807 4010
6652 1479
2803 1723
4641 7184
1904 1607
231 9559
8474 6704
6338 3918
1053 3301
5926 1571
3667 1403
8342 3503
2341 697
5454 9625
270 6224
9740 5636
5244 9525
9737 1100
5119 8797
1894 9304
4580 2276
9553 668
7531 4937
6439 2303
9811 9562
4819 3763
6824 407
5525 1046
5747 4661
7694 3364
1392 2402
3703 9671
2957 560
9665 7132
3070 9073
6775 5619
7597 2973
6335 4963
8238 7586
9920 1575
5889 9912
2974 329
4177 3535
3824 7226
4793 6648
7571 2731
5670 4718
8679 4699
3816 815
9063 2269
8978 7754
806 516
9617 9831
2421 3214
3417 2957
4785 7419
3386 4980
2777 761
3345 3336
8269 6094
3772 7078
1777 6800
2710 4678
8945 4500
3920 1013
9936 1681
8768 6366
2489 7424
9283 7653
3222 5123
4270 9616
7454 31
2450 82
6872 4231
606 8436
254 742
5582 8770
2206 8969
4577 4080
7306 9511
4313 6647
3135 6973
6316 5905
5586 1514
9303 2316
4006 6868
7121 9022
4907 5430
8301 6501
9088 7767
5098 9961
6025 55
4629 9697
8651 8440
1886 6911
6036 6231
2904 1961
9848 6933
265 8517
3127 3319
913 2096
7050 7334
4296 331
5291 5780
1504 7218
9924 9564
4650 6570
3664 8356
9940 8279
463 6706
6000 8791
853 9512
4895 6463
5601 7037
3372 8463
3786 9802
9350 564
3365 8605
405 9995
4484 1741
5646 8781
5593 6556
2209 9691
6905 3298
6688 2231
1915 2859
2842 6844
4575 2127
4117 4972
8027 6825
8777 8084
3169 6343
7689 4077
4349 6894
7245 5410
1241 5718
8027 3161
8915 3337
5653 80
7575 7460
6043 7254
6534 6599
3649 1571
1112 1807
7451 7492
1757 4957
3396 6695
7343 8883
3711 2591
3411 7738
452 5125
7359 8899
5868 1163
6469 9816
8328 5518
2029 5486
1675 6439
4193 6426
969 4558
7122 3677
6647 3565
7881 4029
4593 2604
455 3329
8650 5885
4829 1640
6654 390
888 4727
2820 279
4900 7645
2847 7943
1761 3173
2692 9648
6355 3768
9845 1971
2371 156
9452 7257
3363 4957
6675 2647
3663 9717
2624 9597
9055 4907
495 2331
9897 8742
3831 6112
7123 4429
6558 4561
7046 9260
520 9827
1246 404
6011 6453
461 6384
14 1228
5040 4640
4320 3900
4490 2692
7476 4768
3228 4583
4042 5991
230 3221
1129 9883
2151 8474
9449 3791
6527 9304
4125 3076
1766 68
7501 1288
1782 5694
5905 6972
4371 492
1354 208
9387 9442
8875 5453
985 8463
532 8110
6387 2647
7615 6796
8595 7672
5363 6005
7266 9420
6326 7416
640 5099
1392 3792
6961 1545
1578 9403
5025 4723
2693 885
248 3137
6903 5238
9353 7561
2385 836
3828 1152
6908 4262
715 5405
4017 6535
6946 2108
7639 3411
992 7276
8551 145
4290 4102
4924 1405
1214 4426
6231 1537
3300 3704
367 4527
6577 6231
8020 1998
7101 2805
8100 4510
8277 1388
4439 8873
6547 8429
2037 3625
3225 6540
808 4864
364 9624
9324 1783
6157 9653
8002 2455
1955 568
8644 2286
2692 286
9427 6718
2915 6441
9740 2456
8002 6841
6377 960
1657 5779
5763 8397
1919 1056
9653 3471
1173 852
3260 5869
3058 6472
7995 1835
153 855
5499 3940
6311 5474
6640 4650
2808 7937
9590 1735
7897 3655
2442 8142
2360 2016
3477 7747
9031 1514
2083 6292
8032 9261
3794 4131
7154 4247
310 9409
6954 5912
4089 5512
637 3000
9328 5845
9825 8912
1737 464
7756 8828
9855 4633
9876 7082
4752 1361
9813 9615
550 9906
5041 199
4642 7900
3921 3430
6663 301
3514 5168
6626 7676
4747 9186
5287 6835
6547 9099
8518 6918
655 8426
6573 5284
5553 965
4247 2121
5980 1603
8290 3373
5852 1655
1886 2285
7410 6633
8705 6468
9421 4674
7000 5925
8564 2868
9688 9816
768 7029
6291 2367
3463 1158
8085 4915
7427 7268
4942 304
6065 2329
650 3065
2900 3200
8892 7018
2042 1156
2873 2137
7767 3795
4545 5255
7821 3412
424 280
4429 9922
4946 8285
87 7140
238 5258
9134 3131
585 7673
2199 855
7075 8619
2303 5862
5071 966
876 1146
9459 4127
5116 8470
4272 8245
1642 6581
9483 3160
191 1767
5034 8836
1860 7080
7306 4046
5574 7583
1069 601
435 96
7457 1957
9328 286
9387 9046
5581 9329
4211 4156
7376 4511
3785 6724
5646 779
9605 250
184 7895
3100 569
1730 5718
6223 2529
2559 707
797 5668
2904 8951
9960 1213
4251 5003
7717 1853
2752 5787
5101 3443
6103 6403
321 7768
4029 5865
7914 5076
782 582
9230 2784
5460 2162
1342 3385
2525 3003
3501 2397
6219 3074
2268 2182
420 1106
1296 3232
8410 8894
676 1193
9765 9909
4330 4100
8924 1397
237 9161
9539 3721
99 6061
9343 3408
6302 1641
4100 7580
5585 1434
7247 1635
6192 1028
2831 678
9024 563
4254 1532
6285 7008
5438 2890
7915 9901
2511 9201
5108 1149
6141 4996
6799 515
5990 5828
3842 5861
6792 9578
1326 540
6073 3808
6649 1819
6080 6220
9913 7450
9393 7706
124 2718
9111 6149
9669 7238
5337 9154
6689 981
7535 6185
199 8567
1917 4305
701 593
606 8551
2951 6170
668 7467
1163 5312
2012 999
1280 4664
183 7964
7157 6374
66 9099
5326 8852
3871 7276
2792 9619
6124 9087
1886 8380
9689 4749
9668 9202
1464 5385
8113 5558
1709 2201
6441 805
3093 7819
3432 6194
946 4390
4619 7420
1988 9790
9401 6155
8724 1747
1823 4781
9322 3335
8056 8167
9966 8026
1291 2298
9931 276
3054 7908
6272 6430
1145 5472
5360 2237
7269 5307
4697 9820
2692 388
977 5301
3450 5343
3997 4763
7640 2213
8636 663
5465 4812
815 6205
6262 8447
7500 5243
6820 2714
728 1406
2765 2292
49 544
9452 2200
3790 1218
1346 3410
2046 4721
5461 3315
9997 7848
8632 145
5525 3763
198 5118
7057 6699
9352 596
637 5010
342 1498
5353 3101
826 7349
5484 8681
4000 7885
4229 5387
473 6202
7933 1432
2079 764
2489 9358
6595 1300
443 6173
1330 4211
4983 5062
7670 3708
9827 4302
7385 3048
1656 30
5956 6551
4134 6731
1461 4382
4499 3437
783 9217
6532 6350
7499 7773
4500 5313
2653 7010
7697 1372
6465 3724
7926 163
4116 2718
6243 9730
5775 442
4249 9783
6222 8062
9921 698
7344 2782
3324 7578
678 6729
4149 3030
2494 9419
4531 5380
153 6192
4443 3697
4872 1744
34 838
9622 9915
4351 4579
5215 8721
7199 6203
6638 4158
1522 1755
1635 3153
4915 328
4852 7576
8326 7524
7274 1050
4745 3821
12 1952
8204 5778
5194 7121
1837 9379
4240 776
397 6292
5242 4244
3982 6909
6742 9868
6046 1825
5828 4205
3021 505
4267 2529
137 3613
4613 862
6379 9230
5867 8472
410 5091
3595 9060
4846 3805
789 9226
7631 3209
6133 4933
1100 8898
539 5371
6807 2049
6439 1956
4221 1762
1503 137
6052 2788
7619 3098
541 6668
8023 9979
5624 7958
8239 7564
7927 7914
3578 6868
9307 7783
901 7481
698 8943
9920 6127
1490 7710
5214 9115
8392 2375
8438 8386
5625 9741
5062 1250
2706 3868
1687 125
1386 4450
1371 7262
9196 6461
9683 2474
1123 7025
8461 868
5919 7478
1387 6892
3460 1324
7599 7109
4641 6620
7394 1185
9694 2477
9604 1884
1662 4416
3165 6162
1988 6120
7042 2094
2274 7177
836 3680
5085 9564
5074 3433
3484 5660
1662 6982
9935 9616
5053 8823
9821 7541
4760 9723
2517 5223
3440 3866
262 7853
2110 686
1786 2078
7128 6207
7229 7923
2336 7994
8220 9931
8839 6013
8072 245
7550 7665
7785 413
8589 6693
3583 230
7004 531
1716 560
6974 8353
6158 6615
9038 1958
1760 472
4066 998
9536 5264
1756 2364
7299 6626
8816 7812
1220 821
7391 8914
1588 5192
7793 5154
6828 3923
1042 4653
4990 699
323 7700
7049 3537
1585 6252
4538 1129
6339 1191
4544 3586
1836 4891
2072 3894
1665 225
1079 5807
405 3820
1206 8020
5663 5747
4807 9071
3485 7293
9910 6093
6898 8776
4027 9041
634 1494
7260 9029
7039 8005
6432 7534
1412 4025
9902 9978
1278 3273
1283 1625
4931 7778
8914 1909
3514 6572
5637 9584
4930 4919
3330 2377
5359 7089
506 3338
7887 2103
6555 689
3418 9477
6196 5800
5128 6396
3512 851
1212 2815
2428 3462
7262 5338
8747 6976
8871 8864
4154 8280
549 6368
2101 7347
7166 6130
4519 7375
2354 3235
4057 8800
4921 1515
6962 9172
1051 2119
8252 7716
7406 3080
4567 969
8426 3704
9879 4249
4505 7108
7657 6573
5722 8826
5043 736
8980 9424
8504 3398
1944 3534
4987 6006
6799 6106
4667 886
2610 5902
2589 4577
2889 4440
7704 3672
7099 126
441 8578
6676 9915
8886 2769
5140 7691
0 1443
2420 5087
1633 9777
3156 9981
9973 8824
6672 263
5958 289
9377 9414
9759 8639
8175 2979
6018 9669
1284 8785
1860 5313
8172 1611
5222 1081
3433 9542
3087 7441
4083 2018
3957 1685
2092 7602
2635 7049
3153 4006
5220 9755
7580 257
70 770
1766 7068
9273 5685
4363 8854
1630 666
9734 2822
3485 73
8315 7231
198 9485
3987 8862
1481 9687
1810 4115
8658 1422
3636 3546
5180 9367
2166 9509
8950 5148
9170 2088
5122 3244
8146 5568
2122 2192
3445 7312
14 9109
3375 4314
4344 4923
2266 5287
8449 1593
3835 6595
3324 7850
7936 8920
1103 392
8597 8565
1747 2627
1077 6746
3185 6190
2877 6259
7020 2023
3693 3103
3517 7889
2568 1723
3497 5184
3467 4272
8672 4816
3050 3078
5006 8818
9190 4243
4100 3827
5371 3733
1825 3275
8181 9303
969 4207
6130 9267
9080 5748
4563 4548
6976 3041
9756 8247
6973 6063
7339 6846
5962 4688
8757 3488
5485 5944
5084 5937
6141 1245
4396 7305
3524 9927
5269 9987
2383 3347
4179 6052
5634 9450
4793 9526
4072 6041
3597 5137
8664 1821
748 2165
7252 5292
1822 3733
6907 8915
8356 7219
6062 2600
206 6373
7344 923
2777 9665
3622 1486
390 1723
1774 4157
2949 9335
91 3596
4784 8988
1518 5597
4324 4760
9281 4250
1514 7242
9358 836
3845 9760
9996 7289
3491 13
249 1020
4918 4710
9891 9028
541 394
5744 4930
8139 4780
1933 3952
2153 6990
4403 4579
7527 4300
7158 7309
8557 8722
3304 4690
1168 6874
7243 7572
9841 7862
7123 8909
7967 9878
2889 8184
2588 2743
7548 1821
3773 9433
6241 6471
6795 7738
8332 9732
7495 9812
8247 1608
9627 4544
6047 7022
8539 8598
4350 5245
4554 7875
2754 1026
7016 7509
9389 5616
1481 4741
9766 5472
6881 6241
3948 2679
332 5237
4123 3795
9034 1957
631 2145
3479 5354
3301 5438
3161 71
2745 7031
2658 2775
3338 3728
1942 1910
5986 3774
1110 1288
6994 6482
7754 2393
6450 1522
2126 4001
9557 3973
259 2339
3387 682
5942 2468
5600 5221
862 2611
7281 5112
4191 1225
4735 2827
9003 61
7517 5479
4968 3732
6548 7508
9613 228
7381 3261
2550 2756
1486 6413
1143 994
1302 6104
4524 7440
3346 6104
5967 5515
5626 835
899 8490
246 3125
3678 6688
9073 2735
4883 8637
5216 1852
3197 8983
4268 1228
2359 3825
2026 4559
8664 9973
9644 8847
6605 6499
3297 7226
8639 1382
4919 859
3747 1023
7969 3556
6288 1873
3443 6891
2107 568
3498 4910
5022 7302
1049 5987
951 172
6062 1056
3916 6865
7026 547
765 4242
1680 1296
4226 5798
1165 7430
3731 413
1205 9740
6982 468
3095 2221
3 5048
9542 8316
564 9285
5200 2646
8840 5433
3772 7171
3111 3593
76 1416
2639 3264
2386 4365
6428 1488
9407 9190
6071 6774
4790 5536
9045 7567
6640 5321
6512 4720
9752 8860
3812 7527
2902 2457
6319 9708
2585 4013
4187 3267
8093 6354
2152 4000
1933 3733
4354 4951
5826 9904
6898 9760
2841 5796
9793 3060
9842 1573
5382 1094
8965 82
4448 7120
8799 2159
2688 7529
2394 7489
3678 3248
2218 1621
2444 6728
308 8765
1511 6736
9673 5704
9673 5230
4064 6349
4268 4151
3810 2948
5417 429
4719 4049
4239 8406
2990 5726
8959 1589
193 9779
8227 2631
7287 6597
8415 6604
7642 7256
2335 8671
6185 6722
5856 6020
2129 6814
4636 8718
6916 2762
3901 6154
6379 8653
4562 7035
7079 1144
1135 9458
9747 776
3662 8634
4550 7861
4260 7214
2309 6347
7135 2024
8517 5490
2731 6486
78 8076
7092 2027
9307 3658
8981 7999
2125 7659
7743 4676
160 3251
8725 3366
3509 7924
4260 9294
2622 9307
3328 8932
1192 3577
1610 1806
4178 2300
7118 8441
9677 7994
696 6194
8316 3482
6230 3330
9850 1806
2233 3252
5738 7953
9365 6740
2137 3321
2136 3190
1041 8217
5079 1312
439 1670
3156 9989
3316 3812
1772 1807
7632 6364
9261 8536
7530 6140
6868 1414
7684 1851
772 7248
5899 6151
7731 1793
7349 6397
3310 9111
3827 3732
4493 8408
8390 1575
1745 9587
6910 7677
6858 4782
5805 1639
6918 6049
1225 357
3811 2590
321 7941
5925 3068
2631 5401
5970 351
9532 6676
2955 53
5785 4929
6694 5423
8985 4639
7462 3050
9524 9469
9388 6953
9110 2430
4039 4449
2463 713
3030 513
371 2817
9534 9291
2865 3979
312 2083
2337 225
2722 7156
3255 6690
4021 6521
9236 8579
1798 9647
5611 7510
3270 1924
1185 1718
4132 9691
7485 3868
1795 1040
7408 3233
6854 8450
1630 929
135 1378
282 1736
87 4327
6672 732
7375 7499
7995 2582
9253 7285
5911 9070
5563 7363
448 3954
146 3924
4602 5186
6812 5024
5562 2380
942 6997
1489 1215
5796 3503
1433 1102
3294 9154
5000 8883
2840 5143
9730 669
1752 6833
3627 6215
1456 91
7449 2166
2692 6752
3144 8783
5605 5174
1639 5107
5388 6791
6575 9561
5394 238
4052 3862
204 859
7252 3403
3396 1459
6893 8778
7826 4535
6235 5862
4505 6830
2735 7959
8494 3634
8667 7975
9556 1268
4489 8748
3651 4781
7500 2098
2999 8563
7374 6148
36 3716
7768 375
5910 929
9056 5652
1223 7050
1660 2191
9370 7986
5062 7864
9125 9599
1752 8206
3003 4864
6662 7563
5783 6091
8842 5888
6757 1394
9179 1613
3482 4689
5879 5677
6052 1703
9823 12
6731 7167
9954 422
8743 5450
5537 7182
7947 6442
5058 7671
4832 6125
6497 67
6364 580
9536 4357
3873 2319
7374 9333
306 6536
2982 5904
4704 3464
4974 7080
5555 2138
2176 5791
8307 1546
6694 2876
2887 1592
4798 9480
3412 7311
6013 9176
759 7533
3936 4263
9935 2511
5661 4510
5313 7003
9400 8915
1486 1113
8386 5980
6146 7406
4779 2126
3187 8358
7496 8422
9290 1405
7632 3395
4974 1099
9376 5103
6107 9226
7550 4920
7122 1509
8747 7455
1802 9854
418 4059
8836 540
125 6347
5404 4592
1062 6311
4187 8194
9627 4193
1194 6125
8587 8174
8977 4739
5261 6603
3469 7086
7231 6253
287 5589
3404 9945
7041 7399
471 2957
5892 1975
6916 2313
1686 2163
2854 5309
111 9027
6067 6145
3754 8331
5091 6187
4080 813
9799 7680
7407 5918
1303 3706
3674 8371
9076 4338
7931 8488
8140 7131
2132 6364
5595 8395
6418 5085
1022 9894
6226 3771
4596 8152
3950 6700
6621 7695
3952 3820
6132 5347
2135 718
7929 7251
9287 1587
3383 1006
7739 5317
5780 6202
4326 8513
1639 8164
9415 6896
2435 1748
6922 5360
3586 9948
6106 547
4237 1182
21 660
2775 1079
3337 2369
5178 6572
2122 4441
2713 4047
5861 8404
1716 1166
2430 425
5402 4824
6182 9136
8713 9293
8281 7669
6369 6001
9459 8741
6422 508
8530 3305
5892 7793
9255 8764
2029 3865
7174 6906
7710 4267
3117 9543
3423 8235
3266 8696
5065 7404
6485 4962
7651 2163
8372 7518
597 3642
9468 7638
9533 7181
4669 5359
6607 9700
6519 7506
2967 8222
7777 2424
3722 550
9128 3634
7866 9525
7716 1171
9177 8724
182 1866
5493 9947
8398 9823
9826 1195
2122 4201
4549 2277
872 9866
9644 8501
4412 1209
6219 5054
5709 6313
6273 8499
6297 5098
3769 8895
313 3180
6844 2626
2560 6012
8356 521
8861 301
7388 5353
3871 36
2771 4295
1384 6543
4175 4343
4698 5442
6397 6031
4526 3696
6903 7350
1156 323
7263 1935
5861 3049
232 3116
4228 4603
3556 5217
1987 5786
599 439
9969 4248
8074 9497
49 9313
5180 3118
9894 7396
4563 6883
890 305
1328 1572
5966 2817
9600 8263
4924 701
111 8982
7688 5404
7256 1959
7413 2924
6439 2201
1139 8988
2575 4397
7062 1379
8775 287
6275 1649
4447 1135
4771 2001
4320 6145
8746 871
7297 4461
9873 2012
1015 2211
9535 3346
9444 9695
2246 5542
2032 6452
9594 2050
5077 3577
845 2492
3460 4685
3445 430
4213 9944
5647 1618
2315 991
9788 4282
6102 5667
3577 7082
8626 7303
5549 6179
6045 8908
9916 396
4838 2108
7033 3918
2241 591
5096 1037
8167 7100
1344 9102
8154 8672
6751 4538
7334 9220
2008 1694
8466 7678
9464 4379
2998 2615
6023 5312
2007 6260
8809 2290
350 3539
100 2822
5110 5828
6636 3739
1636 5185
5705 4247
8385 6876
5322 8060
9571 8980
6147 9702
4586 8787
2338 3267
2246 1654
2208 3008
3413 8954
5106 7821
8554 287
7007 572
2953 3132
1004 3835
8591 1248
6355 5338
1887 5152
9955 2075
3063 8177
2384 3655
7201 228
6235 519
9365 5465
6524 1109
4092 9457
7291 6607
735 5828
671 8308
2462 7835
4254 8607
9004 7324
3027 7006
3080 4320
2189 9086
6374 242
9507 84
8892 1782
5606 8042
2233 7795
9423 8820
5839 78
3096 78
321 8421
4775 2900
7912 8021
4516 2829
3344 1369
1435 1365
4447 8767
9677 4566
4597 8968
8865 6242
4078 8812
9896 1888
4021 8520
958 4864
5027 5190
6108 7996
3381 6422
1883 7838
9387 974
7747 4136
909 8843
8497 3636
2696 1315
1815 2216
5430 7113
1149 8693
5404 7980
8741 6941
1260 797
1580 9502
4587 8587
5885 1471
4797 7436
3535 6678
4668 1914
7023 9844
8616 9063
2408 6894
6616 1295
4254 9433
6574 2441
7963 6176
9289 873
9745 9237
8804 3765
8717 930
7788 6866
8669 6411
8687 8410
8744 6386
5663 7788
475 4757
6517 4241
9285 8344
2227 8614
6696 6843
4498 5499
6351 4233
3162 3478
1343 9500
1488 8037
1638 1535
9273 6047
6896 7234
4621 5797
4473 5924
4727 4426
5485 9472
6601 5996
9002 134
1516 9278
5095 8068
3572 3091
8926 7873
8210 5465
2708 9719
8916 1328
9258 7723
6951 565
8492 8201
5133 3136
54 7456
9177 7798
8935 744
9142 5500
4077 5339
3879 6073
9856 8007
6586 6310
4251 8591
8406 5300
3460 936
852 8634
9069 5815
3034 4570
6835 5941
8337 4111
7108 1980
9464 5814
5358 6688
1393 2853
450 2141
8442 5996
2087 536
3862 9543
5530 357
7754 8701
7587 7733
68 6200
8067 7066
9444 8417
4986 8649
5359 8439
3398 265
9064 700
3029 9582
6655 4684
7659 3165
6374 4731
8543 3788
5518 5114
496 5496
5569 2230
9877 3921
5800 1917
9393 3334
620 5581
9637 137
1929 3355
5968 1758
3439 973
3490 9029
8386 4629
6462 4786
6802 1642
2749 7541
5973 5124
8655 7659
2815 1860
5741 3040
2084 9390
9082 4447
5268 6532
5800 2441
8565 1456
1734 2557
7183 7645
3479 3545
5520 3795
1118 5358
3519 621
4117 4553
5246 1753
685 3731
937 6683
5312 1143
6572 3150
7586 7307
3632 7736
1094 7741
5733 489
61 7707
252 4480
2057 4271
5643 5050
5600 5989
3668 9000
1227 4123
1567 3819
6126 9316
5395 1359
9986 4248
6116 2817
2478 3836
3718 2911
9957 9785
3007 5978
5624 2444
8603 2618
1212 2761
8441 8239
6 2141
4387 5839
5811 4879
6299 7216
5796 3969
880 8180
8775 3497
6352 3004
5793 678
1255 3995
3799 6386
6038 3912
4075 1523
4031 6415
579 6189
9708 37
9830 4104
5888 2741
5616 5337
8293 1724
6293 9071
2868 6925
5218 2397
5476 2290
2559 4223
7689 6257
2848 4250
2926 4374
9883 2917
5725 5538
7540 2030
218 4864
19 5610
4528 8768
5143 4621
4211 9682
6501 6514
9221 1632
9640 6232
7428 520
8556 7241
8256 8533
5830 2999
4762 2665
8731 2293
6296 985
4257 9472
3270 6661
7426 4025
4870 4098
4316 9071
7320 5766
6054 1661
1636 6096
9134 7214
1028 8817
1021 4504
5375 6651
3083 5164
5568 8532
9391 105
1541 1815
783 2887
3571 903
5222 5015
1751 6977
6915 9956
1448 1325
4062 9957
1752 2640
3829 6259
9464 7106
8709 5554
4843 2935
4820 9021
7347 9243
4747 9330
9144 4175
1586 7431
1031 4779
7587 2456
4167 3871
6000 719
2470 3338
4368 5102
5330 5974
1028 7931
4788 2462
1128 1849
983 2540
7413 5519
3591 3603
2164 6903
9220 3622
3677 9541
7765 1124
5421 1057
6329 2913
38 8036
9416 770
128 8043
2729 9364
9005 3771
3837 4969
4427 6481
8248 5872
2930 5460
5200 2384
4077 1194
4877 6081
8981 2260
4609 2406
6921 4086
6081 4331
7786 6055
5937 1896
339 5777
3118 495
4342 5958
2549 2648
1040 159
5425 9589
351 4306
258 4420
8746 5760
6248 1282
3710 9111
5310 358
2698 3003
2244 6737
5760 4444
3157 1728
7564 5556
8504 587
4336 6783
5489 1998
3294 6103
4407 9233
3679 6284
4465 1701
2992 2108
1961 4846
3868 916
226 1880
9540 435
8374 7703
8924 5031
7480 6767
7615 663
8793 7660
5522 9276
8358 4911
2518 7565
750 5846
9975 6246
6368 4711
3457 9539
5843 6361
8707 2094
528 6126
1420 5747
9226 4785
8561 5085
7886 1736
1248 4303
3957 3062
7519 8225
8278 7552
3886 9668
3256 569
8747 8948
8534 8653
7844 6585
5531 9878
8422 5450
2732 5167
9012 1503
805 7186
1604 7296
75 7168
4292 3296
9009 7677
1914 6000
854 3844
8776 6705
6300 5119
318 1482
4580 4395
3850 9778
1972 1227
9802 6314
8202 6636
7538 3210
5818 7872
665 2758
5507 1802
5198 3533
8896 6804
8248 2302
9467 2688
3547 7272
5756 7402
9334 8668
9455 294
2681 3889
1523 7739
1651 3412
6878 6443
2986 89
958 5374
7412 9698
4586 4890
9138 6059
6087 4721
9741 2480
2279 3431
5960 4044
5788 8559
8053 4303
1803 6977
6483 7610
4475 329
5333 26
8428 4287
6782 879
3236 6991
5705 9928
2036 8725
4245 4093
9962 4263
4237 9769
7840 8718
8021 450
5601 7841
4784 1718
6860 4768
7775 8131
1713 9755
8740 2706
7752 173
6020 4321
3553 5336
6315 6333
886 3902
9674 9737
6188 5145
9355 2333
2040 8296
1877 4685
6223 5270
5755 5604
2518 2312
9966 8318
1320 1571
2803 7695
8854 6440
2127 1971
9320 8030
7759 8067
4178 9274
5813 7969
4258 4732
1100 9760
21 7497
1180 7922
5369 9425
9417 9631
4845 9597
4470 3744
4261 5271
5767 6533
6586 6325
628 7449
8910 8979
4937 3280
4349 3692
9274 4921
2175 2821
2212 9894
8490 6678
5647 9861
5044 5717
5951 6139
9477 5825
2554 1372
7307 3065
9188 9513
536 2503
1110 7206
1510 108
6845 1303
3979 5272
5182 614
6727 758
199 5940
2170 5330
8241 9418
9107 2504
2034 8922
7187 6283
2830 3623
2335 142
9934 1005
9364 4866
4633 8543
3269 8189
1022 5067
4209 1507
5316 6092
2672 5524
7944 9308
6075 3506
5558 7220
5339 508
675 8097
4249 9452
6199 5861
3685 1738
1080 1703
7410 7467
5937 3735
5327 1306
7073 2995
3585 2304
7200 7727
9259 2611
5757 2868
6368 617
2722 4184
9359 9959
4569 757
5228 3130
8312 8313
3776 865
4343 4618
7159 2805
3091 467
3543 422
699 6640
9168 4820
7159 5794
8511 6695
2344 751
3532 6139
5946 6489
7508 9275
3686 2889
7857 1736
9493 3304
4084 9207
9519 4218
325 3525
2753 8503
2817 583
9373 7687
1715 274
8908 6698
5293 979
2766 3153
6837 1341
2433 9340
8877 2413
4368 609
9386 5323
6643 3270
5190 4079
52 7691
3857 5918
2066 9703
6754 1680
2190 9885
7580 1742
1523 5002
2796 4461
9778 9454
2862 8322
4171 1589
4543 4929
89 7249
8685 5190
836 2198
8666 5855
5610 5569
4688 9076
7095 2646
9214 8036
1472 3028
6592 5693
2128 9799
1694 6920
3098 1867
3563 1838
5549 5623
413 6123
2773 7053
6156 4974
9614 685
1555 2394
788 2721
1972 2204
7782 7896
3912 7560
5720 8242
3940 5315
536 7365
4583 1703
3000 3754
1104 455
2970 823
1868 6127
2138 3786
348 3622
501 6174
5526 6643
9879 8701
9970 1225
2274 8563
5909 529
9738 9898
5194 5010
6974 7335
4236 7312
1713 8353
2224 5758
182 6745
4719 3665
2874 538
7794 3970
1787 3167
374 3951
1415 235
3007 9904
5871 4457
2088 7121
7162 9648
8184 9392
4342 1395
6176 421
6569 3235
5729 3609
7365 4465
6203 6996
7978 1619
7777 8615
1030 5906
7608 8899
3368 2238
5533 6612
7602 2367
8934 4589
6396 5337
9760 9665
852 5482
8600 6635
2708 4228
4102 5467
2284 482
3108 6350
8158 5768
1148 3144
809 7387
2159 81
3533 6378
7922 1961
5053 9928
9298 345
6243 2967
360 9224
7325 995
2280 4566
9301 8600
7299 3385
7086 6768
8173 8721
8330 4157
553 4090
5721 5439
7696 5358
7867 3587
1952 324
359 4665
7409 1161
6836 8960
2515 4761
6500 320
6739 5066
5457 2419
8780 3318
1631 4449
3626 387
9249 6886
9162 4112
2296 5938
6414 6686
9414 6942
1085 7624
8209 5814
166 4641
1075 1815
4452 5641
7134 1365
7357 7179
5868 7049
5733 8454
4356 4439
2992 3798
697 9800
821 1902
9900 4984
2558 6485
3426 5661
7723 9370
3137 5778
198 1269
9603 4064
1297 8779
1869 5608
9691 317
8970 6175
2226 46
6016 2662
9091 7471
6276 741
6941 4857
2921 1860
291 8182
3075 1366
7968 493
5178 4370
8980 9672
6298 2815
5821 4627
4487 7707
1073 5860
9310 3976
3031 833
1783 468
3958 2146
5175 4243
7509 1876
6641 2715
2594 3575
9468 4508
9710 5301
336 1866
6181 704
9994 456
7867 5830
3631 1475
9426 8499
1613 8984
7673 5156
3645 2195
6846 4531
6485 9301
6963 5284
2522 9616
2750 6251
7794 355
6459 4775
2007 2013
1773 1087
376 8543
4961 632
4026 4707
8419 9968
3515 1107
1370 5306
4679 5367
4958 4486
4947 1119
9706 1932
8103 5737
9564 7365
3177 7855
8970 4919
980 1152
4495 5755
2808 2793
9010 9900
5243 4832
9831 2253
9996 6221
1871 9031
8216 8854
3211 5327
1142 1221
1438 849
9021 7799
9632 8299
6309 8052
8142 9623
3690 8231
9311 3526
9213 6665
1362 1606
6886 4366
2387 624
9316 27
8460 8816
9828 8241
6728 2978
5808 8955
3 8997
5774 3713
3469 255
9737 919
3837 7421
3390 933
2162 5125
5069 1587
7605 3514
3215 7184
6730 3435
518 8783
1445 1369
4080 127
8714 3778
5909 2310
285 8175
9648 5577
4103 9798
1099 9722
490 861
6178 815
8300 7116
1626 4699
8143 6845
5130 8251
6865 675
679 9311
2063 6180
1518 9842
9300 69
3883 8104
512 4608
9046 8004
339 1332
9837 419
5817 8826
9820 1032
4272 2895
2361 661
8260 1923
6060 515
9755 4012
3723 1150
4620 3351
8549 8223
7883 2797
4980 3511
1663 1454
3093 2629
7205 109
868 1157
1853 9848
6480 9302
6194 6770
189 981
5032 6558
3449 5259
4781 7338
8982 2704
8113 486
3894 9114
3730 2720
6981 3174
864 8589
2816 9825
0 8533
3491 5860
8140 9052
8368 7226
7079 8745
3372 3632
8319 5477
4147 5976
8779 577
4028 361
3859 2500
5239 4838
6430 7680
7874 4137
838 4352
8907 1068
8361 7456
9952 6292
4537 7977
5426 5675
3283 6039
5832 3960
1181 6121
1760 2989
3640 8581
5488 3485
8820 2389
8810 3480
1907 1314
1438 8132
4165 8235
8698 5802
2035 898
9373 3482
5240 867
7673 2875
6361 6258
1702 7651
3558 7392
6003 1600
3960 1530
8599 6849
4954 1134
2790 3187
4628 410
3503 9788
770 9171
7010 4494
8563 7519
7567 8568
9725 3711
5129 5039
3918 6349
7802 2276
5374 2878
1440 3683
7376 1235
2981 3527
8023 1394
3660 5453
2677 8412
3399 6915
5871 4763
1750 3356
1724 6330
1402 3956
9484 689
6055 9579
5989 2267
9527 9951
4665 661
5404 2810
5764 8950
9853 8885
3249 6694
5442 6488
4427 5692
2443 1999
8209 4231
2442 3498
947 233
801 1185
7913 667
7222 9090
9475 9969
9139 8585
1611 8572
4345 7418
71 8261
9125 4078
7594 2508
107 3800
5370 5838
9375 4947
748 2428
3506 4442
8779 1902
8953 4515
712 7459
4394 1577
8108 7923
2992 9764
6520 3172
5854 9255
5069 310
7919 5238
904 5675
9931 5458
7493 4373
1062 9747
8820 2974
4931 4785
1209 206
5686 6638
2013 1069
3895 9555
6818 7430
7523 5110
7492 8915
9916 3525
5979 8683
5328 9345
5437 165
7383 90
5985 7959
4758 6035
749 2335
528 6402
4160 8029
1628 3879
3852 6220
8034 4581
1644 4332
1343 2098
3796 3613
6793 5255
4069 2985
8604 6852
6831 2126
7890 6740
2257 3190
6433 8215
5100 4102
1822 6610
7301 7104
5663 7040
7722 8356
8910 3363
4972 5018
9866 7403
7978 5957
4136 7362
4126 9380
6518 8161
6417 3994
2848 4515
8761 6952
1612 308
2035 1492
2911 3877
9692 6953
4930 1743
9337 4218
4192 1057
7142 979
7798 6072
7467 2063
8013 6697
7259 4272
2276 2270
6598 6110
5509 9515
127 831
9578 8477
4263 751
7577 7022
8024 3420
5419 9943
2094 6113
9514 738
7167 2253
5928 906
5596 1359
7644 8145
3807 1441
1832 9390
420 1870
3462 6018
6084 9792
5489 5637
3725 4794
2767 5138
4941 5087
6860 2699
3485 9950
7442 9114
619 1307
5908 9574
479 6907
9578 1422
2399 3131
1767 7493
4190 1324
5878 9402
5311 6799
6803 9026
3399 5034
2310 7477
9952 7509
8345 7778
330 7908
2923 3951
2989 2032
2846 993
8729 2356
5578 3908
1006 9185
7972 7303
4168 2911
8169 1704
9169 6160
1269 6456
9450 1442
1857 4874
4069 4274
824 4845
2506 2039
842 6787
4809 5666
3193 5773
8783 9824
769 6182
1441 137
5781 8633
8325 1736
8708 6895
4609 9303
1931 5401
3771 5511
2036 3846
9743 7769
3147 6449
8879 1692
6417 7243
2244 7219
6922 2304
7299 4146
9265 5609
9371 1045
5372 5981
4747 9645
7546 1620
609 8200
40 2538
8876 5916
6483 2349
883 416
1351 1059
9294 4566
8646 4634
2146 1545
9333 6893
4235 3711
7232 1552
7905 6587
510 8185
2397 82
6255 1195
7301 8647
4993 3536
4963 8965
7266 6322
3700 201
5008 8358
9452 6058
1997 1989
5286 854
8222 9672
9225 6730
3426 4048
7511 5005
4319 3808
7711 9194
3415 8103
8770 6600
411 462
3778 9863
8710 9658
4807 1145
8826 2014
5611 2363
2904 5488
2293 1871
7032 5254
8403 5847
5401 8829
8688 8032
274 5862
4373 9977
1223 5069
8524 7886
8999 9447
6543 8757
2386 6840
7439 772
1192 2815
7601 7277
1949 4670
7762 1736
6889 2921
1579 5483
507 2970
8144 4008
1997 3343
5267 6307
9506 1441
4870 1231
2620 4210
5037 9492
3083 5362
465 2638
672 4813
3408 8165
7999 3348
5186 709
2035 1575
6343 2106
2411 9596
9612 2505
4610 1151
9501 3533
6396 4150
7332 3453
4909 2528
4031 311
1476 809
2688 9387
1332 1836
2206 1974
8035 4934
7352 7402
7674 9619
4282 1702
7949 1447
4520 1335
3142 7643
7959 3675
58 1985
1899 3645
5325 6694
2299 1042
6017 5380
8177 5455
9673 5121
5181 1493
7179 5895
9449 7978
6756 7841
5879 1125
7750 8910
6359 8582
2493 2453
5685 7056
5183 5382
143 3988
9409 7049
9556 2106
6806 8117
4183 7598
8498 495
4931 9637
8877 6204
3049 6123
3620 757
6724 8523
7049 2455
4094 3370
8906 1955
3739 6784
6895 4936
9875 5892
4237 3947
3741 7298
695 1281
9959 9532
6981 8441
7122 8571
4460 8857
4554 2384
1181 4723
500 8459
4058 3043
4544 8134
8546 5928
8829 1424
7662 9084
8732 3730
8068 1874
2476 3935
1897 1276
6532 7228
4020 2773
9776 4282
973 977
2771 2524
6868 9919
1531 8825
1102 6137
3121 6800
281 6328
2415 2403
6209 8742
3885 6594
1676 1169
1204 1236
2879 7465
3603 9140
500 8663
4944 326
2035 5753
2822 7956
8316 9918
2220 2570
2487 5435
2471 8106
4627 5511
6518 2317
9307 1929
2795 2231
2103 8252
7273 3366
5486 957
1992 1670
4024 2801
6117 6211
4258 5141
5415 5997
2411 8899
9229 5681
7035 4797
9459 378
7844 8314
9252 4323
160 9946
217 2535
3386 6984
7183 711
328 8571
4150 7816
5126 7512
5205 2247
6702 8680
4347 1513
9619 4562
2657 1747
8030 6261
8444 2258
6783 2771
9646 8776
7909 7181
6124 2277
2536 5943
2346 2174
995 5960
97 9980
8784 7937
8195 5379
4940 4151
9350 8141
9785 5983
6668 3843
7138 7045
1684 5831
6057 2808
8536 4609
9132 6117
7175 2916
4375 4015
1789 284
1251 5784
9791 3383
8363 1279
5667 4205
1807 7990
7179 1965
2273 8926
5954 981
1165 8321
9935 5709
4198 9564
631 2545
7772 6791
7343 3306
7849 6483
8782 6391
6794 9630
8081 9053
8379 3718
7401 1320
8299 2824
2639 4765
4047 691
3511 6606
5346 7310
2770 7800
5786 5635
8061 3869
1510 7927
8439 2761
3091 3078
8864 7731
1086 6880
7869 7410
628 5738
1145 3081
3733 2194
421 5953
1030 659
7087 6113
550 3024
2720 5804
5272 7009
2399 216
2112 1576
1556 5622
6313 1951
1927 2803
4786 6239
3271 490
8329 7823
7110 1171
8879 8743
657 6092
4828 2944
5998 5475
7019 4523
1982 9277
6774 9802
7218 7030
4108 2143
5706 5349
5439 3823
7463 1339
3722 2594
7202 2057
1743 105
7574 4411
4719 4061
6233 8036
1779 3120
9320 775
5543 1746
4576 1183
2854 7267
8296 2636
5425 671
1963 1994
8168 2891
2917 9872
2491 7339
867 7298
2618 9549
3148 2244
3225 1173
1790 4235
895 2326
4449 5201
7998 5338
9433 661
1981 6319
4247 6381
6480 4590
7518 6505
5241 744
6147 7301
3624 5791
4013 3115
5774 2030
7804 4946
9295 3158
167 4503
8854 982
5277 6006
3426 5399
4349 3525
382 2449
9377 6989
9471 8941
6981 5574
7078 6073
9238 6062
6165 4561
4389 4342
1150 9248
2330 8218
951 2642
1334 7930
7386 2725
8848 1625
4441 3692
4385 8785
7295 5919
8860 929
8705 7667
2789 3445
9267 3761
6290 2480
6167 1414
6078 6921
1232 1479
3834 8015
4452 4718
4175 6329
1376 389
8927 2543
7398 1262
313 8447
8002 9164
4250 9917
6650 3666
977 1434
1427 2470
9035 2591
5648 4146
6221 3350
4470 2327
5568 837
8491 6974
7255 3593
8540 3420
8988 8539
5470 1264
3400 8737
4988 9005
7665 5859
1039 6079
3341 9944
7628 1596
4549 9981
3479 184
5078 1570
4901 3908
9025 6017
4255 357
9585 3868
8738 844
7532 8737
5619 1672
6467 956
3233 196
900 5882
4979 4717
8623 6309
1120 3205
4437 9921
4717 6973
8123 2353
6816 515
2831 1575
9156 807
8626 3767
4998 2843
3763 6406
1179 5207
3165 4708
6196 951
2262 6419
826 7938
2776 9715
6980 2278
7997 7388
1063 4965
7971 3767
4813 2454
3919 1257
9950 9706
4638 1629
523 844
3702 2781
3738 4436
7178 1693
2555 4392
2941 2116
7880 367
6510 9256
7179 1108
3090 5044
5050 9507
5360 5224
3486 1331
9013 4206
9650 752
2264 2708
9174 3252
3143 5643
9810 8673
8704 9051
4312 6573
5548 1904
4914 6907
9077 5286
3691 8354
4761 9564
5466 8988
3878 4696
6840 8205
1221 1207
4643 7422
4820 5743
7467 9829
4571 5155
9401 4291
1793 8802
1200 6649
5030 7996
4635 8344
1216 2274
2134 4020
9668 3449
6521 1060
8090 2123
5711 4824
4244 1002
6549 4967
8519 8417
2621 9013
103 9866
9474 4013
737 9541
1990 6449
2577 7723
4743 539
5300 6720
5217 2862
8280 3310
13 4046
1872 5860
3958 9753
2500 219
4284 1232
7637 1376
4146 1046
7437 4562
2962 8788
5557 6938
5616 439
9184 1682
6459 5223
5445 3732
496 8996
170 5520
4873 207
1915 8969
1731 2978
9818 1724
8157 2013
9617 5582
2284 4990
3603 3698
2555 8652
7472 8371
5552 7664
4103 8500
2346 1537
6710 4210
7798 9067
8828 7394
657 5947
8736 428
2904 6233
4987 9316
6875 3474
175 6609
4464 4384
7243 315
2867 9689
9703 8134
4139 3265
122 5910
7960 1197
3323 2573
5561 2021
3364 8440
7482 3877
7442 6067
7018 8272
7625 4340
4698 7090
6453 7547
2385 9360
1403 7843
7373 1054
4733 9477
8277 8317
9261 9258
1849 4270
3289 4971
8715 6504
2292 1735
9895 9122
8582 8192
7964 2221
105 6082
2575 7313
3940 5329
8869 2003
8501 94
2782 5264
551 1813
3169 5608
7060 2807
5858 7641
2019 9919
4417 4039
1506 5362
2732 5589
4415 3048
5412 4099
9664 7602
5645 821
4163 1079
4398 8283
271 5071
3593 3954
4169 5706
6629 4678
1875 3870
6 6914
1406 9420
398 3350
817 8446
3485 6612
5138 2383
4868 8135
8448 871
8376 4704
9651 5633
4369 6638
12 1450
4210 8921
8710 6536
4131 9963
8174 5157
3209 2764
8862 4279
2920 601
7252 2782
431 5425
2290 5673
4817 2315
2943 5477
8900 7318
9803 6515
7922 2431
1567 756
8413 9321
8722 8787
5376 5628
377 896
5872 4380
1798 9077
1809 7941
3409 6358
4437 5552
9540 8218
7343 6949
1071 7568
1798 8893
4845 7248
5461 9874
1438 448
2735 4277
1763 6303
8767 7964
568 9394
894 3702
8427 2152
8878 7964
667 3291
5715 6438
3355 6246
1922 1831
3526 6957
6433 2087
5277 2590
7069 9835
2332 4339
4619 706
7258 8448
9286 6238
5935 6559
9511 397
6704 4437
1539 260
1109 7536
3310 9927
6332 5184
2829 7239
759 1632
8329 7848
4960 8112
431 1454
668 4991
5173 9252
2589 3306
5223 4888
8322 4091
831 4934
537 5056
8851 8208
8901 5722
345 4695
2427 4942
3365 3528
1493 2316
9746 1910
1305 6521
463 6943
932 6155
7777 3678
6448 7728
71 4029
1493 9580
7147 501
5084 7533
8308 5284
9422 2812
376 7881
250 4707
862 7262
6086 4437
6001 5891
4653 5502
4113 4787
9511 2585
340 133
8470 2408
6922 9554
5228 5731
7534 4909
2826 6544
3160 1620
5972 6075
2079 9266
6384 4754
5932 1486
8573 7440
3689 2691
8528 7012
1209 3293
8089 6253
8817 1757
8036 1220
1668 6137
9836 6102
8988 7699
1578 9740
7780 2644
1659 6345
2339 1701
4991 2368
8722 8874
8157 8672
8303 6236
3413 5261
602 7137
2878 4539
2620 329
1101 6537
5064 8760
5607 2664
442 9931
3261 2823
860 7289
6022 4893
3207 439
156 5586
2245 7960
332 6505
1989 2111
4240 7102
1417 9795
7050 2104
2106 7854
9846 7739
7243 3745
6338 8110
7018 1880
1786 5220
9347 7205
6843 1224
5375 3308
9114 9290
3530 8843
5549 6272
1521 5267
7750 1099
3242 5191
5360 5560
2670 4368
4002 5823
1089 2650
9681 8107
8115 1663
8179 9830
222 9198
1277 5552
927 5192
6317 3725
3730 8198
7524 9897
999 7530
2619 1704
9537 3473
8326 1005
6204 9202
3110 6615
4414 6614
617 5587
2886 9060
220 674
5713 7847
3936 3145
2732 654
2042 8879
8772 128
9221 1990
9353 4201
2290 8473
9169 1542
3183 2478
3752 8473
8822 1975
4645 985
812 2283
633 6490
2986 141
4592 9460
4424 630
4873 4514
7365 467
2594 890
3748 2349
4349 6692
4096 2273
1167 280
3455 1500
7415 7913
8821 6773
2316 4744
4752 1351
1166 6262
5648 9545
3263 3513
2505 9595
4187 5034
1793 8143
7282 3129
7525 450
5846 6126
7432 5590
1119 6669
1659 2957
7916 981
4567 7492
2469 325
2695 1833
1964 8491
8371 2811
1041 3531
1095 3901
2964 8824
9027 7062
1206 9394
2139 2696
1224 6636
8351 5226
4565 4360
1557 3013
6012 8674
8769 5800
7701 5542
4054 1384
7188 9886
871 1831
763 2876
535 5359
4522 6481
2798 4507
530 5144
3756 1539
6296 9489
1320 3699
149 8189
6258 2406
2265 5555
3975 1860
6287 5774
4770 1893
7836 8739
127 9409
2641 6210
8667 3942
2640 4408
711 8804
5900 3886
6748 184
3785 5283
9160 9379
6114 2689
2214 2743
7961 2894
6428 2605
6537 7441
1582 6902
3063 1470
5295 8348
9799 3152
4216 4468
1163 4786
2753 5299
9782 4378
3933 4698
7423 1427
5682 3567
6561 4534
3653 4505
2495 8964
2676 3400
9877 5395
3005 8270
745 4690
2589 2846
4353 3146
1378 7952
2062 8899
5105 862
9941 4544
8340 3342
9022 2168
2859 2539
6582 6162
5619 7122
8383 9164
2516 1959
5576 7000
2613 3810
7335 580
6538 5898
8818 3348
8525 6587
8125 1310
4027 5447
9917 290
9813 2487
6571 372
5158 3004
8917 1559
2853 8998
4510 584
7392 7423
9734 3780
9016 8645
5188 8599
6636 1715
3471 5954
1902 7180
1404 5768
2338 3251
4690 7269
5716 5289
5305 8204
5832 6179
3953 8763
1869 2296
8751 7341
2299 6276
9426 3404
44 1180
9188 3344
9415 4287
9980 1257
3303 9844
8176 5349
9626 3382
3351 9422
3909 8585
3581 6739
1189 6103
5023 8049
3472 7692
1670 6590
6922 3418
3953 5587
5380 7386
4491 499
3198 9056
4636 6492
1933 5273
3180 808
7752 372
8849 464
636 906
9705 4590
3984 1147
8803 4126
5635 5639
4056 2721
1088 85
6648 5629
7043 6051
8974 3524
7478 1563
2325 4062
2949 7278
9556 8710
6432 8673
148 7567
5278 4944
6403 3585
1405 4355
65 2260
1400 428
9176 1287
9458 2329
3784 926
1983 460
5040 1142
4834 7572
7513 6501
1937 7416
9820 2099
6005 512
4164 4463
13 3024
830 4400
3809 5106
9773 169
9044 3471
1706 1943
9715 8234
7704 1466
4267 9272
7893 8269
7479 3679
8557 5268
7974 3258
4425 3906
2043 9751
4709 4724
1758 4318
5743 1006
2640 5950
234 4783
780 197
306 7587
808 3803
3387 8837
6811 1132
7762 1391
120 8464
4565 1824
2617 4025
3118 9128
6199 8969
2970 9187
7253 9533
808 3311
6397 889
6301 6540
1010 1697
5109 8864
1045 2178
3828 8276
4339 7531
1290 5614
7322 1547
8276 2539
2876 9048
9295 5145
781 5257
5944 9902
5831 9233
9663 8617
4845 4120
922 7731
2316 3640
2630 9345
4477 8817
2392 2745
1414 5753
9585 3343
9889 1172
560 3051
3781 6299
929 5528
9568 3020
1939 1755
8982 2335
760 3022
8563 352
4037 7432
9100 5341
2633 6059
8084 8125
6795 4778
3594 7371
8267 7461
9520 4414
8347 1987
2214 3751
4359 9162
1413 8055
2959 9789
9496 4586
9237 7187
1332 979
1234 1312
1672 3396
8899 1778
7119 635
4656 8458
3522 3172
3101 4245
6955 3087
7578 2374
3989 1743
3845 7314
6431 7820
6047 9608
7263 7222
8252 6507
4083 8198
9396 4493
1634 5474
6534 634
1377 7037
2317 925
2034 7289
4106 9843
6503 3210
1600 9594
3957 9000
8447 8038
4979 2048
696 5376
193 2904
3088 3883
1813 2269
352 9301
2304 5019
8600 1974
4095 1960
6292 6856
5150 4109
8902 4850
7832 4770
6339 7011
3945 5189
8314 152
5700 5895
1439 9002
5440 9123
9190 9607
9357 6716
5034 1467
7733 9761
1981 250
5421 6352
698 6925
3242 8036
5350 3143
8609 332
6325 7331
87 778
7481 7388
7991 1669
8389 6920
3858 6060
4864 1138
9056 5734
8469 5683
9332 1147
1623 6668
6750 7720
8130 6546
2570 2387
1661 694
9814 4188
331 2464
5266 7900
6896 8471
6367 3917
2977 9952
7593 1094
1556 1761
7409 4129
4343 7985
1235 2970
7804 4414
7751 5462
2994 8586
9811 3838
9455 7826
5677 6582
9497 7340
2717 1343
308 5469
3841 9573
677 5221
4427 8709
7845 1016
3621 3103
3090 8297
549 8356
5280 1748
2491 397
6396 952
6247 5191
640 1328
4391 1998
8018 1293
8398 7717
5912 1858
7073 1328
9878 8443
794 5982
7368 3066
784 5750
1451 4271
6222 2988
2757 5972
9071 208
3493 3571
491 4516
2645 2836
3338 2776
9852 4342
984 9348
6272 6841
6066 5249
5048 5574
604 1828
5056 5900
5172 4872
9078 5416
225 7751
7905 8208
1190 7333
641 1980
739 8009
3009 7889
8042 9368
6089 6443
9567 7280
6704 8695
6584 5278
4143 9418
6388 1708
1 4946
8312 5915
5782 7575
7220 8568
9031 7868
3221 990
3107 6808
7443 7593
4088 3148
4554 7682
4830 2593
871 764
9229 9647
4280 8185
3967 8172
6246 1625
6639 7391
8094 3169
6785 3104
1130 932
9595 9006
3439 5184
3537 1628
112 8472
7119 6985
3823 4137
3487 8186
4163 460
2282 1670
3430 3783
5307 2702
5829 2048
5263 4568
9835 8255
3881 5991
8439 5406
9394 9992
8185 3680
4621 3978
748 475
4632 7291
9485 4035
4527 1052
6633 7172
5995 1104
4677 2764
3192 4822
4359 6660
1796 1520
34 8361
2979 2672
9215 6874
6687 2254
534 1760
636 6536
4252 5829
346 8199
3046 1410
7299 9273
8220 4298
7701 5953
1849 9788
6106 8759
3791 3737
546 5453
1959 9459
6610 8607
5798 4765
6182 1526
3419 6853
3314 2393
3700 6138
1046 4832
1681 3836
6815 279
4208 6751
9482 252
2375 1499
1140 5637
257 6820
4334 417
287 1040
9036 2569
6512 7018
4315 6258
6443 5939
3746 8722
7865 4847
546 6156
3280 5187
1447 7354
7273 6313
3121 2870
1363 2493
9996 4549
417 5432
3130 64
4734 422
1043 1968
3393 4086
3907 438
3499 6285
8626 2661
7389 6200
8336 317
4247 8892
3119 9428
9995 9803
2619 7970
6448 4454
3620 3113
1027 1321
2780 5695
6519 8568
8156 8602
7645 1268
833 9927
5023 3097
7108 4647
8614 7927
9367 1735
2667 779
7098 58
8714 970
3182 6261
5491 8650
1345 3815
8011 6636
6696 4130
991 5481
5835 4746
56 1080
4537 1305
8218 7658
2012 445
8758 7602
5816 5279
7856 4292
8061 9553
6907 1561
1421 4259
447 4300
1367 2401
5917 4916
7760 3709
4969 3471
5379 6708
8198 6663
5024 1536
6512 6035
8000 5082
7939 13
8233 9481
5289 1787
3996 2891
3424 6109
3772 7983
6793 3954
4777 3005
8765 4838
4970 8227
6602 9036
4938 1565
2235 8868
169 6623
7110 2874
6787 8194
8767 4683
2189 6713
3322 4420
5307 7838
9566 9544
8975 1022
1956 7566
8365 9918
7631 5957
6633 5353
8053 8165
2162 7703
5756 3444
456 3659
8464 9393
2040 4105
8320 640
3480 5234
2712 8115
8238 1677
6297 7585
3227 7028
9173 5221
9893 6088
6919 2614
8306 2162
9887 5662
7504 1256
5083 138
4721 2808
2321 7293
5092 483
8632 8625
5199 1849
9559 7307
6200 5437
8533 4538
9395 3876
2240 3275
3093 3680
1833 7132
7288 435
3692 7883
9031 9170
93 954
3577 8217
7582 6050
9258 6325
7677 3377
1461 9953
3882 6530
8126 9440
7815 231
8091 4963
2040 9013
6083 1352
3721 3883
2799 4736
47 8560
6125 6155
3510 1273
4659 3331
4954 5172
5920 1217
3458 2293
2190 207
1622 9770
2020 4459
7329 9772
9976 5813
3969 7909
4082 8198
9323 5352
9067 125
7436 3569
8340 2038
635 8234
9075 6073
1658 2551
2040 5821
9402 1584
3614 3639
6734 4968
9182 675
8280 4318
9917 525
4432 7519
9077 1693
9651 4598
3153 2653
7448 5138
3153 1240
7806 6578
8046 6544
4225 5071
263 796
299 9622
5226 1148
4135 8993
1743 3995
7537 6433
4270 8128
2697 1273
5681 4881
1014 2426
9332 4085
7271 1223
4280 4291
9284 2692
615 2012
4996 9904
9505 5186
1288 1436
7989 980
8020 7751
60 1943
7566 8343
3664 4178
1007 7126
282 5942
5670 5415
9160 2104
1180 6339
3468 8893
7458 4229
3442 641
7526 2526
3658 4195
7269 8629
3475 5040
7514 4079
8825 4331
7652 1958
5125 9558
2758 3290
6387 7808
4632 5953
7153 2043
6619 1084
1923 1128
3354 1575
4371 2514
4876 2716
8085 7235
85 2214
2489 743
4044 7117
8442 6075
9288 7314
1731 881
691 712
7857 9220
8209 3261
2148 5858
6569 1348
4383 3514
7650 4081
9839 7763
457 1872
7752 7255
8830 866
8266 9803
6863 2165
8899 3036
7308 6430
9582 8087
2330 8038
1849 2308
7875 9934
2516 1808
1914 3392
9061 7798
1164 7060
6185 7146
4338 2764
1381 7634
499 5741
7274 5137
1367 9322
7831 944
4262 7358
3368 1883
7198 3446
2476 4198
5891 8537
6933 3962
2801 1445
4825 4464
7614 39
8325 9977
5067 9797
5488 3879
9432 1660
9181 5788
1783 7202
267 2765
7000 9991
7383 8258
340 9661
3249 2557
8822 193
2780 5364
6483 2101
718 2525
6794 363
6919 6277
1287 3472
6207 5724
6033 3906
776 9953
307 2591
8915 9142
5560 1244
9582 6608
447 6911
6571 5981
8110 4042
9148 8065
7667 3829
4361 1551
838 6038
2900 5201
9002 8991
36 4965
6162 4100
3646 500
4384 6135
2483 5519
1432 3762
3106 5752
5108 2704
2957 1978
8081 9641
4649 9654
6294 8809
2815 2924
9268 3243
6847 7938
393 8135
629 2628
751 9925
2979 4936
1122 6796
5486 3164
5550 5756
6133 3567
1606 4020
6380 3432
5457 7521
3607 7591
2415 5412
1377 6151
6058 9295
6669 2172
4632 7164
851 9310
5964 9337
6604 4354
4572 8564
9609 7810
125 8142
1085 4632
5786 9023
9324 2668
4676 8103
7867 7207
2963 9244
4854 756
6427 1237
5536 8306
6730 4338
1829 9304
4653 2277
9612 6694
6498 529
328 7731
9257 9037
1214 9480
6339 4021
4912 4937
4588 3358
8872 2235
7510 3060
3104 7703
6586 818
1774 2793
19 1580
7134 3429
5526 508
3815 8167
6233 152
1439 261
2581 1085
8426 8339
2822 5354
7806 7619
8255 4939
4418 8743
4026 3487
5413 7460
5933 1449
6298 6741
441 352
7729 121
907 8611
8193 4410
5093 8957
5666 7739
3095 5200
3911 4717
4375 9233
2168 5198
480 4240
7437 7262
118 6499
7383 6527
6775 6014
8361 9865
3517 9905
2067 7928
4913 8509
5119 2499
697 2356
6820 9193
722 5388
1752 8761
2169 3808
2995 3726
7618 692
2286 1029
4124 2514
5706 6141
3676 9494
606 8906
8549 3266
5864 2742
9402 2447
5812 9173
5850 6369
4522 2403
1002 789
5474 1532
928 1881
8978 4583
5003 1032
5768 6880
6288 7553
868 3089
3168 5140
3501 3020
8325 200
1747 8199
6571 7739
6852 1557
155 359
3992 4397
5874 9742
2039 4457
3921 450
7915 430
3934 6002
128 5906
7095 6597
551 3519
7543 876
9770 9170
3216 7080
1290 9872
2152 9848
4292 5158
5121 4908
9346 4092
9584 3915
7837 9573
5392 2653
9056 8693
5471 4374
2664 1360
9317 3120
856 6283
8196 1139
2922 4625
795 3604
9487 2628
1605 3703
9638 3422
1183 978
9259 2546
3031 8784
8599 7908
9168 4783
6118 4546
5553 615
966 9966
8989 5431
4699 9145
8461 9757
4831 2845
9962 9137
3639 967
8679 2415
3441 8079
2810 1647
5193 6181
6891 6195
8474 2170
8229 4764
8305 6824
8682 4617
3822 8591
3748 814
6132 4525
453 1101
7296 8489
5871 7907
9142 9693
5200 577
1686 2125
2694 1477
5630 440
1424 4085
3977 7450
6933 2040
4565 2491
5757 6817
8690 9864
8333 248
6438 1884
1536 6743
7358 3930
6801 1806
7791 8506
5942 4019
9803 1709
2262 8329
6526 879
7626 7356
4392 5545
3249 6231
7749 527
8590 6194
2024 6668
9212 7291
1558 4920
3858 1327
8367 3940
8978 6646
6775 5170
8363 3336
7586 3347
3982 3888
1423 8350
8845 9675
8811 4458
7311 845
2950 1529
8577 8384
4515 9361
967 3882
1288 5543
1615 3946
214 7418
7942 8846
50 6122
6484 8325
9970 3699
931 7436
2227 6202
93 4407
5159 4226
2675 7517
9260 4027
7578 9248
4471 9977
8959 6664
8048 3468
7868 2380
8951 8113
5170 4508
7700 3892
4230 9853
604 8320
856 4706
3440 3333
7694 1203
1263 6165
240 8141
4891 6523
2829 438
8009 8216
4843 1995
2834 7179
8955 5544
3831 5212
2042 9042
4161 7510
5603 1813
2918 271
7507 2806
6920 213
1349 772
6023 198
5835 8335
2071 1772
9598 4068
9260 9955
1868 1589
737 5113
4001 7858
1832 3745
1905 7302
5244 9587
7985 9440
9651 403
9157 7387
8335 7101
4644 1533
7347 3850
1400 1513
8947 9362
2465 3857
9028 8350
329 8619
3650 9016
9314 4654
1505 1202
8540 1562
4843 975
1314 3250
2439 2914
2644 1303
1451 8881
5152 9170
5464 4725
6057 4413
6676 7025
4218 1838
9125 3949
6452 6209
4425 2126
8690 321
2403 1395
2718 8243
8800 5758
8636 2176
9879 4461
3652 3869
4910 7509
7693 9832
2185 8298
4565 7696
3518 237
4317 6017
8676 915
481 4619
794 3165
1445 4783
7492 7113
9627 8710
2927 1109
642 301
358 8555
616 5136
3341 253
7055 1634
9195 7438
5646 3414
1413 427
2398 9950
9748 3205
1045 4477
4520 4219
3520 955
327 8
1816 1637
9006 1942
3463 5629
1352 8910
6901 6181
1772 7310
6715 8052
2160 7109
7576 3075
8748 9838
2033 9735
1306 6038
8579 8699
9369 5371
4549 3113
7776 9412
1113 9461
3295 5975
3169 7989
8081 8075
926 8993
6255 6971
531 2323
9534 4578
2840 5291
3592 7577
3307 8226
4376 3547
5984 2217
6063 3218
5305 8254
4003 7312
4177 2745
199 9931
8915 4249
1462 9621
9160 1558
7801 5703
2332 3731
9752 9274
7330 7666
5949 1506
8350 3123
7300 3608
224 7691
5247 7906
161 1885
9045 625
2565 4039
2906 5206
7393 4556
5290 4657
4486 2425
8751 376
8475 4902
3123 849
7673 3676
3311 6717
3807 525
1249 8848
9270 7268
9196 9585
7215 9514
7705 1258
6425 3298
3900 1036
9582 5074
7313 2851
5421 6814
821 7969
4642 7347
3058 6074
5809 7436
3218 2556
9090 4004
5012 1192
9991 9386
4235 1489
4265 810
8580 1712
6351 9277
8672 5362
5152 2559
7776 9535
2592 9625
7343 3911
5623 2587
6585 9354
4399 1704
8297 5428
3324 5613
5455 6228
5974 3375
9201 680
6209 6752
3272 5895
2398 4126
8492 9546
7274 4488
9018 8264
7956 5278
8001 4252
9324 3300
3260 1125
6903 2818
6553 7306
5375 3355
9960 1112
8055 1000
6496 5417
61 7569
459 5218
2312 7719
1778 6202
5216 2913
7139 4050
3036 8225
5182 4582
7415 3697
8767 7166
6476 4288
4950 1905
689 2355
1827 4999
320 8506
956 7352
6799 16
9073 8279
4097 606
7238 8165
5462 1165
5663 8275
1661 1109
5403 5607
1018 8151
567 4042
6019 5556
6484 9277
4036 8840
4946 5717
2322 6535
8475 6842
13 6514
8220 7575
4158 2101
3854 4223
5072 8752
1267 8989
7259 7248
6124 6293
2347 7177
119 1677
7983 9411
8662 4418
7181 1471
9563 2744
2324 2325
799 9425
4905 3369
818 6169
6243 7121
4380 6940
1938 3695
8674 69
5593 6292
8453 4611
4780 5308
3508 426
613 3633
3713 7940
7057 74
129 8050
4983 3413
9149 835
6921 2876
6534 8671
5843 1686
7589 8048
7152 3053
6800 2110
5579 7735
7945 3142
9011 3619
2161 7862
5960 2226
5737 4407
6962 7136
8713 9735
8994 1869
1993 467
9792 7197
7756 8526
7282 6216
5789 6880
622 894
8658 7709
7430 9483
5069 8640
4931 499
4802 8292
8797 9002
274 5440
3814 338
9557 2589
2006 3554
9191 5141
2257 9648
153 2329
1669 2219
4728 5550
7040 9863
2379 2950
8878 1573
3637 8215
5807 718
7739 1994
7 877
5536 481
3824 3270
6619 7782
9146 2615
5578 8749
5154 4249
9904 2325
5776 290
2426 704
7802 5723
591 572
1430 2121
8901 8653
2925 2747
5312 9881
7227 7038
9702 3280
6931 3664
2126 7734
576 2655
919 8415
4470 5373
8357 4054
4486 8675
3094 5657
7872 911
2802 292
9299 7595
9153 7768
3328 7067
566 9784
5501 2419
6105 8736
5205 3315
7171 931
1836 5968
370 191
3824 7423
1469 2175
2284 3393
8225 989
8470 7414
5193 801
2824 9919
3340 8891
732 5444
7968 8969
592 3391
7309 5461
809 3779
8045 7439
5811 380
1055 6802
4678 148
3018 3333
5733 4207
8175 0
2128 9604
4231 7033
2810 9529
2059 6442
4133 378
9059 5569
5016 4117
4374 4116
3474 1045
832 7086
3945 9448
4818 5739
7035 2095
6258 8012
1222 8515
5379 9095
5331 8158
6880 6398
3948 2685
2930 6538
9582 3616
6369 4499
378 7962
5831 6991
2950 8556
8096 102
7329 4169
8846 7646
3155 1589
3929 2263
7346 2959
1027 5604
4337 6760
5577 5828
2675 2030
2869 2317
6013 7562
7696 4981
3370 3890
2790 7020
3656 5820
3010 6889
1375 7777
4232 2351
7298 7609
1169 9243
6334 5672
4049 6077
6015 3412
3316 2257
5058 4930
1095 3241
1525 8573
5940 3368
7131 9938
1989 1550
2556 7946
3689 7435
1432 5845
4292 9650
4012 3599
8688 7916
9037 7186
866 2949
7266 5480
6344 1191
1950 8699
4574 5712
4538 5724
4575 5011
7217 3436
4041 7433
8293 2521
5913 7153
1984 2168
9877 8683
3141 9548
4233 5213
9908 3729
4873 6144
1212 4872
9654 7786
1338 3743
3244 2952
8240 2539
9767 2232
7394 1829
6789 1825
4489 4846
6055 7887
2202 6304
4449 6655
2689 2275
5265 7251
4726 8249
2908 2242
1986 1415
9972 1551
667 1696
3094 2548
3547 4063
7167 7692
1919 9552
8575 3354
9707 7676
7797 1577
7787 544
8026 4256
9220 1289
7226 225
9128 7598
2397 8447
9113 1785
1797 8010
1893 4995
4559 4329
2527 4187
7115 4818
6846 3491
1081 8056
4287 4856
3657 1922
5510 6652
7125 5028
8818 7441
9243 8605
6238 5555
5489 604
2243 3107
1613 4943
9211 8876
9581 4841
5872 8452
1824 1855
259 33
8440 1216
3977 277
7591 5055
1472 6759
2758 1422
175 7151
6485 2185
5227 5534
7516 9659
9958 1160
6112 177
5873 4799
9522 1338
6242 5085
5553 2855
2721 5293
8623 8437
301 8023
9569 3619
8284 8359
1712 2914
7295 3080
2669 6665
611 4786
674 7458
1748 5020
2355 3829
6380 6176
4451 478
3898 4347
9474 525
2893 6813
9332 2619
8671 4323
7725 3508
4079 3582
1305 7301
2566 4831
40 4034
9899 7218
3670 6644
4067 7252
9929 5870
8704 5651
2339 1131
9962 6113
8584 7910
6059 2195
7113 7590
6883 5020
5167 5891
9756 5281
7411 2153
6616 697
425 5656
4679 6899
2253 8005
4965 7828
6118 8961
1888 6443
4216 2836
2919 355
598 4502
1597 6389
3555 4682
7709 6870
8825 6375
632 7396
2323 8516
5962 1321
5669 5983
3578 5578
171 2746
5504 3599
4831 4850
3681 5246
1940 1886
9093 9382
3248 3200
1354 6853
8486 6091
7409 5174
4865 5794
9030 7531
477 3000
2718 5219
894 1674
2441 7241
2772 5029
1638 6905
6647 1445
2598 126
5580 6843
5416 3917
5450 3338
724 6552
5654 6718
7267 6992
6122 7321
459 8410
356 9419
4937 6220
7146 1470
8135 4933
220 9452
5581 7030
1810 8045
19 801
5172 8848
5365 124
1337 9141
639 9170
9062 8069
3880 1767
3400 623
7083 6133
9677 4224
7247 1943
3213 7694
9577 2722
7814 7841
6696 8091
7988 303
3198 1337
2208 5954
7998 7640
4511 4392
384 519
4492 5238
3410 7407
5968 6793
185 832
7692 9596
7397 7721
7769 3103
3330 9108
6055 2746
2810 2476
8146 5102
9928 1451
2675 4948
1112 9493
7059 5092
4955 1227
1674 3364
8118 124
8741 4107
2633 9662
8069 2353
4173 9797
4356 8549
7239 5454
9443 378
8361 4363
2367 7183
7912 9420
2530 8154
1144 6677
7830 2928
5139 9137
1652 1507
4280 5267
5019 2665
8576 1253
1596 4853
2045 4912
4785 2212
4171 5990
8798 5654
7416 7855
3440 3670
7536 1694
3905 7720
9888 8271
9134 382
3900 7711
6688 8840
1309 1912
6726 8918
7730 4376
8516 4538
7175 925
6325 6943
1091 9999
5019 7504
1771 3417
8967 3990
9348 7781
6452 2050
1622 4308
1758 2995
4539 4007
9808 6485
5095 6558
331 4615
418 7946
4338 70
289 3824
2850 9307
2706 3820
5423 6413
1222 4351
5610 8773
489 8311
4831 4445
4332 6090
5690 7875
7988 7263
5961 9664
2555 3289
2029 95
4501 4432
5402 2332
2541 3070
9646 9307
8685 3283
2462 338
4317 8869
6204 5764
1090 9991
1333 7403
3112 1957
1063 7457
9050 9753
239 2091
1214 6813
7664 1187
9534 9182
2256 4848
3777 4266
9468 52
4504 3926
9484 3794
1283 8541
9698 8506
8004 6585
187 9138
9548 4135
3720 9522
3666 139
278 9612
7410 79
153 327
5394 5737
9271 5431
5679 4632
1441 5402
3158 7322
3597 7089
7438 6014
574 5545
2963 432
5109 3045
7742 8359
1137 5290
7823 2615
7617 3382
6717 5587
7051 7758
6372 6243
3013 3587
8125 7693
5680 256
6859 4243
7204 4259
657 5433
150 645
8882 1746
7591 7624
9152 1718
6614 6348
3846 7730
5942 1470
4737 7756
218 6957
7977 8800
4012 922
6781 8876
749 1531
3244 6501
4886 7500
3792 8500
8989 6372
9909 1281
5860 6527
1240 5178
8284 6141
1978 6304
6519 8934
7540 1694
4682 6360
3668 8966
3777 1071
6741 9514
5084 9071
4269 2116
5431 9233
1151 5123
1448 4760
8545 6066
8913 9999
3177 6215
3686 2992
8400 293
2280 7395
7880 5726
6896 6386
1594 2648
2375 6150
8216 9866
2066 9135
1505 8340
9899 4564
4515 3209
6618 7973
8266 2282
4995 1978
8998 7871
6456 3099
5019 9716
3567 3898
8227 1263
1247 880
5854 3290
4900 8147
8265 4193
8242 401
7644 5993
4149 3963
2270 8602
1399 7809
8883 5787
9739 8470
9589 7817
2231 8704
5568 2755
5470 2910
9703 901
3259 6550
8581 2207
1338 5194
7422 4850
1552 5366
5348 838
9979 1737
3621 4155
4691 6942
929 490
400 3462
345 6774
5718 1779
9827 8261
4827 8563
5946 6693
1993 8711
8434 9565
3438 9007
1274 3025
6224 629
6074 865
8959 7554
8492 4351
755 6320
9943 27
7156 9758
6726 5884
4281 6409
4279 4269
6104 5437
3823 2050
3595 2200
858 3094
3092 7207
8017 2963
6039 6208
1541 2364
9478 2826
8039 4602
7466 7949
1802 9041
508 6418
6432 8031
8100 4918
2656 2449
5177 4177
9065 5585
5943 5069
977 4623
543 5045
3543 1067
9544 8203
6102 1917
5411 9190
42 9617
1036 4759
2413 6834
6572 2054
7578 6338
8732 9998
7379 4083
9300 1057
3230 2357
4433 9209
5674 5420
9524 4717
6271 8493
7415 6988
9060 9878
7308 2792
3834 8327
5502 6690
1973 609
2104 2847
9034 1913
6948 9636
4660 1048
9419 9683
9345 578
9675 2817
7370 1922
6808 435
1279 4030
6233 3189
7072 8956
1427 8918
1993 6129
5155 339
6549 2033
3908 9247
2163 1721
1680 748
6726 4676
5043 6633
6998 2077
2827 1672
3204 9458
3148 3787
1338 5058
7105 9210
2721 9699
4941 7699
6172 6258
3503 4686
5858 7048
9731 5516
2969 4629
8244 204
542 4203
7936 3833
6929 1050
5525 1316
5228 8131
9591 4041
6564 1500
3539 7728
5881 9183
8989 1235
7800 2255
8822 519
9311 4392
9770 9705
8224 5825
1317 5494
6351 5809
6470 5686
3429 7387
1915 8039
4935 7624
700 9554
2609 2448
4980 5595
3260 4852
6137 9098
6559 1323
829 1345
145 4678
8973 5786
364 5762
1782 1727
4477 3002
7864 6581
9768 3831
8131 773
681 5109
5726 5064
9349 242
534 9311
5087 3446
1091 2285
4694 5130
8407 7873
9580 7238
7119 8675
4481 6523
9148 3930
2078 6778
8379 2344
6829 1215
8320 9091
9445 5613
9538 2801
1764 8167
4719 4143
3733 8601
8528 3102
1794 1505
9400 6939
2707 9405
518 8825
2195 5553
9721 5548
3427 9829
9635 1125
2200 377
9062 7509
5952 1958
1484 6768
6722 6547
7987 3872
307 7184
3364 2435
2693 1811
6052 226
762 3564
788 7950
6806 3975
355 9545
9347 2286
996 5390
9645 8504
4938 495
7197 5266
9423 2729
2900 1513
6436 5942
4125 785
7059 238
3973 8276
9680 139
6070 2874
4190 5960
7086 3218
5118 5700
2991 9755
2673 9833
5376 2961
3295 9188
3265 7879
5344 3009
1196 5821
6440 5476
2038 2158
4736 8949
2756 5113
1119 1001
5131 9466
744 3738
3296 2581
5900 5107
9118 9230
9360 393
9301 3335
1113 4361
4495 8471
3444 5354
8159 8691
5618 1055
9571 8716
5504 5404
5864 2422
4869 9169
9916 9424
6725 2536
2782 3348
9475 4375
2546 6364
7411 3651
3072 5423
5660 8257
8716 6999
2493 1082
6385 7696
6967 3946
279 4624
6295 4981
7619 6589
4423 9415
6365 9311
602 2742
1325 4660
9302 4471
9279 6153
2559 1929
2166 5196
6301 913
2812 4555
7967 9987
6982 616
281 9915
9494 4396
5385 9541
9899 5236
2360 6575
8260 4061
8571 3976
2305 4168
6745 3717
4810 6730
3751 9712
3001 2130
9151 9005
9890 2103
8464 9131
4419 7454
2014 2723
9126 6181
8362 9473
2595 3247
4204 9820
6658 2764
2716 2675
8095 2340
5969 837
5206 4689
4945 1181
1262 6038
1127 8233
9970 1423
6338 2037
6266 5254
9033 2921
4952 879
253 476
9966 6993
4343 9491
9182 8530
657 2761
3609 8589
4593 7709
6328 7298
9375 1763
1737 6907
6839 9176
1553 3991
2762 822
5200 2949
3391 9263
8627 7422
4695 1625
7410 5054
1246 9255
8377 8129
6749 4752
9508 1303
4509 5791
8404 5299
9894 6342
2062 7430
5701 8447
6835 306
6060 4144
5082 8190
7347 1770
1352 5782
8188 8303
3170 6315
148 829
2890 2878
4902 7131
5669 7812
1977 3087
3453 7047
26 2298
1506 3818
2004 2497
3211 5270
1627 8217
5642 565
8585 2829
4846 6010
576 2623
594 779
5854 7673
8402 4845
4702 9678
8894 4491
9770 3027
7943 546
6494 4739
8375 7675
9673 243
8429 9541
7965 7155
3013 2207
2853 4525
5863 8656
1558 2510
4262 3299
7726 2190
5160 642
2809 8126
7253 5149
1299 1164
1944 3303
2472 9270
5986 3326
934 4825
270 2357
7940 4628
4400 6671
572 7662
9895 5802
8835 3681
5841 4614
5610 2721
4318 8657
8605 2781
412 3088
6792 2865
7281 3596
5130 2357
4552 3494
2369 5942
6098 5736
1573 4847
3053 6026
9793 6068
8307 5374
4987 3786
7465 8824
2405 518
8984 4941
9564 6465
5785 2392
5102 8804
184 8611
6489 2886
1627 9496
1230 5791
4364 9331
6756 2968
9282 9043
5016 2594
174 7694
578 7839
1057 4654
3236 32
1515 5932
75 4652
7838 1111
264 506
2113 7777
7752 492
368 5319
8319 4888
4097 5722
2436 7668
1762 9359
2486 397
1213 5439
5996 5667
8141 7611
9257 4725
3483 2785
8094 9524
3345 3572
986 7479
3311 3786
3293 5899
9868 4327
7370 5828
9044 1761
4330 8533
1104 7441
7437 1448
5524 4085
4924 2538
1825 9588
9002 8886
3915 6063
9833 2572
6964 3744
296 2366
9015 2450
3530 3447
593 3501
6514 4232
5338 8604
3914 8337
6690 7117
6195 200
9014 7380
4791 3577
7377 4892
9082 1338
79 5692
8639 9225
61 7745
4599 8772
140 6605
292 3989
5685 4892
9900 1400
4630 4143
888 7419
4682 5912
8460 5425
1991 4384
4257 2290
8753 9944
2174 3379
2892 4906
6374 269
4447 9163
9114 1565
8643 6143
7295 7959
8042 9081
458 2263
5341 478
3512 2006
9310 2645
8778 38
4380 9645
7678 6539
5477 4938
4489 7541
5942 2174
7344 2590
3821 2688
3669 3500
3584 332
4990 707
1638 1383
2818 7626
5730 6493
1469 7481
4513 1544
8339 5324
1865 7647
8497 4022
5473 3769
3359 854
3472 2652
6369 4814
2029 7751
8653 1622
9973 1544
8775 3532
9436 1818
1015 1013
618 63
2013 1797
6967 9158
4187 8679
9249 6873
432 3449
5545 374
4052 2296
7519 7480
1295 515
9010 1393
1061 1742
3049 5990
9676 4150
5535 8775
942 5211
1561 2666
6873 6687
5827 2243
1332 7514
2857 721
8525 631
9570 3351
3309 4895
6838 1798
7868 2672
2624 3044
17 8233
6142 8572
3810 2869
2165 9138
7466 9649
8098 3488
7048 8076
5739 9393
1476 9514
6628 3561
9884 3909
8926 6176
8333 9312
3913 9658
8942 4745
7226 2996
4149 4603
3976 8252
797 77
5361 9405
2767 4891
697 6070
925 8735
9266 6
1918 6219
5367 4599
515 1797
642 5556
3448 8287
5646 2248
9814 3955
950 6420
9254 8440
3212 3084
5408 5795
4678 5982
2993 9724
867 800
7707 2171
3404 4278
2838 2016
9797 3101
1012 9021
1426 9991
6803 944
4007 8419
8715 4816
551 7448
4295 2547
4766 3998
2768 8649
8762 6457
9653 5369
4164 3458
1351 4039
9293 532
1121 5774
3491 3440
5653 2063
8467 9294
8257 534
9304 2993
7072 6646
9553 5269
396 1521
7025 8119
5841 7861
7776 993
4862 4982
2943 4336
2629 4772
6825 1700
7138 3977
3236 4084
8456 401
1527 4188
2038 278
838 6676
5864 9559
1256 5566
8986 741
4490 3675
5527 186
6156 1066
8624 5814
2009 6926
8873 3527
3396 8315
9021 2980
5053 45
9937 4422
2883 517
8566 6292
5572 1745
4472 7145
5856 9511
356 1748
7308 2542
6822 3388
6818 73
1728 1134
6837 6240
2790 517
1202 3356
3414 9252
1762 2111
1782 9154
4780 3534
8470 4963
9607 3933
9252 4927
669 7285
1246 4626
7995 8980
2865 5615
5686 2225
1616 1154
3623 474
7201 3344
439 1724
9250 8477
6198 5758
6665 4682
7428 571
8473 1064
2258 2906
3663 910
6355 9835
1084 6642
4589 6001
8830 8600
2140 8854
9286 3845
5685 415
9662 926
3879 4398
5300 4658
4221 622
2479 7648
1952 5422
5699 2070
9290 3293
6367 5560
2470 8126
7251 8969
6387 8744
8158 6761
7207 7469
3750 6396
3440 2069
7601 5874
7222 8982
5216 792
540 466
6172 1466
3749 2062
6808 8755
3347 906
8982 2115
906 3201
1702 5067
6132 3855
5000 136
8493 2682
8466 3978
4399 7278
6990 5408
2712 345
7291 1298
4455 9120
4692 5723
1733 3836
7181 7393
7056 4789
1001 7137
547 5625
4857 7020
5713 1144
8175 7672
3665 4607
2512 1860
9427 2848
8824 8029
417 7770
9944 2374
1937 5274
1082 9703
7062 3630
9525 1892
6166 6354
5180 584
9686 4793
3424 8255
81 5849
3094 8125
9992 3603
9252 1054
6323 3069
9012 475
757 3022
43 2341
9518 4886
387 642
7867 3287
5364 241
760 9748
7378 7883
1541 325
4800 2328
9270 1412
6978 6731
8660 5175
8800 6620
6961 58
790 2336
7657 1272
9656 870
4515 678
8819 560
6039 5756
6639 9116
8394 7553
8769 7870
2949 7106
1628 8909
9572 8270
8503 5703
554 1233
1642 8433
3505 1835
4066 5406
5519 3884
8468 763
2468 1135
4622 3365
976 8256
6793 5512
1537 7707
3307 4630
5338 387
9288 7840
2704 3163
8857 9811
9646 9748
3333 6498
9144 1860
939 7995
6828 1359
1794 6041
8212 7413
9496 7702
1848 5592
1846 3707
9761 3880
2164 3301
633 4668
841 9333
3293 799
6283 9317
7844 3461
9413 6834
7881 8329
6391 458
2756 837
2502 8003
8760 3388
2532 7494
8469 711
5418 310
8125 2602
8834 6145
2148 8050
6786 4130
6256 638
2162 2448
8272 1463
7759 1094
2505 5614
4200 7312
6156 2816
8533 2047
4275 1864
3895 8105
4458 6353
3994 3712
3706 1014
7672 2701
3120 4953
1335 5193
7773 1436
3154 8184
5543 9951
8438 402
3372 7350
9794 4351
1206 7030
9730 3534
1802 3917
2773 6547
5355 6779
8585 1483
4923 2448
6633 2781
3058 6067
9725 3966
2631 4557
1359 1985
7163 3968
1950 4553
4549 3559
1163 3165
9912 6587
1217 3351
736 622
5074 7432
9851 4920
4060 8652
7125 4252
746 853
8076 3031
7702 1815
5170 5988
5949 1951
993 5614
6731 4752
8889 3875
3045 6188
9972 3154
7030 1692
5642 3585
9985 6492
5152 5277
1221 8534
1788 4526
718 681
4340 7750
3816 4134
4708 6183
7279 5222
3021 5006
2338 6171
3163 5760
1766 4562
6671 3935
8406 5186
7035 3128
2631 1732
861 9405
2906 7006
4802 1914
4043 9342
8444 9846
3751 7887
3742 1304
8138 4683
1060 5939
1894 9454
4959 576
5359 2882
606 6167
9620 3068
9640 1769
6408 3907
7942 2556
1886 8520
4734 3364
4067 9734
3482 3467
3941 1815
2406 9597
9106 3329
7944 2546
2923 6636
7755 8424
2455 1344
9555 1517
9428 3167
4965 7110
2488 1932
2559 335
86 1911
9218 5072
6027 5303
6640 9511
5480 9122
8400 7400
1051 3404
655 5934
9334 3305
3152 7068
8209 2897
3492 1653
8170 463
8517 2724
2523 2213
3100 25
1492 2544
6738 5857
6455 6772
724 2513
9875 9188
5055 8398
2808 4960
4347 2891
3546 2347
6837 9616
3584 7911
3604 4660
9659 4640
7820 7639
4868 3714
8561 8287
1662 1415
3971 9133
8731 5681
2488 3994
3339 4592
6648 8867
7630 3905
5010 2686
1531 4996
8987 3720
8041 2792
2694 733
490 213
1423 979
6840 9781
5522 9060
231 8831
2025 134
6603 8994
1506 9544
4818 683
9134 747
2241 4755
7158 2283
2717 7000
8281 5752
7456 7991
544 613
9548 2818
3170 3452
7659 179
1891 9596
1652 5997
951 4449
1834 1451
6533 9535
7022 4105
5430 714
8181 1115
6381 5188
8085 7501
6832 5556
2617 5495
8757 5999
5059 909
5704 1286
5665 6225
6536 7644
5416 9285
8690 8034
7245 6289
2532 1921
4835 5757
1524 2484
6702 7340
1513 2239
2310 5029
7783 4543
6599 1951
7048 2704
9013 6312
182 1477
5277 2610
7573 2168
2615 650
989 5134
9416 5463
1557 1269
7667 5420
779 6060
543 7673
3552 7904
9508 564
6528 9647
5551 7728
2543 4843
1829 199
2383 7725
6468 3146
1950 6162
2933 2497
8460 2967
9230 1889
2395 6204
8260 5273
2719 1160
1965 3176
6772 4874
7620 3248
5535 5206
1877 2447
9565 6356
9112 6032
4215 1329
8442 5901
4503 3008
8919 3278
8261 4321
5045 8483
9610 7820
6361 5209
949 8395
6716 589
1307 4177
6392 5035
4569 2602
9069 1041
8102 7216
9345 7093
7972 4535
419 495
8437 1270
4208 8484
201 6098
47 3809
9461 1785
6967 1504
4608 2872
608 7098
1448 4521
3878 1529
7330 1341
4346 8153
7101 1426
3796 8298
8679 721
7571 4788
5274 7623
5508 5896
1951 6573
9409 7103
754 5990
6272 7282
9781 6500
4861 2580
1759 680
3138 2704
5261 8020
2130 4714
4680 5247
7365 5173
8263 2452
4877 2785
9755 8103
4888 8110
2440 1446
2574 3681
7028 2855
298 7282
2808 7171
1222 4096
5395 8527
4494 8034
4942 259
6135 1227
8698 4506
9753 872
6038 6372
8022 5577
7980 4907
287 1209
6939 3072
6284 6076
8271 9873
3928 3477
4364 8538
448 4209
1050 3588
832 6931
8314 9454
5006 381
7767 2007
3106 5783
7368 5958
5858 4447
4018 5974
7277 5998
458 7537
2733 3667
6679 4807
8159 6878
9910 2075
3263 4267
4807 5290
5740 3592
9061 4041
8586 8277
4515 9563
1751 8824
2306 3004
4373 2425
4351 7420
5526 1041
7289 1387
6582 5338
2880 2781
9522 7362
4681 9739
1030 2450
6158 7558
9156 8901
5474 1448
177 6744
5634 1065
5689 3069
5095 490
5059 699
9032 1458
4495 9893
5229 4323
9931 5221
5262 3432
7717 629
4105 797
1739 3130
7987 8635
7758 7822
2310 3391
501 6952
6888 6533
8894 5914
5420 3366
191 3607
4194 7163
3963 2975
6057 1549
4256 4168
9765 1835
9068 2362
3228 71
4624 1944
714 78
9197 6422
1700 7969
9547 6971
9497 4372
9609 5332
6997 2467
3326 3778
4095 8620
3790 3634
8690 5725
3016 9720
73 5851
6428 343
6147 8588
6586 5694
5815 386
6485 1682
5889 8756
8103 5076
3241 138
7198 5119
613 5
8724 5969
8997 7672
2972 3315
9660 7639
3112 6391
7326 9003
7480 2813
6357 8351
9949 1746
5390 3211
4475 3765
6320 5274
6348 647
8236 2698
1010 8255
1680 6431
1269 7399
806 8516
9818 7398
8970 2015
7012 8107
5768 9776
7860 3043
1555 8582
3772 7655
8403 4798
2834 6357
8070 3177
8624 8121
8023 8536
7671 7239
8715 630
852 6664
4552 5267
8715 959
6800 1097
4544 7
8732 6573
5253 8379
6660 9843
2988 8401
6490 1534
6526 531
1574 4867
3237 3932
3084 2633
3924 9020
5386 7839
3606 2104
9389 3945
8835 6145
9363 7833
4543 6047
6908 5318
189 3609
346 8572
962 6692
1975 2015
1027 8454
3477 9821
7632 4758
8384 4784
4362 5954
6192 892
3007 2139
7323 9323
7671 3121
1015 2370
2519 9623
3437 16
2418 579
729 6787
9055 9924
8158 5702
6806 6016
3702 1835
484 8745
6871 5201
3775 412
9362 2034
5251 2486
2276 6188
3802 8034
6335 9098
2634 2691
2099 7838
200 1291
118 2333
5034 8326
51 9735
7722 2598
5294 4897
8087 5211
3350 5553
1558 1903
3379 4277
4245 8043
4302 2641
9904 3737
480 5107
2189 5208
3267 5284
5297 9973
1476 4174
4821 5293
4554 6804
9508 8955
6017 6931
5083 4751
8783 7395
9091 3118
1671 7913
1131 3424
364 6173
1341 1050
7485 5554
2179 6712
1071 7111
6307 3223
7608 9162
4982 9852
263 6724
9462 8453
9074 3237
7605 8634
5911 9820
1771 2270
2692 4818
5991 40
7554 1652
3238 4665
2379 8684
354 6345
2108 9851
4033 8979
4070 1157
3967 249
8479 3512
7174 1013
53 2138
7113 1310
835 6255
3184 707
5452 6020
4094 4535
5715 2091
3134 9593
7725 451
3052 4190
8879 114
9792 2765
8193 3378
5844 4375
196 5366
8215 9602
2175 8568
283 8689
373 7648
8408 1281
5043 4355
9043 9185
4133 5909
6586 8607
2776 8812
486 9163
7466 5475
7523 6411
1022 2295
5627 6731
4427 8258
750 1998
5876 6337
1486 3045
802 8580
1335 5643
8078 6738
2908 9179
9643 9687
6588 6574
8255 315
4452 5525
8322 9311
2478 5791
5488 3798
6134 2103
4137 3358
4173 4286
1287 923
8487 4640
3439 8814
175 6069
5408 2471
1627 919
9625 1060
5946 8491
7271 3652
2185 4174
4684 2828
1013 9293
3595 4437
8218 7793
2688 3505
9722 9637
5053 9176
4378 7269
4174 483
3350 5141
9358 3860
7397 1675
4531 3456
759 890
3620 106
2651 2444
5162 7262
4252 8011
2804 9654
1707 3372
9797 8076
1353 5160
1801 493
9211 4168
3509 3414
2736 7245
939 1934
5390 1322
1773 8272
1320 9518
2697 8131
2620 7857
6674 679
968 8411
3183 5199
1469 3451
4221 5157
1292 5803
5488 6670
4093 2318
4310 684
6223 7122
1580 10
9209 8952
5499 6999
9663 5932
6970 2114
593 6739
2359 5790
5277 5921
927 1890
4196 9061
1482 96
5865 8209
7157 7807
9574 8985
5351 5960
4121 5639
6597 458
5276 5225
8545 6330
4530 3064
6892 9050
2397 6789
3612 2340
8141 3698
9129 2612
3955 5547
1986 4304
2339 2575
7165 5956
1080 7615
8107 126
4865 721
5065 2979
5129 6881
6755 4156
3796 4293
7187 8336
7334 3564
4279 6063
7214 7714
4913 7257
8463 6386
2279 3033
2399 1625
4635 5761
3112 6770
277 1459
7275 7396
8732 665
5589 4292
6293 177
6202 3256
5874 9465
8702 6458
7195 9379
4259 7973
1929 1781
8716 1759
2239 7039
9471 1234
1508 954
3321 9368
3387 2506
236 1235
1796 9327
2372 5639
4267 5774
2439 805
9613 263
9466 1172
8299 3235
1728 2398
9224 4139
2861 3844
7164 3352
1609 4655
8283 4322
2513 8613
6288 4039
9047 3491
658 8267
2505 9661
6937 6598
4463 6351
4490 9263
9470 6399
3101 1651
6921 1442
8288 4465
2616 4183
3092 5205
113 9204
1653 4351
2770 5163
1799 9359
960 3400
5500 8896
8313 1386
8403 5374
6998 3659
3114 2261
4269 5102
3540 103
7187 6180
5 1178
1215 587
4314 7564
2889 2900
2885 4387
561 1823
7366 3910
2796 9349
9942 9265
1144 8194
9709 8233
8209 2781
7171 2189
2813 9893
2484 8372
817 2666
732 393
4727 9636
4929 9920
3431 8164
9984 4148
2562 2294
2624 8766
9629 9103
8051 2932
9370 4393
1131 444
9731 4680
9929 7643
8368 4200
9696 1822
9928 2469
6504 3156
5843 7783
6383 6566
5470 9928
9658 5252
9160 9203
4505 5102
1913 2538
3912 9947
723 6948
2049 8377
464 7409
3247 1074
9371 6331
2606 9032
1739 5836
3550 6781
5625 54
9847 3201
6898 9171
8470 9352
3384 4313
7493 5911
1780 601
424 7723
5254 9845
1428 7223
669 9564
9146 3880
4465 9459
5841 438
5485 4673
6114 3209
427 7111
7293 6421
6664 5210
8392 4756
2102 3678
6824 1551
6960 6913
9720 8617
744 2194
4934 8583
8877 700
4925 7504
2744 2739
3805 4397
8677 3561
9639 524
8542 5565
7540 6023
2691 8001
2486 7404
758 5654
5078 1721
243 3702
1867 903
4269 494
5244 9231
5460 9030
2845 4141
7362 7278
6486 4128
7092 3431
7618 538
7558 4764
2626 6411
1959 267
4033 3172
3212 3043
4419 8426
1008 3083
4374 8362
5273 6525
8299 6227
9958 2557
8894 9812
9892 5258
5600 5731
2368 1376
7446 4135
4135 360
3866 6355
1481 3981
271 4400
2283 2699
7635 789
7836 9157
4445 5958
5744 1987
6261 2118
472 8183
5043 4330
7922 9178
8559 3563
9676 4888
5352 1735
8964 6357
9056 2453
6971 8554
6996 1524
9993 6416
362 31
2250 728
6627 9662
5 1588
6431 284
5053 6262
8016 4577
5280 2499
8183 1147
1100 8707
459 6110
5218 4759
6664 4453
4307 5271
2227 3395
9448 4824
3868 7243
4478 4967
1324 1304
2557 4645
3214 5770
7865 8542
6954 2798
3617 6887
6588 3912
2885 8804
8739 9376
8405 9107
7510 8870
6661 4248
9809 6355
7244 5270
9965 7549
1164 2647
1533 4983
1068 3368
628 723
48 5076
5701 1845
3098 1548
3058 1237
9194 3439
6918 1392
7009 1148
7086 2716
1843 3169
7601 8342
3995 2702
4593 3546
5224 9595
9498 9326
9989 6019
8823 3692
8055 9228
468 4618
8911 1172
4205 2087
7855 5946
5574 1524
1018 9509
5364 3628
2627 9365
1016 1761
2535 7252
3660 6885
3063 7145
5110 6851
8510 8505
6409 8808
9521 8826
6587 6688
2292 9493
3650 3601
7337 6471
1127 9918
8275 2453
3596 6457
4441 5561
3849 9625
1557 2109
130 83
8396 1507
2597 9976
5481 5438
9760 8827
1074 1761
7935 1357
8444 2402
7507 9623
6523 5323
4318 5795
2625 8157
6842 9096
9687 2608
6345 3152
7049 1740
7143 9175
8972 253
6124 6034
2331 9639
4351 3722
7327 9622
6388 724
4253 7615
6821 302
4777 8105
9454 2551
1512 7074
8770 4636
8627 3999
9612 6171
6199 3108
6848 2950
841 3260
31 8933
5656 1094
1177 6520
8155 4828
4765 3528
8425 5665
2028 2697
8455 7862
4620 1631
9963 185
9736 4649
4992 1962
9029 2046
3827 7243
671 2210
6345 756
2577 6981
4147 1665
1828 3881
7162 1208
2639 79
8725 8378
2604 3276
3242 8070
3596 5101
2272 7428
4176 2452
866 4389
6840 2813
1280 4740
3673 898
592 5705
3383 2086
2498 2762
5667 4866
1264 910
1037 299
7044 1392
634 9532
4692 2764
5088 3349
4521 153
2223 9248
4542 9827
1850 8955
7731 3380
1027 8311
6240 4366
2612 4988
9639 3495
3913 7143
386 1922
9068 8737
7916 5094
1192 3613
3660 6445
1919 4189
9403 8459
8055 4850
343 5881
5599 574
6768 4269
1407 7655
1247 5656
1021 2811
7607 1659
8668 4091
6515 167
1327 4709
6751 8656
2316 9538
5459 3949
8331 6136
4586 7838
4109 7629
5073 5674
9290 6361
2682 100
7106 9334
7744 1386
1877 5351
3797 8842
2351 2994
4760 5857
2635 7387
5986 6146
5304 7023
3791 2799
5497 4986
7961 2598
1205 2693
5488 6091
8015 6799
1927 46
5521 8807
6456 9081
9969 1923
199 2153
2086 7776
5523 8886
8147 2503
137 9376
1905 7944
419 4584
4204 7270
910 9528
884 1999
2393 9360
4099 5174
1689 3246
8302 5422
9673 6361
6261 5061
5199 9802
36 9178
1386 1304
1612 1293
2279 2831
8188 5762
1235 699
7624 658
4923 103
7308 5390
4943 6412
6666 9024
7157 7048
943 528
8825 1677
7748 3951
9538 6275
8687 6772
2400 604
8186 8225
1330 1681
7995 6769
3620 2526
9379 9344
1525 2934
4083 6407
5094 68
4919 3186
494 6544
5558 80
6827 7563
1074 9190
3076 5815
8298 7473
7978 6437
4447 5558
8988 7292
9572 519
6537 5971
1678 5573
271 299
635 8893
5907 4460
4943 3280
8506 3451
1273 9234
1636 7396
6068 5391
8408 6314
5785 3189
3418 2728
6626 8578
6410 4995
8938 4923
9222 6798
9712 1557
6399 9369
809 260
2825 7927
1973 1598
2955 2635
6986 8859
2567 3871
5613 1708
4356 832
6720 4020
4918 5929
1429 1175
8911 3002
1840 9566
5311 7620
2458 228
1831 2932
82 5553
5980 1210
9966 8032
4038 4342
7151 6606
2408 8142
6386 4562
74 6557
6867 8836
4753 7723
621 3995
2977 8869
9884 998
969 2969
691 5574
9612 5889
5928 7223
64 1945
1917 7050
7455 1358
5339 4496
539 2566
6871 4629
4319 6934
9542 7750
8464 5763
6317 224
3186 5464
2400 711
8583 1441
4924 1679
9938 2050
9521 1243
4282 8920
8423 3360
3818 8233
7297 8356
3605 1418
6239 3449
7222 7709
7101 96
3158 613
25 1115
8743 2600
8850 4260
7037 6863
7980 6883
2189 1181
1520 1504
3517 8042
4415 2677
5994 4491
9911 6479
5433 607
5919 2417
5461 5080
5548 3477
519 4372
1590 1984
8036 8168
6149 6737
7680 1944
4661 7590
4096 117
952 4330
1469 5491
6714 4831
4452 8134
2352 7428
1675 2665
6618 2211
750 5050
7736 6426
9175 101
1752 4291
5628 4939
3693 6546
7683 4591
635 3419
4208 2238
9135 3982
8527 5160
7052 5616
2300 2207
6784 9767
175 2491
7093 2017
3622 8663
6163 3090
5419 8332
3794 9960
2565 3223
1549 7420
6394 9546
4787 2136
5009 1020
328 31
7141 8813
9560 3694
1846 5291
4091 4589
4170 3914
2019 3665
2289 3731
1538 1521
454 7084
3273 8131
4769 3776
6347 1443
7321 1610
6177 2271
7703 6531
134 3026
1941 534
3730 7179
4630 1405
7140 9017
4863 7002
8905 8261
1379 7971
7289 7644
7884 7210
6016 4280
981 1032
3034 5850
2165 678
4600 7286
6581 472
1583 266
1811 2006
4671 4332
5679 1144
3793 752
1426 7006
6810 3267
9407 521
9964 1878
8674 6650
556 6234
8789 3076
5278 7061
4945 2816
8332 1071
9649 9694
3414 684
2241 4914
9523 7589
5702 1282
6501 3589
4840 2299
4107 6541
6938 9211
48 3204
7163 1903
5056 6079
324 1801
3499 1321
4657 5037
4658 6879
7069 6376
5231 1723
9653 5934
2241 8986
335 191
7876 4796
7396 5829
1695 2712
6312 6460
423 5193
3739 2878
7041 1913
4039 8042
2485 4329
8025 2480
286 8410
3981 4924
3917 4379
8691 605
4542 5279
5438 7137
5810 2650
2394 9087
7963 984
4765 2560
790 2874
6678 2250
8435 4430
1810 8795
1232 5721
3358 8334
899 7972
1143 5517
9622 241
6893 9924
3325 8920
6742 1054
6195 418
9503 3246
2850 4449
876 9483
674 4394
5233 9145
7048 3344
1049 6576
5888 1598
6515 9819
7894 6929
8173 8848
1245 7632
6937 6631
5202 6153
4604 4120
3435 4841
3013 5637
4601 5303
9003 5713
5549 7165
8239 1788
9735 9716
4032 861
2345 3659
8797 3259
602 8501
3685 6695
5014 2460
5434 8809
2915 5429
2292 6581
3150 6722
3058 4218
7380 9805
5276 4311
2509 7864
9380 1914
9282 1518
9530 9911
8159 3813
7758 7105
2052 4739
4369 6392
933 3578
7284 2239
5329 8354
1138 1912
3488 8721
4314 7375
9814 5497
7812 2000
9988 8798
7156 709
9325 9810
9772 5616
8710 4319
1964 2161
6567 6801
8261 9237
302 5677
6716 2764
6499 2834
6394 6741
5109 7835
7535 6312
2515 2621
4022 7839
7032 4355
5028 3810
9357 7220
4298 8606
1874 6238
5835 3409
9144 9393
8727 6580
7589 4810
7525 7541
8298 8762
9263 3952
6001 8851
5063 9130
1120 2527
3080 4810
2027 1244
39 677
8694 2440
5496 2852
2215 8821
9245 4435
5722 2041
9097 3368
670 9556
8115 8878
7661 2255
1270 6894
2393 8846
5509 185
2897 9201
892 852
5571 9629
5137 2881
9595 6209
2922 8646
6522 8152
5592 4540
7938 9243
8848 5717
7997 6832
6683 1547
8206 531
7635 7586
4367 8063
9582 7497
8745 7784
231 6594
8210 9000
6327 3259
3937 3189
4579 2376
749 2140
1775 7375
2419 4620
4080 5136
3446 2273
8495 4575
8353 5483
4746 2511
8520 5482
2516 7325
4301 8233
6077 646
3262 1300
4588 6550
6203 855
5352 5614
4533 2052
5702 8609
6450 5712
5885 2171
6077 5259
6021 8271
2891 5051
6638 7819
9096 4420
9405 1258
4672 2998
4353 6998
858 6066
612 5623
2862 634
5917 2765
758 4052
8546 9846
4403 1131
8554 364
5815 7699
6561 7486
3727 7879
4756 3865
1316 9168
652 5059
9095 1748
4937 5508
8009 1896
3491 6354
8061 659
7045 8967
6469 4577
8982 4145
7017 7297
3788 1382
3222 6508
1909 9297
9634 5778
2000 5646
1678 8963
5046 3677
4629 2934
2647 4502
1665 9930
7758 7146
4765 7926
3446 1970
5060 175
2182 7799
7800 1174
151 2349
9663 7963
3639 4220
9640 9474
2070 7036
9387 2992
4718 3420
4495 5922
6032 1871
485 8234
1416 1829
321 3016
7586 737
3465 8481
9974 6540
6741 2718
2303 709
9670 4931
1354 1714
4 3914
9322 7272
7456 4491
5832 292
1672 9963
615 7332
4329 9983
2582 4228
7598 7051
1166 7896
7094 7435
9275 5171
4916 3196
1704 3986
1120 5976
5619 5705
3899 9693
1215 6775
1407 473
3992 4680
4437 5620
6290 3319
5856 8058
3338 3550
8663 148
7518 6220
9648 9025
8984 6225
5336 3222
8981 4377
9375 8159
8452 2498
8320 9456
9514 6972
8478 1486
8899 5725
5401 9395
6339 7854
912 625
8554 7781
4977 2230
7189 831
684 6936
4337 2986
3877 5838
8715 9996
6408 9947
8499 9668
1943 4872
6783 4875
5359 8764
7500 5686
2361 8906
5327 7803
3724 7720
5689 3310
5535 3447
6089 7207
5468 5892
6891 8705
7393 1082
3054 7441
2256 1473
932 4625
3734 8711
3394 4488
6440 7769
855 4120
8313 9519
3898 8836
9000 2449
6604 9868
1526 3306
4236 4902
1526 4904
9257 315
6365 9244
3282 4523
4025 8548
2153 8621
5326 6562
775 9320
5995 8297
7609 8279
3964 1524
4327 9292
5320 7811
6021 8036
1770 8594
7075 8962
1117 8696
63 1851
4752 4665
9274 8910
1833 6728
2888 9630
517 8109
7057 4301
62 8143
8596 614
9542 2414
5820 6151
8944 7983
7402 3018
3598 8133
1857 3278
6884 3720
9073 7911
3547 5525
5148 590
5122 7250
1348 5110
4751 3580
9781 4477
1316 3343
6175 746
1804 4177
1243 7753
6212 1723
2638 33
998 5365
6588 8111
8849 4365
8884 6816
6949 8756
9962 3888
9306 9493
3154 9194
4672 707
4647 6618
7152 9390
91 9943
3042 4865
5625 1319
9192 2939
9286 8686
3607 3319
518 6855
8086 6459
5019 7341
9407 10
3800 1414
9395 2614
3092 7869
3898 4022
9562 6666
2792 7951
9966 64
3531 1538
4201 9924
3440 6882
6085 8133
4853 9168
4372 3195
5529 4485
5306 7152
9056 4155
4316 8518
4771 4392
1744 2228
628 4664
148 7521
6511 4566
9722 9611
9499 9239
6689 3331
6304 6484
6959 8393
7171 8450
4826 1280
3805 7983
3062 6446
5674 8122
2296 6147
6348 9504
6778 7955
8880 3599
6887 7937
6376 8328
5926 3289
1960 4998
8531 6522
4636 4998
600 7055
2854 2546
1548 745
1366 9901
7794 2491
7601 3469
1346 7601
420 8528
3572 8285
8738 621
1032 959
7225 1593
6307 4097
3635 7042
2836 9372
5752 667
5701 9419
5617 5812
3901 2058
9783 1301
2418 3002
3322 4807
2939 308
5710 1791
6052 8615
4831 4072
9451 7104
8197 5195
1127 805
530 6206
5640 8494
6041 4183
6489 3088
4025 1371
5618 7655
7798 3544
4346 4896
8345 1595
5594 4064
877 1358
1309 6468
6507 6466
4579 8839
640 4773
4853 7961
2409 6207
1859 1170
4577 9807
9192 6003
4001 6573
79 5156
9478 4956
7679 2000
4865 4990
1170 7946
4167 9507
1731 7706
5305 6112
4134 1703
6446 9752
8913 355
5211 4346
1864 2398
3445 4806
4343 5271
6718 3581
8152 2726
4539 500
1028 4367
2262 1572
6 3812
6335 9122
1867 667
7901 2070
6998 7542
3235 4394
6400 7285
6029 2833
6988 2132
5897 3505
8249 4978
979 9502
4752 6640
4665 389
93 2081
4845 4018
1179 7412
3017 2318
1848 9387
1628 8616
2392 7208
2547 1503
7973 3059
2723 2441
8227 4826
2978 3299
2882 5606
2053 6246
5260 9925
1044 9010
463 7017
554 1354
7125 5261
6601 4651
2846 5695
3706 4938
5215 7135
1361 889
3364 130
4335 6646
4001 9987
9746 8801
5062 6087
5815 6263
4305 6043
3312 8319
4221 6397
2192 3457
1623 4531
4962 3902
4498 251
5882 4336
4801 8097
1219 6046
4897 6566
3320 9164
1113 5971
7390 7133
9466 5706
158 1670
4400 5397
3489 1425
9483 2398
6100 5130
2023 3306
4170 9034
9894 8947
9009 413
4176 9712
5948 4498
8497 5219
1392 1855
993 6687
1163 1358
5521 387
78 2904
6016 1480
2955 9820
1037 4515
7945 5243
4951 9255
2644 1844
656 3658
3970 7367
161 5250
7121 7432
7655 3708
6251 6962
7499 4105
5147 7750
4351 2486
3546 3455
5731 6198
7250 1618
4856 6206
1236 2871
3436 3260
7396 2430
6868 4709
7138 7265
2216 426
820 2068
2055 3270
4638 5259
7180 167
7444 8505
1624 5910
8358 7792
1231 6597
9450 7225
6415 5108
376 5665
5754 5119
9966 6543
9796 4984
2180 6014
1864 7900
9434 5067
3750 9365
6253 8397
3799 1788
7592 6411
3025 4744
6119 1710
4389 887
2055 9525
3702 5784
5498 6175
3924 419
5382 2969
7718 5750
861 5251
1127 6716
6519 7729
2583 4796
4955 1755
8146 5132
4413 6833
221 4367
849 3167
5788 8450
9469 2441
5105 2383
7245 3091
9216 7852
7040 1984
3582 7780
8432 341
3287 6495
6687 6952
4574 7296
3533 2442
9279 2171
4325 8959
7696 6209
8375 1894
9079 8329
753 4025
6453 2893
1574 5043
8368 8526
2032 3848
3886 4997
2610 7942
5245 7511
454 4214
8607 6916
9398 8735
2003 4749
4550 2471
9951 4047
3998 2198
5017 5344
1077 7914
1989 1541
4504 2017
8585 4766
4155 118
7772 846
5254 5915
6924 9178
6817 5711
2559 7886
202 7244
6722 6214
4083 3487
6045 5712
9993 4549
759 5516
3582 255
9093 9148
7704 7442
5950 1038
67 3246
5307 4355
3041 3864
2266 5227
8898 8885
7601 5679
6734 710
927 3387
8735 4155
3566 2806
6796 3173
1525 9231
3456 2173
6938 6086
3210 4378
7205 6948
6781 4402
7871 2567
967 2241
6201 7422
2862 2703
185 3150
326 6353
4015 4335
5584 6926
9943 4758
1453 1372
9415 4543
7008 1478
2535 3318
6273 8717
7648 1539
3245 3241
2333 7264
3899 3977
3342 3143
2602 4302
3148 109
2949 2833
5495 950
6201 4380
1290 1971
5965 5676
8240 7263
6608 1681
8832 513
4513 6367
5108 6014
5015 4116
3672 9807
5425 9270
3597 3387
6744 2232
1661 7249
1824 601
9352 36
1053 9946
6029 7762
1155 7722
6325 9555
629 4704
8442 3179
735 7571
1925 9532
8560 2361
5860 7579
2990 9115
9370 988
9677 6881
2080 4589
4011 8159
8985 3789
4450 1595
8612 7511
9473 2138
9914 5071
1956 3735
6711 4983
1103 4271
166 9886
5818 3371
6725 3126
6678 6715
8872 7376
3950 2076
9161 6022
2808 3462
9229 6085
7131 7252
3553 5910
5211 3216
4547 8247
8783 2490
6781 4634
628 949
4045 793
6634 927
7424 5717
8876 2923
7372 2378
3037 9293
7117 1088
5902 4881
6247 8161
8332 472
5930 7522
1782 2064
1636 4607
5756 8254
3856 1592
1315 9467
8268 5010
6981 1849
1304 1147
2997 9680
9962 670
6432 7625
6335 4735
6255 5557
876 9971
6569 2427
2178 159
37 3358
7472 636
2925 9447
3474 7156
3023 7251
9000 8636
3037 5419
2913 3005
2132 3836
6854 1280
5097 947
7587 5126
3807 1767
9824 5665
2598 7682
62 1571
4605 3645
2972 1137
2344 5208
7113 9923
6988 2435
6292 3963
2135 2795
864 8543
5950 6148
7491 9269
3710 2479
3661 4026
5459 8329
8438 9198
7319 48
8944 7872
6674 7363
9372 2386
4111 453
1656 5672
3008 6685
9942 4323
2264 8349
2728 3300
1990 7132
711 3983
7041 2210
2130 7118
6671 6272
6051 6766
8336 6698
4766 4602
327 7106
1140 2899
9368 114
8212 7977
3868 3222
5056 8552
194 7475
957 337
2497 9848
1140 7732
6648 6176
3781 3127
5942 3888
4524 326
8757 9651
7900 2103
5200 5264
1191 8104
7206 8036
4671 4184
6023 1714
8343 8270
5467 1748
7315 8218
9298 1436
6110 8326
8998 363
3947 1113
7260 5453
1251 7928
3706 7280
3132 4457
8226 3551
1434 8981
2044 7759
9503 2121
3987 8229
9519 186
6645 2289
1039 5362
8814 4156
571 7451
2142 9305
6790 2103
2726 8747
7260 6090
9891 2371
644 3701
3585 4852
6561 6495
4240 7014
3752 4881
2868 2066
2491 4991
1670 4272
7268 6926
5928 6251
3581 198
2886 7406
9788 9718
5848 4958
5997 6143
6660 3859
8167 3006
7024 131
9520 809
85 7757
2508 9028
4367 6015
849 7504
6705 5861
6502 6978
693 6783
5386 6780
609 8605
9280 1482
4069 8201
968 4506
6465 4033
2377 3369
4868 1424
5771 5478
2335 4505
2833 5478
4807 527
8531 1651
8265 6515
1626 1441
9560 2986
4308 3647
1715 6074
7159 3718
4802 2
1250 4242
6686 3203
8767 2793
1040 7071
6389 8188
8369 909
6426 3802
7457 7797
7510 7628
7492 4334
3250 9168
9190 2673
7871 6661
5199 5658
6868 9023
4210 7291
4095 5928
4639 8077
7916 7348
537 9380
3603 9167
641 7341
3468 8261
7697 3415
2542 9309
3109 7227
9796 6355
8563 4313
2801 144
7899 1232
2299 1657
1386 1594
5394 8065
4761 2866
5780 9996
1858 4659
6121 8977
2994 5774
6617 8202
6250 2375
6446 6555
8415 6765
6020 29
18 3348
4780 4342
5578 9217
1408 1175
4333 3489
5361 3970
7214 2358
4028 2245
4944 5551
1483 1159
88 8499
6999 2894
9728 9146
8939 3291
3192 456
740 8659
7655 7015
3317 6874
736 1360
2856 8446
9584 8389
2190 6429
8675 7838
6151 4645
9958 9390
9020 7894
5527 5905
6825 3429
3832 9268
2345 8592
7059 3057
314 7929
9256 5270
5552 833
9089 3969
3589 8962
8086 8410
7166 1688
9948 253
1865 6189
8745 8034
9842 2401
4851 795
5764 947
1974 3241
7084 7198
3156 1707
7658 1186
966 8581
3409 6877
1953 9065
8638 422
2020 2036
3285 9174
3054 5415
4454 948
7260 1841
3903 9772
4528 2709
7595 4635
5741 1005
6056 1273
4095 2939
4310 3987
5511 3592
2267 1027
7172 1035
5492 3023
3421 1511
8966 3388
5147 3745
7475 6300
548 525
327 891
4866 5140
2498 6865
1602 2356
5968 1461
2952 5140
8052 9663
4111 3762
2164 3752
2302 9804
7869 369
3606 8151
3398 9772
6505 1919
1571 7450
7877 7339
4000 1138
2573 3692
4909 1883
1336 2546
265 6614
9106 8555
8967 59
9217 2473
5102 1103
115 3967
6892 4975
3587 9976
2506 9915
2506 9187
6058 9906
9474 143
4460 4069
1829 4303
3489 7035
6004 9227
887 4577
3715 4259
6595 7979
834 8399
7469 8092
9879 568
7061 2510
4343 9837
4659 8030
8867 9251
748 9175
8831 6605
129 1641
4062 8899
5841 8374
8921 6338
9742 1513
1918 672
9053 8579
8373 6058
8695 6819
6366 2012
3293 4273
790 2348
1608 1352
3577 6675
654 1134
6737 889
4961 5761
2588 1100
625 5279
1484 3117
3602 6194
7255 3639
664 6118
9615 9564
5950 8600
9356 5022
9095 6654
4789 1303
907 7229
7486 4390
9987 554
8044 3655
8416 5569
5011 5581
9014 395
3408 862
6950 3520
3891 5803
7784 473
2499 9674
9431 7328
8038 9699
5815 8694
1720 9427
3698 1425
792 3984
7279 2064
9219 8826
2580 2269
7912 7626
9074 9278
7450 7530
6239 2999
1860 5089
1378 7247
374 4041
6646 7645
4014 6718
3969 5008
7986 2389
2911 3112
1690 6950
7095 7508
1466 2856
4351 1577
7277 7272
315 1963
4205 1973
5057 8475
6479 587
6024 5886
1964 7227
8095 1653
2985 3811
4698 8430
3032 543
6006 7431
1047 9659
30 8442
983 6291
198 5609
4055 2570
5749 8711
7742 6004
6928 4449
3608 7552
8256 3015
9256 8405
3717 8667
9499 519
6005 853
9453 3062
8141 4736
9125 9428
4840 6789
5595 417
6925 9554
3690 4869
7762 1190
6593 7865
2671 939
1651 8034
2398 5809
110 3274
7214 3379
377 3853
7366 7448
7750 9918
8918 7417
199 3236
6154 1706
7724 8084
9592 5078
3355 7676
568 9851
297 7176
4579 3183
2244 8741
196 5982
1619 4736
1004 849
9445 474
5474 829
6342 9771
518 4341
7472 2127
8774 2588
9134 6913
858 9467
2348 4835
106 6619
362 8583
432 816
1327 6429
4312 3683
4411 4954
9188 5306
9060 5313
1051 8597
818 305
2113 8280
7526 3802
4866 1120
9301 8444
1944 4196
2082 527
5933 1066
1241 5113
3642 8114
9721 2271
2893 387
537 4411
5609 2944
2939 4822
2215 1783
4797 4467
9307 3670
1660 6168
5970 4058
8275 7897
7030 8293
866 7507
692 955
2202 2818
4869 9258
3268 7407
5304 1555
6769 6825
9921 3257
8604 2078
1738 7605
28 3751
5271 179
1110 2046
3304 1277
3167 8940
5496 3971
2046 5539
9683 51
9088 5253
8004 3834
597 2064
7995 1943
664 8342
4286 7880
7373 8397
7207 7588
5394 1839
3387 4724
5640 3759
8314 3742
8299 6361
3010 1504
6956 6180
7886 9222
9808 8296
9516 1704
2337 6678
5180 6210
6498 24
4309 5265
3136 5045
8609 7303
1508 2593
4153 4700
8709 7935
5275 2273
6971 2804
4231 850
2974 9514
3690 5751
9709 7501
9329 118
9706 357
2351 297
4914 5297
3433 7464
7739 4044
1647 5107
9622 5695
7381 1551
7779 4915
3072 570
1620 7057
2476 5467
6394 5480
5353 8779
1499 4041
599 3722
4566 274
2838 8096
6093 6230
6160 849
7856 7302
4818 748
4363 2990
3125 2848
7669 7294
4571 9164
9225 995
4645 865
7698 7154
7826 117
9648 3056
2785 455
7079 1233
6279 2539
4742 315
6364 5297
7653 1318
4944 9190
791 6130
6939 2822
2575 2261
3410 5515
5807 6192
4870 5351
3532 2268
8774 1195
4861 2598
7268 9522
6595 6165
4581 9277
8738 5940
9154 1083
2812 9152
108 8084
7039 7615
364 5042
6677 5771
4601 317
3722 122
5314 3873
7307 1147
3899 7263
2921 2975
4500 5133
1084 9506
1813 1130
3108 1205
534 466
6827 5257
3738 5866
455 441
7500 8153
2459 9572
9026 68
621 2982
286 2052
2034 3011
8884 6789
5478 6815
4517 6910
1560 6909
521 536
8609 4129
4124 3340
9477 4996
7055 7966
6498 196
8559 9168
9381 7365
9875 8564
6621 2216
6430 6946
4503 5863
1445 9874
5208 2234
4523 7943
7881 9721
1975 7353
6588 3374
4871 8636
2157 8661
9006 3762
3028 4004
5049 9802
7687 4753
1199 1011
1501 4005
6358 6385
3565 5691
3667 1034
8340 4836
5241 334
357 9450
5667 9265
7498 4127
4412 4135
5401 9361
923 3418
7347 6380
4637 5915
6086 7389
1114 8803
4449 2591
9306 6660
6936 6548
5376 65
3421 2000
692 2038
6382 517
3551 4710
2047 3559
4239 5807
540 1756
5963 5468
6736 7474
7648 9863
9972 2908
7945 9768
6671 90
4157 3375
9403 1701
3218 3626
9224 4116
8624 6723
8410 413
5441 6633
3294 3211
516 9210
8970 8313
8672 6026
8242 4568
2294 4194
8246 7411
6671 8136
2072 1436
5972 1606
8732 7554
1709 8554
9833 9986
2481 8458
6828 9911
3596 5137
8683 9184
8591 282
7319 1820
3936 6184
9114 4084
2482 3792
9600 5733
3600 5365
1507 3448
3123 8269
9198 4992
4580 4948
1571 944
7674 4941
9704 1494
6708 4592
4779 1016
915 1029
5879 9
3343 3612
143 4136
6250 4646
230 9094
1345 5299
753 5394
3214 4745
5653 4306
683 1933
8058 9136
9393 1922
2033 671
4030 3291
2882 4856
2901 4606
7277 6437
8095 4216
6130 4073
8400 5783
5485 4523
5797 9239
6521 973
3384 3468
1573 6733
7606 5081
8867 8167
3896 2508
1725 100
9709 5686
4643 7892
6649 3402
9359 1588
8534 5312
4538 7147
1193 4999
2935 23
9632 7221
1597 8143
2103 1260
5746 4164
7961 5436
9954 2505
3924 3070
3327 9180
8213 3636
322 2608
851 8411
5728 360
6551 8730
457 1106
9241 1402
3161 8686
8758 33
849 362
7101 8252
7536 5339
681 9385
3226 1002
2184 9583
6731 6568
7259 122
4341 544
2214 1606
4836 6952
3671 4728
1635 162
563 9988
4536 2197
828 5678
6250 4739
3039 1920
8083 8455
4985 8373
3296 2830
4490 4192
1733 8991
5473 1148
4413 1159
3879 416
4159 2469
6617 3838
8765 1231
1852 7497
9366 4223
6565 9281
7467 3486
4368 3885
7375 252
7470 2979
535 3881
6380 2102
2161 8514
270 6461
9745 2219
6426 8028
1029 6421
305 465
8650 3309
8136 8542
6873 9553
8693 2030
3113 1327
2518 1813
6184 2460
2938 8728
2388 174
3859 4230
6675 8807
5859 6578
5634 6094
8451 8510
2203 812
9267 4533
3583 1119
7595 9365
3747 9470
7328 1672
6744 4330
35 6926
5890 6493
9043 2616
5450 8083
4099 5699
8319 7985
3365 4158
2423 8406
3382 6810
7379 6348
6499 7470
3472 5675
6057 1876
8970 9227
1083 9348
811 5763
2700 1882
1281 6435
3980 1366
2158 9674
6607 6336
5337 6917
1081 4390
7329 8245
582 3572
6866 5852
1686 4479
656 9795
3125 3422
6080 6347
169 2565
6182 9598
6836 4399
9353 2977
570 9463
2835 409
7884 1603
2373 7638
2227 2430
9815 3312
8792 3073
2380 3293
4015 4797
2884 2557
4469 4263
651 9138
6030 2624
687 4687
1 4896
270 6603
4336 7151
462 1010
3022 112
4951 1001
6501 3498
6875 2988
5872 1379
917 9221
3555 4588
5327 5867
6427 1603
749 4277
1215 6425
1207 2121
8629 4337
9733 3478
6210 3617
4578 5338
7145 6041
4211 3361
85 973
1985 3739
3586 336
6481 4520
4517 2415
5349 9970
2315 8487
1532 951
367 4484
3988 1378
6485 3399
1744 2469
3700 1090
3188 6085
3793 8275
9517 8034
4838 7964
6814 6802
2209 7307
6645 7849
9656 875
4428 6614
235 8565
4843 5021
3218 2516
378 588
8997 6420
9012 1229
7627 4118
4744 8231
3961 9715
2265 4977
6892 7002
7269 5620
306 5208
6835 8588
4931 5395
1061 7371
9741 6547
5517 2314
9517 9102
1596 7357
3929 4798
1174 4225
1913 5168
6497 2212
3975 3436
2027 9569
796 7676
9739 6503
6089 5595
5120 885
8807 268
839 3397
7318 7092
2696 306
7970 2453
5295 6535
3476 696
7000 9957
3413 5413
6323 7552
9549 2674
2136 4343
345 5094
5316 6078
1242 2041
9185 4026
2778 7946
2899 8456
6122 9644
1615 3402
4295 558
9382 9359
3388 1958
7007 1886
2080 4665
1043 7967
8559 7529
6658 7926
9431 1819
5843 2220
1737 5748
7320 252
2879 6641
8144 679
5597 7935
7574 3893
5040 5837
342 6841
5523 6396
1120 3951
9424 15
4565 4356
3651 2917
5998 4226
1466 8753
9149 9895
6649 3090
9035 3505
2411 4836
1952 6648
4290 3538
8496 7336
4287 3173
9763 5465
6493 1054
2141 2636
8120 4572
636 7253
27 9467
6465 5184
7063 4073
3141 3041
7487 1862
2380 2908
256 3975
2423 1501
6191 9751
4387 3734
8714 1515
3471 2547
4208 9776
9692 8090
9084 9492
6493 932
2012 5789
349 8227
6513 7482
3679 7040
8351 7700
2657 5282
2164 9136
5706 8668
3094 3876
5250 9491
2004 5331
2529 1194
7790 7639
1839 2733
5121 3274
5451 3335
1274 5457
9159 6608
8764 1558
4144 8038
6605 5440
5132 2406
3978 4097
5084 4679
7659 2652
497 4100
6674 448
2363 4932
5532 2870
5308 5272
7434 7187
7819 8464
7465 3466
7236 7834
3437 5714
5948 9208
5197 5230
1843 2844
6071 7231
5394 3603
4388 9731
6820 4204
5254 9751
8225 5572
1502 9969
5269 7615
603 659
9808 4724
396 2124
8518 5109
4743 8209
3446 6570
7378 6419
2536 2985
6078 9901
4720 7508
339 5373
6607 7680
646 4204
2440 3453
4776 5036
8176 7318
7720 9149
6175 2903
4761 8059
9235 3222
6558 9816
9923 7280
2129 2418
7681 7233
8243 5680
4249 5598
125 7230
5766 8739
1366 7379
5268 932
3805 1355
7008 98
4806 2806
1803 8333
1794 540
7389 6496
4118 8251
9735 190
8462 6990
5745 118
9306 1260
3521 5733
7942 4299
5741 9529
3256 6127
4856 4590
8691 2594
376 583
920 9617
4313 5402
9836 97
746 3080
1204 8845
5044 3335
4764 8941
8891 1214
3704 4404
8429 6509
1170 1142
3992 6279
5026 4884
1624 6221
8716 9910
7694 5960
8370 1923
8316 9890
9130 4688
2684 8465
8667 5043
9793 177
7153 3506
5653 1965
7072 6429
7313 3482
5476 7861
8667 1936
2263 1528
7274 3366
4140 7610
3733 5977
5097 1072
2457 6360
8226 4396
9257 7231
2911 3377
3664 3583
8399 6738
2018 8022
1894 4427
6160 2304
4322 4923
6330 7129
2443 7677
8223 4973
6777 2721
2768 5839
6208 3676
5523 1618
1910 4617
340 4023
4773 9082
2341 6804
3851 4831
5845 8093
6862 3425
143 3298
5374 8332
5641 2901
1123 1623
9085 6726
8597 1233
5893 5453
4859 2362
4271 1331
747 2251
3056 3693
7535 8083
7765 4901
5353 5503
4292 6407
7437 3828
8721 6598
5789 8716
5037 8
4658 5579
1512 7733
4533 6478
9543 2519
7006 7183
1265 5422
7556 8614
8355 3251
3459 9615
9268 9511
3916 9716
3618 4519
2006 9608
4379 6014
1826 4400
9064 5527
5868 2845
9427 8765
2365 8778
970 6562
782 5166
1852 5000
6439 2655
7968 6767
7685 3332
3765 2300
394 1940
2003 3906
61 16
6816 7935
1795 1098
6959 5894
822 5777
6931 916
7745 4410
9522 3841
7166 525
1844 7797
4278 5352
1819 309
5112 9876
9532 5289
8549 6978
1099 5195
5159 289
8885 6253
5090 192
694 1031
3027 1658
7052 7693
9013 3123
6499 8057
6098 7597
8110 6218
70 9959
1351 520
6543 6755
4574 930
3425 7219
5182 7366
2599 7503
7037 5149
5636 5381
802 1136
6983 3149
9648 1995
2684 504
4593 4509
239 2565
2574 7545
5915 8831
7770 668
9569 6871
335 7979
7524 7401
4448 2520
3649 1085
3645 1424
6700 5213
3429 5493
6438 5694
4630 2883
8603 7021
8608 4513
647 1543
887 5687
8665 8804
8903 8566
7887 8561
1762 6311
8625 5209
501 8036
6378 8352
3705 4701
5648 4940
2468 425
2005 3152
5264 1002
3062 1910
2116 1642
6336 9336
990 743
7571 2347
7458 4537
9839 5736
140 3884
4603 2088
449 2415
5732 1996
4356 8103
8306 9654
8452 5504
647 3096
3154 18
1712 4679
4449 2684
7630 1739
2566 9983
2718 1718
479 5849
8084 1278
2144 2637
8007 1769
2376 7564
5637 836
1618 2338
3143 400
6855 7135
64 3033
9665 368
7615 3220
2811 8537
3395 7685
5572 2994
6750 5259
3970 6731
1314 5000
5315 6541
329 7136
7534 3951
9521 3341
7928 2850
6947 8860
6131 6745
6836 9129
6305 7256
4485 7778
9190 4423
8437 346
2363 4723
4551 2220
479 5667
5230 5946
2584 3058
9684 3041
2151 317
8266 6299
1610 8602
3962 7728
8666 6355
8392 2073
1557 3662
1559 1524
7798 6506
1112 781
2544 5272
5404 1487
2666 2867
1899 4519
388 4158
7374 2864
2311 6249
2006 8961
5259 3119
3823 5999
9586 9696
6159 8288
5729 7605
1769 8750
9327 4869
9342 2435
7766 7699
8515 8839
5495 5026
2029 3684
2186 5222
8665 4674
9266 7560
7576 5988
8767 8790
119 893
7789 2468
9709 2736
3194 1715
1534 8852
69 9516
7677 9936
1010 7994
1950 4456
3338 8353
7513 6212
7455 2558
5162 9369
4301 6285
9813 1271
2203 8145
5990 3759
1873 1796
3031 7198
6292 4219
2107 7802
9741 4356
7336 8743
5943 7519
6706 8151
8407 9030
4049 4652
6086 9738
580 9243
7674 9836
7567 8799
627 9221
8592 3543
1121 3059
6384 2733
8386 9664
3349 4596
2409 9744
5539 7341
7930 8695
8786 8358
1522 5460
8635 3824
3668 7150
8925 5819
6990 314
1804 752
522 2486
9657 603
8672 1333
4748 2195
473 8232
941 3431
590 3957
1347 8390
6063 6678
3700 5211
8671 6176
7131 6852
5821 5774
1607 9997
8830 4730
5584 2638
1813 7256
8436 7133
7876 9263
3744 705
8700 9365
2394 5189
7985 3094
6315 7013
6841 1568
9786 9385
8019 9549
3987 2779
3412 2286
6023 3237
3452 801
6253 7420
3383 3327
5462 2531
3648 1429
7550 2286
2736 348
6478 3972
8900 8279
4367 7103
8876 2969
6793 1124
5536 1856
7465 9609
477 2162
5777 3752
4525 3778
3993 8575
7701 6687
4099 1728
5944 5146
652 4700
2344 1905
511 7399
6444 2925
7427 9352
6541 3316
5045 7056
3787 3500
4304 3524
317 6813
6008 1976
6518 2370
1623 5786
1778 9500
6431 7513
2959 7634
7118 6672
7513 9688
8367 5474
1870 6475
4732 2707
1808 8023
6209 8001
1096 1829
3533 6094
6056 357
1314 107
2521 3939
5483 4034
2643 5929
717 1360
3611 1633
5462 9677
2198 1845
930 6185
9980 9157
9789 7557
3400 9924
6547 4572
6700 7520
2434 6860
6673 7964
1473 7268
5276 556
8266 3563
1851 8716
8594 1770
9743 7260
106 5880
1748 1660
8094 4945
9340 8624
3722 578
9418 2305
9869 5651
9801 3904
8949 5793
9389 5479
1530 631
9441 798
5751 6888
6399 6999
194 3948
9503 5015
301 2277
167 7905
8725 8061
304 3008
2616 9421
5513 2576
2980 9132
6501 1754
1642 3698
6447 4267
753 280
8014 9583
7382 5743
6787 3007
1713 6041
8559 2453
7412 8407
2946 2279
4892 1936
5278 456
3130 11
2074 71
9067 7418
7922 6881
1635 4387
2972 154
3929 5435
933 2803
9676 1409
7834 6472
83 8485
7075 6346
1553 1091
3385 9028
6759 3472
7480 3324
8340 8272
6832 1656
8984 2353
3381 7913
230 9383
3687 2073
4375 9141
3244 8349
4539 3237
424 7783
6315 6388
6287 6874
8346 7325
8945 2458
794 9968
3012 6960
2922 3391
4720 7944
7773 2341
7587 9463
2134 9811
7061 7500
9279 3241
2741 2641
7594 6893
4930 2638
6078 2186
6375 826
7731 552
2158 2303
6072 100
485 8553
1137 4829
3149 4491
8143 8762
9230 3711
1672 3515
1961 8535
6757 6410
3526 4612
7754 7966
2860 7202
704 5932
8399 1422
3022 7801
499 8613
2823 5345
302 4347
6988 3437
8188 9941
3778 2821
5372 1971
958 3954
5384 6669
7949 2478
2690 2361
4241 2731
6665 8278
4485 3148
2123 8089
961 8436
820 6385
9 8009
1509 3145
4479 2677
9808 3881
8650 745
3568 905
1054 3389
3637 1716
826 6392
5612 9157
5537 8729
8590 9648
9824 4784
2495 31
3887 5532
6518 6071
1635 2290
45 7367
5327 2310
6142 3277
9818 1306
9917 3429
5084 1488
9061 4014
9042 9533
2634 1163
3201 8860
6734 9651
4775 6619
8239 5285
7500 5222
4669 5707
1016 5711
1993 3098
2431 4647
1401 2260
9879 9804
8377 8730
682 6462
8443 5393
3431 8079
6095 4511
8562 3527
9341 8578
8684 1713
5583 7214
3453 1494
5772 8801
9309 1700
4463 2149
1619 6218
6454 4273
1957 3427
9639 5100
8062 1500
8732 6927
7613 8964
4159 7750
2266 767
5361 9203
4691 2183
7747 1902
8341 9775
9944 9373
8359 8901
8754 1484
3615 2820
6713 1098
6232 1443
2218 4704
1051 3854
4572 9229
6250 8878
2430 3635
5068 4552
5931 1576
2098 6847
9440 5690
7656 7734
3012 6403
9688 806
9398 5348
6296 2696
4437 4225
3475 6513
9464 1161
101 6391
2062 352
4688 7219
6815 9946
524 6357
8498 9206
6523 4558
4536 2789
1547 3231
3525 838
388 1996
895 2176
5153 7676
9294 2299
7419 9199
1476 7179
4625 988
7174 6218
324 1142
5000 1408
9759 2331
7384 7618
9940 8809
6880 1156
945 5709
7902 6604
1633 5641
1265 565
6878 5153
634 3484
1429 2659
4834 2299
7298 7089
6746 5152
7242 9148
2940 2521
5544 2782
5105 7118
6735 2611
3324 5738
4686 4741
1908 4983
4081 1395
1408 838
2100 8974
9770 1320
4946 8640
8053 684
4988 5625
3179 6566
6086 423
1727 551
3739 7137
9202 6063
4112 7360
4481 2684
3222 251
8507 429
6729 1581
9520 1207
6518 9269
2228 7267
5065 4602
2147 915
2596 3769
5375 2927
6395 8124
4069 7681
4172 537
6286 4681
9469 5620
1361 925
8046 8946
6502 9616
5485 2491
5909 5885
504 6731
9052 2145
5164 7685
6095 2995
9740 3972
7018 1425
4174 8416
8306 9528
8880 8473
9722 335
3864 596
2434 2961
2169 9727
3801 9221
4240 9393
5443 7788
4270 307
5365 6150
4209 3318
3645 1953
7787 1136
2031 9727
8275 8038
3930 5666
602 3063
3578 9703
6246 466
214 1133
9835 8949
7001 8832
1080 2052
1470 4950
9613 1218
3412 5878
1226 671
7857 2304
7826 5950
4563 6844
2830 6690
2881 2051
3230 9253
1153 8740
3643 2116
35 1332
2952 5481
2633 7989
8871 5846
1834 8017
56 3100
4732 52
3147 6534
2383 1812
8998 5429
8969 3630
4979 7944
4924 9773
7105 5367
8019 4153
3051 6077
7531 3962
3925 4799
399 120
6402 5165
9067 4961
3923 1172
5874 3894
6074 5902
6843 3410
6012 1367
6086 2023
2293 2268
2573 3159
6262 5346
4101 8076
2937 5456
7364 8692
613 171
7116 8845
7549 636
917 7817
2162 8479
8649 3262
9897 4635
6233 9117
3224 1529
7741 284
6313 1283
2809 4178
9457 8154
6619 3295
2794 5140
6064 230
5932 6400
3478 3064
5579 391
5052 5837
4506 2913
3110 1905
8109 8833
2669 5769
6284 5118
9315 4145
371 4127
8212 3380
8806 6051
4904 4519
3250 1322
709 466
7823 4435
7057 4284
9010 6114
9509 2290
1326 7789
9533 1187
5562 2756
7387 9099
6574 6380
2300 7722
6231 3302
6898 2673
1258 5568
6897 8312
5989 4967
9013 7999
3729 7463
816 4623
5428 8530
3666 2395
4770 9433
7712 6697
1412 5097
4263 7863
4145 9780
3275 3051
3256 8843
5400 1916
9312 6406
4809 1766
8823 6544
662 2382
982 8945
8824 9747
518 7801
1448 317
3707 3846
6214 5317
2718 275
4534 9839
8041 3325
52 9256
5452 2098
1160 2777
7532 4792
2468 2677
3275 2792
2763 101
8051 245
4636 8845
3163 8653
331 811
7132 1339
1505 251
3229 9029
202 714
5947 5337
7756 2357
7381 6079
5527 1805
9123 8539
4536 7385
3670 7603
2071 4456
746 4663
657 2370
1161 6881
7296 1945
8553 2810
8117 33
1061 3909
7832 7529
2282 4653
4087 934
7015 7863
9754 7243
2760 83
1175 7542
9676 2101
400 4457
4833 3082
7338 4788
1378 2345
4105 1404
9783 5063
1399 4666
2378 5943
9140 4082
9962 9004
1688 8782
3944 9708
8787 5879
4207 5812
7989 896
7649 7890
4905 9407
7116 6707
4300 3480
6747 8889
5884 8455
3944 487
2107 4810
5856 7149
2915 8185
7087 9515
6995 9907
8026 1156
4552 934
3468 2433
2487 9930
2600 6110
8038 4363
349 8837
2234 8050
5816 1557
6443 8687
3298 5630
1828 9860
2202 3292
8327 8160
5534 5966
2541 8615
8003 7954
1483 7275
3204 6927
7696 6538
4502 4814
7787 2115
970 2789
1193 2005
2092 737
2188 3335
5337 624
7543 9198
1757 5177
389 5678
698 9240
5738 1007
7845 3978
8849 1323
9034 1777
2997 5362
1567 9572
8396 1579
2662 6967
1548 4167
3932 3730
3713 1507
5583 4800
6071 4906
3501 7479
6802 644
8679 894
2061 9808
7524 8912
8975 9097
4626 3660
5881 3175
8807 3350
9740 4453
1798 6206
1336 2315
1517 2171
9760 8760
4074 6675
1305 7789
8494 6122
4368 8792
8266 7076
2827 3292
2598 808
4008 5434
9744 3892
1873 4222
738 4071
7057 200
1292 6495
1681 5620
3552 2416
6843 1273
8541 6605
1328 6619
5667 7782
2085 1198
9414 5102
9255 1208
8893 3463
5887 9456
4841 4092
9841 7945
8547 1451
2030 1029
8350 5150
9546 3096
6476 2725
1368 6507
9517 977
8321 9736
1105 1455
4739 6617
175 8031
7478 1144
3438 560
4042 2162
5776 9961
6412 5389
463 3415
2471 7922
4144 5310
1271 7049
2436 574
121 2033
2956 964
8351 9064
6029 1337
3312 3053
6473 5419
1595 4591
6845 4502
9803 9313
3450 8511
1190 5278
3882 829
1600 9491
84 1172
3438 9853
6123 5951
5956 4495
320 1049
3007 8239
2856 5417
3870 8366
3977 440
3211 8995
7342 9439
3144 100
9785 2466
6613 656
696 2643
6733 2683
7104 3204
2752 2198
3222 8429
1852 522
7933 3750
6452 4913
3625 2545
7987 9298
6466 5752
3481 6663
7204 6142
1540 9340
2275 7173
1306 1430
1548 2299
9331 6334
3159 3969
5027 8185
5817 9147
3813 4933
8389 5181
2435 8242
946 8999
6113 474
9000 6687
7178 1550
9892 4728
339 5327
7707 6572
5259 5718
1660 7003
6468 8448
8333 288
5883 5546
8471 2236
386 9957
302 8578
7664 5829
2264 4334
4238 2652
4880 2371
8322 5614
530 1119
4312 8640
3382 1677
9564 5330
9098 6630
8949 791
999 6133
2427 6349
2214 6566
6297 9981
3739 3258
6893 5040
1247 6730
7277 6475
108 2134
2292 6681
3442 2169
7881 7412
5879 682
9728 9120
26 5489
26 2740
5096 1731
2072 1078
3784 8557
9309 7313
8593 5049
7217 8357
8827 4928
209 9932
8946 1884
1524 8596
9383 2760
1241 8974
9890 903
3436 2226
6530 2654
8871 1517
6708 1647
9621 7656
4546 1923
1890 774
8514 5939
8526 1098
2192 4242
8656 3218
6022 1178
2023 6532
3479 1570
4092 1731
1899 3162
7539 7774
9524 3523
5601 8837
6224 829
7847 1145
4663 2957
6236 703
1556 9659
3177 3425
9905 9990
5437 3649
6827 3764
8993 9163
9204 7866
6342 8822
3111 5157
9370 5414
6950 7106
234 3249
7215 8816
2689 9323
4237 2608
447 8561
5435 2838
6421 7295
7683 9583
1980 686
9364 8958
6117 3182
4019 3317
6283 1883
1688 8364
4580 1375
1641 2785
1191 7828
8069 4621
2888 8004
2406 2463
2527 6719
3961 1271
5094 4056
7466 273
3009 4653
5000 9195
8295 209
3751 4965
4799 4023
7893 8388
5654 8061
8132 4563
7853 2611
4806 3287
8703 5878
8007 9294
2016 1902
7284 1635
8017 6160
1865 4496
4319 8272
4104 7472
9101 6983
7686 1199
2710 5597
2175 9777
596 8804
9946 3020
6302 752
3255 548
6139 4502
3604 7969
262 5984
2351 1150
5466 3051
1782 2880
5468 6493
4682 3665
4392 534
3346 6312
4836 4610
8876 5111
1473 408
5950 5585
5487 8354
9451 8214
9184 649
4721 1164
9269 5980
4478 1739
4132 4941
9395 8373
8507 1832
1073 6273
526 4049
5632 755
7325 8969
7471 5977
177 2604
8021 4628
1029 8954
1286 9425
1201 1905
6097 5683
2833 8675
3606 3903
5620 4281
9861 740
7856 8004
6577 9397
8979 4075
2948 3508
2517 790
9420 8092
649 7062
7763 1995
1330 8991
3916 986
4466 4643
2201 7339
3550 6220
8138 1566
9485 6069
6496 5008
3519 1781
8991 8656
715 8298
4849 1215
6256 5134
9736 6548
9133 8024
4668 3113
9580 5218
3586 2037
9672 7938
3005 6903
1984 952
5230 4747
8996 435
6551 8397
5436 4080
878 9767
2632 176
5869 1192
2738 4436
630 2500
8064 5080
7667 5906
629 8505
9803 4278
2631 4452
369 9339
6427 6589
4071 1324
3196 1241
6704 255
2123 5624
6402 6878
113 642
7210 2020
4383 8445
6234 9857
3654 7560
9197 9034
243 9591
5931 7584
6482 5500
4152 3979
9283 5950
8439 8626
4394 6137
3853 9658
3152 1842
6544 4505
9624 7348
4621 8133
1260 9596
8456 2718
2388 8493
7118 3301
2872 8513
839 6360
4750 8366
8120 1627
8509 3280
6724 4820
3842 9928
3746 5074
4031 5985
7226 2875
5921 1098
2250 8353
9995 9557
9317 3505
9454 1820
5626 2392
5322 3290
9906 5745
8830 7933
8275 9087
4043 9334
4866 244
8247 2922
2085 9804
5997 4185
4070 4985
9057 776
8212 8283
6705 269
7252 4667
4327 4695
5652 6645
5420 391
2496 6800
5639 5150
3694 4956
930 1189
1347 5830
8125 7171
1817 5018
780 1439
7224 2598
1515 4386
3440 4071
5890 1431
8953 5683
5460 4003
7090 1698
8337 5403
7974 9657
6860 5094
732 2148
7558 1168
3229 1360
6985 6887
2785 5874
2177 1414
2002 311
9748 1548
5762 1801
643 3688
5993 795
360 4307
9686 1106
1567 3722
4406 8480
9170 2935
6083 6973
2348 363
6115 916
1407 3914
4866 8743
1648 3539
2314 1264
304 3738
6446 6358
7750 1651
5350 2984
7480 7181
3749 6537
2137 8617
4998 6152
4428 1270
7669 474
5558 5995
7866 8998
7490 3728
4400 1645
1662 2025
7059 9029
3186 575
8328 6992
6945 8157
2710 573
6327 3044
9650 5467
2355 7547
1802 4293
4367 759
1815 4559
6842 1475
4357 5724
7254 5676
3166 2969
3069 9468
8626 5865
6030 1153
8163 4941
582 6600
2493 7231
7370 4251
6195 4812
7921 9509
2436 6909
2542 7662
13 2976
4266 1128
8168 2680
2224 4564
1601 4333
9282 5217
2345 3376
9290 1410
3396 5040
42 2619
8894 1906
3941 1640
8730 9233
5510 4282
2458 2754
3486 6447
4538 850
9084 8685
9319 5982
740 8362
6318 8223
5426 5483
9934 9536
6695 1143
7615 2221
7154 3847
8940 1338
1227 1501
8828 8077
9768 2574
5199 7817
1010 7534
4868 9879
1026 3958
695 931
565 3620
9158 9505
3343 2687
7541 939
5787 2340
3128 5528
4224 2675
6686 618
784 7648
5469 3475
26 9142
7256 2869
5471 4574
2685 341
5826 7880
5514 3867
8872 5108
9744 5625
2526 9504
480 4950
4794 2814
8706 5253
3562 2608
357 791
7673 4979
9681 2361
3600 9509
6855 5595
8297 5109
6874 8751
5838 2070
7735 7514
1168 5055
2127 9610
3252 7426
6229 6260
3911 8327
675 6649
6547 212
7815 1924
5817 3547
7979 4355
574 5888
8002 8863
8435 3461
9934 3145
1132 9477
3551 7987
9362 265
3174 2697
1987 4618
7751 4154
359 20
5645 407
1246 2546
4967 7686
6933 9532
1024 5331
2584 7770
1021 3444
3105 1604
4127 7799
5566 8728
8536 699
7009 7878
4250 712
9009 7339
8731 9724
9597 3976
4709 5250
1473 9359
5321 9041
9441 4954
7428 3086
5666 9832
9818 9583
7768 6724
6591 7326
1450 9427
469 7110
1938 8074
7199 2780
2880 8906
9955 6493
318 3385
2926 9872
735 9710
3314 5800
4592 6057
7371 8937
8048 860
6495 6788
5116 5002
3123 1968
1891 2107
4154 1319
4984 7305
1864 138
5254 9514
437 3698
9246 1898
8510 2516
3851 5236
661 4592
7175 9612
5016 3047
7542 7293
4431 5990
5856 5738
927 6867
9965 9251
4636 1027
2584 8470
3451 3621
6182 767
6037 6623
2416 9582
4471 8147
9131 676
950 1037
2489 8713
2496 9340
2936 476
3310 2634
4873 6152
6502 3466
987 2608
5101 5629
9126 9735
2234 449
1635 5662
8229 6887
4504 1963
4558 3135
1730 9026
8202 8338
603 3779
2695 620
5803 5839
737 3204
1066 3016
5086 7593
3491 9813
9667 1514
3973 7583
5818 2258
9651 4218
4027 2495
9099 1523
9895 6718
276 435
5555 3732
6064 7645
81 6795
5489 378
3211 4311
7160 2126
8057 2388
1416 1078
8018 4366
2025 401
9278 6205
1385 8216
6986 9595
2556 9723
2613 3618
6564 6666
503 6759
1117 6684
2914 6957
5471 1920
8976 8056
8470 142
4604 4255
7710 3176
6685 6909
6935 4418
4204 4484
4568 5099
1126 2366
3264 6759
6413 609
4872 123
8618 4574
6261 7077
4445 103
2761 8597
2117 6299
9065 1435
7706 4607
2921 1726
552 954
3523 3814
4678 8813
4454 2056
1476 5309
7323 6556
9780 6126
6099 3035
2750 6254
3501 1450
5623 1468
7860 2926
6765 6611
6884 8379
7081 8278
6829 6317
4519 298
6368 3186
7569 4266
9862 5490
8343 6491
2208 7612
6939 8414
3417 4846
6265 2379
9512 800
2068 2911
2354 4078
3372 9029
9772 5568
1035 4090
2494 2984
798 7920
306 4184
7185 6065
9676 5261
3747 4142
628 9899
5945 5779
8158 6119
1742 9960
2443 7723
1736 1751
5992 7593
6038 8948
3300 2080
8933 1134
8752 6692
6498 4977
3582 2749
6810 5973
7836 7150
6989 5015
2362 8687
9216 2546
4502 9706
9122 7242
1465 8447
503 5397
1531 580
9200 6
2209 7789
7035 4502
9591 4947
358 5041
2776 4036
2847 7867
4314 8072
5079 9885
5223 5227
2838 7248
5349 9371
7560 1013
6183 1712
2900 7150
1757 8003
9021 4860
2695 2060
3185 390
8455 3180
1663 2707
8627 6179
437 9269
9177 2351
5144 1490
6014 7075
6685 7456
6863 271
3076 4732
681 1857
2660 2391
7939 680
4961 5021
9257 9329
8522 643
8484 7600
4655 8524
1876 4573
6144 297
4399 3576
609 2571
4132 810
8586 2134
1624 4058
1674 9300
8370 648
9355 2274
9506 1801
7936 4107
5099 5296
4395 9375
386 9830
4188 6400
3518 5685
5764 1273
6047 5495
7736 6236
6108 2501
2144 758
8564 431
9198 9920
8646 472
8364 533
7852 7850
6895 6507
1682 829
8056 2688
8949 3599
5113 3683
3318 7057
4741 1403
7869 4030
8511 2760
9147 5161
8596 3604
7864 8850
9493 198
826 9108
3421 6019
6919 5214
5505 1233
882 7420
37 7753
6369 5921
3723 9256
6383 6691
4518 4226
4317 3875
5773 6148
1956 3000
4091 565
9926 9271
6338 5159
1650 4929
9648 8224
9654 7689
1850 7520
1710 352
3830 398
1386 1151
357 3235
4350 9585
2444 7907
8612 9722
8339 3219
7404 6327
5590 4779
5667 2227
6650 7738
5473 4484
1066 9616
8540 6016
2831 5757
7882 6127
2782 3955
772 4238
6635 4810
1927 8237
4907 2176
4836 3014
9191 9066
454 538
1260 7500
5475 8874
7328 2417
860 5231
5887 6360
4719 6422
8739 971
4540 4891
1058 125
8388 3089
1153 3567
9805 4764
2134 1054
9538 7931
7436 6797
8999 4805
1360 4251
299 3903
4312 5985
7974 535
7090 2074
8465 4848
9018 3407
2981 1722
9110 1230
6588 9309
7228 9654
2932 5234
3 466
6546 4654
7782 816
2675 2156
4437 8444
5997 7606
5286 2749
5076 6160
3625 4700
4616 3009
3609 8141
6444 7374
5101 2604
4385 1573
9791 4853
4337 1955
7844 2447
2104 5506
7450 870
2685 8307
2272 3587
8062 3508
9998 8619
5945 6446
406 5457
9351 2717
3586 4488
5650 4236
9773 10
1480 7501
8110 718
7016 691
1630 5193
7816 268
8699 7747
1497 125
2821 8485
4067 5148
4357 5996
5338 6324
1774 8077
2866 8521
7515 1621
3646 1881
8328 8139
9987 3578
4957 8325
300 6773
4917 5236
8503 6943
6221 7981
4364 8256
9207 2788
3774 4786
7422 5783
7258 4088
6452 3908
572 1304
4264 8696
4049 391
6579 4022
9336 4383
529 8048
9953 2495
572 5332
4087 5471
8260 5606
8138 319
6716 6486
4276 1259
3246 7486
9502 5405
7726 1755
315 1967
3419 117
9410 8826
5058 7164
6153 8241
1181 4449
4508 2451
7561 14
4765 9601
9765 2931
6374 3677
1238 558
4554 3402
9127 7254
1833 8902
654 3588
818 6065
7578 7199
5811 8760
1032 9890
8139 8403
7381 268
6145 4759
398 5908
6430 7112
6691 2951
2549 6079
6666 7104
4242 9924
9663 8610
8672 7720
6265 5941
6021 5954
2232 6858
5688 7412
251 6301
2115 3353
5534 2950
6995 2925
4480 9724
6668 4553
1394 9831
3338 3161
1036 8880
7234 5660
1801 2055
4471 9800
1843 8929
5368 9175
2122 1980
7846 7746
1181 1424
2404 3720
7259 1891
7287 1835
7731 8297
1965 2215
3639 6439
9065 6527
7023 7234
7596 8055
154 4537
3601 9544
5615 7436
3503 5283
4242 6231
2033 3573
8979 8047
7857 9939
1600 1063
8784 6963
3658 6303
9123 7270
8229 74
5976 5990
9432 9579
5862 7191
6149 2508
2114 7405
3763 6154
4158 811
7318 4208
4364 8915
9248 1982
1104 3007
5633 9653
6547 2426
4250 6034
596 6075
5552 8773
8504 3199
555 7965
8579 6051
7310 131
2943 9899
1825 2319
9801 8082
634 1306
9067 3310
3290 4065
3731 2335
7059 3490
2339 3076
759 6599
4850 9353
4972 9452
6896 3217
9948 2606
2694 3501
5913 9314
5804 1190
4910 2304
3588 8508
8512 7290
1203 5851
5843 3292
6400 4807
8841 9890
1765 1781
7845 7072
2659 6549
8558 8514
9410 2879
6543 1089
3205 4681
7771 4079
4188 1458
1230 7663
7203 686
382 1348
1928 6111
4448 3988
9354 6476
3127 8824
3052 6288
8440 8131
8297 1986
5769 2412
4466 4269
1527 6186
3875 5067
4039 8380
8819 2243
9156 578
2762 5675
263 8011
2973 5676
8469 2347
4340 7217
8978 8457
4157 9387
83 2227
5722 1269
2129 2558
6437 2414
7209 174
275 2872
7617 6637
6438 5052
7477 7804
1421 6136
9007 6580
8263 103
3381 6887
2340 3563
7613 9576
7868 5001
2923 356
2488 7600
6155 4651
6782 8904
7593 4223
9547 7827
813 4888
9513 4115
6469 8481
3472 9128
555 7635
9209 3364
9318 2043
9053 8013
5116 7226
636 8525
9188 5610
409 1994
4729 9656
3426 7021
1291 7011
2478 1009
2192 8287
7759 6042
408 4229
3255 8992
4590 3051
8087 6358
9338 1899
3491 4763
9827 4883
7649 4045
2434 5081
3008 9748
5922 3785
6421 1042
7907 8268
7712 4693
5501 182
6813 8231
5362 9453
5559 6723
1324 7697
2391 6035
7494 3548
3386 2858
3671 2183
7040 3899
2040 3142
9841 8116
9303 2833
7258 3275
4996 7216
7461 3252
2377 9299
8838 7820
7606 8267
9538 3893
3754 4632
2667 6814
270 576
5590 2109
7227 3305
4925 6076
1004 7667
3839 2942
1006 4581
9877 8092
8499 8514
9809 9617
8070 7672
2047 7502
1785 6485
7773 4010
5435 8342
2279 6266
7685 5117
459 7257
4147 798
8635 3012
2624 214
6464 133
9801 7433
8155 1945
3748 4038
6168 1712
1770 3865
4860 1889
9695 8206
9325 6664
4099 1469
5248 2157
7904 9334
3116 1377
8500 7353
782 3751
5081 9266
1415 3405
3583 6992
7792 5654
1707 2177
862 4582
8184 7884
7215 3561
7052 7466
2260 7216
4438 5937
3993 6441
4211 2639
6943 6586
8624 3839
5163 9273
8554 1083
6024 4971
9441 7247
903 6455
1323 7541
5735 5190
8309 6899
8287 3194
4531 9213
311 5640
5657 6631
2711 2515
7250 9164
9223 9398
1213 7172
790 2942
1049 789
1335 8034
8613 8617
4325 4080
2521 9960
2423 3733
5923 8898
5934 1256
7610 8731
6299 8195
8319 3235
5933 1183
577 9329
3737 5276
4735 8091
9522 7898
5000 2949
4328 3991
9870 2500
493 7540
1657 237
6002 3286
7864 3630
8912 135
5267 1465
498 1894
5964 7209
1776 817
3363 6130
7271 9582
248 538
3716 385
4476 8733
1535 6028
6576 3617
4740 2297
8559 728
3596 9357
840 9579
6234 2298
2083 1289
4962 3700
1428 7868
5092 5293
2637 9988
6598 9616
4270 5522
5583 9078
9384 3523
1280 136
7728 5095
3405 6241
6975 797
1529 1551
7685 9181
1168 6311
7309 3649
893 498
4284 9137
4236 7063
1859 1146
8682 230
4565 2010
7512 6831
6754 1914
7183 7917
8193 4296
8365 9842
6476 4384
1213 8783
853 6423
8741 9696
5575 8084
9273 8515
5815 2571
5981 4355
9977 6983
1223 2405
7983 4180
4099 2878
3484 8694
5824 8703
3751 8425
8727 7678
3307 5158
8988 7426
4523 1742
9645 2362
2675 9270
4536 3515
6745 2000
4986 3509
8451 9586
4545 0
2050 7460
6082 7464
763 4523
4727 3474
3575 6430
8000 7914
1872 4721
8218 5835
8540 9430
2238 4170
8534 7452
8800 3023
7223 6321
9527 1792
9956 3628
3948 2988
7777 7296
7756 1521
3603 3806
4504 7131
6563 6202
3020 3978
6799 2055
7356 2622
4490 3970
4585 8594
7012 4680
9139 9442
9556 7445
6377 5354
4801 1002
3405 4396
6224 6810
2627 526
3800 1985
2263 2574
5121 9841
4701 4178
1179 7771
132 9552
91 9015
964 407
2880 8560
2583 6153
244 8270
6532 4949
4558 9281
6886 85
2516 1542
8091 8001
9901 8554
4584 9485
6437 2329
554 5414
1866 5953
1719 4532
179 5288
2867 1341
7536 1798
5231 8023
9612 5809
1723 3159
9887 8803
1980 1290
6560 3210
2825 5902
2360 9484
9055 463
1201 148
5365 1994
1630 8237
5258 9231
7892 4650
9177 712
5398 6688
3551 1248
606 9761
2035 5730
9911 6310
324 4591
2856 2424
7777 1003
9339 5499
8081 8069
779 4263
2 9617
2155 7108
3407 9492
580 4161
7083 2955
2823 673
1562 6921
8720 9059
3231 8059
6859 3549
4784 7353
4304 5716
6230 43
9594 8699
6784 6661
6278 8453
9335 2449
2135 616
3915 8616
3190 7121
5805 380
6630 4141
6678 1781
9446 2795
7892 9446
4015 668
8869 3291
1581 8004
7468 5346
3179 5968
3057 6899
4311 7411
5557 5484
6884 9023
2915 1550
3678 9517
9297 7166
5273 5785
5894 2952
5906 6541
7334 4247
5287 8103
9368 5402
34 9354
9512 9203
160 862
889 8545
8304 5733
4162 6360
9672 3804
9529 8298
5905 9929
830 9524
562 7351
8878 1623
6602 4812
8024 6338
1735 675
8379 7129
3091 8010
1806 6964
8110 4858
2186 4326
967 318
5442 4215
788 4931
1859 8369
3602 251
2886 884
6374 5965
3170 582
4401 7036
1742 474
7010 50
1412 7244
2245 4202
4273 7943
3961 8967
937 3827
6080 7188
7688 830
1983 7688
9683 7958
5477 1621
9885 1216
9929 4078
6278 5416
5644 7091
5517 3189
9757 362
2037 5800
27 5612
5382 9633
4629 4713
6811 8334
365 888
6745 7745
524 8831
6783 1821
5039 5772
8936 4221
6398 3342
5421 6737
365 7155
8952 5302
9388 4078
7204 4608
5785 9988
3872 550
6469 7236
6498 1371
4820 5617
8328 6724
5790 7693
9033 8827
6147 7123
3403 9599
2315 1521
4989 7014
8170 6896
9700 2080
8003 4546
7348 5145
9988 1175
436 3674
927 588
36 9100
8824 7041
2922 4315
7386 4740
1175 7603
9509 8271
4505 7642
2434 6971
3529 1130
2519 3456
8773 4073
9333 8922
6088 3814
4974 3353
8469 5009
2533 9621
2035 1032
9934 2188
1682 6106
6724 1434
8540 5050
2329 4596
5734 3506
808 4401
6565 9793
3366 9461
9662 3827
3703 4939
390 7211
461 4926
7480 2607
395 7716
725 2464
360 2872
6805 2373
3648 8610
9211 2115
660 4965
9895 3803
2608 2661
3542 7488
7277 2659
1764 5043
141 759
5585 2173
4804 4265
9216 8008
9335 8396
7308 4410
2524 1639
886 2480
9361 5088
6554 9731
6664 487
9776 4633
2864 3005
4238 5162
3183 3712
4906 9501
4507 3396
3692 3935
888 4287
226 32
4507 1840
1246 6202
6830 317
5466 8910
7100 5753
2300 3901
8716 5022
9684 1119
2298 3836
5666 1108
208 3710
8180 4533
5589 9141
5661 838
2236 8755
4178 7210
5677 822
2334 6515
7696 272
5861 5461
7221 9039
3525 5413
8977 3613
4264 1091
7379 2278
6550 1041
5605 2561
4344 159
862 6206
5959 917
9412 251
7091 9996
6735 1410
1407 729
7096 1602
4106 6007
6512 6472
185 9648
1245 9977
879 3783
7471 5071
2414 8261
5697 5343
9591 4879
6699 8563
3918 320
9220 2568
5161 4312
7701 9574
5959 2929
7417 7575
7373 6489
9088 3494
315 1009
9795 150
2926 3761
3490 3452
2718 309
1528 8570
5128 2073
9056 104
2710 1980
3249 5601
3481 7460
5493 679
8025 6254
1703 5428
8147 6527
699 5183
4721 3804
3079 6951
9416 8915
8127 9247
363 6517
2927 8086
2348 8704
4961 9058
3443 9628
286 5720
2887 3730
6353 8522
7113 7764
6055 4157
3520 1677
8131 2182
6622 8694
2078 9665
8194 3554
3115 6718
8903 6647
2681 7817
6170 7338
9073 2851
5000 1125
2543 5810
2294 487
3406 9138
4330 6248
7516 438
8951 7895
2157 9759
4566 51
1611 2776
9199 2994
762 3852
1879 1377
8314 7300
1972 7753
5510 6753
3467 8202
217 6210
9162 2071
336 6739
3442 9949
7770 3426
1964 6641
3692 4383
2877 4422
7378 5455
292 7703
8880 4813
7280 6567
9382 2926
7038 7282
5810 9311
3775 9856
5391 9085
2617 4294
6667 2785
3124 9128
6918 7686
8677 8671
2550 9768
9015 851
7591 8091
4068 9893
9984 4549
5060 8428
8722 649
6557 8986
5689 2641
9048 6874
5221 4519
228 2168
6338 9760
7092 7596
3874 4054
6483 6581
1293 4096
2248 7582
4927 9696
2772 4256
3888 1032
5080 9780
4753 7818
4116 1251
8753 6555
6762 1772
6223 6388
4753 1745
3418 9973
9894 846
629 8629
524 8742
1686 8458
4516 5340
9549 9649
2312 2780
5506 3179
9169 5444
6663 8373
7576 7938
8300 9554
8954 7979
7842 8199
6292 9908
2871 9058
5166 6929
2048 1592
4548 9288
2597 2010
4495 8753
2325 3843
8019 3020
1467 4641
9009 8591
4424 5261
5917 1835
5968 824
7354 7258
4417 5060
4400 39
3053 3565
3200 3801
9673 7666
1774 6781
7661 7412
2093 704
60 8938
5865 7622
5582 8685
862 9066
8041 7175
7814 4882
6575 2755
1759 8141
9136 7377
7514 92
5967 7833
7328 6715
9170 5593
1231 5291
1828 2028
6962 4829
4565 1833
15 9996
4065 2597
3402 3607
9741 3446
8359 9131
1821 5398
3325 2601
35 8912
3142 9385
1011 4010
5970 3962
2722 4654
2203 3204
3068 4007
5683 7292
7396 901
1241 7732
4070 9644
5099 3325
936 7727
341 825
2768 501
1912 8321
2575 9286
3606 9552
7547 2308
3498 8075
1418 7512
8612 8093
9322 471
2962 5890
4781 6081
1674 144
1170 4903
2004 6846
2943 5366
20 4146
7514 2084
3892 8266
8727 9078
8913 2454
2604 5211
1356 3488
5296 1033
5297 7562
6017 6946
9620 67
917 738
2311 1925
9209 9720
4136 1662
8005 7679
1927 2792
3200 7400
3062 7607
2640 9237
6105 9423
233 9348
5164 7088
5271 9654
9620 1551
3415 6187
3773 3922
1455 9676
6723 6343
5438 8149
1469 8321
3134 861
1939 3937
502 915
256 781
2940 2279
210 3935
2344 4834
2206 5085
3523 5106
9441 6976
2766 4598
4210 3
895 5267
355 2650
742 2961
2022 6460
7903 6389
2891 3535
2320 9499
6887 9551
4193 2383
1681 90
3899 9576
5719 3723
4025 2194
2909 6529
9467 3463
3317 6091
986 5146
6970 1282
9734 2687
3206 4627
1402 3226
7524 487
497 2514
4480 129
5938 7154
138 9108
6887 4700
7801 1854
1516 938
6364 6293
2322 595
6795 4653
5731 8022
2317 5971
527 9189
1763 9240
9509 705
2337 2157
7678 2174
7309 8728
7364 7460
8944 4337
7712 8577
8185 6267
9680 3006
6769 1042
1687 3964
1977 701
1182 1178
6959 8240
6024 5303
1408 6402
9556 7678
4999 8613
5307 4211
1859 8871
1193 4344
679 4276
5241 6572
683 5366
8713 3569
4144 1050
5485 6696
8337 8672
2655 3259
4437 4223
6884 9367
3537 2834
6121 7876
4425 6595
4060 7987
8439 8899
6983 1315
8980 1411
3096 7375
1028 194
3036 3799
287 4963
6809 2282
6745 2297
4843 6861
4002 210
5062 9963
9417 2382
7066 7896
5484 4779
6773 9635
9739 415
9986 1000
331 4464
831 4368
8742 2739
972 6086
1135 2159
335 5622
8067 8909
6773 179
9627 5119
8915 1861
1790 6234
7850 5854
7188 7009
2041 2744
3317 3151
6588 5293
1279 4705
6659 9922
5815 5357
5645 7184
2726 8467
1267 5232
6869 6735
4129 3875
1828 7096
5343 3259
7827 2345
1630 7258
5508 4121
5725 309
4535 8200
4507 8100
2901 1080
3527 2712
2105 2885
7844 4906
3496 6099
5800 332
7297 5812
5475 6046
224 8930
9853 5984
1628 351
6696 4383
3328 1846
4885 4238
2743 2125
6850 8881
3392 346
4977 2697
9441 1279
9028 5575
3816 1267
4932 4639
8525 815
1376 3371
1619 8417
7315 3336
3485 2032
6046 8145
5021 142
6101 9767
488 8499
5398 2313
2501 5083
1651 1798
3396 5422
6433 428
4587 7911
6265 443
1436 7636
2827 348
8946 2121
1443 2792
8682 3745
9828 8070
5455 3059
8928 132
5021 445
5993 5216
439 7647
5698 4964
3620 3334
9263 6429
4004 995
6460 4806
4993 8232
2585 6470
9249 5982
514 9858
6711 1574
2492 4880
9033 9098
6315 4265
268 4127
7617 5962
7691 1066
4066 2344
9159 8732
499 7789
3384 379
608 627
4674 7326
6748 684
7123 1892
5459 2332
2728 4802
9308 4707
7759 4935
6762 2171
2840 5950
7346 2906
6596 5872
1446 3716
3392 8099
1680 2033
6571 5202
619 8070
8690 1978
7354 131
844 3007
3244 2056
3073 1289
3927 1333
7447 2334
6017 1436
2036 1773
3454 5301
3831 9412
356 1342
2882 4351
602 2989
2992 1550
399 7092
1940 305
6166 2399
8418 1507
8975 732
326 5632
8017 6520
9426 6547
2276 5890
374 6065
4283 8766
1016 1916
8158 2233
1267 7717
2806 212
651 5217
993 9503
3038 2119
2309 419
6438 6723
593 2283
1484 6522
1951 4736
4870 8842
9286 1872
2689 5773
3740 2299
810 4091
1097 7081
9061 2264
7862 9931
4529 2225
4404 381
3651 7774
9082 5348
6991 7605
2294 5626
2965 7835
3908 5843
2727 8759
6476 5706
5641 1557
8662 9709
2897 6196
4457 8611
8382 2477
401 5942
2341 6320
894 7936
4567 1772
7449 7494
6414 8379
6882 6827
7798 4328
4628 9587
1336 4958
2394 1493
6738 2670
107 5563
8162 6636
1617 4825
7233 8055
392 1208
1932 1523
9553 2862
6782 5381
598 4412
346 2890
7800 4244
4227 3764
9636 7124
9070 3091
1652 6451
2943 5675
289 1767
2881 8503
5462 5201
7762 1595
1825 7526
8730 8830
6946 5194
3900 7660
5046 8811
3332 502
909 4935
3793 2836
9815 2459
2172 9561
3293 5770
5974 2225
5196 422
7329 2938
2332 14
9621 5435
8878 8723
5906 789
5381 7000
2261 4693
3756 3623
2963 8787
6069 6890
3410 1275
4049 8204
3511 2310
2667 1229
7178 9731
6366 4747
2646 3015
5751 3556
4589 3966
9542 5445
3529 4700
62 6237
7788 5205
7692 531
7497 3189
228 512
6235 9758
214 3147
8659 6540
6608 2160
4639 5686
9437 7083
358 1875
1627 1303
4288 8869
9434 1710
6898 8279
1408 2779
8807 7343
8442 2964
6378 9952
8429 2397
8161 8704
9995 9547
3571 1120
8353 6535
8921 9469
3596 7674
2722 7729
523 1099
5761 6183
368 6706
4690 2186
3553 2920
6522 1720
6443 1597
9659 9544
9158 5670
4982 8165
7587 4001
3371 4518
481 2502
9148 1324
5919 7004
9521 279
7884 5460
20 2517
2763 7414
3580 3944
9763 8743
391 8323
7698 4324
2879 4289
3009 7069
8032 4146
3986 8161
9088 9522
6518 5585
4204 9768
3099 8788
8372 2248
1202 1543
1165 5109
9151 110
9157 8855
7690 5964
9539 1572
5155 3323
7467 1087
6642 5192
225 4938
1516 190
3606 8440
6098 5389
1438 2644
8867 8406
6898 7863
7025 7767
1296 1850
1537 6350
1296 2297
2492 3947
8114 8304
9395 4710
5523 3749
1823 9130
831 4017
3126 6077
8400 732
682 5261
8724 2836
4347 4696
1116 5386
3021 4327
9521 9609
6196 5129
5954 7140
1531 6888
9256 1194
3157 9882
2826 7720
9739 7319
4172 8364
8147 3569
306 178
1761 5924
8627 1277
8568 7180
4873 7651
1769 1438
5940 2661
9628 9396
5070 8074
5196 7176
5033 4167
1533 5787
5 9821
3241 1379
7054 9695
9303 2319
6369 2718
8797 1256
4847 3794
5548 8551
8203 184
7850 7677
8781 2115
1006 4402
6409 5520
4707 861
4857 7834
8703 4189
39 2262
7886 4626
7415 9356
8887 1115
6961 1939
4240 1677
6428 6072
733 4220
1190 971
4644 5257
8272 854
4012 6632
2582 3754
4276 4365
813 5031
3984 5267
8388 3448
893 7464
765 3306
7942 4153
5093 8887
9103 3205
2239 4338
8463 6432
2303 7937
8203 8103
6497 3122
3292 2682
3530 492
1075 2347
9703 8275
3475 1154
5938 7639
1740 8394
9731 3578
2856 1564
4002 8700
2910 613
634 3221
4196 6263
4921 8766
1778 361
341 9628
1234 1676
7241 4218
8739 9643
5532 6370
2908 157
4562 455
6077 5419
3148 8898
4018 5464
2811 7799
1489 8002
4802 3796
610 1940
4697 4086
4590 4341
2990 1879
3952 9265
8646 3096
8681 5185
7889 3878
4208 9977
8091 6892
8453 8607
974 7189
6470 1075
8581 9789
91 7119
4108 4467
1148 6940
8755 3821
3139 6862
545 7448
8428 8814
8389 8793
7513 3634
3464 4213
5137 4442
5198 5178
9432 2106
4268 2760
8042 655
7379 3792
6113 6752
3130 23
2855 7107
314 5014
5813 2328
5298 4466
9785 6054
2603 9187
1590 1824
3478 8419
4422 2756
3922 5844
5034 6496
57 7150
6770 4401
4442 437
5255 2569
4689 9059
3014 2140
5026 3895
3688 9751
8582 7049
1612 7278
1612 6920
3894 7265
3296 2035
6304 506
3513 9472
8814 9525
5739 8300
8496 6732
7005 400
2945 8974
2454 9580
7901 7868
1921 3874
8271 4608
3119 3602
9943 2762
3291 5902
8971 7112
8888 8601
6117 3185
1687 7633
9914 2718
9429 9733
1066 613
9873 6949
4483 4116
9419 4725
9808 1943
7944 1309
8143 5589
6706 7936
4880 5613
2653 9191
2922 7305
9140 2186
9752 6876
8273 8170
8208 5549
3371 9949
8691 4432
954 5511
6800 9613
4086 450
1588 448
2397 2858
2540 8892
3636 2200
2347 1260
9605 104
5094 9352
1350 3721
8733 4288
8714 3552
964 5368
2353 5353
208 7856
3051 3724
3661 4383
7913 2264
9595 8748
7796 5071
4778 4696
2855 8157
522 6011
4951 3077
357 8345
5284 1898
5544 529
1271 7207
2012 7586
5307 6221
8323 4842
3048 5671
462 4125
602 3098
8620 5950
2512 2734
9916 237
2929 3107
1139 3549
3497 1266
9305 385
416 6114
9966 4354
3260 2116
7002 1743
29 7963
4642 1842
4518 1195
1655 1131
4764 9293
7912 6444
4182 5932
1191 3311
5620 7679
5449 5911
9036 2147
4583 8402
6320 6548
8498 5512
8156 9961
6596 548
6491 9081
7569 6939
9609 6701
3307 5421
2882 8660
4741 1271
553 6813
2703 7779
6278 6372
8577 4285
231 6204
1491 5762
2599 885
5608 1079
7275 9963
6683 7363
9753 2651
4914 4187
7060 82
5327 7832
8386 6659
4454 4006
9214 8581
2632 8555
953 1047
1373 5106
940 9025
8353 4484
72 5592
1717 4371
5838 8141
5590 5042
4987 6132
6811 5091
9371 3484
5432 6318
7935 5471
9823 7275
8281 7847
2582 7789
5859 9867
8771 4219
8735 2021
3876 8540
3401 8178
8540 143
3737 8149
4664 372
6693 2264
6847 6377
7299 7504
9943 6101
7948 7659
677 6491
2572 5689
412 6876
8966 1764
8471 924
7061 1022
4273 6367
9549 3190
3745 2239
7039 774
5028 4461
4619 9915
8098 8417
2304 7810
8099 8304
6815 8140
9978 3418
494 6526
3535 6828
9352 3783
2347 7256
2737 5374
1020 4799
9320 2840
7689 5769
5829 7587
2191 8737
4689 1427
2921 8175
101 4006
6014 8099
7691 1685
2901 7755
7473 1113
4883 9073
2460 6648
3733 4452
1704 3035
9321 1282
6749 1373
2982 8207
7630 8802
6813 1348
2172 1921
3863 2822
3111 4576
9565 274
2516 2250
5175 6803
6457 5600
3932 8383
6629 4969
8360 4772
3758 8999
4380 202
4274 6760
2494 5717
559 805
3329 2010
6206 4043
6576 571
233 6899
1524 6193
4734 5264
6198 4085
1195 6581
2029 571
1897 6624
1048 8491
1878 3239
4856 8573
1034 5198
3013 9473
7595 6833
2977 2664
7388 9252
7497 5826
8352 6869
3831 2773
5116 9850
1413 8630
8587 2093
332 5144
6539 7713
3482 9086
3252 1983
9538 9230
2617 2114
1805 7189
2471 2859
7375 1169
3194 8193
1765 7902
8463 5464
4250 1776
8868 2125
1208 4282
988 8604
2731 6377
3055 7503
5841 9121
8541 3219
2958 7153
163 1384
2492 885
2902 2149
3680 4328
2813 7621
1192 4068
1643 338
48 3144
1497 6796
5571 7780
2995 7718
5039 4756
4601 8142
3985 5959
6485 3527
1648 6139
3740 117
7461 8230
8269 7620
5016 3139
4279 52
4486 4392
3288 8005
3102 2160
5839 1468
7963 522
67 6047
7531 7772
8284 7059
1567 8309
7695 6431
4619 8334
6840 5292
9597 6332
7344 8396
3290 8310
9261 787
7396 1725
4488 4695
9448 652
6906 2896
5763 5437
7168 3851
1733 1094
8782 5889
4862 5294
1904 5855
3668 5200
5963 1505
9607 59
466 6864
5403 2467
3796 2374
6053 8088
738 2394
2145 3920
4366 1612
8176 260
9936 6974
4207 1796
5170 1276
6178 6360
4395 8266
7903 5924
1577 5033
1847 7398
7175 1830
9264 2639
5726 9023
4829 780
9656 8019
7519 9809
959 1893
5300 5089
580 3771
9310 8316
9964 313
9983 6405
5077 6278
8096 7134
262 8056
2913 4754
180 2033
7658 6719
1745 2117
8208 4767
4158 486
6596 7153
2194 9278
2773 6217
6323 4520
1526 3408
1376 4204
2202 8105
6609 4581
4315 7362
8358 2033
6025 2931
7485 8596
4640 9382
7487 5785
2707 4914
1945 4679
869 3670
4681 7083
7574 3439
8782 4872
5818 1126
9538 5751
3989 2297
1652 4636
3379 1988
7741 6648
1012 3052
3557 549
4356 7272
9118 8865
4569 3564
429 6841
8662 7811
345 465
8588 920
6972 2734
4991 8561
534 481
5975 5417
929 2640
8781 1049
9328 4258
8069 9522
5008 8326
1452 6473
8784 8000
342 3359
5277 514
3114 6284
5622 6771
8202 4120
5711 3663
8586 5253
4400 2395
6977 8653
413 8003
5709 2931
9777 2610
5489 3864
4499 1292
4858 9245
1563 635
8511 3648
6158 2133
3478 4725
5588 614
548 7698
347 5215
7020 3719
1748 2555
9545 632
8380 4170
551 1064
6741 8604
9275 5604
6322 8651
450 8457
2754 9157
4135 3906
4339 8933
5326 9570
3080 8061
8078 2187
7845 9810
2684 3177
6375 4180
1858 8991
8064 1833
1726 2715
7312 4789
4839 1191
7504 7207
6970 6815
2888 1411
8194 8971
193 168
422 4712
8276 1901
2893 6103
9712 77
9916 8865
4475 6795
8080 1829
3712 2724
5943 7264
5015 3248
8009 7400
8834 9684
7284 4613
8627 3176
1701 4940
9851 5216
6450 2186
7741 1433
8292 9657
9281 1073
3826 898
5381 7843
2632 3583
3166 142
6726 1995
1884 9650
4341 4521
2219 3542
1157 9566
1366 2424
866 6764
6230 2178
4517 8587
280 629
9543 7430
1900 1221
5168 7904
3497 1585
2653 9841
4798 3021
127 9121
9908 6318
2336 8495
4448 7649
7697 9758
7140 5672
687 269
2037 3490
7461 929
5079 822
410 9122
9476 7404
5002 7375
1628 8168
8163 5630
6389 6596
8246 5860
2148 7352
9549 6621
7156 8633
7676 5033
1539 571
5120 2228
9853 3780
3220 928
9247 2703
8898 8320
6861 3370
7302 2675
6576 8092
3118 6299
9287 5670
4398 3050
7806 1013
5313 9368
8732 2129
937 6900
5910 598
7431 2980
1361 6508
1718 1434
1413 8261
3218 3813
5549 7714
8502 2177
2362 6034
2275 108
6279 2857
9740 326
9560 1320
7166 356
6075 3023
846 6881
3169 4220
4314 7090
4726 9326
4113 2372
9179 7435
1566 8101
1781 8810
5951 3291
303 61
2725 5173
7578 6447
7076 8076
5908 9750
6730 6085
6406 5989
5837 2566
3016 6033
1244 8450
5583 8094
7303 4099
9943 2133
2123 5747
4683 3908
8837 3095
8593 3730
1112 5417
7683 7037
3290 1504
7544 610
7528 8302
9873 3960
4234 6566
5807 4394
7010 2471
4289 3391
9053 1210
155 3896
8748 5156
5283 9653
588 3032
9573 996
6465 2636
4951 6487
2610 4982
1446 3809
237 8948
447 4445
5227 8581
554 9002
4894 9078
3264 6503
4727 9308
4173 5399
3125 1259
6368 4065
3880 5618
9200 3879
6003 4052
2041 1985
2271 9459
8996 2246
956 9498
8436 7158
9586 7799
9565 5110
7622 3731
591 6952
41 9392
8976 8311
4490 1502
8775 2764
9820 6041
7972 9424
210 4083
2718 3391
6998 3801
6404 5653
2313 1125
8581 8696
5604 8272
3692 9441
7070 3713
9938 5992
4614 7079
7527 4859
4048 4623
9323 8298
4205 5074
7591 6579
8994 6077
4937 5557
5067 5550
8220 9059
3944 5481
710 407
181 5572
3275 2735
568 7989
7806 9753
6004 9462
6120 7767
7786 3682
8833 7487
3487 8511
6363 3314
2648 280
4879 5943
7777 7493
9503 4051
2158 73
5978 2231
5129 72
8750 3189
7386 5971
5207 2000
8181 8562
4950 2016
4924 4460
9213 5519
1461 8870
7638 2851
6599 4326
7267 728
2270 9874
9313 9257
7214 1562
8374 811
8756 1503
4377 1799
7207 5262
4784 5601
8733 637
7268 8489
4763 6465
1314 6990
6485 8202
5099 5402
9075 2683
5690 1630
3156 1258
6389 7274
1548 8928
9917 1689
649 6493
1376 2375
675 6427
3438 8192
7682 4813
2584 519
2810 9189
1044 2063
4945 3167
2157 8202
1745 2397
5560 395
328 5023
9921 682
9260 4686
3139 3875
5517 3734
9847 8875
3699 5102
3908 209
5142 7557
6677 6781
5309 9211
2728 7688
9854 9337
9842 247
9619 2238
9904 7653
1934 2631
7912 7339
3843 6921
1598 2287
9284 4014
9154 8343
4762 6410
4567 8872
4127 6473
5663 4383
3048 8904
2353 6635
7327 5996
669 6950
8400 9922
4022 3902
9753 756
1454 308
2580 181
495 671
593 1401
613 6574
588 5908
7354 2777
4078 7246
9577 3714
1680 4095
2660 1598
9258 1117
5601 2330
3913 9215
2159 1211
4463 2492
6727 5030
8372 837
1693 7801
4570 8476
9717 4804
4686 2832
5682 7847
5898 1654
953 1722
1448 1701
8245 755
1169 6702
9700 5719
8052 502
9391 8128
5058 6882
4662 3975
8101 9550
7882 9695
1985 2714
1476 2894
7075 3393
4130 4840
406 9687
7378 6953
4244 7006
5079 287
7897 5381
8969 9522
3972 3022
9993 9633
2631 3466
1041 4074
1261 7252
330 6870
5275 4087
1655 1647
6895 2044
1759 7262
5589 5556
5528 8437
6425 7390
8287 1878
2822 3589
7780 9726
9805 2441
2097 434
4785 9753
3435 3252
6879 4586
9314 5858
4428 7591
8419 3387
3366 4421
9916 1791
6348 7552
4591 7266
1785 3944
1632 1756
332 7890
2089 7472
7859 1036
4109 6951
9814 8161
4808 3528
8000 4869
2709 1159
4311 5102
9866 9911
701 143
958 9101
5855 1122
1979 1075
7466 3872
7022 8373
2654 1536
5804 7963
2331 3099
2942 8868
4216 2376
444 3211
1762 5097
3624 4169
1873 1216
6577 5990
7591 7295
7817 6253
4689 3067
9504 5820
8256 1036
319 2565
6401 5924
4016 4900
8040 4825
2266 4092
7276 8449
4235 9184
2443 8585
5375 779
5726 306
5453 5661
1592 7704
7184 4083
9016 8720
5362 450
8285 9854
7156 8111
1593 4176
2907 5902
8494 4971
2437 7749
6278 32
2762 5707
2799 4842
5373 9603
5474 7558
320 415
3620 4719
1783 611
8294 502
3877 4280
4903 59
5076 185
5930 5034
3808 4397
7810 3508
2322 3633
6889 6473
2507 481
4848 943
6 9683
4497 8402
3024 3009
864 4616
5315 8641
4736 1200
5646 914
9810 7638
6480 1621
7767 1573
419 9798
1831 4698
1062 4293
9723 9504
4739 7221
9780 2030
2207 1665
3294 2041
7631 5750
1695 4967
9192 5729
4186 5809
9903 5813
3312 4740
6271 601
7174 2117
5464 2252
6881 5454
1589 7222
3822 7514
8118 7388
2702 9784
1644 207
6286 5135
4179 6290
757 3935
6537 6454
9559 4575
125 3109
2327 4009
2883 6151
281 5982
8740 5683
3941 2727
2321 6022
7271 985
856 4777
3939 3428
9488 2562
117 9592
9183 7082
8887 5717
3387 8950
2189 9054
9020 2420
4890 5400
6704 6948
4293 7637
6489 5536
6933 8871
9809 9450
4729 1059
7773 6433
2341 2468
5936 286
4471 4153
5686 3969
4968 4892
5393 2788
8302 4912
4992 5864
4077 1206
7563 3348
2269 4060
1228 7383
1847 6851
4823 8262
3850 1019
6906 9254
5146 1149
6639 9816
2632 5492
78 2220
6140 5289
3487 3827
830 3162
7998 469
7493 8023
2983 1771
6679 2281
4657 235
8079 6270
8583 750
6860 8197
193 7519
9846 2642
1073 8882
9019 9599
5738 4398
5608 8576
2347 3256
4467 6241
5928 1726
3333 6926
8345 1501
1909 6335
1964 5440
6271 5581
4326 4325
8324 4341
5479 1373
4491 473
2652 848
1061 8893
8861 3787
9614 1013
2406 3463
4160 7240
4979 3495
2145 8832
8757 8302
7308 1009
4753 8266
7181 532
5224 8497
9830 9920
6241 6374
831 6163
8754 8664
5338 8802
9357 6136
132 8171
8199 6341
5224 6563
9604 1621
573 2529
5534 5042
7296 2998
7941 7902
6348 7031
9536 245
3557 3240
5329 3998
1413 2103
8039 8365
6174 5490
9325 6824
9550 1334
5776 5716
2176 5382
7389 9563
7966 9780
6153 8188
2132 9775
4458 2848
7905 2009
9410 5380
9255 3635
9149 5896
7633 9815
7808 3266
388 338
2017 1888
5534 4700
8341 1273
2827 9349
1636 7614
6983 8510
7049 2258
222 6961
1221 1074
7838 9646
9620 419
7262 7572
9623 8184
6344 8984
2976 4877
849 5572
9453 5411
7082 9663
7195 6599
8527 9925
4395 3185
7885 355
3538 9190
5664 3153
8315 6523
8153 5596
8055 2327
2239 591
5525 6771
109 8109
7932 8144
4297 3006
388 6997
6149 4500
4533 5076
9534 9608
5320 8456
3042 7238
697 5678
3695 658
2142 4828
2374 5621
9937 7826
238 7704
6185 7308
6020 3211
5543 9905
3504 7571
5996 9387
7636 8302
5336 5427
1949 5732
7453 8968
1740 5836
546 1900
5838 1944
5444 5515
5591 7774
4598 5993
1886 2323
105 7943
2754 8294
3382 9650
7354 311
8728 7912
6969 3138
984 8631
7200 3564
4112 8756
2366 7545
1952 2549
3075 7271
5055 4236
5730 2506
5977 6896
8100 949
5815 345
650 6434
5469 7272
8778 9822
5244 6449
3210 6820
1960 38
3899 2564
9187 3601
9357 6336
9544 2093
7776 4515
6276 7826
8666 9150
2991 7979
2725 4496
3177 821
8272 866
2991 3127
741 2204
9692 6153
7867 2007
8764 5538
8610 8304
3132 2706
363 9286
3581 8808
4474 3824
3352 1297
4308 5742
9963 2846
7698 2682
4226 8768
4696 3994
5952 483
8191 7702
7532 6100
9358 7808
841 2000
7224 245
350 379
3582 4174
5188 4682
9525 8931
6558 3053
2194 4269
8818 5085
1634 4230
8917 6157
5575 9104
5686 5696
1708 8558
6064 4951
5897 6771
2899 5
7010 7877
5228 7777
9898 8813
4305 5031
421 1535
5273 8396
1578 4800
3912 2731
2551 952
7720 7057
7632 6342
7346 3601
8063 9914
9020 3573
8479 1667
8429 835
7508 9206
6748 9367
4241 4743
5831 5058
2237 3287
1439 9487
5616 443
5104 4942
2391 3060
8286 1839
7879 7760
3274 4284
1534 4621
5285 5043
9588 9429
7660 3887
3857 7467
6193 274
7177 1712
9306 6817
82 8017
5218 9020
38 1185
7118 6600
9204 8479
7898 1419
8432 2164
9042 3988
1179 9339
2493 2900
2141 7709
3779 9277
6271 7480
7215 1989
1237 7467
431 5942
440 3441
9416 7638
4050 3975
1607 5263
7474 5147
6482 6186
7120 7124
9549 3884
763 6312
5705 6781
9421 350
887 2752
5584 369
762 3556
3833 7389
8009 7031
403 9465
1380 3170
5831 5457
3742 373
3543 30
9033 4015
7210 3508
4976 8521
993 1961
957 5360
4440 9949
3739 9326
9545 7658
8709 6532
330 6729
845 5014
3094 9630
1898 2803
7433 7170
4216 5887
3493 4763
9427 3919
6578 4474
6782 4704
7107 5616
9293 5860
2995 6750
4756 4746
4109 4936
9654 9065
43 6340
6415 1656
8151 2789
6173 4365
8877 4351
6713 577
7217 8950
6484 7021
589 9800
6396 3699
8771 7779
4862 4378
9793 9092
9173 4743
194 6525
5168 101
8880 66
8674 8050
9336 8737
6259 9477
7046 5435
5252 7151
2111 5507
7632 6685
6174 2674
4765 359
742 8645
7010 2793
8278 196
2867 2123
4490 3375
4695 3662
2078 6567
2107 8454
989 4214
2047 9583
2968 3276
9838 941
2131 3655
5899 3268
8809 6542
5542 3680
6911 6970
5630 1202
6230 9201
7505 6216
5610 1137
4431 2296
2632 8214
4909 4857
5948 968
2645 1149
1064 708
6442 5519
4592 9492
9913 4501
4210 5214
5483 2386
3092 9206
7799 8571
9654 1377
1892 4643
9958 9575
6732 4246
6306 2660
3005 46
535 6891
3737 9973
4073 9719
6237 712
1388 4096
9806 3077
3870 342
1183 5729
6023 2621
9295 9863
3257 6102
9824 2032
7266 8517
8914 7100
1392 7828
4958 5995
4804 8403
6143 1131
6431 2138
106 7422
9017 5678
5438 8103
4496 5803
4918 1072
2061 2340
4028 5963
9347 7668
3192 1988
9633 6080
3525 4207
6807 4043
3252 3459
9717 9429
4955 7090
2254 2161
2277 6724
8315 1026
7693 6591
3868 1201
2229 7509
1962 9662
912 7386
5080 336
1600 1425
2936 730
8009 274
4938 6061
8229 9593
8638 4452
7169 7822
5419 4992
1252 6717
4888 6416
7503 3154
8023 9708
8608 6387
5474 2414
5953 5241
6237 8782
9933 7211
3499 1033
1251 8921
5661 7645
3795 9619
1301 9924
9765 6372
9912 6250
5129 830
9234 4284
776 9859
2020 5711
6986 4221
136 4826
2721 5979
1237 9282
4323 712
9022 8288
2341 4825
6868 8752
2274 1779
5724 5161
7355 1831
8380 3156
5176 6700
8526 4779
9164 8887
1095 8815
9863 6984
3537 8485
742 7172
868 3455
7829 43
2884 6035
8804 8630
628 2554
6439 7423
4376 9015
1095 4252
1064 1
6630 8265
8896 3887
9440 2513
3764 1168
1292 5017
721 7412
8626 9657
8943 1930
2631 7527
8243 2454
6228 3874
8688 7774
8789 2489
9229 4962
813 8598
3890 7158
4902 5738
4908 2926
7894 4133
592 2085
1613 9314
6812 9625
8763 701
9737 5974
4895 3922
9965 5853
9241 8451
9965 1809
6257 7766
6463 4799
5697 4409
4109 5447
3613 5139
9541 5547
6051 9320
4910 6947
6765 3848
2086 3770
8644 20
6 6344
3182 5134
1895 6829
9176 8893
2781 2807
398 9610
5601 3456
7255 5450
5213 264
6143 2056
9473 442
8572 621
9330 1501
7393 1151
3202 3993
5376 8579
363 3748
6842 3009
6420 3513
6851 7555
38 3347
3825 377
3704 9595
9075 3052
1991 9308
8191 8620
9106 7231
707 4281
5969 7736
892 3931
3237 4476
6149 9294
9594 2749
2663 365
6666 3364
3807 5209
9131 5914
9422 6615
8456 275
3322 2404
4974 1016
2913 9301
3549 751
4429 7055
5982 7048
1363 9823
8691 7750
4454 520
4569 7545
4073 7399
7467 1828
5009 3828
7505 3616
3096 8727
1973 8444
2270 8757
6790 3759
3418 8022
5749 4748
3983 2115
1181 5793
8857 9601
2720 3356
4151 6981
1324 1865
7666 579
3308 9292
5531 6663
6602 1624
4724 2991
7843 6395
6580 6579
5203 3990
5134 4098
2576 6812
9163 1530
2130 5430
7475 3924
6159 5952
5643 5241
2677 6292
3353 7365
4225 7617
8595 279
5100 8583
8165 4097
773 9458
4017 4163
8058 7041
7296 4094
3296 2
855 1480
9266 5995
8165 8955
7477 1879
4360 8377
4202 7932
1696 7073
2445 3205
1355 3879
9595 7793
8527 8291
8656 1767
439 5640
5726 7683
2548 9791
2410 2066
6997 6623
2256 3222
2258 2411
9702 582
6065 2617
5902 2790
5819 6747
7685 7758
1913 4235
105 1881
9320 7847
9816 620
9355 6695
6531 9697
2960 5591
1233 1232
9867 4629
624 3577
3230 2937
4390 6368
698 5756
2246 7109
511 2102
6014 3807
9615 8856
204 9268
625 1682
7265 9271
2802 387
4142 4383
2261 4875
4779 7008
7435 9854
9911 121
270 9095
6217 1385
9399 9430
2372 2094
9535 3608
1962 4283
2931 5569
199 9398
2576 6361
8270 6427
910 9376
6994 5248
4506 9439
8330 4855
9691 9757
6263 6409
6293 3450
8258 7045
6540 7756
542 1381
2848 4931
429 6873
6023 4123
4943 706
4313 9582
6213 8765
917 5555
6979 7177
832 4103
8243 199
2685 5190
6694 6622
9656 2614
7894 4904
5757 6049
6760 3645
5670 8157
2909 6858
2081 4073
3751 189
2016 9606
2344 9215
5673 9727
7461 1774
1710 9127
4458 2934
2951 7886
2232 9148
5723 6975
9753 583
1934 633
6692 7019
8404 4328
9724 2179
1572 8335
483 9226
3239 3381
2667 6503
3616 8697
4205 706
3638 8610
2643 7479
6940 3576
6735 3686
369 6393
9279 7957
6243 7657
1768 7827
2879 4281
9423 5097
8323 3154
9255 9247
3029 3438
4 5863
812 7812
1982 6298
4028 350
6977 3326
5423 9736
8609 6401
8751 2744
3339 981
4432 5828
455 3832
7674 5620
6890 6878
404 6309
5847 5405
6460 7143
2245 3717
4467 9156
2204 938
2437 734
1881 6687
4678 9779
4657 1297
9656 3151
3347 8493
3705 8159
3237 2623
713 9293
3072 2872
7066 2685
8392 6587
5536 931
3907 9060
4984 1550
828 5493
1732 277
5199 9791
8980 9981
4820 1401
6065 6292
4345 8528
8130 8445
4311 44
1762 1240
8967 9658
3193 7261
4573 9643
1702 1621
5634 4216
6654 661
6464 8560
2910 9608
2087 464
1773 2984
9181 9006
5757 3977
7681 2787
9120 9586
5216 2002
422 937
7569 696
757 9929
7291 5490
5410 1779
3478 422
4203 5646
5935 2703
9847 9612
3189 9368
9909 395
9504 5588
961 9460
5057 8856
5381 9347
3172 5254
4044 6900
3731 2295
6833 9494
9540 9443
7655 2015
595 3840
7954 236
2730 9765
402 8627
4332 3738
2911 9111
7505 4558
8864 3719
3323 2580
5110 9716
8776 8044
181 6252
1040 5369
7683 568
462 6116
5865 2878
6012 6284
3095 5076
7511 7767
2051 1794
9697 9850
8145 2290
5893 865
5759 9415
2677 5484
2247 7351
287 3367
856 3143
2958 9284
4110 5873
4253 2198
8109 5572
3110 5420
8381 8969
2457 3225
9279 8397
4616 4700
3582 7696
5199 4369
5697 8232
881 7747
2269 4114
7965 3852
9479 8519
2863 8778
2630 6039
243 5568
8007 1317
9637 4406
9882 431
7652 462
5498 6888
8196 8981
9306 9731
8915 4657
5483 478
5475 1645
4746 4905
6070 5614
9574 6865
6472 3921
8047 5742
3142 9700
4314 2117
1212 7230
2401 3691
3900 9051
5911 8727
4763 2231
9321 1569
3349 5862
6880 6189
1201 5262
9091 175
2207 6562
762 5242
4109 3965
8317 1801
3497 3335
3099 8536
6241 3478
9462 7696
6886 6611
7483 8141
5935 4568
4799 5550
1450 7636
6101 7673
1629 8299
8829 2104
8667 6252
2886 5636
1698 7056
5156 460
8320 44
2701 2530
5254 707
4749 8626
3989 2188
1737 8816
5173 7883
9520 973
6629 6942
7806 2614
7900 7334
5530 7337
8670 320
7407 564
7962 6559
6120 140
5584 8584
4933 5270
9904 1642
2922 2710
6093 4296
3846 3922
4849 100
9328 3682
5146 6009
9086 4023
6258 9541
2096 1493
3532 1873
8697 1038
5882 1343
7021 6204
7116 319
2710 1098
9907 5326
1 2544
6643 1307
7125 2009
6599 535
4852 6818
4974 8393
6073 4402
8915 8555
5697 5648
3786 164
8135 486
6582 7266
6632 6608
5240 5668
7573 113
4354 8642
8790 3714
8394 2730
8411 2583
9738 6680
4590 8769
7556 2961
9716 8633
2082 3388
1955 2015
4059 3516
813 224
5714 7230
3611 4973
649 6684
6341 6766
5315 5308
93 2226
1062 4025
8027 9569
1071 5612
195 3105
7120 8822
4179 3793
3556 1260
9592 7814
1907 9535
6801 1695
8753 1478
5723 7367
6721 5947
8603 870
3224 4416
1674 3044
1132 1116
3210 684
3706 6821
3191 2200
9238 3579
8873 5807
6525 4415
5510 3880
7575 510
1492 6617
425 3631
3036 4624
486 8884
1450 1773
918 8208
3953 6859
9982 2214
6251 2794
5503 2505
9294 9178
7755 645
2299 6661
2241 1801
5744 5929
5946 9632
7692 4016
2220 5339
9762 1086
9212 524
9639 9543
2976 6705
1686 7851
4994 284
1507 3328
9105 1851
525 8953
5554 5416
8572 1304
2308 1903
9545 7037
8608 3463
3133 7754
4991 1135
8450 1701
8101 1207
4886 2968
8428 8856
7789 4265
4380 5393
1590 369
8085 5615
8566 7612
8287 4152
3873 4156
2665 8676
6647 6297
2446 5096
3498 3769
4101 6368
8910 5416
2679 4840
6810 3620
4044 9592
3963 9976
7822 3370
791 1507
9263 1993
5918 8164
999 3480
4765 581
9077 7820
5885 577
7654 8166
760 514
596 1809
571 5179
3350 7060
4903 1327
4773 3413
2770 9821
6254 5979
9322 4073
67 9950
58 5591
3116 5309
85 4582
5948 8731
3230 6103
8510 5190
3370 3577
5870 3110
9566 2467
7220 5935
6738 173
5579 7523
855 6731
143 9287
3972 2374
8549 4784
8220 6377
8229 2490
5516 5925
7714 1381
4960 322
7210 5820
8245 9970
1416 4227
3705 5587
5751 6220
719 1442
2305 8790
4558 8166
7862 1795
6873 784
5736 3045
602 3677
8579 7060
7271 6997
7210 7118
2934 7347
9644 7660
1773 2017
7478 9340
7730 7104
6146 5216
5201 4385
5709 8371
7740 707
8917 7923
1500 297
4161 8736
9590 4407
9756 2879
6569 9225
9193 6155
4884 1808
474 5113
7204 7258
3259 6854
4555 9629
4793 5823
6620 3808
865 6636
3635 6645
3619 443
5026 8119
7908 3333
2949 6300
7395 3550
8759 183
6371 9918
7886 2637
3911 1735
1073 7953
3213 7427
2330 8846
3633 8492
4934 3713
9874 5639
3512 2385
8545 9086
8846 4364
8837 6280
1148 655
2316 7575
1349 2817
6124 1853
8600 1596
1912 7916
5046 3898
9470 3145
4657 3960
3036 9436
3472 7897
8867 119
6656 1546
3860 9984
4517 973
2439 2941
5934 1412
5787 9595
1270 7260
552 1323
8454 4
9839 3818
4103 3896
355 7067
3110 94
6801 2323
3409 4588
3850 3344
9037 1764
81 8583
2330 7614
5408 7497
3998 3440
5925 5233
3758 7596
8970 9612
7484 182
9666 2246
7449 5137
7743 8509
7371 9749
1 1636
1818 9918
841 7846
2245 4308
4923 4197
5426 9923
946 1534
8242 2807
9757 1195
3170 133
1159 4437
414 3224
8757 7715
2096 3927
7800 6819
374 4448
6130 9524
578 1923
7557 46
8522 7389
423 6286
192 3664
7682 2994
1292 4251
9127 9790
950 4875
7523 9256
2208 5134
7946 8022
8239 6095
4208 1826
1194 35
5335 6198
6154 8655
6690 6122
6882 5940
2023 8728
3833 2296
8083 7288
4050 8882
1320 3309
2701 6738
6354 283
9510 5755
5335 387
4602 8877
9244 7372
106 2163
8420 4640
5769 8710
4371 1904
2624 4268
9697 6741
3888 3169
6827 4052
9191 8256
6227 1869
4299 1726
5303 3697
8980 7715
1135 7261
1927 5990
1120 9639
6812 8947
878 9795
3505 3164
8350 5635
6167 4106
6569 4521
8442 6046
5148 5258
9567 2200
8364 3010
3461 2850
2663 1373
9502 5579
7286 9417
8311 6076
6335 8550
8243 296
6327 6678
4550 7220
2293 1239
2461 4720
1329 2698
5579 2274
4075 1791
4397 7614
1656 2863
6703 1012
1094 2486
3176 7718
4481 9771
3520 9747
1007 9501
4003 1701
3766 1067
1277 7732
2637 9056
8884 9365
4511 2154
8118 1698
6476 8421
4951 71
3657 9081
1756 6566
5624 7949
6662 8264
435 4230
5142 1
34 1696
5855 927
6796 55
154 7726
490 6002
8194 3658
5846 7549
4767 6435
4338 1026
5184 2870
7142 868
5377 8558
5985 9927
5645 3798
2736 1647
6540 409
4301 5987
2269 9288
2207 5197
9552 5048
7023 6034
6442 7733
6426 1673
7627 4407
7570 1385
8220 4176
9232 7939
257 990
5924 2425
6127 6339
9293 4441
183 2911
3828 9323
6064 4887
3234 5507
3923 2468
4049 8274
2160 1130
6416 5152
446 563
1681 4910
4271 4440
2492 4827
977 1355
2262 9509
4385 1076
9837 906
1003 2566
6250 5866
6988 2189
5817 5754
7928 8391
7956 1672
2407 1452
5803 3222
4299 5963
9680 2437
7101 6498
9919 7760
7173 6073
6459 2049
9031 3228
4900 2900
2426 4612
1380 4854
6581 2752
8600 9209
4099 7957
8828 2855
1029 1311
7999 6912
4022 5619
1110 483
858 5827
8236 1349
8575 3852
4039 6544
4566 464
6790 4155
6907 7531
6374 9586
4447 404
516 4738
1527 7570
7517 7811
2829 1608
4593 8706
4644 431
7046 8138
1114 2654
7800 1631
1734 7592
8414 8822
7040 5395
6280 4100
1008 320
8868 6802
1150 5804
1168 106
3497 4418
5194 4881
5363 6874
3892 8848
6937 5170
5875 7968
737 9640
3638 2433
2252 9745
4323 8072
2971 9033
6701 7699
7693 8471
1666 6378
4406 3580
6097 8004
9660 2936
3560 8867
4891 4250
6972 3421
9192 3394
2354 6248
4435 9652
5674 8097
597 3515
8379 2088
2249 7159
105 9868
9527 5908
8099 9391
4731 6137
4841 2613
5525 3562
8347 8351
9945 8858
9405 2254
6 8273
135 4502
9204 3574
216 8705
598 8329
4762 972
7007 8464
4480 5090
18 3883
4348 2163
609 9222
2942 4433
9063 3963
903 7639
1761 5777
364 9414
7286 1301
8517 3086
3320 2803
6037 9781
3395 3985
8020 7575
3538 5608
6679 4186
2225 2176
3377 2204
5948 3095
8627 1179
9223 8910
4832 6513
9623 9217
2939 3531
3677 8800
8081 3364
1235 6366
7123 9906
3135 7173
892 2749
6517 2644
993 4647
920 7255
7718 125
4225 8289
9661 3176
3448 1561
5177 1088
2127 2766
9137 9886
3743 9831
4192 7341
793 3548
1913 6572
9070 3979
3015 9106
3707 2648
6018 7055
2956 2740
6447 5338
6802 3320
4191 3996
1567 5390
6439 9512
4301 8860
1487 1270
4734 7438
3028 4123
7983 1136
8248 4423
3046 2053
57 7818
3658 8886
4591 4243
5777 6826
8431 2199
6180 4286
9741 3707
4095 2946
6654 3502
9701 3648
5691 8965
65 1290
2785 2900
487 2654
5766 5254
552 7816
9142 7578
7652 8084
1067 6554
4954 4719
7883 1816
9643 7242
795 7496
1629 6073
9490 4708
5659 3918
9880 2368
2842 3660
6461 6395
2422 3979
2118 4302
7306 9688
1185 1060
8303 9110
7082 4294
5404 2613
6999 8770
6076 7981
3710 9479
3933 2135
3222 6800
804 6712
1386 2394
7389 7627
2506 836
448 1754
2156 8978
7504 1881
4800 5438
9566 5391
1953 9116
3386 8449
214 6328
1417 7309
7385 2830
4706 8064
5967 6149
4786 2773
5414 3641
2719 7786
5309 1811
4026 3728
5420 2135
3949 447
8181 7691
5284 7475
8850 719
425 6104
1774 8333
2695 7373
2208 7919
3472 8520
6033 9991
6634 3606
3103 7374
9524 8717
842 6765
5974 128
2123 2369
2694 3662
1621 1135
103 3783
8323 6116
9772 5404
9377 7703
9755 770
2055 3950
1948 8355
6512 8602
9904 5089
7033 5296
8047 5719
8356 5956
7178 8718
140 6964
2127 6425
8819 3230
666 2446
7592 8815
7496 3698
5860 1721
151 7887
9971 3200
6842 6356
656 6834
4569 7402
9640 3185
9604 6254
3729 1950
9832 1711
4020 3763
5754 1702
7061 8124
7297 3101
835 8675
7184 7022
1419 3944
1745 2553
4199 3209
781 1537
6900 9668
4887 4323
3665 9782
1688 2708
9795 8510
5781 3783
1605 8387
9438 6919
8077 4254
8928 8951
1610 2630
7257 7284
217 1830
8459 4163
6135 1709
8602 3404
1841 6178
9423 9683
5511 146
9423 2095
4559 6136
566 7352
9717 4839
7725 3762
5888 3847
8250 5952
3552 3369
135 8103
4836 4761
9147 1633
1208 8559
8244 7483
8395 6578
5158 1275
638 2490
9660 1793
6521 4304
7149 728
5688 7940
2875 2921
7090 186
6597 6861
1322 659
7789 2205
4158 7779
563 7480
2749 6644
3359 4944
5558 4151
3870 2193
2811 306
4260 5743
3284 4938
9952 9051
9024 6446
8397 2241
3654 6909
3636 5233
9018 5206
9839 2873
7340 7482
8041 3851
4202 1792
3233 880
2405 3781
4381 8425
9841 4317
474 7629
2693 699
3026 8916
1379 5976
1623 9822
66 8580
315 7681
7894 1510
866 6958
7569 5521
4735 1263
8787 9766
8059 6943
989 9968
6117 4933
484 4448
3219 8159
2784 9093
4070 4983
9604 4647
9980 3220
8248 8833
3102 5392
1538 569
9450 6545
2723 4125
2219 231
9389 395
2484 6145
3474 6028
5836 4364
4312 5951
6338 9337
6969 4110
7058 265
7927 271
9824 2791
2365 6025
4993 2963
5760 6017
1706 6631
5940 3008
5184 4791
9547 3362
8014 6490
9928 3598
6612 2335
8018 7437
5756 6478
9796 7321
5289 8269
5921 5668
3560 3707
9653 2113
4296 12
6902 9314
9382 8754
8505 3712
1953 2436
7377 5729
173 8782
5891 617
3635 4548
229 4959
677 1684
2532 2858
350 2599
3829 3785
6616 2244
9235 5260
1000 2002
3079 4722
2451 6183
1702 4383
1812 1473
596 170
9126 8544
9654 8801
8491 1295
997 6105
8431 1533
3919 2805
4215 3820
6391 930
6355 6150
4268 1086
5507 2070
8311 7779
1669 6810
1919 2931
4620 9267
4471 6705
2076 4006
5670 6762
8626 9315
6967 142
4801 703
5207 8223
5351 6480
3083 4277
1662 8340
1124 2363
2254 3838
3243 1817
2927 9359
135 9679
1709 7085
7230 4331
5748 1842
8615 6264
9755 116
2157 1827
7853 3452
1312 1530
4450 7990
5094 3012
9996 212
143 3575
3805 4286
3334 2570
2518 2842
8435 7575
7178 1236
2989 2492
8754 8042
2637 2367
6969 1047
6318 5852
4551 6570
2608 5468
3227 2130
7771 1059
9714 9096
2481 8518
772 2185
6348 6216
1357 2030
2535 8128
8841 3514
7545 9624
265 3824
7611 2116
6354 8367
8763 2124
2772 6411
3769 4232
8 4536
3455 4264
1491 1813
5821 4525
3160 4851
5426 3639
7545 2529
519 7724
9437 2534
7093 8962
1533 7625
8823 7113
5033 5776
5322 4520
6904 228
5024 6722
396 2685
6132 3733
4324 4943
4296 3503
9291 5729
1579 8252
5053 6454
7590 2385
6554 8825
4533 1295
2643 2010
1763 1940
2674 3999
9006 9523
742 649
5049 8318
11 9749
6480 4590
504 7674
6454 9472
9810 8662
6235 843
750 8528
4329 1953
5652 9193
6686 3218
5759 4069
3188 2808
9793 9471
11 7395
3027 4446
9912 3825
3257 5650
614 9000
5172 5018
3787 6564
4801 4758
3206 6232
8496 4676
9076 3666
847 8234
1922 6928
2788 3455
3517 8409
8201 5029
7685 9578
5682 8102
5424 6237
7930 9291
859 5543
9435 9827
1771 5407
5853 9462
5297 3302
1574 1975
4763 8807
4207 6527
2360 9981
359 9179
3732 8299
7440 5108
2769 6060
2119 375
6486 6680
6546 4321
481 1103
8066 2601
3353 1733
3128 586
4799 4010
8548 8267
1762 4149
3752 9644
6337 2940
6507 4303
6443 9827
4297 1185
6194 606
4472 2596
7134 9221
3637 1498
2078 2627
3469 9152
1306 7019
3736 3716
5108 7784
3807 5029
460 1070
8206 7350
1123 2530
9269 8318
3095 5299
7368 6191
2492 532
7238 8672
2988 9688
711 3770
6278 9640
9631 523
5730 2291
2399 8587
7044 2067
9771 2601
1871 1224
6677 3744
8480 2675
8744 8363
6411 5937
6465 7410
2724 3538
9992 1889
4404 5589
5292 9699
6107 1218
1532 3600
8660 2083
3427 6464
2644 1776
6363 3259
5132 5413
8865 8414
9519 914
3769 5436
8845 7824
8952 9295
5533 2603
7312 3289
265 9216
3977 8684
2371 4532
7241 8433
9238 6142
5798 8505
135 562
8755 1118
8458 7131
4663 4069
4417 133
9483 4835
5455 8292
2817 985
5019 7124
4130 4157
1536 4558
6864 38
3873 7043
874 7204
442 2232
6030 9721
6257 1806
9416 5416
7100 3901
7929 2345
8476 125
4787 6198
8198 6193
4656 5765
4035 6576
2899 5361
8157 2801
4246 6583
9594 1074
1890 5435
5701 1157
509 8373
4359 6824
1262 8732
2869 2336
7900 1628
467 1777
7988 4119
8294 5179
5465 3206
1463 8660
7110 2809
6644 1775
5487 6563
7472 7575
3494 9179
1403 1114
6425 5568
780 4692
6056 3181
7034 54
4644 357
6362 7427
6115 2011
4595 1943
7697 9728
3293 6324
2864 7881
6440 6555
2048 3837
1497 1315
5481 6472
7519 9673
1349 287
8772 4693
4731 7905
7471 6036
518 6789
774 199
2292 8310
9904 5576
6346 88
2953 8324
6917 5733
5215 5897
811 9929
937 685
9840 166
6967 3336
4116 965
6244 2272
2138 874
2024 4879
948 1554
6602 5059
3130 508
3427 3649
6969 5265
4621 6903
9128 4113
2907 3485
2501 1643
3282 2695
9038 441
1061 7418
9772 3446
8206 1128
7242 2941
6936 2314
2163 6671
1322 2345
4313 8833
222 9544
306 1407
7567 4418
6797 2753
2832 1356
3235 6073
3802 566
5176 1397
5726 2563
4992 9015
6696 8946
7870 4318
1492 6521
2024 2881
6202 333
5126 3160
5845 17
3833 711
6290 728
9753 5032
7076 1784
8199 5636
3524 8541
65 157
7317 9831
1092 7163
6470 3730
7259 5185
9616 1520
6725 6971
5679 3109
4005 519
5294 8606
51 2285
8859 9534
1920 348
9753 3111
1430 9570
52 1857
3342 5463
2848 7819
6699 4663
2506 3771
436 1434
9440 6355
1552 5650
604 1923
3033 7584
1723 228
7922 5892
109 6424
8229 2271
4693 9564
293 4630
3167 2182
8930 6886
8065 8353
1659 3022
5178 2818
1710 8189
9832 951
5739 2121
6246 3627
2519 9305
9345 6072
9291 2160
7756 3977
588 118
8154 6779
646 8597
7976 96
4002 2717
749 5167
3175 484
6409 4283
108 222
5835 462
444 2852
7679 1778
4514 4276
9876 1565
2099 8245
9596 470
8379 3734
8668 4968
5903 8402
3539 1970
4402 4833
1048 8440
1555 8766
9724 9834
5795 2032
6478 6302
7173 5288
61 5756
62 3542
5864 8295
4924 88
7265 3747
9891 8849
9345 8727
7458 113
5525 1313
3637 3046
9733 5840
6307 9743
3173 5010
103 7529
9733 9306
5676 5624
1699 1485
8097 6148
6496 3466
1036 3645
8384 7875
5467 8364
4459 3549
4677 7319
6225 6272
8207 2913
7962 5915
7243 3228
3450 8535
2763 9371
2548 2278
7827 6713
9174 1240
3596 816
546 3306
4709 8247
5260 5787
4276 8795
9327 5324
1659 1240
2939 4308
149 324
1433 7037
6879 8472
1935 5823
6403 1564
3438 1974
5440 2382
7272 6818
8214 8031
1664 5083
9757 8938
6570 1999
5637 3585
6481 4794
1671 2886
2087 1265
1451 6596
1463 4107
5139 4743
4630 5228
3781 2526
1096 3167
9478 1883
4495 3551
6513 2837
7039 4706
7622 5403
60 6850
5728 8756
9589 9450
8367 9783
4394 8426
148 1540
2215 3639
5355 3054
8629 1330
5794 6134
6502 6739
1560 7109
6079 6866
8449 3445
3250 1169
7686 6349
936 7049
2489 8247
7198 8624
7494 8255
9319 452
9236 9610
4031 6487
7035 9665
8815 839
480 408
4700 5272
2156 5343
826 2400
1803 2325
6174 1182
1600 4948
8690 7864
8629 9709
6241 6976
799 3921
3394 6707
9969 3081
2913 5422
9111 3314
152 1997
8323 4984
5358 8065
4709 3966
3574 4060
7458 3224
4440 2396
9959 9733
6780 6082
7399 940
8882 95
7600 6945
7807 4282
5260 3028
8690 3872
9956 4487
5749 2024
1118 2842
5951 4722
231 7045
5238 2939
5323 8785
5298 7759
7473 7491
8876 8268
4596 1350
5477 7807
5964 9956
8947 9134
7484 737
1350 9649
5988 2740
1321 4414
9046 4210
8196 751
405 7401
4718 7825
8634 4102
9328 1180
5057 8915
1717 1674
2512 6656
5469 9478
3319 3421
4545 5139
6370 5266
6865 7942
1644 5244
5432 608
2238 4852
4273 2668
6693 684
9331 7506
8082 9913
5800 5253
4890 3416
7243 7615
926 5087
8048 2423
8437 9233
2781 2204
357 508
7542 7409
6992 3395
9911 2485
2315 179
74 6062
7002 3989
4392 2785
6903 4575
6860 2064
7938 471
1219 5744
8290 5045
3440 2438
5674 803
6172 4190
6278 3812
5514 2968
2244 8750
4969 1919
3008 8213
2706 8567
7416 9173
7681 2995
1326 6492
2385 4288
1724 7298
9488 1729
9953 6871
2082 5559
8698 5015
8289 8461
7916 7740
7105 6142
733 2560
34 3043
7106 2956
6911 1341
8915 4370
7651 3291
5627 6260
8251 4777
444 3072
6006 5701
8335 1593
905 9231
6473 1506
8912 4556
2889 3401
3167 8455
9725 8285
7398 1461
3300 270
195 8963
8079 208
6385 5374
1601 8331
8782 8335
1814 8642
8634 2481
9327 1070
7499 2816
9675 7575
6733 1536
6641 6095
5575 6039
4298 1226
5354 744
4075 7805
4178 7021
80 1506
1023 8992
4405 7925
8157 2790
5309 7263
9407 5145
5110 9596
1258 6704
5716 3131
237 4573
9241 7809
8879 9986
8918 7610
369 9665
4315 4606
6546 3535
1194 5452
5217 6996
1178 1926
1533 498
9847 4472
6089 4016
4135 7014
1595 6162
3256 3841
7203 4806
7508 8517
2697 749
6806 9858
9695 6451
9063 5845
3669 1710
6305 9843
9180 5647
4965 1377
9458 2792
3799 6275
6572 5483
3879 8575
3138 4730
7211 9981
2387 6432
9015 7966
7386 1802
3231 3061
4904 9444
2131 7094
3841 7468
3097 1450
6115 1173
4121 5388
5776 5675
5393 9187
7133 2461
1705 93
1634 476
5009 9716
7346 3662
6006 8031
5861 1007
1171 7768
3025 6534
8324 5621
3064 6431
8662 4453
762 2522
8091 7322
9770 3183
729 2221
14 7515
2962 7122
8609 6380
9694 9017
9507 4790
6596 9214
9760 3119
9160 3854
1437 61
1102 2982
9566 3914
7261 6169
8101 4017
4894 3470
6262 3624
1491 1684
1094 3033
7317 7427
4017 5471
6166 609
9610 7881
2246 2285
1629 8110
7712 5291
6593 6846
6564 5581
1817 3425
9552 6618
2281 3262
2279 3069
6294 6314
4740 1437
4294 3115
8551 436
2247 5367
2381 7663
283 6414
751 2193
7809 6177
4417 6948
8511 5565
8283 7469
5259 1832
9460 4442
6649 6247
3417 1611
7663 3897
3214 9739
9604 4404
5419 9849
7878 4058
1928 3815
9339 6535
1859 4414
5584 8426
1262 4044
733 5614
1286 5580
7961 323
6029 8432
3066 4990
1545 6572
1444 8810
8790 610
9731 4041
1382 9590
4788 619
4265 8878
557 6025
9224 6392
1021 735
8730 8232
7934 7780
5002 6380
5111 1095
7504 9037
1374 7799
1979 9956
2011 4383
1728 6247
6711 1149
4460 8447
6899 8798
805 9927
5541 5831
6047 5763
4734 5986
4843 2683
887 8291
5354 5778
409 774
1343 1031
8283 1128
4962 9607
342 3742
6848 2189
5269 7205
8784 760
392 1079
6081 791
8600 1415
591 1091
5493 1241
1092 6505
5306 8321
3115 7747
7378 1334
4575 7921
9924 7811
1170 6521
2586 6170
5498 8137
6256 4533
4390 261
2967 1147
9215 9745
6217 442
4425 332
8247 7879
6841 8167
1821 3216
464 9025
6631 5034
1029 2912
7470 4076
7232 9038
6507 1959
4323 5982
364 1792
4115 5497
2932 9404
6836 890
7788 7463
7972 738
9991 3968
621 9192
9700 1653
2046 5121
7516 3334
6195 3511
1963 4697
9440 3978
3180 9450
5357 784
3805 6780
619 5706
4274 7024
9941 8452
1893 1280
1362 6616
3563 8665
2726 7809
881 995
3288 7927
5845 4175
8030 2683
322 7980
3701 6416
227 549
3869 3556
9672 9866
2401 1786
7910 2106
8548 5590
7353 2138
5415 8532
3061 1540
9159 5445
8714 4335
5923 8278
3174 6999
2683 9055
2308 9721
7332 998
4754 9262
6584 2397
8560 33
4282 7854
5396 8830
5847 9761
8187 536
9704 8472
714 4887
9588 3304
4978 8333
8066 4596
6754 2500
7916 4615
6102 2406
3568 126
7022 9639
352 8144
9465 6259
8889 9659
6928 7904
6352 3547
4991 6927
7080 6457
910 4597
4897 5439
7278 9904
6090 9300
3742 1864
647 5112
6605 6196
9678 9917
2874 7686
4859 6608
760 7860
9779 3571
8157 7300
3685 2856
5754 2099
828 9596
2964 4018
2386 3661
3776 2893
1871 3065
4318 9929
1231 8757
8556 5994
5905 5863
6892 2686
9419 8977
8736 4650
3803 4203
2241 5103
1416 4347
4030 7368
8152 2451
2690 7202
1387 8951
1822 7240
6420 3209
7174 5002
919 1411
9000 8522
2606 6256
7958 596
1109 2328
1765 6983
518 23
7054 2643
7055 3768
7377 5713
1007 7155
6602 2553
3008 8352
3100 2596
7133 854
6617 832
8773 5477
9844 73
104 6140
3661 1450
6046 2072
6491 5632
7191 4762
1289 7174
4765 5396
3271 8002
8549 4016
209 332
4757 8364
9020 9030
1295 5878
3116 5245
1867 2447
9764 9563
1204 1855
8181 7077
8345 9926
9639 1544
979 1290
7477 2811
6501 7794
8802 3809
5167 1742
1642 9613
2942 4768
6292 3122
9678 5099
3443 3639
8479 5638
6332 3315
2773 9757
641 2698
9529 8277
2796 20
4685 4234
9432 198
3773 7031
7864 7440
2961 6400
4091 6402
895 1647
1783 2907
5453 7434
9794 3728
8212 2925
4656 4214
5520 7162
2487 8012
5620 201
3758 183
2522 9405
5668 6331
2408 9046
4941 2899
5086 8236
7910 4030
8620 5902
8506 4566
4017 4999
6749 558
638 9673
2597 5287
4600 4073
7209 2175
5612 7639
4370 9687
7694 217
6302 9327
4170 6643
8147 9728
6379 7092
8960 7285
5433 7312
1711 4439
2845 9286
8023 1828
7104 2477
1678 7659
7474 4304
5324 3671
2103 6979
6810 4022
8092 9136
1466 2532
2455 1987
1584 1289
8491 8526
2973 3419
506 4218
828 4417
6726 8827
5653 3606
2128 2286
8096 2934
8130 897
7236 1369
6952 9279
8269 6344
2872 4247
6715 1696
2002 5609
3287 290
5011 1228
2369 9717
5460 4622
1380 7385
191 9225
8971 9881
4177 2926
5901 6300
4907 3906
2292 471
2867 8721
3932 9203
8087 8147
86 4310
6337 1865
8028 5937
9206 6900
175 2277
6617 2915
1804 6851
9101 1846
8717 2495
1575 7940
8395 3248
2801 1397
193 3303
8011 7581
9309 8665
7789 6534
4255 6474
7463 6184
180 2776
7289 7912
860 9729
3086 4842
7671 274
5779 9460
4590 1406
7798 3889
4398 9591
7609 2815
8591 7691
9366 3894
995 8462
3245 9957
6698 5584
456 7130
2370 3883
2543 7293
9212 8156
2487 5273
4329 1179
8710 5145
8884 5192
6354 5500
8264 628
8199 1108
6818 185
9111 3888
3810 8423
3035 9843
8603 4189
4088 2017
8794 2224
3901 2039
8835 2586
873 6100
9654 5778
4841 3543
2609 9187
1535 2806
6543 8204
8734 6264
142 7812
2466 4400
4750 2792
6796 8630
6373 8723
3515 4516
3248 809
919 7802
5044 4415
1110 1390
4403 4858
5633 1731
9466 6690
5921 2837
8374 1379
915 3967
278 7377
6795 8169
9660 3909
5252 3233
7294 8600
8997 6868
4777 1034
1440 7849
5621 1744
7220 8219
2675 56
4770 7042
2434 378
9292 5068
6177 9580
2521 8364
1024 9650
1094 2767
9295 3889
9302 6264
488 991
1274 5863
6968 6168
1068 2458
3128 5519
5541 2048
7146 1871
7727 9894
9967 5981
9700 6944
4677 189
5029 8197
6366 7453
2407 4295
2827 9777
5527 2350
7575 9612
6622 7889
3921 7607
9792 8928
5218 3314
4431 3056
6300 4773
3132 1828
9267 3457
5949 8580
7381 3319
2122 9741
1956 6868
7090 6469
8853 8585
8858 1385
5793 7443
325 6916
5529 9931
544 3918
3670 5131
3492 9984
78 1211
6798 9359
2947 6648
9531 2125
7877 8209
9037 5815
8248 1405
6171 827
6544 396
2484 4987
9992 1560
3475 5223
1059 3191
6671 7226
6954 5088
7818 211
1171 2856
3897 1277
3586 2456
4322 2061
5754 8557
97 2553
9564 8347
5686 3280
7952 9471
5992 5433
9810 143
6429 555
5699 2240
1345 710
9632 8773
9875 6525
8256 9790
9344 7297
2614 1076
9383 171
1926 5007
6267 341
373 9939
4759 1765
5050 8821
8859 8615
4768 653
7349 3462
7293 5994
3179 8535
5293 8236
4645 2835
9591 2338
1736 5439
7089 9392
7628 9673
7776 1181
6174 2656
4791 9463
5826 9312
6032 2915
3937 8521
8201 9237
4704 4588
6038 1976
945 5393
6453 9146
5922 7384
8430 2743
4548 890
6216 1921
7734 3083
8025 361
7279 9886
4102 2972
4491 5508
4600 1965
1821 1411
5456 4139
258 6720
7073 5263
6518 8745
8667 8148
1408 7872
2440 3939
72 1703
1295 5721
3673 5605
4854 3032
6866 99
1285 3335
4230 662
7558 3398
1571 3145
6456 2099
2496 4102
7794 7298
9503 5392
932 7917
4498 7472
5066 2759
4138 5163
810 974
4650 9532
3052 4253
346 7635
2489 8987
1671 6489
9036 6804
5016 5263
4310 513
3116 4611
3598 5462
7375 1133
2869 664
2843 8284
7942 8490
5451 8152
8012 6595
3739 7828
863 9997
7755 402
5638 1228
9427 5970
6688 5112
112 3529
9086 4473
443 4730
1991 5215
955 6627
79 5564
7393 1223
8210 3022
322 9139
6475 3276
8690 3183
929 2379
6490 7700
8688 4590
316 9604
9909 9257
3422 2266
6003 512
8610 9151
8660 1233
5398 9046
6297 4746
4551 4165
3106 7288
1872 2400
713 8733
9537 1795
7064 3037
5883 4988
8539 5621
8455 1779
4624 1769
6118 3992
5019 5097
1763 471
5670 175
4757 761
8166 7687
5169 170
392 6603
4764 1027
8554 506
3917 7204
9223 8917
8145 1888
7962 2982
3369 20
8340 3037
9101 373
2120 7256
3236 9861
691 8797
2875 5826
4233 5112
2067 4907
7018 4988
1576 7712
1284 968
6491 1429
6066 6343
5617 2530
7650 6899
4612 9626
3397 24
4471 5526
1199 3121
1495 1486
926 993
7853 5123
6455 7631
8977 4156
1723 287
6584 3371
9049 9753
6877 9002
3150 8313
8846 4680
6151 3458
2253 6730
5207 4943
2343 3599
7507 952
1058 1541
4667 1933
9327 1202
3204 1202
8958 8624
1408 7191
3905 1783
4174 1235
5353 4648
334 7357
3805 6612
7885 3782
8681 4983
7742 6518
6850 453
9930 8209
5719 2799
3790 3974
132 2721
5731 3668
1408 4379
3211 5785
3031 8298
2439 1305
834 210
9542 9879
881 9115
5271 2643
858 533
8479 9184
9243 3146
8486 2625
2972 6606
9276 8719
5248 9397
6137 6233
4074 6945
3058 2457
3325 5622
8616 3535
955 2525
5258 2284
3823 8897
7994 8189
6614 3465
3421 1362
3831 2
3356 5322
3572 7561
1448 4365
8088 338
1499 9798
6368 9128
2745 9034
4839 4497
788 5721
5514 2300
5375 6000
6810 1706
2858 1225
8671 3879
9693 2608
8313 1187
6432 1586
9586 6577
6759 276
5696 9100
8555 3389
5926 2625
4306 3473
4698 1453
1 1211
6465 1235
8552 6055
4311 8618
6187 1961
1771 8897
5505 3357
6950 9856
742 3804
6524 1229
1179 8599
1291 6727
7389 8404
9985 2306
6579 2290
5082 6047
6801 5210
5878 2039
3561 7604
7177 8389
8577 8899
1180 9853
7695 5438
3538 173
7809 44
5957 2590
1898 1227
9502 7046
2839 3997
947 4398
7279 80
6778 587
4872 9385
5852 4796
3383 3308
4229 7566
431 1786
2536 6751
3931 9767
863 1309
5718 7638
9392 6650
3863 6628
1516 6175
5835 6526
9601 3690
8091 2544
8111 8517
7100 7932
6391 1636
7764 3250
8318 315
9850 4690
242 9258
599 4683
1860 2086
3225 8751
8995 6820
983 3781
7513 7109
4366 2842
2399 5465
8105 3078
4716 5985
479 7351
8074 1541
7703 3820
4233 1406
4950 7743
2733 1330
3609 7951
8995 4170
6334 953
5089 9121
6636 9635
8203 1227
596 3046
4625 9279
143 8149
1174 9619
1702 382
5259 3315
2849 7371
6490 1629
295 9125
2655 1420
5812 5751
4416 510
8345 730
4030 5764
5325 3666
9859 2998
3136 8980
7627 9233
144 9074
784 3711
645 5541
9613 577
5560 8966
3556 9194
5057 2761
9307 91
8156 1558
3872 7862
9533 1861
2046 9650
6331 3253
360 4427
72 8538
8290 3378
8369 4465
6127 4424
3584 7984
532 339
3279 4831
2907 7082
823 1917
6948 9443
8406 7681
439 775
9359 4158
3093 7134
9339 7921
9660 2700
2542 1114
8920 3271
4613 8005
7894 2724
9851 6100
3188 8189
3786 7083
8741 5570
3710 2039
9024 6297
5477 7500
136 6147
2083 9785
9847 9132
1250 1690
2083 158
3543 6170
6674 771
5360 5139
42 5957
7273 6596
8865 3413
7149 9101
4291 3396
6250 7722
5538 8256
7565 1178
8424 5598
7485 9803
4247 7665
1300 7123
7650 4885
1063 237
693 4171
6582 6975
7550 3697
2815 8964
223 6124
2301 2698
9515 7637
8990 1626
6222 2461
9667 5856
3866 4638
7824 8422
1179 736
83 5473
7100 3621
9953 6087
9587 6978
4012 6748
3335 5882
7537 3976
6146 9880
6541 9590
5137 4232
8224 5643
6984 4515
298 1073
5506 5302
2609 192
8055 894
6885 2296
9478 2466
1914 2237
2177 2380
4597 1487
3304 6037
9458 6020
574 764
6274 1013
3000 7091
722 6018
9444 9287
2070 5026
7414 9114
4068 7596
2941 9422
7261 2811
7060 1791
6791 4481
9524 1310
8005 1899
3142 4214
9800 6765
9975 6541
3246 7994
6437 5145
7305 7761
3622 9996
4299 4295
1399 5277
4205 5230
482 1380
8111 6255
3913 8946
2921 3305
2782 5243
9440 6517
6069 1233
8069 6309
4929 8638
135 9769
9643 7981
9769 9502
1954 5526
3118 8868
8796 3908
9728 7098
10 8981
1936 2808
1545 7870
8935 8856
725 3543
6971 1233
1384 890
1470 8370
224 5140
944 3800
719 6725
5829 4924
1052 618
7138 4284
1350 3428
5856 5076
4025 6068
8706 9513
201 7446
8931 7074
2955 7303
3817 5923
5748 1701
327 2951
8 7425
6030 8393
7364 9843
4594 3695
3848 9691
3451 8260
4700 4879
8946 8608
7235 6086
3276 3239
6301 2175
8419 2571
9142 4207
3391 1870
9964 1893
9715 4936
2398 652
1940 6113
1647 5965
6405 1691
2186 9901
7293 5247
9200 3114
698 2051
8668 1278
2159 3573
9048 2526
1625 903
1368 8817
7407 9927
6484 3248
1703 4633
9140 6935
9654 8851
9316 4453
3327 709
9798 5253
7581 5475
2518 3145
6588 3120
3273 3616
9505 1000
6959 309
6041 170
1431 6724
1343 9473
7953 7112
968 6942
9199 486
9272 36
3589 2048
247 6655
3968 631
4222 7457
2163 5120
5067 3579
364 9537
7029 3124
5317 7385
1993 5785
2198 2345
4722 4465
1063 4803
5607 5308
9283 1933
7823 4856
7145 5378
5792 7103
6636 9718
1300 8512
4362 819
9100 8328
8858 8420
6783 3469
