0	1.3127142128747926E-4
1	8.21053316450032E-5
2	5.664545009794925E-5
3	5.431653655763186E-5
4	6.863122449587964E-5
5	5.4732743351600615E-5
6	6.424215831819521E-5
7	1.1385770010998555E-4
8	6.642294421792768E-5
9	9.00350487854468E-5
10	5.351159334287792E-5
11	5.135927199001366E-5
12	1.09443733793651E-4
13	1.0323395328617665E-4
14	8.58717085209535E-5
15	8.583401702446467E-5
16	1.3454524972460663E-4
17	5.494973063063299E-5
18	1.1186859452806422E-4
19	7.383976194911961E-5
20	2.0239270177070052E-4
21	9.494783083387168E-5
22	1.3944637782878165E-4
23	1.252255643602129E-4
24	1.0642592701442659E-4
25	8.116230437631714E-5
26	9.56926395916199E-5
27	1.1432357146423728E-4
28	6.118558945365976E-5
29	6.67282864629755E-5
30	5.884870220748471E-5
31	1.4741530309993683E-4
32	1.1961937208634824E-4
33	1.5240034732867216E-4
34	7.625181663191975E-5
35	1.1443055546469553E-4
36	1.2509837899613745E-4
37	9.812544682404608E-5
38	8.19345978818897E-5
39	1.338316729512898E-4
40	6.988508061896113E-5
41	8.865574790593437E-5
42	5.9357236780929195E-5
43	2.080963168185031E-4
44	8.720862822944357E-5
45	1.1515275467840664E-4
46	1.6396639616336517E-4
47	9.124189069531372E-5
48	9.956477930112194E-5
49	8.632603238825403E-5
50	1.1553933808644479E-4
51	8.239258861243473E-5
52	8.21121003791177E-5
53	5.151518807651093E-5
54	5.520155933231442E-5
55	1.5477976454019557E-4
56	1.6506097711186898E-4
57	7.830007715687706E-5
58	8.338801088159404E-5
59	7.839492763364757E-5
60	8.198939358560592E-5
61	1.1461739943910097E-4
62	1.1085613605312799E-4
63	5.317988388930925E-5
64	6.969226056655822E-5
65	9.688564881492882E-5
66	6.488075079192138E-5
67	1.023645965579979E-4
68	1.1398246780100138E-4
69	1.1633785928601667E-4
70	8.75834896976515E-5
71	1.26420588452929E-4
72	1.1250010343247238E-4
73	1.0766201442365585E-4
74	7.621288904247535E-5
75	9.32612223332934E-5
76	6.66160023281433E-5
77	1.145442785790386E-4
78	9.308837603598749E-5
79	1.4310935091632173E-4
80	9.312241692354366E-5
81	6.863149478144447E-5
82	1.285294886134589E-4
83	9.058291936008034E-5
84	9.214691464913098E-5
85	1.1919052341538738E-4
86	7.669979478988063E-5
87	1.557862960507948E-4
88	5.1320130497484736E-5
89	2.0331932045231262E-4
90	7.012270732247715E-5
91	1.1073244002790917E-4
92	1.0827963871650903E-4
93	1.1989440607271853E-4
94	7.589365261631147E-5
95	1.084710228646089E-4
96	7.70440435531526E-5
97	7.054653494631317E-5
98	9.439298866193548E-5
99	5.897503363022728E-5
100	1.3706551664280332E-4
101	5.301359388030632E-5
102	1.2604034137330718E-4
103	8.792690649203378E-5
104	9.194152200690396E-5
105	9.937549943878489E-5
106	1.3903855853555507E-4
107	1.0576280007842232E-4
108	1.3104317060653054E-4
109	8.679073021910861E-5
110	6.900558465379622E-5
111	7.32362892593346E-5
112	6.233993145911297E-5
113	1.3652229458043985E-4
114	1.418726027647589E-4
115	7.46333685119053E-5
116	1.1443377615674674E-4
117	1.1028116902669677E-4
118	1.3678199501736886E-4
119	1.0065541055217795E-4
120	9.110404073714433E-5
121	1.3405473102013872E-4
122	1.0667564042407841E-4
123	1.0107058953420282E-4
124	7.423844061845099E-5
125	1.0132188793823352E-4
126	1.2652680263116825E-4
127	1.4933510005653186E-4
128	4.976208930907358E-5
129	7.075099430138385E-5
130	1.107613937004106E-4
131	1.08225164911416E-4
132	9.144951560473901E-5
133	1.3985842090726927E-4
134	1.0006368087143286E-4
135	6.880051489592E-5
136	1.0907700969586779E-4
137	7.067386169280724E-5
138	1.3098772647527845E-4
139	8.628755185869613E-5
140	8.273761843258675E-5
141	1.3310078317278138E-4
142	1.1311887400425734E-4
143	7.055361485062815E-5
144	1.0077241814188313E-4
145	8.381622208683132E-5
146	1.3753196435537947E-4
147	6.133202859060132E-5
148	1.3492621506212542E-4
149	6.194161026393342E-5
150	6.256818003342448E-5
151	7.056981169537887E-5
152	7.307147053476753E-5
153	1.8076169598577773E-4
154	8.975524201364191E-5
155	6.216904775901832E-5
156	6.191053449714222E-5
157	8.394246308988434E-5
158	1.0753193839134741E-4
159	1.3993107074869384E-4
160	9.725540063450536E-5
161	3.559425893653033E-5
162	9.187801992766502E-5
163	8.551488930287103E-5
164	1.0559167409531661E-4
165	6.943398793307284E-5
166	1.1268994599223316E-4
167	1.1367905814141849E-4
168	1.3763052660206436E-4
169	9.916813829185309E-5
170	6.21736935806915E-5
171	9.566566418129128E-5
172	6.635338356415557E-5
173	1.0212708446857467E-4
174	9.443257334728411E-5
175	6.824681046372285E-5
176	8.093831592448232E-5
177	1.2072640439365303E-4
178	1.0147881732455688E-4
179	7.229543581469175E-5
180	8.975362900687367E-5
181	9.317152619727603E-5
182	9.613619575201372E-5
183	1.0164048641143512E-4
184	8.497938986352056E-5
185	1.345150210773294E-4
186	9.501859153220079E-5
187	1.0937533523460164E-4
188	8.591892426446231E-5
189	7.623528374563378E-5
190	7.084845732378822E-5
191	1.3846032567205486E-4
192	6.890782242757825E-5
193	1.1972102099723551E-4
194	1.1621867456407019E-4
195	9.735355142849632E-5
196	9.884373051686849E-5
197	9.85318139189925E-5
198	1.2006635354663244E-4
199	1.1389590262362353E-4
200	7.106244027065558E-5
201	1.337666501164703E-4
202	1.0786429288937769E-4
203	7.07052370948514E-5
204	6.0835844537067256E-5
205	6.886903534553594E-5
206	9.500925789301753E-5
207	1.0746623079084027E-4
208	1.5340369917581494E-4
209	1.3928945092130492E-4
210	4.6682458801215096E-5
211	6.180716777992658E-5
212	1.238868893804003E-4
213	9.31452785645376E-5
214	1.3105202267419303E-4
215	9.052046723538193E-5
216	7.467737565253575E-5
217	8.991037302502673E-5
218	9.600605498515288E-5
219	7.98818435048219E-5
220	1.5245029378419808E-4
221	1.043905513918307E-4
222	1.296975479689952E-4
223	5.5363266624065645E-5
224	1.2781069857361634E-4
225	6.54701855783399E-5
226	8.638961207291739E-5
227	1.253244951441151E-4
228	1.0288043668645023E-4
229	8.475675002658946E-5
230	1.3104967756714082E-4
231	1.4077222613732965E-4
232	7.814843002784726E-5
233	4.047382519208085E-5
234	9.096535020812459E-5
235	8.514742728548449E-5
236	7.70883782167134E-5
237	6.781926081548783E-5
238	1.8932683083904903E-4
239	9.770998436429129E-5
240	7.30687179771445E-5
241	9.497936186436883E-5
242	7.476265618251468E-5
243	8.04647823908747E-5
244	1.019069264772783E-4
245	1.348491029331875E-4
246	1.3289588740253072E-4
247	5.364951938640428E-5
248	7.371733757232971E-5
249	8.0792405380613E-5
250	8.672729892173463E-5
251	1.2029201403499289E-4
252	2.0059136692393762E-4
253	1.2469596024431836E-4
254	5.3318510050803066E-5
255	1.2156624989269E-4
256	9.619137055265318E-5
257	1.501299817740277E-4
258	1.2488671328598434E-4
259	1.166435912941111E-4
260	1.120583377135303E-4
261	8.312163855236596E-5
262	1.263034722409107E-4
263	1.1681410670425623E-4
264	1.377012844947326E-4
265	7.246791599509311E-5
266	1.1978947797198073E-4
267	9.137233444265069E-5
268	8.465289761009093E-5
269	9.700457717392598E-5
270	1.2173201192935732E-4
271	1.4506068192143498E-4
272	1.0214167435468076E-4
273	9.017327453000214E-5
274	1.518849584217813E-4
275	1.1928374744522642E-4
276	1.2679087774403395E-4
277	1.3276865450401678E-4
278	7.778100341971996E-5
279	1.1137876715818399E-4
280	1.0855575078275784E-4
281	7.939313514454415E-5
282	7.249511687528109E-5
283	1.1571568244526513E-4
284	1.0382890588511186E-4
285	1.331742809159106E-4
286	6.568094847279967E-5
287	1.3063161069747797E-4
288	9.395633362202877E-5
289	1.0873082012484649E-4
290	1.451265301219944E-4
291	9.638352180111588E-5
292	9.178128102259248E-5
293	4.367510624105136E-5
294	6.708213423697784E-5
295	5.999939882830478E-5
296	7.242585517745385E-5
297	1.2399332471461566E-4
298	1.5889393549235143E-4
299	1.276945022909637E-4
300	3.505175886376107E-5
301	1.5533113015057527E-4
302	6.823328885489196E-5
303	6.85241934056528E-5
304	8.231022556724979E-5
305	8.572883722144239E-5
306	1.0285426098100699E-4
307	8.595362252673114E-5
308	1.0708093428991607E-4
309	1.1563459297717843E-4
310	1.0466588552056801E-4
311	1.3950530182461603E-4
312	5.4771436124618835E-5
313	3.6650223492339594E-5
314	1.0858547414575587E-4
315	1.4069700199320488E-4
316	6.681145040214338E-5
317	1.3608500277606658E-4
318	9.062688481567603E-5
319	1.0926913672086598E-4
320	1.376426636942765E-4
321	9.631379618218666E-5
322	5.794929661525107E-5
323	7.628618471632482E-5
324	8.872648431875153E-5
325	1.1355728159472552E-4
326	1.1430913470797323E-4
327	1.0257723293342312E-4
328	1.3145625508151424E-4
329	1.2756063895958853E-4
330	4.8291835231172306E-5
331	1.3069249083554665E-4
332	1.510720544302339E-4
333	7.241820095987003E-5
334	9.495038031709449E-5
335	1.1188134037297073E-4
336	1.2165293953991362E-4
337	9.231043455955211E-5
338	1.7630882742708932E-4
339	7.870149324904129E-5
340	6.065146812580085E-5
341	9.382234327214645E-5
342	1.3135259816632422E-4
343	8.0696439655717E-5
344	8.885527271485585E-5
345	1.588392182558846E-4
346	1.4245988891046057E-4
347	8.782373403577329E-5
348	1.225357656993258E-4
349	1.0628708165321817E-4
350	1.1275220532541053E-4
351	1.6442397717783363E-4
352	1.3367087238334431E-4
353	9.014933929196954E-5
354	9.818151154516753E-5
355	9.031174634491546E-5
356	1.0204026060895861E-4
357	1.0415838119972572E-4
358	7.418895702354485E-5
359	7.449560574546933E-5
360	9.699402209207462E-5
361	8.262813647216383E-5
362	1.1756746855168853E-4
363	8.67622920732338E-5
364	7.957242691994281E-5
365	1.4929091520250737E-4
366	4.6000939007338255E-5
367	7.003875924847238E-5
368	9.251295436777179E-5
369	7.326618702719928E-5
370	7.822097108795704E-5
371	9.850051433404689E-5
372	1.3864428367976964E-4
373	1.1427275424709748E-4
374	1.1058988060111951E-4
375	1.5184080733785812E-4
376	9.405954221034193E-5
377	1.3628972372496786E-4
378	1.4463869437877705E-4
379	8.467498963777017E-5
380	8.668225049727269E-5
381	6.812843861121818E-5
382	1.0511570929686351E-4
383	6.623548514856647E-5
384	5.125481389777876E-5
385	1.3460638179456653E-4
386	1.1709651970432766E-4
387	9.653311094617903E-5
388	9.190599296323851E-5
389	1.2202659991746507E-4
390	9.14834752961467E-5
391	1.3282385101944584E-4
392	1.0256640500612341E-4
393	1.710524402260755E-4
394	8.891096886651496E-5
395	1.3322604375904317E-4
396	8.837546902720945E-5
397	1.0191514219629937E-4
398	9.845524509511432E-5
399	9.207845579263086E-5
400	1.4467741896526944E-4
401	1.1808035600448444E-4
402	9.977167153536387E-5
403	8.87502205354622E-5
404	1.0708703546673719E-4
405	1.254234498004257E-4
406	8.972846628177531E-5
407	1.1328825983726007E-4
408	6.051295712455222E-5
409	1.2597500523723915E-4
410	1.2075427817418802E-4
411	1.1569636936685179E-4
412	7.172457097936412E-5
413	7.812846942897282E-5
414	1.2730785710187028E-4
415	1.084219646849096E-4
416	1.0602440427766552E-4
417	1.0789628277747533E-4
418	1.7774665923005293E-4
419	8.338574794633037E-5
420	7.298341965819286E-5
421	8.126324301937695E-5
422	1.281529801444517E-4
423	7.501169440449103E-5
424	6.022519143438729E-5
425	7.202937437354684E-5
426	1.1675097173764657E-4
427	8.367138490908561E-5
428	8.705967099814959E-5
429	6.809797473146513E-5
430	1.1396348557146877E-4
431	7.719283000190315E-5
432	1.3356593117426352E-4
433	6.419211468692963E-5
434	1.0095486181237814E-4
435	1.425181488049272E-4
436	1.3432785828829474E-4
437	7.445160233352406E-5
438	1.1341373536679485E-4
439	7.4377436311305E-5
440	1.0078933429030505E-4
441	8.29067958587141E-5
442	1.440622747011022E-4
443	1.387935599934201E-4
444	9.411724364926407E-5
445	1.3687404205068018E-4
446	1.2118657376357646E-4
447	7.104444567523655E-5
448	1.2684847601263574E-4
449	8.405398155369399E-5
450	1.2488006306648043E-4
451	1.2264435716887408E-4
452	9.756447776420753E-5
453	6.799827258235688E-5
454	6.460463291534376E-5
455	1.477916070878709E-4
456	1.330198554141993E-4
457	3.685240624640044E-5
458	1.3496016736667252E-4
459	5.9866478600737254E-5
460	1.5541867879160427E-4
461	8.777246423071512E-5
462	5.8310319547883945E-5
463	1.0434982064748984E-4
464	1.1921665221979623E-4
465	1.4027094626866573E-4
466	1.4154864414469843E-4
467	1.2379224215474258E-4
468	7.612118839049614E-5
469	1.0140226346728932E-4
470	9.349076294642502E-5
471	1.253261239030358E-4
472	1.1317687612105795E-4
473	7.848416299919945E-5
474	1.4374357223711373E-4
475	8.52158712652024E-5
476	1.05952217474883E-4
477	3.360367174232921E-5
478	1.0696974673412458E-4
479	9.394780714030057E-5
480	4.778070918297618E-5
481	1.0895963475795461E-4
482	8.34762356422197E-5
483	1.4041484826278735E-4
484	9.502105433500177E-5
485	7.316980673382779E-5
486	1.0040234582564195E-4
487	1.3589751249696062E-4
488	6.472015155400478E-5
489	9.577520962086985E-5
490	1.5373562058331602E-4
491	8.12530991820138E-5
492	1.0189517213802234E-4
493	1.18539867559445E-4
494	8.575350722766997E-5
495	1.1214477138513038E-4
496	8.12517029302982E-5
497	1.629357849538307E-4
498	1.1348788241743507E-4
499	9.158152645383906E-5
500	6.851558082701241E-5
501	6.5318298417343E-5
502	1.033840136297202E-4
503	9.204933670578432E-5
504	1.1088480728402117E-4
505	4.6717981896637416E-5
506	1.3600544437048694E-4
507	7.75973767592884E-5
508	1.6256081339181534E-4
509	9.225885148930911E-5
510	1.1928893493118825E-4
511	9.684525207074912E-5
512	1.3391720465704966E-4
513	1.1458455865357097E-4
514	7.182669070422918E-5
515	9.699224840434559E-5
516	1.0449949444811397E-4
517	1.4787910696985155E-4
518	1.1092904065031172E-4
519	1.4545514893488142E-4
520	1.0251862214735956E-4
521	1.0701465466162336E-4
522	7.849195624204145E-5
523	1.5841967012542637E-4
524	1.402287909762153E-4
525	1.1001507131656371E-4
526	1.012482789585009E-4
527	1.5525736933750294E-4
528	1.6030993426162366E-4
529	1.0072473699343527E-4
530	1.0752677999186014E-4
531	9.405402528781629E-5
532	1.1219867598912268E-4
533	1.4087460861849887E-4
534	8.785567622244648E-5
535	1.2851170173593113E-4
536	1.1103600011072809E-4
537	1.1597440165140486E-4
538	1.4087689148307154E-4
539	8.633792500041231E-5
540	1.181274477136876E-4
541	5.654437732336919E-5
542	7.415338254068021E-5
543	1.0264604410693147E-4
544	9.36948750187655E-5
545	9.679227141768067E-5
546	7.541993265214233E-5
547	1.1045447610480552E-4
548	1.422637496993297E-4
549	1.010814705883246E-4
550	1.0833496968871029E-4
551	1.1568313326793248E-4
552	8.329403012694188E-5
553	9.943720786887502E-5
554	1.0900713437895258E-4
555	1.2224169130269018E-4
556	8.848815021817623E-5
557	1.4763293972430258E-4
558	1.354192109689323E-4
559	6.466438402868485E-5
560	1.2994468082112693E-4
561	8.938186173305768E-5
562	4.858569361568215E-5
563	1.1910066058591035E-4
564	8.312729799133528E-5
565	1.248741997662996E-4
566	5.463189685769355E-5
567	8.360082326069114E-5
568	1.4232318405953823E-4
569	1.5293917510491822E-4
570	7.340460760451613E-5
571	1.651249758112785E-4
572	8.522994019585736E-5
573	8.01444546885523E-5
574	1.0316300037452568E-4
575	8.535623726895055E-5
576	1.1169141617579802E-4
577	1.2670968264190215E-4
578	1.5357654823414137E-4
579	7.630305253767047E-5
580	1.4600248681904618E-4
581	8.08664028132486E-5
582	1.1470926752391229E-4
583	1.2852342222213783E-4
584	1.371701774430631E-4
585	8.567228539714776E-5
586	6.113771420241637E-5
587	1.4977151742773216E-4
588	8.571639779795686E-5
589	4.4521986708553686E-5
590	9.990260031346031E-5
591	4.961258532336421E-5
592	8.234779837806309E-5
593	8.977593489484963E-5
594	9.79652537697373E-5
595	7.847282967394867E-5
596	9.230525203826578E-5
597	5.723119365420916E-5
598	8.892703103773797E-5
599	7.692784210104644E-5
600	1.027601118873017E-4
601	9.585456214743715E-5
602	1.1933053880069324E-4
603	7.030132255178948E-5
604	8.867321425074309E-5
605	8.502967642049782E-5
606	9.641174653183919E-5
607	1.2039632116040874E-4
608	1.3568954115906323E-4
609	9.278606459776048E-5
610	1.1101495720126177E-4
611	9.069623559995292E-5
612	5.650599748391257E-5
613	8.556594286916023E-5
614	1.3497714956039713E-4
615	7.225218540238026E-5
616	1.306125988548638E-4
617	1.0777385737889276E-4
618	8.041007311140705E-5
619	8.380277522863737E-5
620	9.43214834804183E-5
621	1.095504807564888E-4
622	1.4472728706834383E-4
623	9.681094528627867E-5
624	9.160821323192414E-5
625	9.967112526130171E-5
626	6.996564385878664E-5
627	9.005165458510398E-5
628	7.395030792322427E-5
629	1.4119378680300628E-4
630	7.299895796759153E-5
631	1.326854351092198E-4
632	1.3594154916917055E-4
633	1.1414300690222443E-4
634	5.3910567345477975E-5
635	1.369512094071155E-4
636	7.106029156382122E-5
637	9.862746706126182E-5
638	1.1188337132464718E-4
639	9.675149206064928E-5
640	6.334159141391176E-5
641	1.0538633135004732E-4
642	1.0514660799385822E-4
643	7.745310373289804E-5
644	1.2861917040911456E-4
645	1.0664045035062433E-4
646	9.384040817263454E-5
647	6.136817454935675E-5
648	1.7093665947636564E-4
649	1.1042613756479995E-4
650	1.0356273046038105E-4
651	6.340513062920757E-5
652	5.445671841331273E-5
653	4.954038178817097E-5
654	7.687439066771225E-5
655	1.025181315505236E-4
656	7.300148987998293E-5
657	9.865326435069805E-5
658	2.8563484421091183E-5
659	1.17929591600637E-4
660	9.281755728438357E-5
661	1.4860812568579776E-4
662	1.108285425714736E-4
663	1.3499251493369693E-4
664	9.788837546784958E-5
665	1.3359789567306843E-4
666	1.0839833023936625E-4
667	1.3890048148244592E-4
668	1.2342129465178617E-4
669	1.007575957209125E-4
670	5.957531039424356E-5
671	8.894821220056422E-5
672	1.0742556148535026E-4
673	5.3450136411548715E-5
674	1.3670846977633047E-4
675	1.5818599796200378E-4
676	1.0534091322668927E-4
677	1.0473145124427446E-4
678	9.419857567017477E-5
679	9.739696179295148E-5
680	1.4608359552725108E-4
681	1.2176870971495205E-4
682	1.2761827054592965E-4
683	1.0254011276499815E-4
684	1.6152457708549898E-4
685	8.448336564656484E-5
686	9.965548747746648E-5
687	1.0256992510106818E-4
688	8.376288606161247E-5
689	1.33796999724462E-4
690	7.53181519962212E-5
691	1.3780662556028207E-4
692	8.90998513172423E-5
693	5.4396693957140815E-5
694	7.579573582240073E-5
695	7.646510623485168E-5
696	9.5335120489178E-5
697	1.0554187195511014E-4
698	7.584332709504368E-5
699	1.0078061270843197E-4
700	8.735408690094231E-5
701	9.790220213415017E-5
702	5.99604157792497E-5
703	1.0811904823758257E-4
704	8.917817448332825E-5
705	1.5102841661713656E-4
706	1.1974712767816043E-4
707	1.1283636820390141E-4
708	7.027750153834061E-5
709	1.4571543053994594E-4
710	9.36928383967222E-5
711	9.563957923582746E-5
712	1.4335012293900301E-4
713	1.5210624123063778E-4
714	5.7934318910519694E-5
715	7.695229110901616E-5
716	1.2223571363442407E-4
717	1.1574957322818006E-4
718	9.493782508640522E-5
719	1.071478625667987E-4
720	6.894190727436855E-5
721	1.1091496189289249E-4
722	9.966738701253027E-5
723	6.772783866077537E-5
724	6.526365823661386E-5
725	7.231869793961365E-5
726	6.18888878875238E-5
727	9.520475266872363E-5
728	8.711196736503785E-5
729	9.873211458845392E-5
730	1.3053092751965669E-4
731	6.956463045656891E-5
732	6.259130292613112E-5
733	1.1756396829685163E-4
734	1.3895202772438924E-4
735	1.078186343000052E-4
736	1.0050764746181332E-4
737	8.061277990151825E-5
738	9.679506534335423E-5
739	1.1709152229773498E-4
740	8.135241020219987E-5
741	1.0600738913955344E-4
742	1.2474308596683597E-4
743	9.058015728810056E-5
744	8.589999816622613E-5
745	8.455112665381268E-5
746	1.3597107720932737E-4
747	1.1064092866186794E-4
748	6.303794962670289E-5
749	6.667830512678469E-5
750	1.0791461912283847E-4
751	1.5302846123375102E-4
752	8.672141469394548E-5
753	5.982083600354827E-5
754	1.5596452322313805E-4
755	1.5442925963152045E-4
756	9.470834554922967E-5
757	6.192648667863363E-5
758	1.3106648464249922E-4
759	1.469881088006829E-4
760	1.1020911044447525E-4
761	7.142661271036826E-5
762	1.2214002272929058E-4
763	1.1535184749826859E-4
764	9.10322881355387E-5
765	7.293673973213916E-5
766	1.1317803377242575E-4
767	6.996434365704775E-5
768	1.2295050148496725E-4
769	5.661031438289008E-5
770	9.588240006862793E-5
771	6.370876667438543E-5
772	7.958234777240652E-5
773	1.1077188222437998E-4
774	1.2963080436387877E-4
775	6.518169992657716E-5
776	5.7397774573368084E-5
777	7.234818148488506E-5
778	8.800177313258906E-5
779	6.207876876889561E-5
780	1.3969016446320324E-4
781	7.056287407773018E-5
782	7.124955275802743E-5
783	4.846455904284976E-5
784	1.2410742236560664E-4
785	7.719395243530322E-5
786	8.132043121623888E-5
787	8.121458070018765E-5
788	6.845834295963365E-5
789	1.60164298131773E-4
790	9.281657503585247E-5
791	1.0821277515671224E-4
792	1.2956867792256093E-4
793	8.961326269304795E-5
794	8.867832505581998E-5
795	1.253018904212353E-4
796	1.4360497087604409E-4
797	9.980151572962055E-5
798	7.689854120689708E-5
799	7.515623528356287E-5
800	7.801608731149024E-5
801	1.0599922953002957E-4
802	1.2816223967332876E-4
803	7.47071435676595E-5
804	5.7975248298953995E-5
805	5.508406465570848E-5
806	9.363651655418483E-5
807	1.2558753243346537E-4
808	5.443894580347883E-5
809	6.197062066848916E-5
810	8.172768094892202E-5
811	7.222499262115715E-5
812	7.803787486011415E-5
813	1.1535634319353517E-4
814	8.128704651598233E-5
815	8.131365008868973E-5
816	7.599795541468341E-5
817	6.432929697115807E-5
818	8.692609202784552E-5
819	6.12030761857794E-5
820	1.0352517099049048E-4
821	1.4426942941909502E-4
822	1.2355997371454294E-4
823	1.0479475442301413E-4
824	8.472408045584987E-5
825	8.014302108009284E-5
826	8.840725926136456E-5
827	7.336932937046845E-5
828	6.798098762586595E-5
829	1.456531744506398E-4
830	1.8535628708314978E-4
831	1.5342019217733056E-4
832	1.30419194069346E-4
833	1.0004689654403301E-4
834	5.5536868823300445E-5
835	6.984670781770253E-5
836	8.761983430460248E-5
837	1.4649092864588826E-4
838	1.260734158906058E-4
839	6.769693795784777E-5
840	1.2586598220595233E-4
841	9.6856483660834E-5
842	7.261159010483591E-5
843	1.391037909555455E-4
844	1.3348972057988613E-4
845	1.1315166832402386E-4
846	1.1976409658037536E-4
847	7.405630847276904E-5
848	9.385766734910045E-5
849	1.0454625747507304E-4
850	9.636890021540084E-5
851	1.4070606790138665E-4
852	7.167404667699244E-5
853	1.465359786775314E-4
854	1.1388294976297408E-4
855	1.6120433407954167E-4
856	9.550514021874189E-5
857	7.075757676044893E-5
858	1.318290187905481E-4
859	9.730356625572396E-5
860	8.430072707178925E-5
861	1.1850325172837123E-4
862	9.612797426444525E-5
863	8.491139695664857E-5
864	9.237052657964328E-5
865	1.2257628904665702E-4
866	1.2490152707335956E-4
867	5.725280077324359E-5
868	1.1630408065793167E-4
869	1.1386433226356328E-4
870	1.5253915069535838E-4
871	7.264216397208789E-5
872	1.2588598756867474E-4
873	7.916558838202773E-5
874	1.0046242712891476E-4
875	1.0378309227366823E-4
876	6.834376071022737E-5
877	1.077079728744086E-4
878	8.150186161182805E-5
879	1.0503844713692981E-4
880	5.8744727565889336E-5
881	1.3010339438093284E-4
882	8.2489188298858E-5
883	1.118357688798423E-4
884	6.19669373616029E-5
885	9.144630770631986E-5
886	7.258845515349465E-5
887	1.2407813555396471E-4
888	1.3634600668346587E-4
889	1.104226537865679E-4
890	1.509271291145711E-4
891	9.056451128369754E-5
892	6.04030085270497E-5
893	9.286401535319019E-5
894	1.578464929102202E-4
895	7.095939907354236E-5
896	8.769665618718442E-5
897	5.986213504198891E-5
898	1.0316010718215173E-4
899	1.0251366607285933E-4
900	4.065603547396969E-5
901	1.1039156731999051E-4
902	1.1268470940579707E-4
903	9.539420386965284E-5
904	8.84994390273292E-5
905	7.25874786794716E-5
906	1.5541506293562175E-4
907	1.146621586663609E-4
908	8.628445290625521E-5
909	6.579361668672724E-5
910	1.2868538667141702E-4
911	7.55622588336704E-5
912	8.540296382140465E-5
913	7.887295977149419E-5
914	1.6719605768396483E-4
915	8.62484263846519E-5
916	1.2787692521976625E-4
917	1.1873331168752331E-4
918	5.745149369106877E-5
919	1.123833542161386E-4
920	1.0577818878623822E-4
921	1.0713005179722336E-4
922	9.410302951010534E-5
923	1.2249796131493098E-4
924	1.3617809672336533E-4
925	1.1830099768569877E-4
926	8.152807445873032E-5
927	9.648520742211352E-5
928	1.2431950248888588E-4
929	1.0471185225905466E-4
930	1.1410016361226796E-4
931	1.0001743935817715E-4
932	1.1471675693798642E-4
933	6.655366119537022E-5
934	1.653898211606576E-4
935	1.2044948108909505E-4
936	1.1156734402103057E-4
937	1.0318360947671556E-4
938	1.2374370740440025E-4
939	1.2478213738528757E-4
940	1.4204365973360594E-4
941	9.418449909396656E-5
942	4.200482007019844E-5
943	9.260783409255693E-5
944	1.124305837599486E-4
945	9.325913640492496E-5
946	9.122712060356331E-5
947	1.429520176215815E-4
948	6.470865550257395E-5
949	8.436057080986145E-5
950	5.1737975343501056E-5
951	9.616692040192587E-5
952	1.112118742028931E-4
953	1.0662894863095605E-4
954	1.2253165117798311E-4
955	1.0754875781508657E-4
956	5.810328231852169E-5
957	1.288572975542678E-4
958	6.916536344285505E-5
959	1.3025118703540193E-4
960	1.2519766489884447E-4
961	1.150517337232992E-4
962	6.367220167059285E-5
963	6.170971435899699E-5
964	5.9220887024964025E-5
965	1.1424142438744261E-4
966	6.755678937335508E-5
967	1.194566240894746E-4
968	8.566916570558133E-5
969	6.708584091714581E-5
970	1.225346930471038E-4
971	1.1692242938647247E-4
972	8.887711412264854E-5
973	1.5035301022112125E-4
974	8.565857850105047E-5
975	1.5226579800231647E-4
976	8.2341288636192E-5
977	1.050740761916719E-4
978	6.0273757709656205E-5
979	1.2815234691659975E-4
980	7.909172014848741E-5
981	1.3187454928190076E-4
982	9.361018777327198E-5
983	6.779157137385313E-5
984	1.0910441605348694E-4
985	1.1220571230813348E-4
986	1.1475987982141146E-4
987	5.719818244267579E-5
988	1.0508079669686815E-4
989	1.0880580810948055E-4
990	9.524260549262261E-5
991	1.314214434205053E-4
992	8.807708889070056E-5
993	1.2614515009097844E-4
994	9.648995087245746E-5
995	1.236622242981261E-4
996	1.7237027830234144E-4
997	8.809849162315702E-5
998	1.0315649900638648E-4
999	1.0037597747563175E-4
1000	9.122855015635876E-5
1001	1.0359577900905225E-4
1002	9.647557676660747E-5
1003	7.089332205525616E-5
1004	1.4124144821132042E-4
1005	5.8737064768606206E-5
1006	1.0164276386421196E-4
1007	8.41391875582144E-5
1008	1.331222061124933E-4
1009	1.2027149256345377E-4
1010	1.2256438095174365E-4
1011	3.5773857371160976E-5
1012	1.0101951842046308E-4
1013	1.2511222027060176E-4
1014	9.907907207416294E-5
1015	3.472856751808032E-5
1016	1.5855291158576297E-4
1017	3.2621476476675035E-5
1018	9.793948865341462E-5
1019	7.086204066006901E-5
1020	5.846924335652625E-5
1021	7.714941945905578E-5
1022	9.912805058099204E-5
1023	7.446678799296969E-5
1024	6.446943020175316E-5
1025	7.905740058589884E-5
1026	6.065641542463363E-5
1027	7.453894451269715E-5
1028	8.270735520809157E-5
1029	1.688397779263062E-4
1030	1.0380959260482806E-4
1031	1.328490777296073E-4
1032	1.4620295522359272E-4
1033	9.968260921080535E-5
1034	7.618267423617806E-5
1035	1.2135661275409202E-4
1036	7.654814658546887E-5
1037	1.0920430181161256E-4
1038	1.1533339152385163E-4
1039	1.1069270509547175E-4
1040	6.572200124567912E-5
1041	1.4681222350479954E-4
1042	1.5512320342771127E-4
1043	9.870013359648721E-5
1044	9.454369519671503E-5
1045	9.157095163743009E-5
1046	1.1587288192942053E-4
1047	1.2830265794361743E-4
1048	8.763147621920306E-5
1049	1.0500874441968233E-4
1050	1.4937619310659625E-4
1051	3.946462408192803E-5
1052	1.1942440734408208E-4
1053	7.243301437912155E-5
1054	9.170080419015081E-5
1055	9.845880833308803E-5
1056	1.2331647213391478E-4
1057	1.3170075239703606E-4
1058	1.2859627326750585E-4
1059	1.632135430253063E-4
1060	8.993881994066947E-5
1061	5.983983768554291E-5
1062	7.944799613432093E-5
1063	9.442486307459938E-5
1064	8.693060895104522E-5
1065	6.500622937554339E-5
1066	9.873244361295449E-5
1067	9.180343943853606E-5
1068	9.873210147188554E-5
1069	6.368384135025035E-5
1070	1.1760191382091025E-4
1071	1.1334992402653351E-4
1072	1.6280170992108385E-4
1073	8.753070755552735E-5
1074	1.498968211708683E-4
1075	1.1354717763566509E-4
1076	7.635529049816553E-5
1077	5.77321683561955E-5
1078	1.315579480541124E-4
1079	1.0057040050094145E-4
1080	1.0589622290154636E-4
1081	8.693454692411531E-5
1082	8.351351707263018E-5
1083	1.3989928202239298E-4
1084	1.5817166678784605E-4
1085	7.385957260869843E-5
1086	8.717179518256026E-5
1087	7.360106087837412E-5
1088	8.513318102334689E-5
1089	3.1984894355468065E-5
1090	1.294433540256104E-4
1091	1.5837581905957823E-4
1092	6.734266267773569E-5
1093	7.426743291726181E-5
1094	1.2761030802482115E-4
1095	8.669263762884776E-5
1096	5.3613422265225055E-5
1097	7.08741833337896E-5
1098	1.1661373530583062E-4
1099	9.72915541179864E-5
1100	9.278316523934187E-5
1101	8.035438159777585E-5
1102	3.728962299500172E-5
1103	1.2537335426415633E-4
1104	1.1903480546620922E-4
1105	5.1993450178366205E-5
1106	1.4319479580067536E-4
1107	1.1838877373163556E-4
1108	1.149917587235772E-4
1109	1.07893964892617E-4
1110	1.1535367435418956E-4
1111	9.360874980182816E-5
1112	1.1878527943111968E-4
1113	1.0019068857163075E-4
1114	9.369676666056635E-5
1115	1.2376969255063015E-4
1116	1.6107601972524657E-4
1117	9.504156016974971E-5
1118	1.6611416381744496E-4
1119	1.4611170045462002E-4
1120	1.1951486658014302E-4
1121	5.570088644351768E-5
1122	9.12841686643409E-5
1123	1.0623357228301759E-4
1124	1.4637666027175658E-4
1125	9.91471106514497E-5
1126	1.0120360315668446E-4
1127	9.71591342442883E-5
1128	2.094987906312012E-4
1129	8.868965386070767E-5
1130	1.6924717820734116E-4
1131	9.235697164544869E-5
1132	5.8883734289508644E-5
1133	1.1329436481898507E-4
1134	1.28000311621844E-4
1135	1.2462421300570868E-4
1136	1.1012412811061171E-4
1137	1.1679655512716789E-4
1138	7.903403484025696E-5
1139	1.1684113088779503E-4
1140	1.0802183713658756E-4
1141	1.02766204163419E-4
1142	1.5823540087625608E-4
1143	1.2601624317598906E-4
1144	8.341245292639635E-5
1145	9.802894662131857E-5
1146	7.649456559626289E-5
1147	1.3422003378497826E-4
1148	1.45019931610776E-4
1149	1.0555456699403674E-4
1150	9.876920506097889E-5
1151	1.4109166490060694E-4
1152	7.971854561848106E-5
1153	1.2101355369629418E-4
1154	7.063479330730895E-5
1155	1.3750738061497886E-4
1156	1.0586585620604056E-4
1157	1.453793714796189E-4
1158	9.546723412149247E-5
1159	1.3884935726181082E-4
1160	9.846174036080157E-5
1161	1.2319268354183023E-4
1162	9.816082670132642E-5
1163	7.391081704535538E-5
1164	7.728933494281365E-5
1165	6.64824073007272E-5
1166	8.56409740829267E-5
1167	1.5540760000314465E-4
1168	1.3620119504014432E-4
1169	1.2338765292100278E-4
1170	9.145237704528996E-5
1171	9.037068190018794E-5
1172	9.892683359806045E-5
1173	9.751483081510483E-5
1174	9.339807361859248E-5
1175	8.576313974064012E-5
1176	7.826493680443387E-5
1177	7.857778268821001E-5
1178	9.689102806510438E-5
1179	7.888508213891319E-5
1180	7.051713202031683E-5
1181	8.893825890385676E-5
1182	1.3047134153663866E-4
1183	8.858942652997519E-5
1184	5.9409797156157144E-5
1185	1.2923982528037847E-4
1186	9.148908103864517E-5
1187	1.264374144463912E-4
1188	8.86652987676648E-5
1189	1.1184573601674058E-4
1190	7.808513837873362E-5
1191	5.671309281482065E-5
1192	1.0249035331284386E-4
1193	1.1073241851422764E-4
1194	1.3292357766896904E-4
1195	1.2801216720063164E-4
1196	1.0150301298266501E-4
1197	6.179671608661294E-5
1198	1.026392925027582E-4
1199	9.486107522587573E-5
1200	7.676416831377873E-5
1201	9.559159843810823E-5
1202	1.445469440692997E-4
1203	1.2814987436711076E-4
1204	9.928537983671171E-5
1205	1.1686775765545478E-4
1206	1.0656409111743947E-4
1207	1.0840458623189369E-4
1208	9.97779509203353E-5
1209	9.55184758162464E-5
1210	1.2107954047167383E-4
1211	1.0809809700960527E-4
1212	8.526868645318062E-5
1213	8.780593704422194E-5
1214	1.223603803659499E-4
1215	7.102943278253824E-5
1216	1.1855476864189375E-4
1217	1.3924355715526596E-4
1218	1.5487958461150156E-4
1219	9.112612150305703E-5
1220	6.629800141918022E-5
1221	1.761894953821012E-4
1222	1.2573267602456202E-4
1223	1.0643321161349248E-4
1224	1.4316912942444508E-4
1225	1.2896794290458033E-4
1226	1.1955782338276047E-4
1227	7.927564934360217E-5
1228	1.4931029174935782E-4
1229	8.018870698178843E-5
1230	7.444193316774684E-5
1231	6.13576020461284E-5
1232	1.5842255329708932E-4
1233	1.703481096981978E-4
1234	9.36152830670168E-5
1235	1.4578325202560145E-4
1236	1.0306001334298903E-4
1237	1.4057778446518383E-4
1238	1.6379138976266807E-4
1239	9.26937067582575E-5
1240	9.733499408987085E-5
1241	1.0625898869313371E-4
1242	8.489889520279458E-5
1243	9.446876337666282E-5
1244	1.0990520731795951E-4
1245	5.266408133464199E-5
1246	1.028685528487447E-4
1247	5.371724841033642E-5
1248	1.221283317797816E-4
1249	5.4338330611298755E-5
1250	7.052878951900845E-5
1251	8.063031609197924E-5
1252	6.037111330620053E-5
1253	6.281474175229533E-5
1254	5.615189975175231E-5
1255	9.500288494065268E-5
1256	7.175316893670812E-5
1257	1.235043263283398E-4
1258	1.6379995947383703E-4
1259	1.0828739466795172E-4
1260	1.3670329349677E-4
1261	3.415010715039119E-5
1262	1.506008269919615E-4
1263	6.966971549949261E-5
1264	9.595111798990874E-5
1265	4.258646443134491E-5
1266	7.248715089660004E-5
1267	1.1754197408154622E-4
1268	1.2107731119633985E-4
1269	1.804610509407727E-4
1270	1.0770523507116562E-4
1271	1.5632119516592984E-4
1272	8.89291544143519E-5
1273	2.3292540413472713E-4
1274	5.956133144178264E-5
1275	7.286790515557093E-5
1276	6.622417323569141E-5
1277	1.3696910647538149E-4
1278	8.079624690599901E-5
1279	9.819785165907384E-5
1280	1.643499977818621E-4
1281	1.055203102699917E-4
1282	1.0151350065956422E-4
1283	9.104100781864242E-5
1284	5.4681010459197473E-5
1285	9.508209920785009E-5
1286	8.385025197094943E-5
1287	6.446592228414107E-5
1288	1.279756808377734E-4
1289	1.3648989203256508E-4
1290	1.406200370039752E-4
1291	1.4671866870636193E-4
1292	1.549846089124671E-4
1293	6.269769170856593E-5
1294	1.897502655399962E-5
1295	6.068127063189664E-5
1296	4.8379077243683345E-5
1297	7.848961273792199E-5
1298	9.07562787451985E-5
1299	1.120663317149244E-4
1300	9.540449566869886E-5
1301	9.779711578553657E-5
1302	7.466044443035361E-5
1303	1.1370806848130414E-4
1304	1.2171669039428184E-4
1305	9.085600874140033E-5
1306	8.659049744109939E-5
1307	1.199145755776826E-4
1308	1.0860595071051295E-4
1309	1.264377732297183E-4
1310	1.0053640718604896E-4
1311	7.109265651886708E-5
1312	1.0210847800839405E-4
1313	1.0347214492987739E-4
1314	1.2354033357983143E-4
1315	8.32627424898888E-5
1316	7.454031627012942E-5
1317	1.3656417992143597E-4
1318	1.1596091114520492E-4
1319	8.700624318781862E-5
1320	8.700244763485741E-5
1321	1.3309312324478174E-4
1322	8.093448825714154E-5
1323	1.285240915409142E-4
1324	1.2741666859341497E-4
1325	8.867041451748478E-5
1326	1.5984279295394336E-4
1327	1.0568166578973828E-4
1328	7.938525635685358E-5
1329	6.502295690356947E-5
1330	1.124056246418162E-4
1331	8.345756645995755E-5
1332	1.2487605465917525E-4
1333	9.333736015187919E-5
1334	7.192853098777767E-5
1335	1.234431371740958E-4
1336	9.371827198864279E-5
1337	1.2025328094356606E-4
1338	7.725321248599768E-5
1339	9.488483961282483E-5
1340	1.4397365003471964E-4
1341	9.869956180025042E-5
1342	1.1394330393389756E-4
1343	1.0926413568224187E-4
1344	9.723433429991045E-5
1345	7.706551108146233E-5
1346	1.0397052415704333E-4
1347	4.1150058743120906E-5
1348	6.188512723200056E-5
1349	6.600009422917018E-5
1350	9.897309081138757E-5
1351	4.898554075124897E-5
1352	1.3421730142080773E-4
1353	4.037102152843536E-5
1354	6.437705514119029E-5
1355	9.051582685824889E-5
1356	7.673479196514509E-5
1357	9.680882211589603E-5
1358	8.293038772666506E-5
1359	9.777251331459672E-5
1360	1.3834116675731395E-4
1361	6.650628197970668E-5
1362	1.0352300373073667E-4
1363	1.3553285402801313E-4
1364	4.984578878072796E-5
1365	7.910882723277477E-5
1366	1.3039619502717035E-4
1367	7.929846805322888E-5
1368	7.821519564729538E-5
1369	1.1011267656861307E-4
1370	9.131370155265572E-5
1371	8.85874561530901E-5
1372	1.5358011969242693E-4
1373	9.550954256124083E-5
1374	1.0941750819906639E-4
1375	1.2648352553043527E-4
1376	1.0919646870538687E-4
1377	1.6746786993314074E-4
1378	8.089591048418158E-5
1379	1.0640805055963454E-4
1380	6.523742326533135E-5
1381	9.089419498316819E-5
1382	1.139319726657764E-4
1383	9.709292432325102E-5
1384	1.4268018819852372E-4
1385	8.285770777965312E-5
1386	7.895955526667722E-5
1387	5.520756774182144E-5
1388	4.628761511175492E-5
1389	1.425324826874298E-4
1390	7.202431212984659E-5
1391	1.0300070154662401E-4
1392	5.2049444147701245E-5
1393	9.562909369607845E-5
1394	1.2621128542402587E-4
1395	8.694497087155867E-5
1396	1.2931120739517415E-4
1397	7.979917276838276E-5
1398	4.807781421498619E-5
1399	1.0202049460660206E-4
1400	8.947565636759013E-5
1401	8.145895049992264E-5
1402	6.746345237678404E-5
1403	1.014068696896681E-4
1404	7.704356604903959E-5
1405	1.2795503168464784E-4
1406	1.4673655704564663E-4
1407	1.0855836818800354E-4
1408	6.871161743305005E-5
1409	6.235125096315683E-5
1410	5.743930547969456E-5
1411	1.1966604162769329E-4
1412	1.2390327985019656E-4
1413	9.637238003324526E-5
1414	8.839601204740006E-5
1415	9.762852702220705E-5
1416	6.238351645122364E-5
1417	7.956412599158136E-5
1418	7.339816645811258E-5
1419	8.33533941783177E-5
1420	1.2440805342418275E-4
1421	3.64191901745927E-5
1422	1.3666493153865642E-4
1423	1.369977762805183E-4
1424	9.877944986816713E-5
1425	7.799653105375677E-5
1426	9.291496337122803E-5
1427	7.364502447857217E-5
1428	4.256358131017353E-5
1429	5.847112296894537E-5
1430	9.688611843514726E-5
1431	6.128492480096258E-5
1432	9.238124221014793E-5
1433	8.883081470078169E-5
1434	1.6672321204389993E-4
1435	9.943519890732278E-5
1436	1.3254406811376412E-4
1437	1.046641210498029E-4
1438	8.715513628188342E-5
1439	1.0461257289392072E-4
1440	8.461132979326376E-5
1441	9.878838026156668E-5
1442	1.1996538779661945E-4
1443	1.190261646908774E-4
1444	1.0089109334811444E-4
1445	1.1189417678204672E-4
1446	9.446415831351683E-5
1447	4.076056763289309E-5
1448	8.448863200623025E-5
1449	9.324360023630986E-5
1450	1.3981629772276624E-4
1451	1.8195181942496743E-4
1452	1.379278240124941E-4
1453	1.1165993910968351E-4
1454	1.1672382888032809E-4
1455	8.452064345775822E-5
1456	8.416227799164955E-5
1457	1.0240763026563002E-4
1458	1.0391590855890657E-4
1459	1.2234900149580067E-4
1460	1.488151541925552E-4
1461	8.30306217953796E-5
1462	5.6827962505926526E-5
1463	8.213509340833943E-5
1464	8.736140235294067E-5
1465	9.3299435305924E-5
1466	5.2207720505666546E-5
1467	6.1009829708095176E-5
1468	1.4604722767679303E-4
1469	7.538430400294635E-5
1470	8.254729875014116E-5
1471	5.802054081765637E-5
1472	5.7000376277347994E-5
1473	1.1484316317637814E-4
1474	8.434939843128229E-5
1475	8.776545379188747E-5
1476	9.540524259762263E-5
1477	9.916618838768697E-5
1478	6.567398718510506E-5
1479	5.62776934412253E-5
1480	8.138148654392165E-5
1481	6.0629289126069344E-5
1482	8.26518871385011E-5
1483	1.0159397088057946E-4
1484	1.3688638366928936E-4
1485	6.698821528498143E-5
1486	1.2731949428947172E-4
1487	5.939863816715316E-5
1488	9.449163898821975E-5
1489	1.276231655643235E-4
1490	7.85172874719177E-5
1491	9.190768951781517E-5
1492	9.751478279670891E-5
1493	9.445459229425366E-5
1494	7.735225229444166E-5
1495	6.309066182763648E-5
1496	1.0179242226358368E-4
1497	7.621580835872731E-5
1498	1.061862047355251E-4
1499	3.3762396791969195E-5
1500	9.650068716184239E-5
1501	7.938942209703106E-5
1502	4.9371330187271946E-5
1503	1.1563219257121931E-4
1504	9.374816297064991E-5
1505	7.809766475067143E-5
1506	1.4975746544724217E-4
1507	1.0535946556527988E-4
1508	4.957150518670382E-5
1509	8.068857067557216E-5
1510	7.460858056173153E-5
1511	6.594124213871603E-5
1512	1.759143973286188E-4
1513	1.3408806838676943E-4
1514	1.4900623624894473E-4
1515	6.632182679360365E-5
1516	5.953581927278956E-5
1517	9.363383024270109E-5
1518	6.580933649832701E-5
1519	1.5593654005096528E-4
1520	7.366325895566816E-5
1521	1.0020633755143831E-4
1522	1.0932144791284087E-4
1523	1.812959168482774E-4
1524	7.515542846214592E-5
1525	9.242956525453488E-5
1526	1.0756250962487469E-4
1527	9.874253890099097E-5
1528	1.037011930825389E-4
1529	1.7430410176641964E-4
1530	8.082412995525715E-5
1531	1.510732439349546E-4
1532	9.845121644679759E-5
1533	1.2169539336866176E-4
1534	7.43383353802571E-5
1535	1.0301942044428457E-4
1536	1.3733401478980124E-4
1537	8.231992282148493E-5
1538	7.918439477663287E-5
1539	9.91164276797125E-5
1540	1.492613860949348E-4
1541	1.381002587616713E-4
1542	1.1492159727219747E-4
1543	1.3666591446370686E-4
1544	9.726685568175229E-5
1545	1.4653820402928163E-4
1546	1.198385672944245E-4
1547	1.3133229771818155E-4
1548	9.818929754801049E-5
1549	9.731086865881076E-5
1550	1.1153158439569446E-4
1551	1.614201640831462E-4
1552	1.3160001885110717E-4
1553	1.3687139389264715E-4
1554	5.828006015923072E-5
1555	1.0390887804533098E-4
1556	1.0370886190988751E-4
1557	1.1190456927448049E-4
1558	7.957784368779652E-5
1559	8.379908723604876E-5
1560	7.487882060086025E-5
1561	9.553385118185946E-5
1562	8.681383386359312E-5
1563	1.1562533488842972E-4
1564	1.1520727494717508E-4
1565	1.3424988387607183E-4
1566	6.484759637179712E-5
1567	1.4104695415822534E-4
1568	1.0605810860344792E-4
1569	1.718278233785983E-4
1570	1.2918811649186905E-4
1571	7.304017438719855E-5
1572	9.509413759511647E-5
1573	1.523624775008428E-4
1574	6.607022607825428E-5
1575	1.2629432754701622E-4
1576	6.573150790769169E-5
1577	1.6083071919097938E-4
1578	6.440117438323858E-5
1579	1.1647561279111117E-4
1580	8.407170716392214E-5
1581	9.271007909435445E-5
1582	1.4348558533790954E-4
1583	7.620498181949759E-5
1584	6.964541048726386E-5
1585	1.361349398405688E-4
1586	1.1130057487904101E-4
1587	1.2910301761072314E-4
1588	1.0387666973132454E-4
1589	1.4854798253293456E-4
1590	1.1413874870636672E-4
1591	1.464505468981974E-4
1592	1.0631606073282334E-4
1593	1.3317221113242836E-4
1594	7.511305579996927E-5
1595	1.0983699822897342E-4
1596	8.952779231158971E-5
1597	6.290590419990239E-5
1598	7.500812606661399E-5
1599	1.1515308722904694E-4
1600	5.9602868721787665E-5
1601	8.813521504176784E-5
1602	1.140175993474516E-4
1603	1.5396303807142263E-4
1604	7.537307367224193E-5
1605	5.444930985249074E-5
1606	1.1394858472143444E-4
1607	1.2602420617081672E-4
1608	1.3138336705092476E-4
1609	1.1857222494837512E-4
1610	1.0096961327444269E-4
1611	1.1083334929847074E-4
1612	1.1822666844817155E-4
1613	9.89118400091735E-5
1614	6.34615574151715E-5
1615	9.659211156490899E-5
1616	5.047970348207659E-5
1617	8.281686964968903E-5
1618	9.383011472673629E-5
1619	8.957435049950767E-5
1620	1.0462017691642732E-4
1621	1.3172552065817282E-4
1622	1.1904030722324512E-4
1623	1.6113192463340477E-4
1624	7.971028591707704E-5
1625	1.5231112134448098E-4
1626	7.053338025365179E-5
1627	7.544202958766496E-5
1628	1.5302208596655728E-4
1629	1.140064729222157E-4
1630	1.1020236873610293E-4
1631	1.0843327946234603E-4
1632	7.478917126753536E-5
1633	1.054634834103974E-4
1634	1.0334736388534872E-4
1635	1.0374450432048357E-4
1636	7.825951617750339E-5
1637	1.073744890453628E-4
1638	9.943958004365473E-5
1639	1.1008321498247403E-4
1640	1.1816377208504238E-4
1641	1.172235564970499E-4
1642	1.1881531128862973E-4
1643	7.705785306977493E-5
1644	1.0475440075461463E-4
1645	9.395963623347012E-5
1646	5.342506376604867E-5
1647	1.1932304217042542E-4
1648	7.203739516556852E-5
1649	1.1499588789465752E-4
1650	8.01453099964621E-5
1651	9.491363242910903E-5
1652	1.235004981255555E-4
1653	1.6085988429284258E-4
1654	1.300404361586321E-4
1655	5.7068841877431676E-5
1656	9.081989060737225E-5
1657	6.930152931237295E-5
1658	8.463750990781096E-5
1659	1.2014201645584288E-4
1660	1.0828565542632862E-4
1661	1.1505475185096832E-4
1662	7.266493555860981E-5
1663	9.556672875471196E-5
1664	6.976627489947487E-5
1665	4.805657968970512E-5
1666	1.2716732293596063E-4
1667	1.1170795726277422E-4
1668	8.16597704836942E-5
1669	1.256885505371944E-4
1670	1.1077400862171117E-4
1671	6.075811244441644E-5
1672	1.771649229951507E-4
1673	9.194862176091067E-5
1674	1.0507829005239378E-4
1675	1.381821231603364E-4
1676	9.735575970182642E-5
1677	1.6377571725674034E-4
1678	4.423142885825131E-5
1679	8.271750621027122E-5
1680	7.390952235361242E-5
1681	9.65045824963778E-5
1682	1.2267321778508948E-4
1683	8.573776164334173E-5
1684	5.2399291551693254E-5
1685	8.821658963640063E-5
1686	6.64260800292455E-5
1687	1.1577190294473535E-4
1688	8.590566007198531E-5
1689	8.173106371375037E-5
1690	9.16299881023576E-5
1691	7.86584013775797E-5
1692	1.3308061441106583E-4
1693	5.910370835756709E-5
1694	8.342714784554112E-5
1695	5.7034883366692135E-5
1696	1.191752786365928E-4
1697	8.515345255312063E-5
1698	9.031025067513589E-5
1699	6.025263797029481E-5
1700	7.269861769174717E-5
1701	2.055138979688845E-4
1702	1.2020791250991084E-4
1703	1.425234905344592E-4
1704	1.1031109885617975E-4
1705	1.1711818881593298E-4
1706	9.719198880088248E-5
1707	1.0657980137186262E-4
1708	1.0576826004161084E-4
1709	1.1306078870027708E-4
1710	1.401251973921447E-4
1711	1.382496361927858E-4
1712	1.2300815497925238E-4
1713	8.291281840373669E-5
1714	8.006536752654402E-5
1715	1.3687605864551807E-4
1716	1.1710474957984213E-4
1717	7.069557275245175E-5
1718	1.3915876479635047E-4
1719	7.670669286829695E-5
1720	8.345594146720035E-5
1721	1.237479568020682E-4
1722	7.72332684930492E-5
1723	1.6886943447146595E-4
1724	1.7256276156940497E-4
1725	4.632016286784158E-5
1726	8.824710123145829E-5
1727	1.1524519595932706E-4
1728	8.911294033268674E-5
1729	7.176300426763222E-5
1730	7.071189073630853E-5
1731	1.36625478408582E-4
1732	8.150228693725371E-5
1733	8.910509515039293E-5
1734	2.268789218774061E-5
1735	1.3627325848398098E-4
1736	1.1262842745866537E-4
1737	9.343749419815639E-5
1738	8.055031136947863E-5
1739	1.1854210558887187E-4
1740	7.814351781851772E-5
1741	1.205497175574546E-4
1742	1.3131243796512878E-4
1743	1.04965787727929E-4
1744	7.412322669667503E-5
1745	1.0005544923655647E-4
1746	1.0961739569812797E-4
1747	9.188654472449742E-5
1748	1.1376533828369448E-4
1749	7.970565649410856E-5
1750	8.280172311646373E-5
1751	1.0801963016725759E-4
1752	7.280265348891729E-5
1753	1.0597306399985551E-4
1754	7.142388703577786E-5
1755	1.0779816017098791E-4
1756	8.27417033661884E-5
1757	6.757822872335416E-5
1758	6.58249332430134E-5
1759	9.878062005119683E-5
1760	1.2391846870401724E-4
1761	1.2430899971435677E-4
1762	1.0525464939369365E-4
1763	1.164719536907639E-4
1764	9.916304767307393E-5
1765	9.780124689895939E-5
1766	1.012399543552976E-4
1767	1.1350424048285058E-4
1768	1.4052389498040238E-4
1769	7.621525949711501E-5
1770	7.61681795918013E-5
1771	1.421280332915511E-4
1772	6.90171874272362E-5
1773	8.6753476036435E-5
1774	1.2268248990419728E-4
1775	7.980151294948317E-5
1776	1.1336802502318332E-4
1777	7.534916153025422E-5
1778	9.40787173196813E-5
1779	1.2741756545827127E-4
1780	1.0125672754078403E-4
1781	1.5220708742859045E-4
1782	1.0008056693650629E-4
1783	1.018220938815417E-4
1784	1.1977497464508668E-4
1785	7.702874936479757E-5
1786	7.402689072219165E-5
1787	8.379082450031884E-5
1788	1.2251487357782374E-4
1789	1.0283271599618004E-4
1790	7.393518943551181E-5
1791	1.2721293612453472E-4
1792	9.95297631172866E-5
1793	9.61516625320885E-5
1794	6.546983864532099E-5
1795	4.914949007425587E-5
1796	7.110866348601329E-5
1797	1.1480025327920218E-4
1798	1.5656481752199516E-4
1799	7.753182674306519E-5
1800	7.187126024495471E-5
1801	1.4956640990782062E-4
1802	1.2375085462044163E-4
1803	4.216826829190069E-5
1804	1.3708932640499574E-4
1805	9.600065635640104E-5
1806	1.0557920452485082E-4
1807	1.3066217154104865E-4
1808	8.819591201222353E-5
1809	1.8266541245524467E-4
1810	9.909769620233216E-5
1811	5.909289423536742E-5
1812	6.480874040846062E-5
1813	1.3818122553708393E-4
1814	4.397691999436912E-5
1815	1.015903296102061E-4
1816	8.793698999176682E-5
1817	9.203598925573353E-5
1818	7.806394405599832E-5
1819	1.1025405017589994E-4
1820	9.555540675935932E-5
1821	1.0484590223643745E-4
1822	9.922509019489306E-5
1823	1.0513889637236852E-4
1824	8.722635982259499E-5
1825	7.526173113109086E-5
1826	1.4072347300475758E-4
1827	6.745296053194306E-5
1828	1.704351174602184E-4
1829	1.0793708496526405E-4
1830	6.460845396820175E-5
1831	1.1770572694001294E-4
1832	6.796779950653055E-5
1833	9.684256290147574E-5
1834	4.83216305584171E-5
1835	1.1265476974492448E-4
1836	7.23598390584258E-5
1837	6.382856050328913E-5
1838	1.1207681570960541E-4
1839	5.00728523758944E-5
1840	1.0216816783576823E-4
1841	1.1095890768463849E-4
1842	9.080258766849175E-5
1843	8.09882018025008E-5
1844	5.3279264161567596E-5
1845	6.005334134744569E-5
1846	1.2959774054500383E-4
1847	5.874722355394915E-5
1848	1.5755555006266423E-4
1849	9.114266276480174E-5
1850	7.49185334509593E-5
1851	7.091375386168307E-5
1852	9.994281361863045E-5
1853	1.2363901720557153E-4
1854	6.188170639785079E-5
1855	1.403441578292112E-4
1856	1.385404772941404E-4
1857	1.0020485114037256E-4
1858	1.0630338222260612E-4
1859	1.1102565433720244E-4
1860	8.978333031872695E-5
1861	1.4314475968351238E-4
1862	9.269758497772994E-5
1863	1.0359469140429151E-4
1864	7.066497350764863E-5
1865	1.2748215715250533E-4
1866	1.0877651943890956E-4
1867	6.033414685586414E-5
1868	6.076163737418244E-5
1869	8.331498752222641E-5
1870	1.1807300144668444E-4
1871	1.3898681769568662E-4
1872	6.874637450285903E-5
1873	1.416220427881259E-4
1874	1.4224671350608067E-4
1875	8.141204442395427E-5
1876	7.837648625683425E-5
1877	7.816596380747743E-5
1878	9.814428596171983E-5
1879	6.601418726981194E-5
1880	8.295080870754765E-5
1881	1.1307044390288701E-4
1882	1.2384107156751924E-4
1883	1.595340511452943E-4
1884	1.1811314826355417E-4
1885	1.2833806985791297E-4
1886	1.617395550975238E-4
1887	9.330621589463266E-5
1888	1.0923675024060577E-4
1889	1.1416468236705494E-4
1890	7.110994337096275E-5
1891	5.893647847902423E-5
1892	9.081507802319186E-5
1893	8.22447637308446E-5
1894	5.396030919612924E-5
1895	1.1568894967511458E-4
1896	6.551598169105876E-5
1897	6.16938441625294E-5
1898	4.9029375919254277E-5
1899	8.877067303167532E-5
1900	9.729832856284549E-5
1901	1.3518028056338404E-4
1902	1.4297132307917695E-4
1903	1.217165525778303E-4
1904	1.1240353510443323E-4
1905	9.565421693921002E-5
1906	7.733821785868215E-5
1907	3.9890272645839654E-5
1908	1.434768806317694E-4
1909	9.248288069596007E-5
1910	1.2661140378899613E-4
1911	8.308454001690656E-5
1912	7.171366950884858E-5
1913	1.1926377330033937E-4
1914	1.4243160407868287E-4
1915	6.945102279563627E-5
1916	8.352730118419094E-5
1917	1.1636723139550896E-4
1918	1.2149748192447047E-4
1919	9.086119767380526E-5
1920	9.508159346624036E-5
1921	6.458837185826746E-5
1922	7.654535197312664E-5
1923	1.4524670322982615E-4
1924	1.3379145438716293E-4
1925	8.728793363601444E-5
1926	9.074568049759566E-5
1927	7.191148523818188E-5
1928	5.925521297291189E-5
1929	7.845769255373938E-5
1930	1.1182737352590386E-4
1931	1.0488889127224892E-4
1932	9.23881591517958E-5
1933	7.761292626674843E-5
1934	7.028415601313562E-5
1935	8.67974675422764E-5
1936	9.977141262083904E-5
1937	4.210544399365574E-5
1938	8.926435222888254E-5
1939	1.1275440293470543E-4
1940	1.1715177587329803E-4
1941	4.145356266736548E-5
1942	5.8038853895737866E-5
1943	1.0339887714738373E-4
1944	1.0208417750411023E-4
1945	1.1638688365250603E-4
1946	7.285636448515784E-5
1947	1.2041180177457415E-4
1948	1.2763687826294518E-4
1949	1.0792281499935731E-4
1950	8.828479094275734E-5
1951	1.5639372663407597E-4
1952	6.0171453804496684E-5
1953	1.0747949278509854E-4
1954	8.555085188777964E-5
1955	6.570071819204427E-5
1956	6.094047084805105E-5
1957	1.1811874641218352E-4
1958	1.601027180024259E-4
1959	1.186772870704005E-4
1960	4.970215976040797E-5
1961	1.621156027076903E-4
1962	9.0387450575371E-5
1963	1.1923027308980237E-4
1964	7.569454818796705E-5
1965	5.497801994756777E-5
1966	5.6771656430479136E-5
1967	7.130271312585492E-5
1968	1.125425353077437E-4
1969	7.653677117525561E-5
1970	7.396904919668845E-5
1971	2.0746002642485948E-4
1972	9.898134261694228E-5
1973	1.1888843900925042E-4
1974	1.2636349781820834E-4
1975	1.0431050995396933E-4
1976	9.559202625479522E-5
1977	1.4569991556407193E-4
1978	9.750451219569882E-5
1979	1.2169456869998014E-4
1980	1.4089990399667536E-4
1981	7.244414150927295E-5
1982	8.87097926788646E-5
1983	6.177539586802713E-5
1984	9.954115282763128E-5
1985	1.194401413191621E-4
1986	7.163313134340646E-5
1987	9.72486017709227E-5
1988	1.0208690194973456E-4
1989	1.1852384808522923E-4
1990	7.85465740165571E-5
1991	8.789010663499071E-5
1992	1.0775464520061823E-4
1993	6.84521535399201E-5
1994	4.969399969189018E-5
1995	1.1262365853086997E-4
1996	6.676421950592571E-5
1997	8.243294038936582E-5
1998	1.2825793536332025E-4
1999	8.830915947851287E-5
2000	1.6217777845393952E-4
2001	7.97784356570216E-5
2002	9.187460467272912E-5
2003	1.3393369112883548E-4
2004	9.281020126324538E-5
2005	3.8156438283335784E-5
2006	1.0028839358790047E-4
2007	1.6371391990093538E-4
2008	1.1939214209781166E-4
2009	1.451215114129084E-4
2010	1.366838937647578E-4
2011	6.38670206124584E-5
2012	1.4245559260864222E-4
2013	1.0210534854007798E-4
2014	1.476786687236508E-4
2015	1.3714822939962082E-4
2016	9.992176591954087E-5
2017	1.3492771730112205E-4
2018	4.1574118048059574E-5
2019	1.1152939674290176E-4
2020	1.1505303760391764E-4
2021	9.984697808406389E-5
2022	4.729628048543622E-5
2023	6.915271009363941E-5
2024	1.2339004888793496E-4
2025	9.580116048827478E-5
2026	5.984059430567246E-5
2027	1.2479770350021303E-4
2028	1.5877730031927067E-4
2029	1.092030566104487E-4
2030	1.6438754108095136E-4
2031	7.86947489006805E-5
2032	1.2501332968507765E-4
2033	1.0763299089191567E-4
2034	7.095233492736703E-5
2035	6.895881071180192E-5
2036	8.308461211410423E-5
2037	7.1315984606902E-5
2038	1.1792596707415861E-4
2039	1.2955321361502709E-4
2040	1.1457059501423364E-4
2041	1.2571566772010033E-4
2042	1.5307724135276313E-4
2043	9.078279342199298E-5
2044	1.2502040885790374E-4
2045	9.037507182611186E-5
2046	8.081716646474087E-5
2047	1.1500114743616792E-4
2048	9.511138495830908E-5
2049	9.724003781354256E-5
2050	1.3582543808987973E-4
2051	8.129987825691494E-5
2052	9.190766604739555E-5
2053	1.2470446276023286E-4
2054	9.743204497034074E-5
2055	5.1482351950286575E-5
2056	1.2618993199965908E-4
2057	7.090057625117516E-5
2058	8.212883903539876E-5
2059	9.481778767801396E-5
2060	8.146088606647197E-5
2061	9.290276454639634E-5
2062	9.804901248368201E-5
2063	1.5672298723507682E-4
2064	1.2355050741379492E-4
2065	1.2388402964254994E-4
2066	9.396293056404029E-5
2067	8.874559687892651E-5
2068	5.796132146799077E-5
2069	1.1946804926083363E-4
2070	1.940631376297135E-4
2071	9.646353810370264E-5
2072	1.0840610345430744E-4
2073	1.527973113666934E-4
2074	1.193035762805545E-4
2075	8.239111023219061E-5
2076	7.942391572617278E-5
2077	1.035931622592125E-4
2078	8.999637987340301E-5
2079	7.324241241755745E-5
2080	9.29333676641245E-5
2081	1.1445668031931968E-4
2082	6.985876468908361E-5
2083	7.589819586152982E-5
2084	1.1849217212902676E-4
2085	1.0267850955406676E-4
2086	1.0763246801508447E-4
2087	1.1542914444434549E-4
2088	1.2455506699318887E-4
2089	5.946401122291703E-5
2090	1.16387631496322E-4
2091	8.125233962339759E-5
2092	7.96353473368034E-5
2093	1.0306696333104261E-4
2094	1.6172283370262646E-4
2095	8.799625954585977E-5
2096	7.22667482046603E-5
2097	1.7694562053853223E-4
2098	1.2691263304012883E-4
2099	9.974248653302732E-5
2100	9.14479262588052E-5
2101	1.2447901293608264E-4
2102	8.10852969195289E-5
2103	1.680850523462208E-4
2104	1.2268483177835677E-4
2105	7.466790471667669E-5
2106	1.2778898731621635E-4
2107	6.724809126817095E-5
2108	1.0812121207884536E-4
2109	1.2705478561139647E-4
2110	1.1064811963717238E-4
2111	6.125718175577765E-5
2112	1.317222054671155E-4
2113	6.150218092073114E-5
2114	7.365429985618522E-5
2115	9.262943807408011E-5
2116	1.2985132815762938E-4
2117	8.224672831624386E-5
2118	1.2098147820874897E-4
2119	1.0053992734569974E-4
2120	9.635720383351186E-5
2121	1.448062474645287E-4
2122	9.684179027568367E-5
2123	1.1101958391874841E-4
2124	9.204765126242086E-5
2125	1.1458580851211127E-4
2126	7.079581547296886E-5
2127	1.1368908790427589E-4
2128	9.510760499379662E-5
2129	9.196414683780528E-5
2130	1.304837032625229E-4
2131	6.297396383819237E-5
2132	9.117173438215467E-5
2133	8.448018381579007E-5
2134	1.0472745242440724E-4
2135	9.688643205173493E-5
2136	1.048951075553706E-4
2137	7.006978883012467E-5
2138	1.349261686129525E-4
2139	1.020120705019022E-4
2140	1.9339517423958206E-4
2141	6.132984932604201E-5
2142	5.941491107671876E-5
2143	9.264115591519866E-5
2144	1.1320142409985517E-4
2145	6.208730489533114E-5
2146	7.259288442164071E-5
2147	4.9991670439585145E-5
2148	4.9950170366805645E-5
2149	9.884456150789486E-5
2150	4.110875729294481E-5
2151	1.0337668120914308E-4
2152	6.552085187771146E-5
2153	9.002102632303361E-5
2154	7.520776711760208E-5
2155	1.0688365414745898E-4
2156	1.1650375004796938E-4
2157	1.1940036008723939E-4
2158	6.653735949581627E-5
2159	1.5913537532269396E-4
2160	1.2087702830794566E-4
2161	6.316868526249188E-5
2162	9.743459752989564E-5
2163	8.618922389695474E-5
2164	7.097327277885397E-5
2165	7.986151428332618E-5
2166	8.791315747439443E-5
2167	1.1558332558706312E-4
2168	1.4427927086566115E-4
2169	1.387892962691239E-4
2170	9.750068998841399E-5
2171	2.0541816197755522E-4
2172	8.482717848758686E-5
2173	1.034319777064895E-4
2174	6.910062886173658E-5
2175	1.7473436771308447E-4
2176	9.535893015243723E-5
2177	1.1117066307154568E-4
2178	8.546253936985945E-5
2179	9.612728709987195E-5
2180	8.797084574474362E-5
2181	1.2404416428429414E-4
2182	1.1949306073074476E-4
2183	1.0222528564882815E-4
2184	9.33601033176979E-5
2185	6.559296846025836E-5
2186	1.197584297847112E-4
2187	8.642698851062332E-5
2188	7.895386798963897E-5
2189	8.146408466050127E-5
2190	6.863228192403287E-5
2191	7.2309479483897E-5
2192	7.164347448234264E-5
2193	5.0645374774198526E-5
2194	1.3726093250173495E-4
2195	1.0577219287730992E-4
2196	4.7810038152216796E-5
2197	8.691566850274539E-5
2198	1.373163441062564E-4
2199	1.3263324860578876E-4
2200	9.148246737582515E-5
2201	1.2317296504098363E-4
2202	8.336955695137869E-5
2203	6.357434855275171E-5
2204	1.064166299376593E-4
2205	9.987197866829967E-5
2206	6.465259941331016E-5
2207	7.82257929063671E-5
2208	4.390296882063527E-5
2209	1.106887966123655E-4
2210	1.1267412740411158E-4
2211	6.756287955426628E-5
2212	6.8043341792235E-5
2213	1.1317063496252015E-4
2214	1.0593888576805176E-4
2215	1.0755343256659914E-4
2216	1.3460086838697338E-4
2217	8.27708309419276E-5
2218	1.3703312241630046E-4
2219	1.3526855454873483E-4
2220	6.646633402960839E-5
2221	1.2093753035986621E-4
2222	9.170310832623622E-5
2223	5.21883400111885E-5
2224	7.461676350875986E-5
2225	5.84427367801117E-5
2226	1.3181651290849122E-4
2227	1.1051449540601706E-4
2228	1.4728278904408806E-4
2229	6.818388304712656E-5
2230	9.643808045104702E-5
2231	1.1965195202500555E-4
2232	1.322138385670304E-4
2233	1.391461481702366E-4
2234	7.063530860797074E-5
2235	1.6432169708403206E-4
2236	1.0326370974493136E-4
2237	9.966248207521782E-5
2238	1.1050896848213256E-4
2239	8.298411251648077E-5
2240	9.74543400604509E-5
2241	1.2044755423678939E-4
2242	1.3827334134323456E-4
2243	1.0540455722731599E-4
2244	1.1711881715166709E-4
2245	4.692831322342748E-5
2246	1.1816055840624254E-4
2247	7.711566056909249E-5
2248	8.265510953933968E-5
2249	4.4089497317288334E-5
2250	9.355484546755518E-5
2251	7.981942291940169E-5
2252	5.120220637259057E-5
2253	9.592087897821641E-5
2254	1.6339857895785332E-4
2255	8.561007075631152E-5
2256	1.1497841481860974E-4
2257	6.944247934524926E-5
2258	1.5687587522454868E-4
2259	9.291801670813059E-5
2260	1.0140150399884793E-4
2261	9.734280315608964E-5
2262	7.648644691484493E-5
2263	1.0931064950284053E-4
2264	8.55589002965486E-5
2265	4.905996372558741E-5
2266	7.000599473122242E-5
2267	6.627140297763885E-5
2268	1.6960409482481728E-4
2269	9.845579550029903E-5
2270	9.701259912992509E-5
2271	1.2039484545888667E-4
2272	8.101682306655363E-5
2273	9.221854213867066E-5
2274	1.2615770747255347E-4
2275	9.698803692055608E-5
2276	1.103371692978755E-4
2277	1.3621412463841014E-4
2278	1.2862273649606919E-4
2279	1.3455813352151555E-4
2280	4.386281619189814E-5
2281	1.2067018953838482E-4
2282	1.0404738941843232E-4
2283	9.643770000170981E-5
2284	1.0573219982988229E-4
2285	1.6475217926248297E-4
2286	9.893810022594936E-5
2287	9.577548262505179E-5
2288	9.133974774283754E-5
2289	7.17182000941755E-5
2290	1.5332951821995047E-4
2291	1.1099086762912286E-4
2292	6.424764202822778E-5
2293	1.1762131512543744E-4
2294	7.501902364807235E-5
2295	6.383974029850843E-5
2296	1.361973911890997E-4
2297	7.679118282646258E-5
2298	9.127202851600162E-5
2299	1.1169713780329742E-4
2300	1.052498112653714E-4
2301	1.5773509439031137E-4
2302	6.662788619953293E-5
2303	9.561987781601887E-5
2304	1.6767951869105436E-4
2305	1.104603697731888E-4
2306	7.20020266407074E-5
2307	1.4144486368582973E-4
2308	1.1283278315714972E-4
2309	1.5918464152056897E-4
2310	1.4773960815044022E-4
2311	1.0121337684462761E-4
2312	4.059338442932875E-5
2313	1.2414814780540472E-4
2314	1.4001014322495914E-4
2315	6.98736929047099E-5
2316	9.307755827045523E-5
2317	8.353904154437517E-5
2318	9.101628239691301E-5
2319	1.0780102942166428E-4
2320	6.418366009387822E-5
2321	8.94707090767709E-5
2322	7.515807501569675E-5
2323	1.3300684404184552E-4
2324	9.469766468477982E-5
2325	1.0486788185313153E-4
2326	8.137727127476853E-5
2327	1.0264640665076371E-4
2328	1.4882622296298918E-4
2329	1.2522679245274964E-4
2330	1.0867888989428535E-4
2331	1.2207195411852262E-4
2332	9.546022633692382E-5
2333	9.905076488776308E-5
2334	1.347252878074614E-4
2335	9.830072997543592E-5
2336	1.1990013960520846E-4
2337	9.527364738831171E-5
2338	1.2589336534054338E-4
2339	9.10369882389301E-5
2340	1.486910026873865E-4
2341	1.4693530391678017E-4
2342	7.967828249860539E-5
2343	1.0625041852819803E-4
2344	1.0326757915639285E-4
2345	1.22426585462783E-4
2346	4.270095955445149E-5
2347	1.1669131424081696E-4
2348	8.529423836223387E-5
2349	7.729049588900052E-5
2350	9.156526500907632E-5
2351	1.2430483968495462E-4
2352	9.668926021110503E-5
2353	1.1879644760057976E-4
2354	3.696171528720629E-5
2355	6.470797633948229E-5
2356	1.5094598017097256E-4
2357	1.336147390637897E-4
2358	6.440978497075113E-5
2359	6.406948049301511E-5
2360	8.457772042388155E-5
2361	1.1837113278999978E-4
2362	1.1619754579838908E-4
2363	7.142327026310338E-5
2364	1.1268815234600947E-4
2365	6.937765749257212E-5
2366	6.676164698203012E-5
2367	1.0496732384288636E-4
2368	1.1588889561828842E-4
2369	5.4434878904646315E-5
2370	9.928469738573593E-5
2371	1.3441662327183114E-4
2372	9.75018879915692E-5
2373	9.469050774181963E-5
2374	1.823971688961981E-4
2375	1.2048070226166208E-4
2376	8.767113858205666E-5
2377	8.790841598362858E-5
2378	1.2967002071668862E-4
2379	7.854799702729211E-5
2380	1.4462269267021119E-4
2381	7.875515642662576E-5
2382	1.1357771069380074E-4
2383	1.2680320331493874E-4
2384	1.1263910864108506E-4
2385	9.327860935507453E-5
2386	1.519239662441401E-4
2387	8.328898921836897E-5
2388	6.862882897062144E-5
2389	1.1044671527786236E-4
2390	1.2802620174646228E-4
2391	1.1274355154443068E-4
2392	6.419759718387006E-5
2393	1.4327112511373E-4
2394	1.1713249393690451E-4
2395	1.0479111230237808E-4
2396	8.826851507153412E-5
2397	1.1542493244306834E-4
2398	8.77894984273194E-5
2399	7.210849776407332E-5
2400	7.446671570643956E-5
2401	7.407220134570324E-5
2402	1.49482521146498E-4
2403	1.0078105319109485E-4
2404	1.1755971857672441E-4
2405	8.76035133429574E-5
2406	1.1584201109157086E-4
2407	7.434246930845312E-5
2408	9.381820549090095E-5
2409	1.1389070155191206E-4
2410	1.0791110215489537E-4
2411	9.218029918129305E-5
2412	5.0791151648767845E-5
2413	3.9060182019357054E-5
2414	9.982603669621149E-5
2415	1.4628216359492238E-4
2416	6.579729673633259E-5
2417	1.3909845417209052E-4
2418	7.096846199910515E-5
2419	1.3404108906253504E-4
2420	9.466840289457554E-5
2421	5.6567823933929455E-5
2422	8.821093297894369E-5
2423	7.33615299341777E-5
2424	7.756972336341462E-5
2425	8.74315735500152E-5
2426	6.360178055172767E-5
2427	8.827662962776298E-5
2428	1.0337951831418583E-4
2429	7.153152824120085E-5
2430	9.947758723393831E-5
2431	7.859028289247329E-5
2432	6.244813264019408E-5
2433	9.051721109419189E-5
2434	1.0588414658922245E-4
2435	1.0723445079980104E-4
2436	8.125379599922061E-5
2437	5.810547480006125E-5
2438	7.27226583813602E-5
2439	6.10559956631181E-5
2440	4.2870827830651374E-5
2441	9.526712336383454E-5
2442	1.1774329127181926E-4
2443	1.1377599350612097E-4
2444	1.1807992511724371E-4
2445	1.0137668766273021E-4
2446	4.639181755060172E-5
2447	1.4209727248670425E-4
2448	8.031531555212055E-5
2449	1.2317633621910327E-4
2450	1.0816010496154806E-4
2451	1.309390602494197E-4
2452	8.364422780071136E-5
2453	1.5327361042146852E-4
2454	1.3619859160530153E-4
2455	1.0128037298865368E-4
2456	9.173495737924291E-5
2457	1.2931360566185843E-4
2458	8.329290702133902E-5
2459	1.3324760498507264E-4
2460	9.475470351531109E-5
2461	1.1006128996330958E-4
2462	5.55555592714219E-5
2463	1.0804230152100251E-4
2464	7.526698952980724E-5
2465	4.935001224369387E-5
2466	8.948404075490858E-5
2467	1.2115258585035428E-4
2468	9.944116360328534E-5
2469	9.638244223910498E-5
2470	1.3593263630645483E-4
2471	9.795207811602945E-5
2472	1.3381741742568294E-4
2473	8.930653924763247E-5
2474	5.9647001205726836E-5
2475	8.394767244923551E-5
2476	9.126969787493957E-5
2477	1.02968307103035E-4
2478	1.2204826970405231E-4
2479	8.185763451643736E-5
2480	7.80208762444715E-5
2481	1.585439172041407E-4
2482	9.894261226060737E-5
2483	6.405371192939982E-5
2484	9.440704103871808E-5
2485	1.4069675426014018E-4
2486	1.1964021905805373E-4
2487	1.0145621031164639E-4
2488	9.074448211208814E-5
2489	9.229472592764367E-5
2490	7.121129661413746E-5
2491	7.590352096703806E-5
2492	1.2214455472536398E-4
2493	8.79360367468546E-5
2494	4.557305393299831E-5
2495	7.623470843343529E-5
2496	8.416581597145386E-5
2497	1.0415054710230528E-4
2498	1.1027645926031086E-4
2499	1.2074465175393405E-4
2500	7.40682271959501E-5
2501	8.190217892278366E-5
2502	1.0460579153735242E-4
2503	1.0346025998912673E-4
2504	5.5488034126213236E-5
2505	5.842145920806349E-5
2506	1.4234570141821867E-4
2507	6.903683484737664E-5
2508	7.960825319608026E-5
2509	6.78792775387024E-5
2510	8.639249569836243E-5
2511	1.1794544103040631E-4
2512	7.373612941717905E-5
2513	7.510811853438522E-5
2514	1.4983436537181963E-4
2515	8.354127255417757E-5
2516	1.1857316049813199E-4
2517	6.089973782959843E-5
2518	6.542878406186212E-5
2519	8.024752082980568E-5
2520	7.9543015665777E-5
2521	1.3735557306478413E-4
2522	1.4544227722685448E-4
2523	7.182105245477005E-5
2524	4.84329285198548E-5
2525	8.231170346075909E-5
2526	8.654859090864E-5
2527	1.34319204177763E-4
2528	8.551906552101939E-5
2529	1.2946833000265003E-4
2530	1.0891022478216674E-4
2531	1.6091748166670457E-4
2532	7.508090760118966E-5
2533	8.775032426198021E-5
2534	5.928509431360328E-5
2535	9.242657754543528E-5
2536	8.941527333466733E-5
2537	7.405044509287763E-5
2538	1.3180717539538965E-4
2539	1.462568344220325E-4
2540	6.870097501213246E-5
2541	1.0770442723509517E-4
2542	1.1720474048156853E-4
2543	1.0101552631963898E-4
2544	1.1038748169201027E-4
2545	1.0690166243823279E-4
2546	1.3577705838915545E-4
2547	6.104752340067434E-5
2548	1.5179115612173633E-4
2549	1.0389089354660756E-4
2550	9.561311113435226E-5
2551	1.2216019834403408E-4
2552	6.035550238241367E-5
2553	9.695939918587184E-5
2554	5.5930765582208206E-5
2555	9.542620778193215E-5
2556	1.1439712256620654E-4
2557	8.191692937939051E-5
2558	1.0870992645729764E-4
2559	5.998675598412731E-5
2560	9.907000118599631E-5
2561	7.272875024366029E-5
2562	2.1741278763511845E-4
2563	5.2731350370482634E-5
2564	1.3308113686021772E-4
2565	1.4861372577608585E-4
2566	1.1061037960959983E-4
2567	1.4727494492276015E-4
2568	1.1512790473523014E-4
2569	1.2331473148729242E-4
2570	1.0646128641104932E-4
2571	9.853212245178306E-5
2572	8.60664571638196E-5
2573	1.472746788824126E-4
2574	1.5378168517429225E-4
2575	7.067962997204394E-5
2576	7.109814889183577E-5
2577	8.677332983323846E-5
2578	7.718289383590963E-5
2579	1.001588439983241E-4
2580	1.2835788841584266E-4
2581	1.4930974120524234E-4
2582	1.286338710682279E-4
2583	7.93566698122884E-5
2584	9.130038754817877E-5
2585	1.4560109345324932E-4
2586	7.889319511252082E-5
2587	5.055904724329387E-5
2588	5.8931209162299814E-5
2589	7.180404630156674E-5
2590	1.347230561166188E-4
2591	1.2639143668331752E-4
2592	8.41853469563086E-5
2593	1.0827077008442177E-4
2594	1.1901310563903622E-4
2595	4.6168536863148415E-5
2596	1.402615330865368E-4
2597	9.357960148954554E-5
2598	8.648396508274761E-5
2599	6.903916306494818E-5
2600	7.525780771265216E-5
2601	1.1586874007827864E-4
2602	8.172380369730141E-5
2603	1.1397103985025506E-4
2604	1.1052454119170171E-4
2605	9.529271325878558E-5
2606	1.1707467448368388E-4
2607	8.828081974198401E-5
2608	1.3879390437640947E-4
2609	1.0327060920950616E-4
2610	1.0284872596743377E-4
2611	8.374376975165676E-5
2612	1.163449391077284E-4
2613	6.167202877203368E-5
2614	1.496049562066794E-4
2615	1.1639373996443496E-4
2616	1.0378626761487714E-4
2617	1.0119384720370093E-4
2618	8.819625903274592E-5
2619	8.910572624406209E-5
2620	1.2185625173395364E-4
2621	9.921119522458087E-5
2622	7.04676107478571E-5
2623	1.1588623026893835E-4
2624	8.871758313437966E-5
2625	7.709496367493047E-5
2626	8.787916116431383E-5
2627	9.117303759150414E-5
2628	8.381812750075018E-5
2629	8.519379075813319E-5
2630	1.0983324116071238E-4
2631	1.4753919024269654E-4
2632	9.341353180636187E-5
2633	7.378018851857758E-5
2634	1.0598295285818904E-4
2635	1.1819765676300736E-4
2636	9.492868189283981E-5
2637	1.2611258625232278E-4
2638	1.1579655306554163E-4
2639	1.2112488610421176E-4
2640	9.367360624429292E-5
2641	1.1017893725906847E-4
2642	1.1016894542492004E-4
2643	1.7651486541532017E-4
2644	1.4971010806131137E-4
2645	6.553739785960894E-5
2646	9.993667137495326E-5
2647	1.0311875118363724E-4
2648	1.1191917629187712E-4
2649	9.233734946278456E-5
2650	8.020113723645954E-5
2651	1.1581914424441258E-4
2652	1.0964177839353937E-4
2653	1.0349662196677237E-4
2654	1.7284632850619804E-4
2655	1.0378722487109176E-4
2656	7.855080465715834E-5
2657	8.91238956637343E-5
2658	7.035983457831655E-5
2659	9.037502887606376E-5
2660	5.7568719050824405E-5
2661	8.625903819956748E-5
2662	7.161779121246657E-5
2663	1.616874601770721E-4
2664	9.997107624795521E-5
2665	9.263627970043768E-5
2666	1.6943275887397818E-4
2667	7.655529243466404E-5
2668	6.562636820948329E-5
2669	5.7695434544040964E-5
2670	1.5000222020324517E-4
2671	6.511219370861933E-5
2672	1.0126781353569769E-4
2673	1.1571648808814502E-4
2674	5.636349979187153E-5
2675	1.2740765574150074E-4
2676	1.0051365926983603E-4
2677	1.3579397123018207E-4
2678	7.165071531168805E-5
2679	8.22493701589723E-5
2680	8.545132343755361E-5
2681	1.1010379234421171E-4
2682	1.3592198227174867E-4
2683	1.0120109422422645E-4
2684	8.037878299587263E-5
2685	1.089724146900648E-4
2686	1.355170685368993E-4
2687	6.549789663479957E-5
2688	8.077129794219747E-5
2689	7.841958844845355E-5
2690	1.3296888118029002E-4
2691	7.823609007307216E-5
2692	9.642039773297397E-5
2693	1.0793666735148822E-4
2694	7.368862194598751E-5
2695	8.544954881946156E-5
2696	1.1587462992597768E-4
2697	1.1870118470579771E-4
2698	1.5601789562676358E-4
2699	7.440606496939509E-5
2700	7.149865448150974E-5
2701	1.2010958434086385E-4
2702	8.248550369000224E-5
2703	1.1255063443185382E-4
2704	1.572946668117821E-4
2705	6.309918891986991E-5
2706	1.227587447590252E-4
2707	1.380321393668622E-4
2708	8.218172767322532E-5
2709	1.2704079765580743E-4
2710	8.644826429490867E-5
2711	7.957559858413313E-5
2712	1.1108227426227625E-4
2713	1.1438046994532803E-4
2714	1.0672026837185449E-4
2715	1.1285597327375589E-4
2716	1.3248443576572945E-4
2717	1.7104148268186857E-4
2718	1.8275349290565747E-4
2719	5.0581910340916834E-5
2720	1.1555519168279565E-4
2721	1.0474993036867538E-4
2722	9.674912516291008E-5
2723	7.21178476030646E-5
2724	1.290742481390937E-4
2725	1.235665905456247E-4
2726	7.772528211252432E-5
2727	1.0591620467557475E-4
2728	1.2560814994907544E-4
2729	1.1018865546169604E-4
2730	1.2884264661928605E-4
2731	1.3215769297480676E-4
2732	1.1623351906162723E-4
2733	7.148654815545382E-5
2734	1.0221472011759025E-4
2735	1.7588899838009983E-4
2736	1.0447798483659449E-4
2737	7.434323446273864E-5
2738	8.846416032562285E-5
2739	9.51093387373903E-5
2740	1.4482268941171285E-4
2741	5.568028832056154E-5
2742	1.1553403039269386E-4
2743	1.1147951539828951E-4
2744	9.59770286355876E-5
2745	1.7470438130360284E-4
2746	1.2837758886649582E-4
2747	6.405479147720052E-5
2748	1.182714494717855E-4
2749	7.344321073196856E-5
2750	9.01329286326836E-5
2751	4.915855451778912E-5
2752	9.030499121524107E-5
2753	1.1978136924356045E-4
2754	7.256878854527179E-5
2755	1.0652089043602158E-4
2756	1.2826295647558518E-4
2757	7.13580483037905E-5
2758	1.0349625883135957E-4
2759	9.374807957124462E-5
2760	1.0217249153044416E-4
2761	1.1306969687908986E-4
2762	1.7596728533556856E-4
2763	1.0753986645737517E-4
2764	8.615326508776447E-5
2765	1.4488234136820778E-4
2766	1.297595375112207E-4
2767	9.101380977931173E-5
2768	7.886619164850413E-5
2769	8.408548837570154E-5
2770	8.362752018450402E-5
2771	8.301542363112717E-5
2772	6.04564474767016E-5
2773	9.316424567346388E-5
2774	6.157845525037678E-5
2775	6.115509941785899E-5
2776	6.744582357046114E-5
2777	1.0581904415384117E-4
2778	9.936364233827414E-5
2779	9.899564039349153E-5
2780	1.2413999876226026E-4
2781	9.81276399781028E-5
2782	1.0623675025300812E-4
2783	1.5302253683169937E-4
2784	7.550221191367247E-5
2785	1.096096274614986E-4
2786	8.358150104136292E-5
2787	8.181932293932912E-5
2788	1.8380556437492417E-4
2789	9.531044041044935E-5
2790	1.1320906718628939E-4
2791	1.2161983232795591E-4
2792	1.3475631743172184E-4
2793	1.035906819123038E-4
2794	1.1296231546907059E-4
2795	9.103849462219533E-5
2796	7.758232466169105E-5
2797	1.017078240617088E-4
2798	1.246046471831883E-4
2799	6.856384397295055E-5
2800	8.214176910235212E-5
2801	8.468621725616704E-5
2802	5.3957872753721166E-5
2803	1.0864645396340054E-4
2804	7.153170547489079E-5
2805	1.7457873023681017E-4
2806	1.185072638162335E-4
2807	1.0294112732418191E-4
2808	6.178587794452045E-5
2809	1.2255880059563096E-4
2810	7.447271936849056E-5
2811	1.7176368000027315E-4
2812	3.941435125777262E-5
2813	1.222373776363416E-4
2814	6.893913623716975E-5
2815	1.5624198216774877E-4
2816	1.1683457403732916E-4
2817	1.3564879690858888E-4
2818	1.4337555827421896E-4
2819	1.0517585517397496E-4
2820	1.020978017973606E-4
2821	1.1055769213838081E-4
2822	9.892289619130654E-5
2823	9.178653047614098E-5
2824	1.2150663539808498E-4
2825	7.682801381121658E-5
2826	9.651953529345274E-5
2827	1.1945389306841251E-4
2828	6.561910535750914E-5
2829	1.1483162199121443E-4
2830	1.1790247744303492E-4
2831	1.2933847283569155E-4
2832	1.0245147897072991E-4
2833	1.4350507320788665E-4
2834	1.1738564809347319E-4
2835	1.3114732122776425E-4
2836	1.2378142195667877E-4
2837	9.567231306807514E-5
2838	9.03674898879437E-5
2839	7.563232448174185E-5
2840	1.1622951535374983E-4
2841	7.936405566189516E-5
2842	1.505685762084063E-4
2843	9.873908125393233E-5
2844	4.4458458566433225E-5
2845	2.2530554001745263E-4
2846	6.380677465480851E-5
2847	1.3110534602793304E-4
2848	8.054630966680978E-5
2849	1.865754487719326E-4
2850	1.2298670861812257E-4
2851	1.2287095964989717E-4
2852	9.855766486721797E-5
2853	9.601099552733033E-5
2854	4.1709757349766474E-5
2855	1.229595378154105E-4
2856	9.155413867870297E-5
2857	9.270575667759564E-5
2858	1.0583486366097042E-4
2859	1.2249312103565073E-4
2860	8.384808994858635E-5
2861	8.50899655789034E-5
2862	7.091225852564561E-5
2863	1.0724307596872311E-4
2864	1.0213189465752215E-4
2865	9.493658781201696E-5
2866	6.909420013114753E-5
2867	1.00621316926807E-4
2868	1.1415312973622841E-4
2869	6.462192168000589E-5
2870	1.1731744181552595E-4
2871	6.514681864467187E-5
2872	1.9896856964190946E-4
2873	1.1039153725220123E-4
2874	7.596311540319551E-5
2875	1.3827677780709415E-4
2876	1.0276498181851986E-4
2877	6.702498062191619E-5
2878	1.7490394397477494E-4
2879	1.439162687081235E-4
2880	1.1568871646591846E-4
2881	8.787619214877763E-5
2882	1.3375275082258382E-4
2883	1.0813117689352577E-4
2884	4.503369590881664E-5
2885	1.3070956951943922E-4
2886	9.655290831265669E-5
2887	9.91961130966051E-5
2888	1.3358837661354755E-4
2889	1.0558109890510194E-4
2890	7.686063633848098E-5
2891	7.27824414949218E-5
2892	5.795828022989592E-5
2893	1.1391447602494721E-4
2894	8.736821750373445E-5
2895	6.19505810941345E-5
2896	4.600964176701996E-5
2897	6.28822416881349E-5
2898	8.28045722568625E-5
2899	9.292281168037533E-5
2900	1.2025467044584885E-4
2901	7.100083689588323E-5
2902	1.0876356619164804E-4
2903	1.0845027105859528E-4
2904	9.283820133507667E-5
2905	4.3665141687794435E-5
2906	1.7191101203539632E-4
2907	8.494902316319242E-5
2908	1.464357873176138E-4
2909	6.640128157073948E-5
2910	8.345694185781724E-5
2911	7.943661488545297E-5
2912	6.449178170182681E-5
2913	1.0250363104027843E-4
2914	9.866059379645274E-5
2915	9.15172755779665E-5
2916	1.2469848999890087E-4
2917	1.2478563717806748E-4
2918	8.497969099365166E-5
2919	1.4101395895385385E-4
2920	8.259719419489603E-5
2921	8.120554575545077E-5
2922	9.097533871819876E-5
2923	9.138789290383976E-5
2924	1.7958997226549166E-4
2925	1.1741140332090393E-4
2926	8.900770657167972E-5
2927	8.74485587124829E-5
2928	1.334950777621804E-4
2929	1.1341758114739978E-4
2930	9.290512450422954E-5
2931	6.869894903945484E-5
2932	7.955818184808619E-5
2933	7.88907046676612E-5
2934	1.332247890946088E-4
2935	1.0056678905384196E-4
2936	1.1841102690783416E-4
2937	1.3278285106120482E-4
2938	6.580668816176222E-5
2939	9.559325662627824E-5
2940	4.984919279990488E-5
2941	1.3748970796934862E-4
2942	1.2148004653348203E-4
2943	6.354992756929902E-5
2944	1.4062307903565317E-4
2945	1.3711554048345188E-4
2946	1.056097247573295E-4
2947	5.108454033995628E-5
2948	1.453751390481954E-4
2949	7.86849169820735E-5
2950	1.7743025340353358E-4
2951	7.039287831073641E-5
2952	1.1914578291105188E-4
2953	5.9331775636636995E-5
2954	3.072912185125809E-5
2955	7.589040314696056E-5
2956	1.2572247852173912E-4
2957	9.897430792757666E-5
2958	9.672357838143278E-5
2959	5.625688823836941E-5
2960	6.30090456857671E-5
2961	9.85479349519393E-5
2962	9.401205677350977E-5
2963	9.922694266647213E-5
2964	1.1286553848204056E-4
2965	6.222462624015059E-5
2966	9.774251710768725E-5
2967	1.3951367129391254E-4
2968	1.0642140228920942E-4
2969	7.49892056774208E-5
2970	1.5053028950497225E-4
2971	1.0145654475454204E-4
2972	1.6364377047988903E-4
2973	1.0017873978278362E-4
2974	9.23161439286318E-5
2975	1.1296890867677517E-4
2976	9.437740454476003E-5
2977	8.098427595606603E-5
2978	1.5322231601428067E-4
2979	1.6228924938529145E-4
2980	9.637331142975713E-5
2981	5.202490527077657E-5
2982	1.2468837457867181E-4
2983	6.216994129745804E-5
2984	1.2253138100919316E-4
2985	1.2991028293148576E-4
2986	1.316611232639654E-4
2987	6.838025630562463E-5
2988	1.4740482241973297E-4
2989	1.1918873799905218E-4
2990	5.207731858691908E-5
2991	1.252561135286909E-4
2992	1.1350085749019842E-4
2993	8.540845121467957E-5
2994	9.765851988023968E-5
2995	1.1018221319911706E-4
2996	7.885984405134711E-5
2997	3.263821520427307E-5
2998	7.512524949488708E-5
2999	8.647234373156786E-5
3000	1.0404416926804661E-4
3001	5.6564441363910625E-5
3002	1.2229672066532406E-4
3003	1.409724765438277E-4
3004	1.2478429224070268E-4
3005	1.2078639084644946E-4
3006	9.526477453639695E-5
3007	1.0693373840032031E-4
3008	8.202429155057821E-5
3009	1.4340534534535319E-4
3010	8.7696553002792E-5
3011	1.3136431242841053E-4
3012	1.3008412972032263E-4
3013	7.811112167079338E-5
3014	1.0221614174208904E-4
3015	9.10242287550247E-5
3016	9.01801308108685E-5
3017	5.951280171672536E-5
3018	3.279209808731024E-5
3019	5.823505651776173E-5
3020	8.627909896357788E-5
3021	5.610949634864108E-5
3022	8.156245397397572E-5
3023	7.64164129812526E-5
3024	7.95894390832317E-5
3025	1.0928254237800954E-4
3026	1.1482692890420041E-4
3027	5.383194835535423E-5
3028	5.8882556166113004E-5
3029	1.0113978369822476E-4
3030	7.419049773319219E-5
3031	1.1243523098391982E-4
3032	1.0628198444454164E-4
3033	1.0971690807652972E-4
3034	8.552843164261374E-5
3035	1.1349255532718273E-4
3036	7.7605510264496E-5
3037	6.890670186244443E-5
3038	8.905101875250255E-5
3039	1.336199711063863E-4
3040	1.7059712085585793E-4
3041	1.557507764922241E-4
3042	1.0575785175888262E-4
3043	7.574323596334532E-5
3044	1.0452809480606983E-4
3045	8.307765611410448E-5
3046	9.938694936684352E-5
3047	6.991949746722024E-5
3048	1.09925642102462E-4
3049	9.215594869004171E-5
3050	6.560505706841521E-5
3051	9.864311279683478E-5
3052	1.4070105076431297E-4
3053	7.191485036363858E-5
3054	1.3032313956596833E-4
3055	7.011562830279387E-5
3056	1.5471836219544283E-4
3057	6.680920298410444E-5
3058	1.366824585763452E-4
3059	1.2478507857820393E-4
3060	1.148179813199532E-4
3061	1.3145497070135809E-4
3062	7.823616186734173E-5
3063	7.864561229719671E-5
3064	8.769518570745948E-5
3065	1.0724990184346171E-4
3066	8.222711348508834E-5
3067	6.791852823533806E-5
3068	8.743685346512323E-5
3069	1.0479096331182295E-4
3070	5.644751354225931E-5
3071	4.8628141307756325E-5
3072	1.5712590520803468E-4
3073	1.0842795975210475E-4
3074	5.822378683091664E-5
3075	8.42229275566841E-5
3076	7.37678715573644E-5
3077	7.538888756345374E-5
3078	1.1837713327120667E-4
3079	5.498610761935595E-5
3080	1.236816267428077E-4
3081	1.1944993476401264E-4
3082	1.0468020635218453E-4
3083	1.6096556384589313E-4
3084	9.14697725772664E-5
3085	8.083518749303459E-5
3086	7.796621040203892E-5
3087	1.0900089793019452E-4
3088	1.0911744099389351E-4
3089	1.0728456899690569E-4
3090	1.0157703656971716E-4
3091	1.396506683177945E-4
3092	8.914780955319407E-5
3093	2.4382038321575342E-5
3094	8.607648456172631E-5
3095	8.040956213614985E-5
3096	1.1257691327807022E-4
3097	6.444189866997391E-5
3098	9.514847520495964E-5
3099	5.93269061288686E-5
3100	9.484513573910736E-5
3101	1.1941236838400067E-4
3102	6.112414417016081E-5
3103	1.7867883063585227E-4
3104	4.338759462936046E-5
3105	1.0735831441518774E-4
3106	7.831278837755637E-5
3107	9.017670398025807E-5
3108	8.123061502313688E-5
3109	1.0245961787540141E-4
3110	6.380974193502248E-5
3111	6.981743745068098E-5
3112	1.1210097086422925E-4
3113	9.435337996797742E-5
3114	6.434452478104585E-5
3115	1.0912023410817177E-4
3116	1.3743824926271928E-4
3117	7.621581893034476E-5
3118	1.3043668966775573E-4
3119	1.4120397266777476E-4
3120	7.969821959810715E-5
3121	8.284212682123071E-5
3122	7.767641993024148E-5
3123	8.865788690897031E-5
3124	9.673845951816054E-5
3125	1.672027296803442E-4
3126	8.631047652132719E-5
3127	9.113569624956403E-5
3128	9.078927765433529E-5
3129	1.199721503456258E-4
3130	9.202546168929492E-5
3131	1.051089626374908E-4
3132	5.1413113356071285E-5
3133	1.3548307011849322E-4
3134	5.596168127530475E-5
3135	1.084044637790831E-4
3136	1.0195072409768894E-4
3137	1.4236261762834462E-4
3138	8.02005111128654E-5
3139	7.605509753979403E-5
3140	5.285087547884621E-5
3141	7.497426379424845E-5
3142	8.420558617938246E-5
3143	1.099037334256572E-4
3144	1.343122136269834E-4
3145	9.554406471884883E-5
3146	1.1633025376285684E-4
3147	7.307387638213884E-5
3148	1.0873376088633242E-4
3149	1.0973894797663416E-4
3150	1.041799142943748E-4
3151	1.1556210456838508E-4
3152	9.124334824972763E-5
3153	6.993071682556922E-5
3154	1.1221468396413416E-4
3155	1.1880064637232379E-4
3156	1.3125470377194857E-4
3157	6.565206421971046E-5
3158	8.700231229096909E-5
3159	1.5611612972271408E-4
3160	1.1811414719803084E-4
3161	9.95866554409721E-5
3162	1.0372342100084726E-4
3163	1.2454244389361533E-4
3164	1.1625022548637281E-4
3165	1.2455303599464418E-4
3166	1.0234989084042125E-4
3167	9.611833912832673E-5
3168	9.212336963518731E-5
3169	1.363633257279885E-4
3170	1.350478106461382E-4
3171	6.631650541358207E-5
3172	1.2815640398795212E-4
3173	1.293519503427113E-4
3174	9.046751664480058E-5
3175	5.1414426593590753E-5
3176	1.556382409556753E-4
3177	1.4201067798385255E-4
3178	1.0096392354096038E-4
3179	5.003686248027015E-5
3180	7.684709993658428E-5
3181	8.425133319352587E-5
3182	1.2453705670108394E-4
3183	1.247948039797733E-4
3184	5.618516481095431E-5
3185	6.219923571975802E-5
3186	1.0390309874546307E-4
3187	4.391339937739615E-5
3188	1.0161663223496251E-4
3189	1.4417039710082306E-4
3190	8.793567881501738E-5
3191	9.008206277844857E-5
3192	1.2037857055610616E-4
3193	1.1118302878800026E-4
3194	8.624301232938635E-5
3195	1.1523655692944053E-4
3196	8.920685364314056E-5
3197	9.832798604805321E-5
3198	6.17509173452538E-5
3199	9.725164558402203E-5
3200	1.1404542439769893E-4
3201	9.592806375741156E-5
3202	1.1718200658487031E-4
3203	7.935041236185987E-5
3204	1.9591780488481002E-4
3205	1.6615991341418867E-4
3206	7.192160051763665E-5
3207	4.543427737504479E-5
3208	1.2322106204390928E-4
3209	1.330178036985098E-4
3210	1.2319939080436058E-4
3211	9.942121585988689E-5
3212	1.1674421800591414E-4
3213	1.1874172420262421E-4
3214	1.0162727385123396E-4
3215	1.201141240731588E-4
3216	9.877370578773657E-5
3217	1.0692274434819639E-4
3218	1.1175190118814244E-4
3219	1.0357360016707002E-4
3220	6.93995549504466E-5
3221	1.2926738745953168E-4
3222	1.8204221603597713E-4
3223	8.043874875644723E-5
3224	8.229503362474808E-5
3225	9.775793646011344E-5
3226	1.3028379027697442E-4
3227	4.6844281003710414E-5
3228	1.307783184023286E-4
3229	6.109133873810742E-5
3230	1.056443513996516E-4
3231	8.03720555703423E-5
3232	1.2056307542617554E-4
3233	1.0782717492222854E-4
3234	1.275915684354287E-4
3235	9.935631613111226E-5
3236	8.481651096673363E-5
3237	8.597929971029875E-5
3238	5.0577824108182E-5
3239	1.0062800850551168E-4
3240	8.65697068189991E-5
3241	6.0179752516414844E-5
3242	1.0543810062472778E-4
3243	1.198759070348487E-4
3244	5.01601214816232E-5
3245	7.366711282311024E-5
3246	9.404065791285873E-5
3247	1.1158563137007747E-4
3248	1.322959605174515E-4
3249	9.240054252586845E-5
3250	1.0845159948559759E-4
3251	1.1132203191941727E-4
3252	1.3683036242450938E-4
3253	9.228751400538985E-5
3254	1.0050779334154726E-4
3255	1.0117810382641878E-4
3256	7.939537335136212E-5
3257	4.478974997766265E-5
3258	8.822800894236239E-5
3259	1.0915062648861139E-4
3260	8.394818164531014E-5
3261	7.026294451413802E-5
3262	1.4038913573110747E-4
3263	8.23578094678075E-5
3264	1.0872411642619641E-4
3265	8.691848811154437E-5
3266	6.996713467949578E-5
3267	1.3095738966962376E-4
3268	1.1567897105025362E-4
3269	7.524032482702836E-5
3270	1.3956571688315386E-4
3271	3.116569640631954E-5
3272	4.594086429541651E-5
3273	8.469144309157186E-5
3274	5.685532490245658E-5
3275	9.994328554663063E-5
3276	9.848677847371407E-5
3277	7.819118844815293E-5
3278	9.40396869163043E-5
3279	7.853166401329292E-5
3280	1.1949362841017225E-4
3281	1.1420401850321855E-4
3282	8.100066251280901E-5
3283	1.2425804026398656E-4
3284	1.1345058717828626E-4
3285	7.38373340102045E-5
3286	8.168655649737722E-5
3287	1.0086686225874478E-4
3288	6.561121360298154E-5
3289	1.0823143325850595E-4
3290	1.3411461180071462E-4
3291	1.189644369955769E-4
3292	1.2921389895907123E-4
3293	1.0548488628016152E-4
3294	5.785495048056947E-5
3295	7.449798913313651E-5
3296	7.092042828738931E-5
3297	7.766919799679691E-5
3298	1.1880501462571547E-4
3299	7.626052179582324E-5
3300	9.909381537421035E-5
3301	1.2475235038163029E-4
3302	1.1773943845932559E-4
3303	8.95585792448381E-5
3304	7.185605319768965E-5
3305	7.542643587152712E-5
3306	1.2685606824512494E-4
3307	4.826866599615384E-5
3308	1.0674809145681463E-4
3309	9.017956700577454E-5
3310	8.093490396207132E-5
3311	7.39478577012374E-5
3312	8.074516769423786E-5
3313	6.565293238182911E-5
3314	7.417457575659407E-5
3315	1.4750444979600775E-4
3316	7.213494091679889E-5
3317	9.438885683233714E-5
3318	1.319264520671298E-4
3319	9.638759750184295E-5
3320	1.0688146028836337E-4
3321	9.878865768560428E-5
3322	8.857724063109597E-5
3323	1.1957525171317041E-4
3324	7.094301626845333E-5
3325	8.379211616304838E-5
3326	1.1783373849937559E-4
3327	9.231084194774228E-5
3328	1.038965134322267E-4
3329	1.0283459720645987E-4
3330	5.874113849417196E-5
3331	1.0056141935657457E-4
3332	1.1172321939573453E-4
3333	1.2422728383992962E-4
3334	1.0185938401550944E-4
3335	1.3854950174376946E-4
3336	1.261211860753593E-4
3337	1.1337663528448023E-4
3338	8.100022713304396E-5
3339	1.0082193371939128E-4
3340	1.0446529464617712E-4
3341	8.746759027234222E-5
3342	8.6714990375584E-5
3343	4.334460715601641E-5
3344	1.359775912429369E-4
3345	1.0916056569651866E-4
3346	8.916505898426295E-5
3347	8.800527252291112E-5
3348	1.0102261030310879E-4
3349	9.331006465782426E-5
3350	1.0458202029021432E-4
3351	8.337991501558284E-5
3352	1.0213406568582692E-4
3353	8.547652803999757E-5
3354	1.0361110007103546E-4
3355	9.109525414768535E-5
3356	9.6991013400263E-5
3357	9.245866555185269E-5
3358	7.544858583764504E-5
3359	9.123741969687603E-5
3360	1.1224127462572739E-4
3361	9.550780959779786E-5
3362	9.418301048748377E-5
3363	6.702972034230001E-5
3364	1.1043803726018436E-4
3365	1.010265753226975E-4
3366	9.996932714727271E-5
3367	1.1726753878926914E-4
3368	1.3923758445686863E-4
3369	1.22470983346007E-4
3370	1.032608985712968E-4
3371	9.85017011720984E-5
3372	1.0000401908040094E-4
3373	9.218477199431449E-5
3374	8.581358906834503E-5
3375	9.974198055688592E-5
3376	9.143434516839898E-5
3377	7.584241367249266E-5
3378	8.851368323776598E-5
3379	9.541844251973707E-5
3380	1.6077710167596948E-4
3381	9.212046828492396E-5
3382	1.3191979073215354E-4
3383	7.135677480059509E-5
3384	1.0339778419486617E-4
3385	1.1802485905173409E-4
3386	9.005896223395748E-5
3387	1.1735045131831872E-4
3388	1.5590781528584965E-4
3389	6.953989243259696E-5
3390	8.300653286617294E-5
3391	1.110590837698437E-4
3392	1.216275888605299E-4
3393	6.967519383978935E-5
3394	9.429256638733712E-5
3395	8.420710882930309E-5
3396	9.622840213218827E-5
3397	1.3933526352085169E-4
3398	1.2322929109175504E-4
3399	1.0477440400003876E-4
3400	1.28508591814882E-4
3401	1.0200896324766067E-4
3402	1.3375299082284825E-4
3403	7.994047365801789E-5
3404	1.0305839541400898E-4
3405	1.1653284821972994E-4
3406	1.2244822184536504E-4
3407	9.447809908930455E-5
3408	6.749196810770374E-5
3409	1.1060556236190482E-4
3410	1.2079543429210525E-4
3411	1.3274513074990995E-4
3412	8.219570135040895E-5
3413	7.657676990623384E-5
3414	1.263613007038861E-4
3415	8.63640510002301E-5
3416	2.9083296483582835E-5
3417	7.72551260757803E-5
3418	1.1050870195687053E-4
3419	1.3109387610050907E-4
3420	9.456318146627736E-5
3421	1.0228461583891273E-4
3422	9.805418851198545E-5
3423	5.4670723871996825E-5
3424	1.0050065384698162E-4
3425	1.26597857725419E-4
3426	5.072704042983941E-5
3427	1.369650869844609E-4
3428	6.453096449296926E-5
3429	1.2710777221819905E-4
3430	8.040366396433952E-5
3431	1.4495334748099455E-4
3432	7.627701497241437E-5
3433	9.46842432386364E-5
3434	4.7106964865374256E-5
3435	8.712278846593693E-5
3436	1.3412332683371148E-4
3437	4.18201585696997E-5
3438	9.297863543268691E-5
3439	8.389455172750196E-5
3440	8.574370490141268E-5
3441	9.113866008731375E-5
3442	7.760149959515072E-5
3443	1.0611839213909102E-4
3444	8.566133560171565E-5
3445	9.69369430821939E-5
3446	1.3863398525445697E-4
3447	1.0398318580247651E-4
3448	1.1125776856612773E-4
3449	1.0934894477680719E-4
3450	7.108071355124156E-5
3451	9.694201556281001E-5
3452	8.793664198248371E-5
3453	7.05587333211002E-5
3454	7.028342443547364E-5
3455	1.425317645031587E-4
3456	1.5005251775460513E-4
3457	8.54714204155613E-5
3458	8.389851281646482E-5
3459	1.1785753192462396E-4
3460	1.3279696319850925E-4
3461	8.91637762820741E-5
3462	1.1718530392613384E-4
3463	1.3816000816961076E-4
3464	1.1844690770188586E-4
3465	8.145936579015826E-5
3466	1.4053264690908396E-4
3467	6.138258344595223E-5
3468	4.709973994246719E-5
3469	1.341692872677793E-4
3470	8.844905089715638E-5
3471	9.673279918203338E-5
3472	1.040053386501596E-4
3473	1.3180868857837745E-4
3474	9.604964811740747E-5
3475	1.1091190205720768E-4
3476	4.3275386103016056E-5
3477	5.3526747702671074E-5
3478	1.2873344850164296E-4
3479	8.578162578269945E-5
3480	7.624922895517476E-5
3481	7.611908527172524E-5
3482	1.869320007329095E-4
3483	7.868049369123523E-5
3484	9.642786686801067E-5
3485	8.87914726235041E-5
3486	6.243733346189582E-5
3487	1.460801848335277E-4
3488	1.2323487680661018E-4
3489	7.977742960841589E-5
3490	1.0873662018095424E-4
3491	1.519722111365516E-4
3492	1.097616986410516E-4
3493	8.156174587021656E-5
3494	9.997640576986581E-5
3495	8.704905763166672E-5
3496	5.4608598337454354E-5
3497	6.465139735938077E-5
3498	1.066596830605373E-4
3499	1.0997598022275957E-4
3500	9.225934151828923E-5
3501	1.2251356614490126E-4
3502	7.658119890102975E-5
3503	9.431967382444461E-5
3504	7.810638224113633E-5
3505	8.569153283442425E-5
3506	1.1603746091100451E-4
3507	6.315815477798526E-5
3508	1.622432661774195E-4
3509	1.0859433498157493E-4
3510	5.803642070671705E-5
3511	8.220272907123091E-5
3512	1.5169608279581135E-4
3513	1.0689514630718658E-4
3514	6.647583381167688E-5
3515	1.7799078923592284E-4
3516	9.476950551858718E-5
3517	8.482214897684927E-5
3518	7.287159725563633E-5
3519	6.283520691724532E-5
3520	1.2505964700840455E-4
3521	5.877571291867754E-5
3522	5.2982094284177825E-5
3523	5.682081986834696E-5
3524	1.0496296322790499E-4
3525	1.5076534040163624E-4
3526	9.31594406308864E-5
3527	8.477512748924559E-5
3528	1.157330377110238E-4
3529	1.0066039633059078E-4
3530	7.818493372273807E-5
3531	1.3544454387844228E-4
3532	8.75763219633557E-5
3533	1.501661666153617E-4
3534	1.3043060633561945E-4
3535	1.0389594870017869E-4
3536	6.649437172291881E-5
3537	1.4002869090304704E-4
3538	1.1638516642849122E-4
3539	9.223077806224783E-5
3540	5.4007620081255846E-5
3541	8.79977006479246E-5
3542	1.2642331769079603E-4
3543	1.2518611273297346E-4
3544	9.163016129793626E-5
3545	1.0863509812200849E-4
3546	1.0073522549004343E-4
3547	1.0658140264857681E-4
3548	5.1020638471745244E-5
3549	8.150727830446742E-5
3550	1.1605458031315911E-4
3551	6.13049899150014E-5
3552	1.4415005066645078E-4
3553	1.0163202862102506E-4
3554	1.0812520783291516E-4
3555	5.7491514210983176E-5
3556	1.6849178884857343E-4
3557	6.098391972062664E-5
3558	7.834860821666405E-5
3559	1.493578102409309E-4
3560	8.515552795534076E-5
3561	1.3912743640643045E-4
3562	1.5990902047241867E-4
3563	1.409896946727491E-4
3564	1.2300834213492935E-4
3565	1.4852959267432474E-4
3566	6.161102659104549E-5
3567	1.1925860200204931E-4
3568	9.084572077285877E-5
3569	9.49945097477361E-5
3570	6.288579684281494E-5
3571	8.305621028015424E-5
3572	1.1180467532891673E-4
3573	7.399530843001898E-5
3574	7.44704915945986E-5
3575	1.01646423646643E-4
3576	8.199069766954169E-5
3577	1.6255075622851698E-4
3578	7.432632963685693E-5
3579	7.662241236536469E-5
3580	9.22792041117669E-5
3581	1.525156578014639E-4
3582	5.5719437500882445E-5
3583	6.471309195018484E-5
3584	1.1860501972060698E-4
3585	1.7370953469558458E-4
3586	9.052391144875973E-5
3587	9.174860551883469E-5
3588	7.63207477683134E-5
3589	6.01288579647344E-5
3590	5.235637014546703E-5
3591	9.858255594468193E-5
3592	1.376483545877769E-4
3593	6.341464196898055E-5
3594	4.200648446627967E-5
3595	6.364810347886653E-5
3596	1.0726366173130717E-4
3597	1.9448917224701377E-4
3598	7.640022770381496E-5
3599	1.0950684352797932E-4
3600	1.463557217575973E-4
3601	1.743537828798014E-4
3602	1.3957046940439523E-4
3603	9.810188973799513E-5
3604	8.032674746365914E-5
3605	7.808202723028693E-5
3606	6.094244055398884E-5
3607	1.0241662770789736E-4
3608	6.524641907037018E-5
3609	1.0348159512790457E-4
3610	1.0196839836148782E-4
3611	7.370058746530245E-5
3612	4.1189538825014136E-5
3613	9.176798336188459E-5
3614	9.886661410653082E-5
3615	5.287899911069805E-5
3616	6.019897745592085E-5
3617	4.9050039625817594E-5
3618	1.1041422798362408E-4
3619	1.2699586372005075E-4
3620	1.077358346427233E-4
3621	9.463186914713081E-5
3622	1.6443808481348367E-4
3623	1.3904083265295215E-4
3624	6.804174878455154E-5
3625	1.0111245794861093E-4
3626	1.2219645503365182E-4
3627	7.115144817440287E-5
3628	7.242147843023066E-5
3629	1.0492856493529305E-4
3630	6.50297493171505E-5
3631	1.3629317645415262E-4
3632	9.274564346468652E-5
3633	1.1337799207269644E-4
3634	1.1855358323426186E-4
3635	1.0380197282767713E-4
3636	1.0326174206405612E-4
3637	4.8387821508497624E-5
3638	4.9000800634075095E-5
3639	1.3000301124482921E-4
3640	1.0736184422561837E-4
3641	6.514068952007659E-5
3642	1.0765354438897005E-4
3643	7.403199267754042E-5
3644	6.969999997654327E-5
3645	1.0903263984682764E-4
3646	1.0098926507937953E-4
3647	1.0714410035096716E-4
3648	8.75410708798335E-5
3649	9.226357419003954E-5
3650	1.0413431840230886E-4
3651	8.606999493885905E-5
3652	1.1734515884668117E-4
3653	1.0422981914783101E-4
3654	6.986238056397115E-5
3655	1.3454555146284462E-4
3656	4.891567469570414E-5
3657	8.702967183901157E-5
3658	1.0288137937073969E-4
3659	1.455082415425329E-4
3660	1.0494145063720507E-4
3661	1.1931211125978228E-4
3662	1.1073499695775877E-4
3663	7.876924466857378E-5
3664	1.2714457093497867E-4
3665	1.0055474616297017E-4
3666	1.289993223032943E-4
3667	5.555732668713414E-5
3668	7.660377969394515E-5
3669	7.199164708170243E-5
3670	7.308857126949716E-5
3671	1.0003866843747163E-4
3672	7.325274118487341E-5
3673	5.828382910912425E-5
3674	6.21673910922395E-5
3675	1.1437815795574447E-4
3676	1.0867629124786331E-4
3677	9.064792686588495E-5
3678	1.6239338640770262E-4
3679	1.0766605555703262E-4
3680	1.2717987993019728E-4
3681	1.1384183068424831E-4
3682	8.468655224008355E-5
3683	4.4285059567318296E-5
3684	1.2030674151084041E-4
3685	8.187639996703996E-5
3686	6.401184470679681E-5
3687	7.748403558625735E-5
3688	7.973831515409778E-5
3689	1.1621677062675182E-4
3690	9.1053244364002E-5
3691	6.23254144636684E-5
3692	1.0593983701033317E-4
3693	1.3167505345495432E-4
3694	9.842714333471967E-5
3695	1.1519481274897241E-4
3696	5.20592089787699E-5
3697	9.207106261854572E-5
3698	1.2479243666103587E-4
3699	6.628878641794198E-5
3700	1.0570651318458785E-4
3701	8.759675263304217E-5
3702	6.180799500550278E-5
3703	1.4781415655419188E-4
3704	1.1599309567831236E-4
3705	5.392473356154267E-5
3706	1.0846802248110262E-4
3707	9.682973709691305E-5
3708	8.631897852384146E-5
3709	6.69874200377041E-5
3710	1.3187057983819644E-4
3711	9.972262079226038E-5
3712	1.0215312800847879E-4
3713	8.61414850496853E-5
3714	7.635835417957341E-5
3715	9.620560823096735E-5
3716	9.271717266946308E-5
3717	9.522088528734934E-5
3718	8.254196511375018E-5
3719	6.481921781548988E-5
3720	9.859023047503077E-5
3721	8.044550010055327E-5
3722	9.328453562077797E-5
3723	4.543668574343267E-5
3724	1.1417217120257942E-4
3725	4.35882733970474E-5
3726	1.4142873976693405E-4
3727	9.3341152570157E-5
3728	1.3233768862856005E-4
3729	1.1479601435154585E-4
3730	1.6629248552446827E-4
3731	1.2530674736962216E-4
3732	1.3427972327490888E-4
3733	1.2256833526936594E-4
3734	8.856954663017714E-5
3735	1.1425478652843598E-4
3736	6.778808025578919E-5
3737	4.901837966490084E-5
3738	7.551965549308222E-5
3739	1.6414142492185546E-4
3740	9.391041167595832E-5
3741	1.0191089665829842E-4
3742	1.055006588043203E-4
3743	6.268370775991184E-5
3744	1.269719234914506E-4
3745	8.389461491831254E-5
3746	1.0029961376381435E-4
3747	9.14164145593689E-5
3748	6.0518820591208826E-5
3749	8.625022868395339E-5
3750	1.3325950585608084E-4
3751	7.403990763528514E-5
3752	1.2992613718966264E-4
3753	8.146366229933238E-5
3754	8.242489587757604E-5
3755	8.849518810543475E-5
3756	7.952618903581799E-5
3757	5.5871380667866946E-5
3758	7.758352655998927E-5
3759	1.6654891496648417E-4
3760	7.654804069113973E-5
3761	1.5305043928447968E-4
3762	1.6147506674987414E-4
3763	1.017067030870468E-4
3764	1.4179843185491045E-4
3765	1.343799027480787E-4
3766	8.23780947549628E-5
3767	8.247939800751411E-5
3768	7.149757421960132E-5
3769	6.804700783783243E-5
3770	5.531069226385278E-5
3771	1.2850366473426145E-4
3772	3.240292897640945E-5
3773	1.1257327707033854E-4
3774	9.037623001675668E-5
3775	6.0382290065135714E-5
3776	1.361885831534474E-4
3777	7.411116768936673E-5
3778	1.4074393965001413E-4
3779	1.1709125485516392E-4
3780	1.4190183562239688E-4
3781	1.1755590948339077E-4
3782	9.225195753491806E-5
3783	9.219036889789483E-5
3784	6.819537067426787E-5
3785	9.52944499258695E-5
3786	1.760576457936766E-4
3787	7.74839250185353E-5
3788	1.133639486642631E-4
3789	7.221648373695643E-5
3790	7.27964441528462E-5
3791	1.125907385069215E-4
3792	7.658588385786633E-5
3793	8.24179988603937E-5
3794	1.3518232496754245E-4
3795	1.645089492441767E-4
3796	1.0027112691931236E-4
3797	6.437948638089681E-5
3798	5.213349320287211E-5
3799	1.0182752518145812E-4
3800	1.098266836763409E-4
3801	1.3460683721877115E-4
3802	9.33765335753974E-5
3803	7.530325034160908E-5
3804	1.4214052654813633E-4
3805	1.0957312739256392E-4
3806	7.877834832499299E-5
3807	8.653708927136595E-5
3808	1.6286574332477895E-4
3809	1.5629701930300476E-4
3810	1.49387055177806E-4
3811	9.615483234608226E-5
3812	8.828129766302299E-5
3813	9.863042407669677E-5
3814	1.008742153138934E-4
3815	6.247705050463637E-5
3816	7.234197866885602E-5
3817	7.332232964392033E-5
3818	1.234275971755458E-4
3819	8.139692022836225E-5
3820	1.2772374023720646E-4
3821	1.494364429126686E-4
3822	8.483524427680596E-5
3823	1.3788432702386652E-4
3824	1.3883033359192364E-4
3825	1.6192037111253363E-4
3826	1.064429005662353E-4
3827	1.7263660877020123E-4
3828	5.811101711458776E-5
3829	1.232177928867202E-4
3830	8.526264905165911E-5
3831	1.1902629779548377E-4
3832	9.055448509606134E-5
3833	6.205647287872183E-5
3834	9.172248762638652E-5
3835	1.21906427980831E-4
3836	9.022873334085159E-5
3837	7.040307500725309E-5
3838	8.195849259494958E-5
3839	1.5699964174389897E-4
3840	1.0302619672629437E-4
3841	6.654900044929613E-5
3842	5.393543841616371E-5
3843	1.3906333339395793E-4
3844	1.1833696280533173E-4
3845	7.35896679657768E-5
3846	8.004370285361196E-5
3847	1.0003499198028621E-4
3848	1.2585422334636853E-4
3849	1.4789482062706446E-4
3850	1.2740909455106371E-4
3851	1.1877899767608842E-4
3852	1.1624127543497908E-4
3853	7.037981201641433E-5
3854	6.020343338481639E-5
3855	7.767369214295658E-5
3856	1.4249796819097336E-4
3857	9.178899307372603E-5
3858	1.0825493747921242E-4
3859	7.063773091264415E-5
3860	8.386277334977772E-5
3861	7.437293906222007E-5
3862	8.440646928670233E-5
3863	4.443865463074891E-5
3864	1.1453962108296362E-4
3865	1.4051274992306687E-4
3866	1.2748337170360815E-4
3867	6.884649951847081E-5
3868	1.196585980569758E-4
3869	1.0416854769371243E-4
3870	3.7137637026378865E-5
3871	1.0598632441423424E-4
3872	1.146927448384318E-4
3873	9.461206747681635E-5
3874	9.779256183387016E-5
3875	1.3717907772023972E-4
3876	9.179370962643065E-5
3877	1.1859748664234058E-4
3878	1.2678291938196228E-4
3879	9.369935922786538E-5
3880	1.2613727450073574E-4
3881	1.661282147400172E-4
3882	6.519741170608233E-5
3883	1.4194909671980067E-4
3884	1.2200096955069255E-4
3885	8.712095502802358E-5
3886	8.773679019139086E-5
3887	7.178687676378807E-5
3888	1.0470805531231225E-4
3889	1.5441839430437113E-4
3890	1.0090287508030068E-4
3891	4.571527092672693E-5
3892	7.946194034901533E-5
3893	1.2576613838050104E-4
3894	1.4263428573907033E-4
3895	7.598492933953497E-5
3896	4.960982988116161E-5
3897	1.422622907096489E-4
3898	1.3400160219091225E-4
3899	1.4496610254726897E-4
3900	1.0904129158205718E-4
3901	1.6681440146847204E-4
3902	1.47425076152552E-4
3903	1.3480308104678318E-4
3904	1.0427969626634442E-4
3905	8.730155589228339E-5
3906	1.4012845866411447E-4
3907	8.46552854784854E-5
3908	9.764575874763852E-5
3909	6.038166921808494E-5
3910	1.0847444147188164E-4
3911	9.783994422918686E-5
3912	8.745960641052741E-5
3913	1.073302895185301E-4
3914	1.3333810897666844E-4
3915	1.0304099738742717E-4
3916	1.2566434729472365E-4
3917	1.4178125013536116E-4
3918	7.729697428756982E-5
3919	1.2597152416347072E-4
3920	5.69667931043148E-5
3921	9.680203887885394E-5
3922	6.855773975678355E-5
3923	1.374385132055847E-4
3924	1.448170841375266E-4
3925	5.828172656632811E-5
3926	1.1422951960186276E-4
3927	1.217951099784529E-4
3928	7.951226640100985E-5
3929	6.552189603036831E-5
3930	1.1199791590908387E-4
3931	1.1499764414622697E-4
3932	6.813230642536471E-5
3933	1.0429066606402312E-4
3934	5.452147011714743E-5
3935	8.388573464636284E-5
3936	5.575484364407414E-5
3937	1.1372964111266572E-4
3938	5.113308872108209E-5
3939	1.3954041859187794E-4
3940	9.453659398015645E-5
3941	4.7823917064598996E-5
3942	1.4415127744887827E-4
3943	1.5459166107082727E-4
3944	1.1810816648497622E-4
3945	6.097388522576652E-5
3946	5.2235315079974946E-5
3947	8.931285777034535E-5
3948	1.1151574875953547E-4
3949	1.054881410735518E-4
3950	7.743590258216083E-5
3951	1.1472171745322246E-4
3952	7.025555474961275E-5
3953	1.1184430192140417E-4
3954	9.578844493241476E-5
3955	7.252945439014363E-5
3956	9.925148581065813E-5
3957	9.416871766684479E-5
3958	8.284360469378398E-5
3959	5.078423319929175E-5
3960	9.169831780447142E-5
3961	1.1872005646904098E-4
3962	1.5539253477676155E-4
3963	6.889357177623754E-5
3964	7.505756635479051E-5
3965	7.982135044937315E-5
3966	1.0927998446376404E-4
3967	1.2255432981210206E-4
3968	9.528627611761218E-5
3969	1.0557980508383613E-4
3970	1.7024308656401715E-4
3971	1.0222558900304154E-4
3972	1.1210322963360845E-4
3973	1.0957225417845179E-4
3974	9.079598974088082E-5
3975	1.0882509241482529E-4
3976	1.267477885572174E-4
3977	1.4481576670757917E-4
3978	1.276725965473288E-4
3979	1.5631120970021752E-4
3980	6.629285424805225E-5
3981	9.091731243792427E-5
3982	1.584644866049655E-4
3983	8.982415124803268E-5
3984	1.1125580840198463E-4
3985	8.335956958338237E-5
3986	1.232292812289835E-4
3987	5.672369225396743E-5
3988	9.199625475124475E-5
3989	6.757816520098598E-5
3990	8.068307133570572E-5
3991	1.042369271714656E-4
3992	1.1324841246887592E-4
3993	6.953626527689688E-5
3994	7.670122669326486E-5
3995	1.2817818428233278E-4
3996	1.0866574539817815E-4
3997	1.0792021244168001E-4
3998	1.1791297848148402E-4
3999	6.427973881123101E-5
4000	6.734815831222912E-5
4001	8.341214097389312E-5
4002	3.16517253914372E-5
4003	6.650668381125507E-5
4004	1.2852840290269093E-4
4005	6.09794867472923E-5
4006	8.434762648042626E-5
4007	8.062371912604081E-5
4008	7.260264439843309E-5
4009	1.1077123134796482E-4
4010	7.05150379892627E-5
4011	4.8046347555624966E-5
4012	7.860930616876916E-5
4013	9.234624068776788E-5
4014	1.180057446026275E-4
4015	1.5176561134152457E-4
4016	1.3711881461653014E-4
4017	1.2632354620635634E-4
4018	1.5562849558359675E-4
4019	1.5938798764319903E-4
4020	1.510702037930054E-4
4021	1.0949016396442461E-4
4022	1.2627253369759905E-4
4023	9.057631947443036E-5
4024	9.188726019014937E-5
4025	1.0820241570609463E-4
4026	8.732682157590657E-5
4027	5.293671979893266E-5
4028	2.4657151787131635E-5
4029	1.0042956515790285E-4
4030	9.733523129313492E-5
4031	1.1212685012831138E-4
4032	7.130429842891443E-5
4033	1.1286616709986418E-4
4034	1.0998026010882089E-4
4035	1.0804297198350137E-4
4036	8.001434944715427E-5
4037	7.854792182209201E-5
4038	7.352920427878935E-5
4039	6.789812399319927E-5
4040	8.84684697897805E-5
4041	7.615951227955629E-5
4042	1.133082243022587E-4
4043	1.1940106074270335E-4
4044	1.466570168698389E-4
4045	7.024899100880855E-5
4046	7.578302812375444E-5
4047	8.422598655415273E-5
4048	7.96409830027204E-5
4049	9.676564308083586E-5
4050	1.4243528958246608E-4
4051	4.560036843938862E-5
4052	1.1839394953937847E-4
4053	7.298280591033154E-5
4054	8.843230930703124E-5
4055	5.985782656677946E-5
4056	9.394750735137783E-5
4057	6.925897110660723E-5
4058	6.351109730669877E-5
4059	1.0097255699984793E-4
4060	9.570523321448538E-5
4061	7.918426303073507E-5
4062	1.7881896851541624E-4
4063	6.0949375518568296E-5
4064	8.400793738749647E-5
4065	1.1834313885872755E-4
4066	5.832608085896154E-5
4067	6.440947466611665E-5
4068	9.543973873608495E-5
4069	1.3111738059024813E-4
4070	6.157765936130695E-5
4071	1.2638333011865473E-4
4072	1.791779889455837E-4
4073	1.0653177327235998E-4
4074	1.5037225676989817E-4
4075	6.460556467253148E-5
4076	6.729372928314609E-5
4077	7.091403408945204E-5
4078	1.2052731021458375E-4
4079	9.17764839565836E-5
4080	1.2174372751535348E-4
4081	8.616310887823817E-5
4082	6.963195277121808E-5
4083	9.598682459477117E-5
4084	7.004979956562937E-5
4085	8.921999786393906E-5
4086	9.630792270780487E-5
4087	6.941430148504606E-5
4088	1.1264747303042343E-4
4089	8.162104779027579E-5
4090	1.1838342674192796E-4
4091	1.1741352510579458E-4
4092	1.9779122123615673E-4
4093	1.0902789568730874E-4
4094	1.0205102533793467E-4
4095	9.843129832895017E-5
4096	1.4311170735638163E-4
4097	1.2375803275994235E-4
4098	9.054353268690543E-5
4099	1.4837565744816708E-4
4100	1.5057072665303247E-4
4101	2.351335563684212E-5
4102	1.3631068434242542E-4
4103	1.1689390583842462E-4
4104	6.057312626886208E-5
4105	9.970275367264362E-5
4106	7.647907527789843E-5
4107	1.0624501060709612E-4
4108	7.090094862365965E-5
4109	1.4170962212790573E-4
4110	9.529760154597507E-5
4111	1.052955493059283E-4
4112	1.1099734974850097E-4
4113	1.2522565877924033E-4
4114	9.49600303949344E-5
4115	7.446880995036023E-5
4116	1.1548272214319317E-4
4117	1.2049082199943738E-4
4118	1.3006551507095367E-4
4119	1.2020645969563474E-4
4120	7.55274688632623E-5
4121	5.283393894836088E-5
4122	1.0734025692370563E-4
4123	1.2500740198762467E-4
4124	9.118897102974219E-5
4125	5.169409110652591E-5
4126	9.851203134145209E-5
4127	7.619025111254965E-5
4128	1.4757264609854741E-4
4129	1.2716988593107134E-4
4130	9.634410550480084E-5
4131	4.7498524312090596E-5
4132	8.201546394536362E-5
4133	1.1772243056890324E-4
4134	8.459828952882598E-5
4135	1.1803880561809705E-4
4136	1.3290066721434034E-4
4137	1.2303427855549673E-4
4138	7.942270103763861E-5
4139	9.456569492737134E-5
4140	6.206839281635734E-5
4141	1.1773199084850439E-4
4142	8.705065646156612E-5
4143	5.2670699775610066E-5
4144	9.32354433231771E-5
4145	9.091796132396895E-5
4146	1.1989836908552409E-4
4147	4.520718415450114E-5
4148	7.702245228519516E-5
4149	7.283370681766055E-5
4150	1.5210828250714797E-4
4151	1.1453171314614674E-4
4152	1.0720977045717723E-4
4153	1.0660891943855179E-4
4154	5.032921262005765E-5
4155	8.698911697288174E-5
4156	9.006595780961989E-5
4157	9.820911162116504E-5
4158	1.6347160521134127E-4
4159	2.3097920011363766E-5
4160	4.9413080099777156E-5
4161	5.825555339114819E-5
4162	1.2644129480470718E-4
4163	1.1824441010808207E-4
4164	5.6144303829786095E-5
4165	1.5886660979558628E-4
4166	5.779492803305831E-5
4167	9.66906369528583E-5
4168	9.321420023819673E-5
4169	1.5741988245885147E-4
4170	9.335596023922852E-5
4171	1.2607954523839732E-4
4172	1.1595450691103781E-4
4173	1.1449169318260642E-4
4174	8.187735635889685E-5
4175	7.959332360652085E-5
4176	8.021072045977497E-5
4177	1.4977012227813773E-4
4178	1.378085278697807E-4
4179	9.054763425039745E-5
4180	1.092860315521658E-4
4181	1.0298961689080516E-4
4182	9.513970177052415E-5
4183	6.339155577526616E-5
4184	7.661170890173663E-5
4185	7.538709830825835E-5
4186	1.153024802342834E-4
4187	5.942343185619428E-5
4188	1.0933171303063904E-4
4189	9.699170657450199E-5
4190	1.4030968942442383E-4
4191	6.646687471723312E-5
4192	1.6765973947738039E-4
4193	9.110095977871236E-5
4194	1.1644327826724593E-4
4195	6.909639749015962E-5
4196	9.46806787762319E-5
4197	6.586902795542465E-5
4198	6.505273951866388E-5
4199	6.091954774389382E-5
4200	9.949755560410402E-5
4201	4.635976156445701E-5
4202	9.933316886321991E-5
4203	7.11519866542521E-5
4204	7.088688256494613E-5
4205	8.833852679005954E-5
4206	1.2662445179930948E-4
4207	6.69046704176779E-5
4208	6.624315993335732E-5
4209	8.615401774874323E-5
4210	9.04296121631181E-5
4211	1.0153448697066084E-4
4212	7.106452176325865E-5
4213	9.376143020205032E-5
4214	1.0619727500757639E-4
4215	1.0698436372094155E-4
4216	1.2850804049552035E-4
4217	6.48755419935655E-5
4218	9.986999766963994E-5
4219	1.658948482067431E-4
4220	1.0805947260431978E-4
4221	1.1158635341543667E-4
4222	1.2911684046480084E-4
4223	1.4026343323094928E-4
4224	9.18528308219343E-5
4225	8.33951447220528E-5
4226	1.3194081611585918E-4
4227	1.1915556121742394E-4
4228	1.0806800086888318E-4
4229	1.355513784608742E-4
4230	1.5856440082802757E-4
4231	8.764919060614378E-5
4232	1.5421074302151517E-4
4233	7.314265820990516E-5
4234	1.333313573840518E-4
4235	4.4790430005640066E-5
4236	1.7172880966555165E-4
4237	6.579620180055803E-5
4238	1.0975085365310335E-4
4239	4.153998091049134E-5
4240	9.026882512739753E-5
4241	6.917243877225632E-5
4242	7.650103990805713E-5
4243	9.62296480875579E-5
4244	7.025400603799012E-5
4245	8.633280340183747E-5
4246	1.3110201921280173E-4
4247	1.368386532538199E-4
4248	6.339205868392951E-5
4249	1.1526453507453477E-4
4250	1.3538816475925397E-4
4251	9.481440868188329E-5
4252	1.1384319687006516E-4
4253	1.1095387934234809E-4
4254	6.492557733786667E-5
4255	9.503722634172424E-5
4256	1.0171536581772404E-4
4257	1.1493172665852994E-4
4258	1.1763629143945635E-4
4259	1.3954926789957063E-4
4260	9.044133506387229E-5
4261	5.626275411661716E-5
4262	5.3415367485141393E-5
4263	6.692085326138271E-5
4264	1.11114371404394E-4
4265	9.220226289950887E-5
4266	9.521341349345089E-5
4267	9.440893421536412E-5
4268	1.0018909026341558E-4
4269	9.116755597529678E-5
4270	1.0824218004866943E-4
4271	1.070112401071029E-4
4272	1.9535889762312461E-4
4273	8.926943175678095E-5
4274	1.2433265930862723E-4
4275	8.128612028217125E-5
4276	1.2348712191356196E-4
4277	1.286473041878753E-4
4278	1.3269271061697985E-4
4279	7.338972280077354E-5
4280	9.868580957901843E-5
4281	1.2010277375850404E-4
4282	1.1838046404407795E-4
4283	8.380260030539866E-5
4284	1.0768459215215978E-4
4285	7.023037285943343E-5
4286	9.450017438243279E-5
4287	1.1389878246898612E-4
4288	8.345470833699182E-5
4289	9.658190595182319E-5
4290	1.1271208075444334E-4
4291	9.461235478873968E-5
4292	9.993375457868955E-5
4293	1.1759827642511288E-4
4294	9.870918675453201E-5
4295	9.731477567775533E-5
4296	5.1160548327695835E-5
4297	6.667644980774842E-5
4298	4.2345438376838575E-5
4299	1.1517174258647899E-4
4300	8.891679594349746E-5
4301	5.0930975728341835E-5
4302	1.220083095575264E-4
4303	9.379760365661895E-5
4304	1.370272441586389E-4
4305	1.1047832045647815E-4
4306	9.12137808992022E-5
4307	7.68616110129395E-5
4308	1.48138171648714E-4
4309	1.0233525894204649E-4
4310	8.950887550249212E-5
4311	1.123942867951361E-4
4312	1.4376272083564158E-4
4313	6.999022930709402E-5
4314	1.1633139949551742E-4
4315	9.459137731556168E-5
4316	5.298919281063195E-5
4317	8.175855776615049E-5
4318	8.45145161653243E-5
4319	9.358529605745062E-5
4320	1.061421928712442E-4
4321	1.2656835601920942E-4
4322	1.1105396411006395E-4
4323	1.22366106674992E-4
4324	1.0360169495809556E-4
4325	1.5399196892474992E-4
4326	9.488205209110292E-5
4327	8.183564634699165E-5
4328	9.614243013008529E-5
4329	1.1015682003082961E-4
4330	1.8395313219318488E-4
4331	1.0957245448403347E-4
4332	9.421490818976363E-5
4333	1.0710841385068245E-4
4334	1.0025937752152582E-4
4335	1.0435637638366373E-4
4336	5.78758189349933E-5
4337	7.214643413967657E-5
4338	1.1225937618702853E-4
4339	8.697188564684208E-5
4340	7.46591977293293E-5
4341	9.271550781328252E-5
4342	9.086947721903831E-5
4343	1.0510663998471856E-4
4344	9.248607714363204E-5
4345	3.3541104692659127E-5
4346	7.536807450381863E-5
4347	8.703726094534866E-5
4348	3.6932543263695854E-5
4349	7.545636834351506E-5
4350	7.014752971668218E-5
4351	1.8294891625130884E-4
4352	8.234689179139675E-5
4353	1.3950379811069474E-4
4354	7.855230260238441E-5
4355	8.84218284362596E-5
4356	1.1100234116196492E-4
4357	7.445604934048411E-5
4358	8.992185526219114E-5
4359	6.78179294941264E-5
4360	1.1536035225646032E-4
4361	7.40682561202334E-5
4362	1.0273535402827635E-4
4363	6.250782642524489E-5
4364	6.97292997802198E-5
4365	1.1715903399411824E-4
4366	1.225791214141856E-4
4367	1.3547427151655412E-4
4368	1.6527041570255275E-4
4369	8.360161986621546E-5
4370	9.69907466997749E-5
4371	8.565100031095535E-5
4372	1.0909942617139203E-4
4373	1.2272737082901115E-4
4374	9.652701749197741E-5
4375	6.59737159148484E-5
4376	7.9250757199068E-5
4377	1.0835625577431781E-4
4378	6.65795393327931E-5
4379	8.450082190603248E-5
4380	9.524679016578658E-5
4381	8.017143644958965E-5
4382	7.187472128183391E-5
4383	1.83613597791407E-4
4384	4.163816378080695E-5
4385	1.0241644881160593E-4
4386	8.447224697581639E-5
4387	1.3409657426902014E-4
4388	9.012719620974195E-5
4389	1.237473220238162E-4
4390	1.1292294542164864E-4
4391	9.893067040375717E-5
4392	1.8319798630747413E-4
4393	7.280343065167299E-5
4394	8.773813051211833E-5
4395	6.465411950576299E-5
4396	7.088842340445466E-5
4397	6.061622861541854E-5
4398	9.555518746448303E-5
4399	8.415878364851578E-5
4400	1.0701513887233136E-4
4401	7.77305050733078E-5
4402	1.5283927015007778E-4
4403	7.127183414047226E-5
4404	1.1642955822111951E-4
4405	9.662732343180537E-5
4406	7.353488787904293E-5
4407	1.2913175086592553E-4
4408	8.322121445919027E-5
4409	1.2187216005704873E-4
4410	1.1674641345508798E-4
4411	1.5645782690040352E-4
4412	4.6177028943486654E-5
4413	7.000430552740556E-5
4414	9.814967558140295E-5
4415	1.0833162828026275E-4
4416	9.392515374787811E-5
4417	1.2006813276513693E-4
4418	1.7271900735904932E-4
4419	1.2057702298676164E-4
4420	7.40015524792862E-5
4421	9.844339619822907E-5
4422	7.84772945635177E-5
4423	1.234087922862937E-4
4424	1.2718243076388804E-4
4425	8.296865826665144E-5
4426	8.272261298233062E-5
4427	8.681479683831763E-5
4428	5.641694665093896E-5
4429	9.432750446859492E-5
4430	1.2082884956117514E-4
4431	4.4142822361247254E-5
4432	7.751108803396622E-5
4433	6.053584933074036E-5
4434	7.340234960674985E-5
4435	8.222839690505685E-5
4436	8.107559216985633E-5
4437	1.1535845853428613E-4
4438	7.819475216103722E-5
4439	1.1381768415057145E-4
4440	8.021085153622027E-5
4441	1.207784374700868E-4
4442	1.1571394312580221E-4
4443	7.855503403296821E-5
4444	1.1129015533472528E-4
4445	7.913911859907556E-5
4446	8.564440305609528E-5
4447	1.0103562557413885E-4
4448	1.2137543182834756E-4
4449	1.0400187050528603E-4
4450	1.3965524670334005E-4
4451	6.414736096223073E-5
4452	1.0867398121697587E-4
4453	1.1552717355354925E-4
4454	1.419550163023914E-4
4455	8.226882012753897E-5
4456	1.1104999779009062E-4
4457	1.9448831759506785E-4
4458	6.327273406417068E-5
4459	4.992810442861277E-5
4460	8.50811743091684E-5
4461	9.820109555510439E-5
4462	6.595547631378847E-5
4463	1.2668749987626584E-4
4464	9.492713593985954E-5
4465	1.510925901713746E-4
4466	1.1606254111865066E-4
4467	1.3290297543346432E-4
4468	1.0885084776297998E-4
4469	9.409516988165617E-5
4470	9.051437123488546E-5
4471	8.378389138188301E-5
4472	9.629173968362571E-5
4473	1.0552166518346366E-4
4474	7.66657506588666E-5
4475	1.1641308381914279E-4
4476	9.82040237621516E-5
4477	1.3594286107811425E-4
4478	1.3196456297364121E-4
4479	7.640619719149637E-5
4480	8.144494842552703E-5
4481	8.157841518579708E-5
4482	3.5703423806445016E-5
4483	4.9043807437788056E-5
4484	7.790835208487364E-5
4485	1.2050272096056887E-4
4486	1.340445354948051E-4
4487	9.36001504697919E-5
4488	1.0206557164732662E-4
4489	1.0898052413127652E-4
4490	1.0766051230007218E-4
4491	1.1556731505922843E-4
4492	9.360624513600951E-5
4493	9.961112372144431E-5
4494	1.9070798637393617E-4
4495	6.856938652932172E-5
4496	1.360626753647383E-4
4497	9.091922739403927E-5
4498	1.1439353805112254E-4
4499	1.2149980451778484E-4
4500	1.4277671264202856E-4
4501	1.0448233490054202E-4
4502	1.0727963445075985E-4
4503	1.0301299159403481E-4
4504	9.50170347408641E-5
4505	1.1223017039137359E-4
4506	9.052799843885333E-5
4507	7.593904490570968E-5
4508	7.576864420654156E-5
4509	7.2380451318992E-5
4510	8.175964329248197E-5
4511	7.468789580308542E-5
4512	8.384894320744891E-5
4513	8.004605477098416E-5
4514	7.693842443279371E-5
4515	1.3106168825932936E-4
4516	8.649275556019291E-5
4517	8.770314218562808E-5
4518	6.18508218321117E-5
4519	1.3532050973784964E-4
4520	1.2424710886675772E-4
4521	1.756586440834077E-4
4522	9.358444539023987E-5
4523	1.0667616205126785E-4
4524	9.594196799594732E-5
4525	7.526411753565625E-5
4526	1.4724589773122844E-4
4527	1.061180262631782E-4
4528	9.499137981077964E-5
4529	5.926948513722325E-5
4530	6.844746573980737E-5
4531	7.027580498687486E-5
4532	4.5564580994139144E-5
4533	1.0141546219138544E-4
4534	6.862536142119367E-5
4535	7.332530096333942E-5
4536	8.224570845440243E-5
4537	1.058588015304509E-4
4538	1.2497211557151945E-4
4539	6.069607559796662E-5
4540	1.1000341087276354E-4
4541	7.91733631615344E-5
4542	9.899762199943143E-5
4543	9.389963147668319E-5
4544	1.2898535196511507E-4
4545	1.472800528066807E-4
4546	1.4640257558858278E-4
4547	8.120627740848387E-5
4548	9.975773293330906E-5
4549	9.98118048246578E-5
4550	1.5063847166085493E-4
4551	1.1761773387127595E-4
4552	6.292949044875777E-5
4553	1.398593325799127E-4
4554	8.7844196093968E-5
4555	9.690726799366914E-5
4556	7.792921752935715E-5
4557	6.775509002083199E-5
4558	8.998246578201935E-5
4559	1.0348116421611272E-4
4560	5.051340565292597E-5
4561	1.0332492240163388E-4
4562	1.4247523068169204E-4
4563	8.892374995977847E-5
4564	9.732695070272036E-5
4565	8.373311233037221E-5
4566	1.250528421418191E-4
4567	6.79685853742416E-5
4568	1.3003318880162447E-4
4569	7.695595951984361E-5
4570	9.137291816906798E-5
4571	6.403170598635584E-5
4572	1.0695779913437665E-4
4573	1.6617585653363418E-4
4574	1.0917893032289662E-4
4575	9.555367056693062E-5
4576	6.708211183979123E-5
4577	1.1781173654598088E-4
4578	7.786139061976984E-5
4579	1.0038231307967765E-4
4580	6.172825714791009E-5
4581	6.216175031143847E-5
4582	1.1861101376670228E-4
4583	9.731498354192554E-5
4584	1.0934756731117979E-4
4585	7.785929075382572E-5
4586	9.079076684794429E-5
4587	4.9293988949633316E-5
4588	1.466717686844182E-4
4589	8.379711072214731E-5
4590	1.1927708850999578E-4
4591	1.2174216592853991E-4
4592	1.5418311956214026E-4
4593	1.1831913699529017E-4
4594	1.0764061023633775E-4
4595	1.0877764974836165E-4
4596	1.318841667124111E-4
4597	1.0098925046836236E-4
4598	6.240204139550049E-5
4599	8.247661569937298E-5
4600	7.29743358463985E-5
4601	8.726186414667592E-5
4602	1.2066386996638975E-4
4603	8.152470863824597E-5
4604	7.258524030364226E-5
4605	1.1435764316176102E-4
4606	6.172477652437046E-5
4607	7.512264355910927E-5
4608	1.024412310099636E-4
4609	1.1153473052674647E-4
4610	1.2534412412148522E-4
4611	1.0875565946131772E-4
4612	7.819159362952784E-5
4613	1.1590516894621202E-4
4614	5.832236318252506E-5
4615	8.710609978241382E-5
4616	1.6037870122893318E-4
4617	8.539250413794169E-5
4618	1.1287973487519333E-4
4619	1.0677426378010788E-4
4620	1.3288565056125259E-4
4621	1.0781101297383315E-4
4622	1.2004576497942228E-4
4623	9.687257719998384E-5
4624	8.853564641993221E-5
4625	1.3404277371002786E-4
4626	1.1870145433844317E-4
4627	8.387931993518166E-5
4628	1.1535904831771476E-4
4629	1.0245367666879554E-4
4630	9.569242045043936E-5
4631	9.168533294928037E-5
4632	1.0987207359996727E-4
4633	2.2767528329020858E-4
4634	7.764410208143723E-5
4635	5.417675571656001E-5
4636	1.1625164047245111E-4
4637	1.0980931233636804E-4
4638	9.394317264236382E-5
4639	9.068946973705287E-5
4640	1.2157796136135187E-4
4641	1.011324453473299E-4
4642	6.820329758568497E-5
4643	1.3736834747512974E-4
4644	8.375985026681378E-5
4645	1.4484854519112515E-4
4646	1.588599124710405E-4
4647	7.877028066721704E-5
4648	6.100220995945357E-5
4649	1.0434101527088624E-4
4650	8.813306959997782E-5
4651	1.4241788659573483E-4
4652	1.104589545485412E-4
4653	1.267429368305556E-4
4654	1.3016892694204515E-4
4655	1.0207372847439106E-4
4656	4.962362173362054E-5
4657	8.3370005114507E-5
4658	9.072045763241887E-5
4659	9.056097141566297E-5
4660	6.841335301024138E-5
4661	6.669539072655315E-5
4662	4.964625892535036E-5
4663	1.3398612916137346E-4
4664	1.044896345296619E-4
4665	7.991084043054307E-5
4666	9.595700599188531E-5
4667	9.110347072135782E-5
4668	9.297243868038721E-5
4669	8.696947690305132E-5
4670	7.786548633515019E-5
4671	5.721527807130865E-5
4672	7.522815093677938E-5
4673	9.6447925451181E-5
4674	7.400333600762552E-5
4675	6.092226633182126E-5
4676	1.360308068978274E-4
4677	5.227413895043152E-5
4678	9.473955808309706E-5
4679	1.1523404399560771E-4
4680	8.02091749596676E-5
4681	1.1455803370336055E-4
4682	1.0655567224872912E-4
4683	7.700479134142849E-5
4684	9.423612359432912E-5
4685	6.989998480185634E-5
4686	1.254363348280187E-4
4687	1.5621777104282973E-4
4688	9.882817366359435E-5
4689	1.1470179528860477E-4
4690	1.437426959597706E-4
4691	8.745986890704955E-5
4692	5.8232685517023566E-5
4693	1.2342438577592798E-4
4694	7.292799363516144E-5
4695	1.4266480514380046E-4
4696	7.65815449116223E-5
4697	1.604381355048958E-4
4698	9.575374397179776E-5
4699	9.689376217338451E-5
4700	1.8152065682706833E-4
4701	1.0478486753185765E-4
4702	8.784005071678331E-5
4703	1.297731146376928E-4
4704	9.495319853756647E-5
4705	1.1847088212607455E-4
4706	8.417283493705349E-5
4707	1.1673782916176022E-4
4708	9.360704371695052E-5
4709	8.816360485989598E-5
4710	1.0365309224646141E-4
4711	7.192450959001973E-5
4712	9.978607686703819E-5
4713	6.927713939220684E-5
4714	6.557692271562672E-5
4715	8.245801769200231E-5
4716	1.1073843427197375E-4
4717	8.343801602886809E-5
4718	1.335929727800852E-4
4719	7.465982987816599E-5
4720	1.3928494034499582E-4
4721	7.797970949362977E-5
4722	8.072134369940138E-5
4723	2.1435638427532707E-4
4724	1.2111129199301119E-4
4725	1.7432824866778337E-4
4726	7.500239696025339E-5
4727	1.268388084776941E-4
4728	1.0904319329056639E-4
4729	1.5103809609977092E-4
4730	7.968856846970912E-5
4731	6.764731736701739E-5
4732	7.504908905733368E-5
4733	6.731958533646038E-5
4734	9.251636681712788E-5
4735	7.983331310933995E-5
4736	1.0469953851567354E-4
4737	8.118818167681406E-5
4738	9.488435315034888E-5
4739	1.1195182653532622E-4
4740	1.4859280461686537E-4
4741	1.3150283393112696E-4
4742	8.45180420198352E-5
4743	1.0333635355819305E-4
4744	8.518856097791749E-5
4745	6.307839180690792E-5
4746	1.6925963528266938E-4
4747	1.3540635868785735E-4
4748	7.407137544559989E-5
4749	1.5907864471852466E-4
4750	6.099490131735366E-5
4751	1.0926471383341075E-4
4752	1.0573084122977369E-4
4753	1.0109491671444504E-4
4754	9.849475499950434E-5
4755	8.959083183473323E-5
4756	8.987493986235927E-5
4757	1.0223989224198313E-4
4758	8.520318319206562E-5
4759	9.947854459590572E-5
4760	1.0435887108367536E-4
4761	1.0487990014201222E-4
4762	5.580347537083104E-5
4763	1.415118669449974E-4
4764	1.0610609507162947E-4
4765	5.211627178040804E-5
4766	1.3597535427846647E-4
4767	7.869921628417643E-5
4768	7.90503896177603E-5
4769	8.927058244605904E-5
4770	1.3249863728044184E-4
4771	6.809525920176161E-5
4772	1.3143919183880638E-4
4773	1.2093021019936338E-4
4774	1.0873405099641947E-4
4775	5.480321193389126E-5
4776	9.854320094712001E-5
4777	1.2849248101040188E-4
4778	7.099983551196292E-5
4779	1.3816781281015267E-4
4780	9.008743586226027E-5
4781	9.304597943315639E-5
4782	1.1281281811082491E-4
4783	1.0038101009683396E-4
4784	1.2727071280476608E-4
4785	7.714485038664972E-5
4786	1.1395444781155745E-4
4787	1.1871498891559099E-4
4788	8.991875985436948E-5
4789	1.2128409621038074E-4
4790	1.0788538682177912E-4
4791	5.508230843066848E-5
4792	1.0231284123321311E-4
4793	5.2092266340175435E-5
4794	7.457620820221679E-5
4795	1.0005279151513592E-4
4796	9.822470085287697E-5
4797	1.4286376683654589E-4
4798	1.8529141940923529E-4
4799	1.0447031797184702E-4
4800	9.359335495253664E-5
4801	4.4619635755972777E-5
4802	5.5875547448775924E-5
4803	8.695103425076329E-5
4804	9.279498441485315E-5
4805	6.883116669255805E-5
4806	1.1351169781757327E-4
4807	1.1446518559552896E-4
4808	5.704928655503101E-5
4809	8.483942819002996E-5
4810	1.4029218646670414E-4
4811	8.533647419120758E-5
4812	1.2734497287310466E-4
4813	9.407634193012278E-5
4814	1.5101842359593445E-4
4815	1.0960676771822518E-4
4816	1.2254449418634634E-4
4817	8.898338360445527E-5
4818	6.55452405718988E-5
4819	8.814975116106141E-5
4820	1.4596941659919457E-4
4821	1.0313192254724466E-4
4822	6.898420285808327E-5
4823	7.217253537468245E-5
4824	1.02686197934063E-4
4825	1.0053871293674833E-4
4826	1.4203573100275753E-4
4827	1.0335881044285627E-4
4828	1.4383119470301852E-4
4829	1.0869535414570566E-4
4830	1.2226454523714308E-4
4831	9.24163782139197E-5
4832	8.088699613173428E-5
4833	1.722583925762061E-4
4834	1.2015548639240906E-4
4835	1.4183903309454983E-4
4836	9.563793834888842E-5
4837	7.874387648184537E-5
4838	8.446178054882725E-5
4839	3.969503080079113E-5
4840	8.602495639192016E-5
4841	9.137255958300959E-5
4842	9.432466123035176E-5
4843	9.030997652887642E-5
4844	7.46010554023756E-5
4845	1.210329422367722E-4
4846	7.740260098221686E-5
4847	5.3895110787505016E-5
4848	9.766012391166622E-5
4849	9.950276710545176E-5
4850	9.86576527086083E-5
4851	8.59208629692981E-5
4852	8.811924332940895E-5
4853	1.679439017418193E-4
4854	5.169655261706952E-5
4855	5.7774525458869964E-5
4856	1.2777718620544042E-4
4857	9.595180035198078E-5
4858	5.404722255120296E-5
4859	1.1047512687162193E-4
4860	9.930972411148821E-5
4861	8.000936736655048E-5
4862	8.029589435605921E-5
4863	1.0489770629998444E-4
4864	1.2626800042101608E-4
4865	1.445906057838927E-4
4866	1.1113788136668621E-4
4867	1.1114359064712103E-4
4868	7.164647260434346E-5
4869	1.3459832715390373E-4
4870	7.812907222608892E-5
4871	9.013552489982324E-5
4872	1.0953245408801682E-4
4873	1.0621844653791156E-4
4874	8.32013266869088E-5
4875	9.908025580897296E-5
4876	8.925960982471925E-5
4877	7.931611463903295E-5
4878	1.021227696678554E-4
4879	1.9833350924344982E-4
4880	1.0094567780698203E-4
4881	7.759781334706514E-5
4882	8.88212228733475E-5
4883	9.889814581955008E-5
4884	1.4325256201384946E-4
4885	1.0481554675192934E-4
4886	8.250946553520727E-5
4887	8.25773748396743E-5
4888	1.3706755578534404E-4
4889	7.74568672229778E-5
4890	8.609119998575349E-5
4891	1.332515755563545E-4
4892	1.2112330757041818E-4
4893	9.536353176065545E-5
4894	1.3714873690499159E-4
4895	6.366272348876074E-5
4896	1.4383795016428624E-4
4897	9.935062125533831E-5
4898	1.2884676114942466E-4
4899	6.472862587054924E-5
4900	8.226839608435243E-5
4901	1.0028717289125654E-4
4902	8.845432181586586E-5
4903	5.9928346528054196E-5
4904	1.1030992030516669E-4
4905	8.317605974338779E-5
4906	9.952026882607865E-5
4907	7.834150251211952E-5
4908	6.728690113824653E-5
4909	7.509000135207174E-5
4910	5.913845103676931E-5
4911	1.0819516238338808E-4
4912	1.1490050601011645E-4
4913	5.775382778260614E-5
4914	1.5988558497799694E-4
4915	1.6208631970944466E-4
4916	1.1918696144129066E-4
4917	3.80830698247952E-5
4918	3.7601805433536796E-5
4919	7.317661959593411E-5
4920	1.2017672424183185E-4
4921	1.061371755438484E-4
4922	1.1222493339164422E-4
4923	9.587575038367337E-5
4924	1.1643180253346206E-4
4925	7.954563311101356E-5
4926	1.0435270849803737E-4
4927	8.18240191539803E-5
4928	1.346314906451351E-4
4929	1.6098892713935608E-4
4930	1.0412317547029006E-4
4931	1.1463175724375954E-4
4932	1.0407351475140306E-4
4933	9.851152538966665E-5
4934	1.561685630320586E-4
4935	1.2106882157242839E-4
4936	8.566269191833016E-5
4937	8.624010407583889E-5
4938	1.3433565952027546E-4
4939	1.0052080359991273E-4
4940	9.955482958279667E-5
4941	7.74150499406816E-5
4942	6.323780976420417E-5
4943	1.4444570363937758E-4
4944	1.1913455870999785E-4
4945	8.436350153669159E-5
4946	1.196903141161962E-4
4947	8.16674056666726E-5
4948	1.0458783295524308E-4
4949	7.486413584794604E-5
4950	1.506593013307451E-4
4951	1.1735569118849305E-4
4952	5.817220368750031E-5
4953	8.443433641904971E-5
4954	1.1627141778950304E-4
4955	8.269108433392305E-5
4956	1.2651701580442036E-4
4957	1.0088924332516446E-4
4958	8.556992504052066E-5
4959	5.0743162673681815E-5
4960	8.566590736504198E-5
4961	8.629151572437261E-5
4962	1.0604671809192594E-4
4963	8.674933617080278E-5
4964	1.2162237501583377E-4
4965	1.0437581584106719E-4
4966	4.726664067018619E-5
4967	1.4635072118826498E-4
4968	6.57179946561748E-5
4969	9.180595241680901E-5
4970	2.5145635391194202E-5
4971	1.1341035132479506E-4
4972	8.34621477801743E-5
4973	1.1603427902249187E-4
4974	7.922874521632243E-5
4975	6.16886832835767E-5
4976	1.2729902145584135E-4
4977	1.360008391972725E-4
4978	1.4660724862067075E-4
4979	1.0230281888027302E-4
4980	1.1307658141815597E-4
4981	1.0456424139819181E-4
4982	1.2053670052319142E-4
4983	1.1872781226221034E-4
4984	1.4141809055006496E-4
4985	8.063796182593154E-5
4986	1.125544215414247E-4
4987	1.1305823974518677E-4
4988	1.0905895653747795E-4
4989	6.666499851659281E-5
4990	1.3442298364860778E-4
4991	9.884439756807593E-5
4992	1.095157223026653E-4
4993	1.0253564886942872E-4
4994	8.230443376597257E-5
4995	1.2886012284526072E-4
4996	1.7029439253986618E-4
4997	1.1500299210668067E-4
4998	1.284024889607679E-4
4999	6.849188087210767E-5
5000	9.555689066546874E-5
5001	5.9631472918332084E-5
5002	1.3125617741638245E-4
5003	1.3596162114916266E-4
5004	9.17274312673305E-5
5005	1.175852271693478E-4
5006	1.1342603170651558E-4
5007	1.271589799886365E-4
5008	8.152652052486838E-5
5009	5.479585551745611E-5
5010	1.0487624216719701E-4
5011	3.629935122365037E-5
5012	9.792368093703467E-5
5013	1.1717614082476292E-4
5014	8.74964612296345E-5
5015	1.0622349491304947E-4
5016	7.341568531708273E-5
5017	9.543097751607797E-5
5018	1.3299506945966904E-4
5019	8.536650488890244E-5
5020	1.2292738354549915E-4
5021	8.643941497562444E-5
5022	6.91850501600915E-5
5023	9.233314947659318E-5
5024	6.648166037106031E-5
5025	9.890020797361938E-5
5026	1.00785340508005E-4
5027	1.223916877106619E-4
5028	1.120810591330304E-4
5029	1.1645663366287874E-4
5030	9.693112254563419E-5
5031	1.2260560990971715E-4
5032	1.0996267516909028E-4
5033	1.1142495597140861E-4
5034	9.981982536380038E-5
5035	1.3472938191680828E-4
5036	1.501249759415227E-4
5037	1.1050976864835655E-4
5038	8.789074151101353E-5
5039	9.13101239014316E-5
5040	1.3112364068118584E-4
5041	5.723847652594942E-5
5042	1.2262633590471276E-4
5043	1.0838020958774849E-4
5044	1.018257608788027E-4
5045	8.805296216491041E-5
5046	9.551931811261907E-5
5047	4.627281936788586E-5
5048	1.0368573977004362E-4
5049	9.681735616222308E-5
5050	1.1932955837842876E-4
5051	7.468076795293807E-5
5052	1.8535906022062253E-4
5053	1.4062759163001673E-4
5054	8.262965373046147E-5
5055	8.955180049476563E-5
5056	8.232404276105508E-5
5057	4.863741567663229E-5
5058	5.401570423516312E-5
5059	7.898732225666263E-5
5060	8.701536205925178E-5
5061	5.9451006613804824E-5
5062	4.788988374580931E-5
5063	1.0707067344857206E-4
5064	5.771096260518934E-5
5065	9.788237497318294E-5
5066	8.223992625761474E-5
5067	6.211434695757876E-5
5068	5.016896170173367E-5
5069	1.0321437885755727E-4
5070	3.559281579294849E-5
5071	8.756003434200815E-5
5072	8.810718475469452E-5
5073	1.2195771604736655E-4
5074	9.81929650088727E-5
5075	1.0851769807511741E-4
5076	1.6488623536229312E-4
5077	5.8868149867461614E-5
5078	6.410202923809818E-5
5079	7.852903767223516E-5
5080	1.1546511134250826E-4
5081	1.1345369706816395E-4
5082	7.983739895193764E-5
5083	1.1210370351473425E-4
5084	7.509921843359404E-5
5085	1.1616118622897843E-4
5086	3.55574010770298E-5
5087	1.6106299396503553E-4
5088	5.4303767262953386E-5
5089	4.892924526887193E-5
5090	5.261458816795197E-5
5091	9.185228410045304E-5
5092	8.636700281279075E-5
5093	6.93644046387014E-5
5094	2.1121171266638418E-4
5095	7.715605406276115E-5
5096	1.0165113400606293E-4
5097	1.1428541512991137E-4
5098	9.380358898947709E-5
5099	9.962191684872358E-5
5100	5.031018064900919E-5
5101	8.07210961871477E-5
5102	1.5952265987971675E-4
5103	6.373154297495695E-5
5104	7.767229861401436E-5
5105	6.680420480212232E-5
5106	1.375065580386001E-4
5107	7.12220013215134E-5
5108	1.2068785223761562E-4
5109	6.88810511317107E-5
5110	6.369037109772119E-5
5111	5.8416156305911076E-5
5112	1.3727119885416678E-4
5113	9.063524114328742E-5
5114	1.0841179684610221E-4
5115	9.88601285944031E-5
5116	6.998627130049528E-5
5117	2.0476554047240612E-4
5118	1.0319823840380878E-4
5119	8.296598980471947E-5
5120	7.898971622956028E-5
5121	8.335103494286544E-5
5122	7.731094553011214E-5
5123	1.2799393643550983E-4
5124	8.056116959046856E-5
5125	1.549393889890177E-4
5126	8.003307047020457E-5
5127	1.0059670485129312E-4
5128	1.033961041800257E-4
5129	1.2963492417813308E-4
5130	1.3896170956272718E-4
5131	9.17702871082446E-5
5132	7.219240272884717E-5
5133	1.0174428705273691E-4
5134	1.310566220229541E-4
5135	8.959954235970986E-5
5136	1.1722264794710832E-4
5137	1.5999262485783848E-4
5138	1.1265150503922736E-4
5139	1.2479508272598516E-4
5140	1.3099494724987476E-4
5141	1.2552267883460074E-4
5142	5.6976108406538965E-5
5143	7.196489146628125E-5
5144	8.0185664451356E-5
5145	1.7242613549082604E-4
5146	9.302593002181601E-5
5147	7.538018810486606E-5
5148	7.27642681457161E-5
5149	1.0272011210323607E-4
5150	9.386085743913806E-5
5151	4.5596657893267616E-5
5152	7.833180356366575E-5
5153	7.151416787131412E-5
5154	7.915379860586107E-5
5155	1.2508913081292372E-4
5156	1.799509207237999E-4
5157	7.502579502717282E-5
5158	9.869855245664931E-5
5159	1.3129721853858417E-4
5160	7.769868146523903E-5
5161	1.019572872919996E-4
5162	4.845267137450062E-5
5163	1.3168935851973104E-4
5164	1.3206191327656754E-4
5165	8.501787091816009E-5
5166	1.20731472537402E-4
5167	9.457440967385263E-5
5168	1.330496602885463E-4
5169	4.6428300823403415E-5
5170	1.3177862842721273E-4
5171	7.127627404328562E-5
5172	8.176602269800796E-5
5173	1.149377436137613E-4
5174	1.1105812731311512E-4
5175	1.5476133732258418E-4
5176	8.505978250379005E-5
5177	7.45349444568546E-5
5178	8.416174022532957E-5
5179	8.24279196535765E-5
5180	4.931458513554678E-5
5181	7.475091306230628E-5
5182	7.426302981896485E-5
5183	1.0326208126889376E-4
5184	1.3065609168658602E-4
5185	9.867749304267254E-5
5186	1.5152345651968892E-4
5187	1.0712766097842657E-4
5188	1.2926728608729328E-4
5189	1.0356386298282139E-4
5190	1.1888429174273019E-4
5191	9.374075170639904E-5
5192	1.3173374927028363E-4
5193	9.428005768380998E-5
5194	1.1030906007473776E-4
5195	9.337400338140988E-5
5196	4.929478197556486E-5
5197	8.530632452883451E-5
5198	8.685679748350494E-5
5199	6.922169021876275E-5
5200	1.1887530105024853E-4
5201	1.4166780613333646E-4
5202	6.721094564652055E-5
5203	1.2514872432582225E-4
5204	5.301385510868469E-5
5205	1.322780179435997E-4
5206	1.338248819231011E-4
5207	1.5863700353954582E-4
5208	4.860932412779924E-5
5209	5.8441640799794986E-5
5210	8.94341912915233E-5
5211	1.5112285556306832E-4
5212	6.458803019108616E-5
5213	4.2637906797361116E-5
5214	9.923455456813533E-5
5215	9.242578905235783E-5
5216	8.670122211469108E-5
5217	9.811493162409719E-5
5218	9.743798499291389E-5
5219	1.0346608270482769E-4
5220	6.742813124463259E-5
5221	1.2341905219147076E-4
5222	1.1929297601195951E-4
5223	1.472150516702731E-4
5224	6.263261088094566E-5
5225	1.1113357506171092E-4
5226	1.364265889843544E-4
5227	1.2113724937535751E-4
5228	8.837812811784709E-5
5229	4.307857631818361E-5
5230	8.972563525134881E-5
5231	1.2970993755212886E-4
5232	1.2976540159270508E-4
5233	7.352613676367534E-5
5234	8.610998296345224E-5
5235	4.7457137204014964E-5
5236	8.31066216049359E-5
5237	9.52437446575828E-5
5238	9.408089115900264E-5
5239	6.703243461635188E-5
5240	9.968861953445728E-5
5241	7.686352453758257E-5
5242	1.1826641134632864E-4
5243	8.961608099319261E-5
5244	9.04318165981399E-5
5245	8.206270153167139E-5
5246	4.662711155688619E-5
5247	1.1326447363263415E-4
5248	8.151709758498371E-5
5249	1.1742464845058382E-4
5250	7.104685863374688E-5
5251	1.0401577844140018E-4
5252	1.3499627729224962E-4
5253	8.474223150880893E-5
5254	1.7051948072476566E-4
5255	1.4062210486522864E-4
5256	3.4838938889731505E-5
5257	9.200630712695508E-5
5258	1.243711209811312E-4
5259	8.052276949514397E-5
5260	8.181195117985452E-5
5261	1.2065769123363777E-4
5262	8.679677938623422E-5
5263	9.565912521395834E-5
5264	8.66417497957083E-5
5265	1.2957660766896504E-4
5266	9.015746223991399E-5
5267	1.1803837581088194E-4
5268	6.397659103031234E-5
5269	1.5217696932843847E-4
5270	1.4753341959461647E-4
5271	6.047104902363178E-5
5272	9.949774405963805E-5
5273	1.0493825661239906E-4
5274	7.567234243873881E-5
5275	8.555329047870829E-5
5276	1.3448162655991424E-4
5277	1.1076717626995091E-4
5278	9.494413087941884E-5
5279	1.3200929095483492E-4
5280	1.103572904504078E-4
5281	9.990678156975663E-5
5282	1.51400792101155E-4
5283	5.95677688412024E-5
5284	1.2744830415877432E-4
5285	8.492555817984958E-5
5286	8.04684495656299E-5
5287	6.118085566533405E-5
5288	7.831722307226274E-5
5289	6.240012010545484E-5
5290	8.417003379235685E-5
5291	1.0157994731138732E-4
5292	1.0731614483568061E-4
5293	6.135096451183906E-5
5294	6.117473907349259E-5
5295	1.0071693681802757E-4
5296	1.141941261463686E-4
5297	1.073887399678846E-4
5298	7.54392386399495E-5
5299	1.1136669161480823E-4
5300	7.743957840357441E-5
5301	8.569454894815371E-5
5302	7.467480457956699E-5
5303	9.611344777948303E-5
5304	6.088479060405373E-5
5305	4.1114864181740355E-5
5306	1.3718637607879096E-4
5307	9.067147905722298E-5
5308	9.046476577041941E-5
5309	1.2203079906680641E-4
5310	4.661718102538126E-5
5311	6.342244499518603E-5
5312	1.0982517226369544E-4
5313	1.0938563307622803E-4
5314	5.176304485345721E-5
5315	1.11734035804663E-4
5316	1.1328923594763257E-4
5317	9.560275037523016E-5
5318	7.873305698278265E-5
5319	1.1045048442122666E-4
5320	1.1707150038786978E-4
5321	9.943081512383954E-5
5322	1.7837224983987355E-4
5323	9.830106323991701E-5
5324	1.113126700298145E-4
5325	9.138911805719607E-5
5326	1.109879083564296E-4
5327	1.0704917900517018E-4
5328	8.337226816071188E-5
5329	5.451044742250698E-5
5330	1.262885704738484E-4
5331	8.327336241172354E-5
5332	1.0939996711757138E-4
5333	6.999196565604822E-5
5334	6.281308810493202E-5
5335	6.969918414572154E-5
5336	3.7147505061461913E-5
5337	8.142327060581638E-5
5338	1.3874117637082092E-4
5339	1.1999575120615137E-4
5340	1.0311843118370183E-4
5341	7.119642244114332E-5
5342	6.229653513282502E-5
5343	8.75656743011943E-5
5344	9.254833317584913E-5
5345	7.622699658060879E-5
5346	9.366472077812561E-5
5347	9.24990966532377E-5
5348	1.1474671858627656E-4
5349	1.2506207170208844E-4
5350	6.277452993849926E-5
5351	5.639329361910079E-5
5352	1.1689859565510371E-4
5353	1.1316970210265512E-4
5354	6.738275057734283E-5
5355	1.942030574607652E-4
5356	6.970858311279029E-5
5357	9.062273446024482E-5
5358	9.85336609076136E-5
5359	1.1224720142568075E-4
5360	1.0336589972856239E-4
5361	9.778021267152381E-5
5362	1.3253661872347506E-4
5363	8.252755089927744E-5
5364	7.848155343767276E-5
5365	6.584305376743747E-5
5366	9.893029969080603E-5
5367	1.383935354903202E-4
5368	5.9462181771005204E-5
5369	6.308301838203876E-5
5370	1.178207594845894E-4
5371	7.535082121515648E-5
5372	8.040751747273067E-5
5373	8.165853044714999E-5
5374	9.026143045108247E-5
5375	8.61262637101329E-5
5376	7.000919131930022E-5
5377	1.1681414876539318E-4
5378	7.30583260752345E-5
5379	1.0924448987133401E-4
5380	1.3027674782592933E-4
5381	1.2497199304261028E-4
5382	3.964109362020448E-5
5383	7.914955316973332E-5
5384	6.331210903539812E-5
5385	8.193346448034452E-5
5386	8.6213664907563E-5
5387	1.267130146025867E-4
5388	1.3903021016652798E-4
5389	1.097547756249802E-4
5390	8.450385559042684E-5
5391	1.0834383243526275E-4
5392	9.720009555450547E-5
5393	1.0584417973499498E-4
5394	7.827380006983424E-5
5395	7.620106766736242E-5
5396	9.297499542272882E-5
5397	8.325357275788543E-5
5398	5.762106296376184E-5
5399	1.1125787541487633E-4
5400	9.802544148950244E-5
5401	1.1165996004069437E-4
5402	9.66994254552355E-5
5403	8.347975158439706E-5
5404	5.44159837709696E-5
5405	1.6303134604288465E-4
5406	6.26830733094658E-5
5407	7.746009839487322E-5
5408	1.0048366780716591E-4
5409	9.161089595868677E-5
5410	1.083114424903404E-4
5411	3.317997298892908E-5
5412	6.835896821798067E-5
5413	1.2741343145548933E-4
5414	9.950075253406544E-5
5415	1.163454387945722E-4
5416	1.4723540094156552E-4
5417	7.94488089880935E-5
5418	4.098296394571041E-5
5419	9.484179109891599E-5
5420	1.4238848698058592E-4
5421	5.2068233585659235E-5
5422	8.843519054599129E-5
5423	9.477833297485264E-5
5424	9.99200445083954E-5
5425	1.1963019193128989E-4
5426	1.1732736577962421E-4
5427	1.4730120260117481E-4
5428	9.78199196484241E-5
5429	9.837718275815129E-5
5430	8.60179037889112E-5
5431	5.606780455857783E-5
5432	6.417232875730222E-5
5433	1.1024504300201925E-4
5434	5.328962747903027E-5
5435	1.172068503474831E-4
5436	8.988223313252422E-5
5437	1.761850877814669E-4
5438	1.1970543591807305E-4
5439	1.6842093508367606E-4
5440	9.59297229766545E-5
5441	1.062486481769228E-4
5442	8.538674404397366E-5
5443	9.021926712051346E-5
5444	7.098230843661572E-5
5445	8.163034902355209E-5
5446	8.236569499575845E-5
5447	1.0538673632994904E-4
5448	5.3983607102342703E-5
5449	8.303785217974493E-5
5450	8.613436325722508E-5
5451	8.006969502644129E-5
5452	1.5266104513865516E-4
5453	8.035297252830164E-5
5454	1.2734316735303207E-4
5455	5.709834369605371E-5
5456	7.435924292389717E-5
5457	9.469051104820289E-5
5458	1.281162515368884E-4
5459	1.0388197659885894E-4
5460	9.800327826741702E-5
5461	1.0673790724835795E-4
5462	1.2877952635037394E-4
5463	7.598697593102802E-5
5464	9.129627863671296E-5
5465	1.2086132556323386E-4
5466	9.363143073191568E-5
5467	1.0718146417891399E-4
5468	8.957101071695593E-5
5469	8.349161938944451E-5
5470	8.571675797313935E-5
5471	1.0376223419124409E-4
5472	9.923905707116999E-5
5473	1.0176848807453137E-4
5474	1.3466542323159757E-4
5475	1.11484086069763E-4
5476	6.731296950736462E-5
5477	1.5034972988602177E-4
5478	8.8541688359772E-5
5479	1.0865483504758321E-4
5480	1.1644850110500431E-4
5481	1.1557936962994381E-4
5482	5.425425726068698E-5
5483	1.3710413629851222E-4
5484	1.0336341041802314E-4
5485	1.2727087240380777E-4
5486	1.3198961469747294E-4
5487	1.3122902665304757E-4
5488	7.19248206302823E-5
5489	7.458649015574289E-5
5490	9.638319498939146E-5
5491	5.042148080329632E-5
5492	5.320552610181956E-5
5493	8.271945541084569E-5
5494	1.1443535380915519E-4
5495	8.084699766350227E-5
5496	1.0666402078539999E-4
5497	1.4398723328450146E-4
5498	6.44719463521092E-5
5499	6.881823211283594E-5
5500	1.5898011631920028E-4
5501	5.5459874743090197E-5
5502	1.2107605331072863E-4
5503	5.2397895011561513E-5
5504	7.498136376481397E-5
5505	1.0489994957052384E-4
5506	1.6767186493476152E-4
5507	1.1159642605590867E-4
5508	1.0157546291563546E-4
5509	1.0424334168196824E-4
5510	9.165020417115339E-5
5511	1.2115824141762143E-4
5512	1.0699932558737616E-4
5513	8.414802049215614E-5
5514	5.890891846945133E-5
5515	9.768446866690389E-5
5516	1.1961424427491269E-4
5517	9.250758606414964E-5
5518	1.1797266174112537E-4
5519	1.149784735952871E-4
5520	5.988549362770644E-5
5521	5.02906388455734E-5
5522	6.259961094891177E-5
5523	3.926037463930018E-5
5524	1.1801509211291444E-4
5525	8.732645005375582E-5
5526	3.265804376926871E-5
5527	7.4396544624471E-5
5528	1.3138921652690766E-4
5529	9.433472117347231E-5
5530	1.328194803840211E-4
5531	1.3000903272275592E-4
5532	1.5275780044964176E-4
5533	6.529928750260445E-5
5534	9.557561933667738E-5
5535	8.737217159243266E-5
5536	7.278947393473492E-5
5537	6.354557470244457E-5
5538	7.870748878075833E-5
5539	1.134116382735473E-4
5540	1.3895559640699794E-4
5541	9.404848586868588E-5
5542	5.671206617111285E-5
5543	9.488193147831214E-5
5544	1.2962272870269524E-4
5545	1.1273158384639833E-4
5546	1.0088427403448916E-4
5547	1.0345393521347295E-4
5548	6.435108444105794E-5
5549	8.883580653662609E-5
5550	1.1127531544953326E-4
5551	6.184576813264763E-5
5552	2.2230105032765567E-4
5553	1.622526978517599E-4
5554	9.928229030112055E-5
5555	9.946147074014161E-5
5556	1.0476167893113738E-4
5557	8.616743088798502E-5
5558	8.093770118843043E-5
5559	9.606161985655163E-5
5560	1.538742438792595E-4
5561	1.303334827346682E-4
5562	7.496194802576395E-5
5563	6.203156560337894E-5
5564	8.864127513042127E-5
5565	9.305041573594059E-5
5566	6.147429685752907E-5
5567	6.157546112407819E-5
5568	1.5039460266727544E-4
5569	1.544927115390891E-4
5570	7.776931021437728E-5
5571	3.735335441158701E-5
5572	9.276620934859837E-5
5573	1.139296883494283E-4
5574	9.65249429376105E-5
5575	1.0002411063095594E-4
5576	1.065856606209371E-4
5577	1.330716709184281E-4
5578	8.88043850636767E-5
5579	1.3065282282239869E-4
5580	7.746015937464557E-5
5581	1.041768549218261E-4
5582	1.0626286720218817E-4
5583	8.303490795209759E-5
5584	5.483320724267798E-5
5585	1.030222302792942E-4
5586	9.009952175148228E-5
5587	1.1944222068401201E-4
5588	7.937483042972793E-5
5589	1.031022212700632E-4
5590	9.466106751043364E-5
5591	1.3826314591044734E-4
5592	1.0233077522554697E-4
5593	1.0408025405278854E-4
5594	3.163591423141861E-5
5595	9.186673307489941E-5
5596	7.743702692884107E-5
5597	5.7488128046529925E-5
5598	1.2751480600817094E-4
5599	7.141241758010325E-5
5600	6.389648026244975E-5
5601	1.0465234038082929E-4
5602	1.0201117495262751E-4
5603	6.659557847996637E-5
5604	1.0152267736435796E-4
5605	9.263075554072936E-5
5606	6.0163380806949274E-5
5607	6.029790824491932E-5
5608	8.73306302752138E-5
5609	8.899630660017026E-5
5610	1.394751539512683E-4
5611	9.149568248275831E-5
5612	1.3421675463607871E-4
5613	8.227780695773947E-5
5614	1.4722657417129257E-4
5615	6.983501693706751E-5
5616	1.0786601213957166E-4
5617	1.1792351125542686E-4
5618	1.0893265427256723E-4
5619	8.851606896819882E-5
5620	8.064386202276185E-5
5621	1.0134932020032908E-4
5622	1.3683300205519276E-4
5623	1.2244866352944947E-4
5624	9.368933780415958E-5
5625	9.128087599285054E-5
5626	4.5385422051030585E-5
5627	1.6132234888253718E-4
5628	1.1267849508916195E-4
5629	1.130211842475086E-4
5630	1.057334764670255E-4
5631	4.8442806701289476E-5
5632	6.795462567650324E-5
5633	9.536984616716237E-5
5634	4.766767712705975E-5
5635	8.766386152157457E-5
5636	7.979202091241989E-5
5637	8.528734348928996E-5
5638	1.6276785485384108E-4
5639	1.0357055546765951E-4
5640	7.577631096649763E-5
5641	8.372990314328828E-5
5642	8.256433231825762E-5
5643	1.264407668129615E-4
5644	1.0277101088668754E-4
5645	4.050262710450037E-5
5646	1.075059806775509E-4
5647	6.062895025089682E-5
5648	5.529873617246427E-5
5649	4.881762965554458E-5
5650	9.918832446213202E-5
5651	7.845238864261393E-5
5652	8.114514656681788E-5
5653	7.349738907779104E-5
5654	1.410061925891937E-4
5655	4.622186826423662E-5
5656	8.169422814197853E-5
5657	1.749977443491991E-4
5658	5.916599275089405E-5
5659	7.670864766308035E-5
5660	1.4656026574478106E-4
5661	4.560878930472471E-5
5662	9.378655628701908E-5
5663	1.1573659462692533E-4
5664	4.4384541361585105E-5
5665	1.3886701981519228E-4
5666	1.0409353217628327E-4
5667	1.3322254027060227E-4
5668	1.3305442681210385E-4
5669	8.580584985970962E-5
5670	1.511554799237617E-4
5671	6.518877619969476E-5
5672	1.0943049253706448E-4
5673	9.479502898941095E-5
5674	1.0580765668713022E-4
5675	1.5300679791798962E-4
5676	1.1013232788507861E-4
5677	1.1089516116018642E-4
5678	1.445353905010917E-4
5679	4.599703631642165E-5
5680	1.0995996183129329E-4
5681	1.1390588014524744E-4
5682	8.274603919466636E-5
5683	1.2942568627208776E-4
5684	1.1923850348342148E-4
5685	9.361137890819636E-5
5686	9.448512961010542E-5
5687	9.147017789381648E-5
5688	7.902713640456848E-5
5689	7.83447078892594E-5
5690	1.0365256337625388E-4
5691	8.508392959539918E-5
5692	8.04618248680149E-5
5693	1.0626277883236925E-4
5694	9.765029260570173E-5
5695	8.182199109711611E-5
5696	7.961224559119743E-5
5697	5.3837899464042744E-5
5698	6.49679700347814E-5
5699	1.4917315219976855E-4
5700	6.087943328216039E-5
5701	1.0399298249758594E-4
5702	9.123214532137707E-5
5703	9.815712698594142E-5
5704	7.776588811494867E-5
5705	1.526830155583156E-4
5706	9.526518771948186E-5
5707	7.153912463134643E-5
5708	1.079250158157978E-4
5709	7.629536748960973E-5
5710	4.122084510189E-5
5711	1.1173287838104587E-4
5712	1.2499179190574285E-4
5713	1.0798647825640165E-4
5714	7.710697242556938E-5
5715	8.828967480861454E-5
5716	1.0252839820947686E-4
5717	1.7524192715645748E-4
5718	1.0958741267961676E-4
5719	1.1187270512982836E-4
5720	1.083465058296413E-4
5721	1.2624157459060974E-4
5722	1.2154567855862261E-4
5723	6.633464478840071E-5
5724	2.133040537436455E-4
5725	9.059419179597981E-5
5726	1.2498116737593787E-4
5727	8.065577094426651E-5
5728	5.565100678876165E-5
5729	1.1088406736750562E-4
5730	8.279437491269046E-5
5731	9.932476813750773E-5
5732	1.1331741094997122E-4
5733	9.373115798133108E-5
5734	1.0932416508538433E-4
5735	8.937307300092772E-5
5736	9.231179688490086E-5
5737	1.232524543104317E-4
5738	9.599126846348268E-5
5739	6.922859255831898E-5
5740	5.2814817512013406E-5
5741	6.541676204559333E-5
5742	1.1203143930269414E-4
5743	1.137129430054817E-4
5744	8.566365287063853E-5
5745	1.4109685405438852E-4
5746	7.118555019401214E-5
5747	1.0893219842921113E-4
5748	1.1047330188114427E-4
5749	4.984048951381945E-5
5750	1.0385477402520333E-4
5751	1.230972211593452E-4
5752	1.3827418367670427E-4
5753	1.1785474194861778E-4
5754	1.3244088563838872E-4
5755	8.844072991860181E-5
5756	8.46729275332599E-5
5757	1.1990113557231312E-4
5758	1.0368143003885255E-4
5759	6.732495702232874E-5
5760	1.3486201173333484E-4
5761	9.304573041782414E-5
5762	8.229107743050662E-5
5763	1.0914628100169288E-4
5764	1.1584390739608753E-4
5765	3.3275101143771936E-5
5766	9.596002959869982E-5
5767	7.77916855491513E-5
5768	9.730550514434204E-5
5769	1.3825885091768342E-4
5770	1.6160828187852572E-4
5771	1.5619140254491726E-4
5772	8.061480424799384E-5
5773	1.1453348144863055E-4
5774	1.3642781779426005E-4
5775	8.852011838192647E-5
5776	7.134748065089424E-5
5777	1.316402161313318E-4
5778	9.139004448126338E-5
5779	1.196649444511963E-4
5780	6.15231667434354E-5
5781	7.610435260609804E-5
5782	1.0545532006078979E-4
5783	9.496710134380867E-5
5784	8.590888566044437E-5
5785	1.2800121367235632E-4
5786	8.940404901893676E-5
5787	9.206350992296703E-5
5788	1.1742812550599293E-4
5789	5.082937451829982E-5
5790	1.4991077653893098E-4
5791	1.0391598672034743E-4
5792	5.631179740893838E-5
5793	1.2342320926773715E-4
5794	1.103236465741944E-4
5795	7.070158359551428E-5
5796	6.291049440806422E-5
5797	9.348781325899225E-5
5798	6.814519681978397E-5
5799	8.612870069777575E-5
5800	8.027241095990344E-5
5801	9.992073498795726E-5
5802	1.0966240215312111E-4
5803	7.3750398597004E-5
5804	1.310995652153025E-4
5805	1.0332834721596029E-4
5806	1.234997865325016E-4
5807	1.5453877151191728E-4
5808	1.2204494339547346E-4
5809	1.2327608396431664E-4
5810	1.1352522329963946E-4
5811	9.602994451508908E-5
5812	8.38886602420357E-5
5813	9.924335890208783E-5
5814	7.867523584042792E-5
5815	1.003903082165137E-4
5816	9.639723254587854E-5
5817	8.347099286552543E-5
5818	1.4727706075625289E-4
5819	4.4310349807490626E-5
5820	9.623566853211129E-5
5821	1.6613214339166891E-4
5822	8.851497604176656E-5
5823	1.275004131314101E-4
5824	8.564662236402746E-5
5825	9.498582808190791E-5
5826	1.0638263285683107E-4
5827	1.1163274826519655E-4
5828	1.1747343194592608E-4
5829	1.2014910504817065E-4
5830	6.506781339473056E-5
5831	9.985176037591431E-5
5832	6.450818036801351E-5
5833	5.476528380248115E-5
5834	9.957715851721484E-5
5835	8.562443290028892E-5
5836	1.0772220352874492E-4
5837	1.2091506154282183E-4
5838	1.0164341040907776E-4
5839	1.2127041179572516E-4
5840	6.311420607553614E-5
5841	4.000374023119429E-5
5842	9.79036625769949E-5
5843	8.733512363150247E-5
5844	9.852969781512158E-5
5845	1.26279783412184E-4
5846	9.403125390935855E-5
5847	9.017372037857127E-5
5848	7.710081875041794E-5
5849	1.6644069585357546E-4
5850	4.30229374907771E-5
5851	1.0501237537578638E-4
5852	9.31272757283487E-5
5853	8.07766824131699E-5
5854	4.342436935723937E-5
5855	5.656940809694912E-5
5856	9.163215320487142E-5
5857	1.6483553533801622E-4
5858	9.605360748664089E-5
5859	1.000892094478649E-4
5860	1.4163001453614687E-4
5861	7.768889323330936E-5
5862	9.117027916813245E-5
5863	8.977944863236785E-5
5864	1.1933850759115551E-4
5865	9.3689578658936E-5
5866	1.2591366205828196E-4
5867	8.00005767858755E-5
5868	1.3906283151007707E-4
5869	8.960598329492256E-5
5870	4.240921909432645E-5
5871	4.9676661469545896E-5
5872	9.02119279210223E-5
5873	8.348930733396561E-5
5874	1.2841673973974094E-4
5875	5.7913457050831405E-5
5876	8.196431382262647E-5
5877	7.069518596780816E-5
5878	1.3582184378557754E-4
5879	1.1551008519277383E-4
5880	7.902922309971003E-5
5881	9.97466967841938E-5
5882	9.821146309257209E-5
5883	7.058456403051007E-5
5884	9.648744372780568E-5
5885	8.399475111226379E-5
5886	8.806916909528468E-5
5887	1.5074125458239786E-4
5888	1.1646304833168787E-4
5889	4.3802621856002454E-5
5890	1.0229702633487466E-4
5891	1.1595488933936235E-4
5892	1.6357467054656856E-4
5893	6.636406723012071E-5
5894	1.1022738023360547E-4
5895	8.630258702234156E-5
5896	8.010496447822902E-5
5897	1.3743539709442837E-4
5898	1.5433100826570101E-4
5899	9.097684083642375E-5
5900	7.063564141207903E-5
5901	1.1674161401254945E-4
5902	1.8127140340864028E-4
5903	9.985689288299242E-5
5904	9.838498838287686E-5
5905	9.967162086072713E-5
5906	9.28141158269402E-5
5907	1.0120584844105346E-4
5908	1.5439777128184933E-4
5909	1.5744603719441234E-4
5910	7.680914134780122E-5
5911	1.1335342000747014E-4
5912	1.0678609764467628E-4
5913	1.0778654284177091E-4
5914	9.338588261894093E-5
5915	1.2366661234905572E-4
5916	7.822569142133959E-5
5917	9.337661036568372E-5
5918	7.496697638049059E-5
5919	8.844642429589051E-5
5920	1.1206114889855513E-4
5921	1.2366391309391296E-4
5922	1.0297922733038838E-4
5923	1.0659411320659712E-4
5924	9.589016154328921E-5
5925	1.0557302836077014E-4
5926	8.610930881855021E-5
5927	1.1439086082938306E-4
5928	9.484863402000189E-5
5929	1.2891331078543212E-4
5930	8.243552835357113E-5
5931	1.0305839416895988E-4
5932	1.096568615493751E-4
5933	1.0543870248622218E-4
5934	7.745469425082365E-5
5935	6.347069347424436E-5
5936	8.031918214447698E-5
5937	1.2238008310295575E-4
5938	8.201325194747713E-5
5939	1.3442318647058512E-4
5940	1.2630276895126644E-4
5941	1.0352657427424218E-4
5942	1.2493964648677483E-4
5943	1.6930801492109343E-4
5944	1.0924123548587161E-4
5945	8.383755944239359E-5
5946	7.69012115992978E-5
5947	1.1262033776877667E-4
5948	7.085873511785098E-5
5949	1.0970435060830551E-4
5950	1.3474081488599747E-4
5951	1.3169111751252063E-4
5952	9.789294137093519E-5
5953	9.881563712423733E-5
5954	8.588922331523592E-5
5955	1.1782035714899643E-4
5956	9.20389872440361E-5
5957	1.4178832647148223E-4
5958	1.3368183738967732E-4
5959	1.1157626634522846E-4
5960	1.6236933776321902E-4
5961	1.9314565009994806E-5
5962	5.027048273479192E-5
5963	9.144284609731956E-5
5964	7.231385263797898E-5
5965	1.1000413785338634E-4
5966	9.481714923779551E-5
5967	7.787083545960575E-5
5968	8.138936678074513E-5
5969	1.1477167928121029E-4
5970	1.227344221574619E-4
5971	8.322192222666738E-5
5972	8.710733512384948E-5
5973	8.269810980403929E-5
5974	1.1858062409126756E-4
5975	9.046908742378955E-5
5976	9.506317746013934E-5
5977	8.047213053230969E-5
5978	1.1565753177366387E-4
5979	6.494857955250504E-5
5980	1.2243345886349126E-4
5981	1.1682848391506625E-4
5982	1.3345309281083759E-4
5983	9.755271119067373E-5
5984	5.723574033083021E-5
5985	1.1503722440800039E-4
5986	7.5751067528659E-5
5987	9.841464422703702E-5
5988	8.932126948192575E-5
5989	6.072890712141564E-5
5990	1.6704958874298043E-4
5991	1.3954179424181912E-4
5992	8.086734070888879E-5
5993	8.256325646992539E-5
5994	8.800908470741714E-5
5995	1.164881753375281E-4
5996	1.6305177235694226E-4
5997	1.068606064578092E-4
5998	9.084135854015276E-5
5999	9.545257059446211E-5
6000	1.2171486283165657E-4
6001	5.995405942693473E-5
6002	7.767093062683187E-5
6003	8.341028838103935E-5
6004	1.2260964490454576E-4
6005	1.3622984779406642E-4
6006	8.932159854740398E-5
6007	1.3435348859176173E-4
6008	7.867663100045165E-5
6009	8.128240425355268E-5
6010	8.505224376266909E-5
6011	9.19028170433125E-5
6012	6.781285116690938E-5
6013	1.1515737375280085E-4
6014	1.1261290139513034E-4
6015	9.481068165819894E-5
6016	5.897718100356184E-5
6017	1.609181686356842E-4
6018	1.0577642169984368E-4
6019	1.0528502213908232E-4
6020	1.569319008803981E-4
6021	6.486508590422037E-5
6022	8.98184953531768E-5
6023	8.536176748502445E-5
6024	9.902472832600964E-5
6025	1.1336192955636267E-4
6026	7.103084064156335E-5
6027	1.0066127270159048E-4
6028	8.072345661431502E-5
6029	9.085406568066283E-5
6030	1.1175571818915449E-4
6031	7.204192255042254E-5
6032	1.1093872506033485E-4
6033	9.306726214030601E-5
6034	1.2888631957036378E-4
6035	9.69714759570038E-5
6036	8.773466529281786E-5
6037	1.0574744744475548E-4
6038	1.140064128559022E-4
6039	1.0803552877583908E-4
6040	6.238665169305757E-5
6041	1.1923107909999981E-4
6042	6.861340279777223E-5
6043	9.159305585455875E-5
6044	1.0838004713488256E-4
6045	7.13446561368164E-5
6046	9.416551092334278E-5
6047	1.174802197568046E-4
6048	8.903508813114705E-5
6049	1.5730739652891482E-4
6050	1.1636159209119083E-4
6051	1.4613993925576823E-4
6052	4.325180504956226E-5
6053	9.3381572962737E-5
6054	1.0710715376636553E-4
6055	1.083322856138127E-4
6056	1.0348901698628607E-4
6057	6.71243725001274E-5
6058	1.3410205345791218E-4
6059	9.373020778948195E-5
6060	7.695811364566203E-5
6061	1.087014506166452E-4
6062	1.4742420234324004E-4
6063	1.0405053119183414E-4
6064	5.75953262683032E-5
6065	1.1424637150270149E-4
6066	8.654309014845973E-5
6067	1.2908733973971735E-4
6068	5.486241858940869E-5
6069	8.911035321150191E-5
6070	1.2644460567396795E-4
6071	1.3547500583485205E-4
6072	1.0294608075357345E-4
6073	1.1793388089905242E-4
6074	7.452010651520209E-5
6075	1.0433388398587362E-4
6076	8.907166276045906E-5
6077	1.3150255353534658E-4
6078	7.499876114005702E-5
6079	1.0032215049503816E-4
6080	1.1759147900135169E-4
6081	6.960836913755585E-5
6082	1.0168068064368467E-4
6083	7.640631771427365E-5
6084	6.658881291654194E-5
6085	7.625155810935232E-5
6086	1.1426043377651657E-4
6087	9.703024300706956E-5
6088	8.099922447022087E-5
6089	1.0751991573557734E-4
6090	7.490987332712147E-5
6091	1.0266731928868657E-4
6092	1.602025942001167E-4
6093	1.0995229975577911E-4
6094	9.938616900836301E-5
6095	9.635012274542186E-5
6096	1.1990789421251159E-4
6097	1.3527933344382456E-4
6098	1.3160433575694315E-4
6099	7.471542636310005E-5
6100	8.143812875216654E-5
6101	1.2468934551307156E-4
6102	6.865480274925923E-5
6103	1.2149821461364625E-4
6104	1.0586896625996539E-4
6105	9.116862159837641E-5
6106	1.1864470755275567E-4
6107	3.953286136278427E-5
6108	9.390152626741323E-5
6109	6.896703218316858E-5
6110	6.88739537477648E-5
6111	9.077396713321647E-5
6112	1.313478368333013E-4
6113	1.2505568623301377E-4
6114	1.3740031227230958E-4
6115	5.8472700098405665E-5
6116	9.48901693484389E-5
6117	9.228525179891313E-5
6118	1.076301742626778E-4
6119	6.567126022014749E-5
6120	8.992566496996308E-5
6121	7.051869410044634E-5
6122	1.6396137609602638E-4
6123	8.525148909699064E-5
6124	8.699722009625052E-5
6125	9.40696344041214E-5
6126	1.2623179673584094E-4
6127	1.589750311054356E-4
6128	7.364793312718828E-5
6129	5.187699019903126E-5
6130	9.325890326628068E-5
6131	6.0689254716741204E-5
6132	1.0901733975420241E-4
6133	8.647291199076236E-5
6134	7.115741800333599E-5
6135	1.0168274629533993E-4
6136	1.4835865041292558E-4
6137	7.426789982586631E-5
6138	7.463785585929335E-5
6139	2.028018296235159E-4
6140	8.22933137381395E-5
6141	8.086135896701724E-5
6142	8.874299643189069E-5
6143	8.957500560161041E-5
6144	1.1444223875781357E-4
6145	1.1460684070305393E-4
6146	7.57634928450877E-5
6147	8.821476125272961E-5
6148	1.5057673982623508E-4
6149	7.448444192776489E-5
6150	7.563590939959486E-5
6151	1.1241758320262898E-4
6152	1.4305854226360606E-4
6153	1.3614655190202172E-4
6154	1.1653567344647321E-4
6155	1.167154839445826E-4
6156	1.021634939734685E-4
6157	9.512752062000717E-5
6158	4.787382462437526E-5
6159	7.844468813317296E-5
6160	1.45343975553684E-4
6161	7.850598890189948E-5
6162	9.798682754641698E-5
6163	1.0480312955481667E-4
6164	6.606364074797747E-5
6165	7.479066363943386E-5
6166	7.618346161317866E-5
6167	9.425021586826668E-5
6168	1.213770061624096E-4
6169	1.161723333854878E-4
6170	1.2076700264570705E-4
6171	1.0133794701811834E-4
6172	9.984082370434813E-5
6173	9.952491293973263E-5
6174	1.0577301538615203E-4
6175	1.135232372001519E-4
6176	8.618764093784863E-5
6177	7.850129204620705E-5
6178	1.1196868339261766E-4
6179	1.261832475652133E-4
6180	1.414864121303624E-4
6181	1.3752557389599024E-4
6182	9.906238765967272E-5
6183	1.4268705233633637E-4
6184	1.1715163412911082E-4
6185	1.0541770536812321E-4
6186	1.2770059291784773E-4
6187	9.362889672745357E-5
6188	1.5215081689238995E-4
6189	1.701542003538202E-4
6190	1.2379774525948762E-4
6191	9.1706814908107E-5
6192	1.2532619833335556E-4
6193	8.334767001869627E-5
6194	8.93433365942622E-5
6195	1.4813945567516114E-4
6196	1.4398025752720446E-4
6197	8.947876994779898E-5
6198	8.697761498044654E-5
6199	6.50044124609386E-5
6200	1.1458208206786784E-4
6201	8.697066612987395E-5
6202	1.2678632548036823E-4
6203	7.680595277624595E-5
6204	1.1816212365111236E-4
6205	1.0522291515544847E-4
6206	1.2651772866451057E-4
6207	8.764239776023869E-5
6208	1.572376696242693E-4
6209	1.1840137937609561E-4
6210	6.617232627561238E-5
6211	6.885872484655765E-5
6212	1.0386316087556155E-4
6213	7.470955403963304E-5
6214	1.3494762549515421E-4
6215	1.1284302434443482E-4
6216	8.977087379670042E-5
6217	8.512251415884956E-5
6218	1.0008079987561707E-4
6219	1.0434320522098815E-4
6220	1.3480544500407425E-4
6221	1.0109072495620495E-4
6222	7.421515134557121E-5
6223	5.987413250188726E-5
6224	1.0126506685904639E-4
6225	7.124628432225473E-5
6226	1.6719193352218058E-4
6227	8.040334611894193E-5
6228	8.69290210867163E-5
6229	1.491553423255769E-4
6230	8.344876397924253E-5
6231	9.913683452379163E-5
6232	1.003578514542363E-4
6233	8.483756448811038E-5
6234	7.473690330692244E-5
6235	1.0024094422523808E-4
6236	7.923039961682729E-5
6237	1.3248748201520697E-4
6238	8.677205448485288E-5
6239	8.17176247717293E-5
6240	4.133682609686445E-5
6241	1.378641237164912E-4
6242	1.1517395630310276E-4
6243	8.594543221590013E-5
6244	7.209800918038857E-5
6245	6.447101607113317E-5
6246	1.2280197326102038E-4
6247	6.639708448055782E-5
6248	1.192868427656893E-4
6249	1.3931432391345183E-4
6250	1.3939115524642218E-4
6251	1.3532017174409773E-4
6252	1.622824836677737E-4
6253	2.1795351816119988E-4
6254	8.282580679696107E-5
6255	8.847229532761261E-5
6256	7.647208427810208E-5
6257	7.966814874708321E-5
6258	1.294940230154239E-4
6259	1.6465527912472267E-4
6260	1.2696180406434108E-4
6261	7.913885873975765E-5
6262	7.843644546268488E-5
6263	2.0164245639343355E-4
6264	1.4182339236668142E-4
6265	7.465687454499188E-5
6266	9.78179398919947E-5
6267	7.2417371726196E-5
6268	8.223275445379231E-5
6269	1.2406676473781348E-4
6270	9.01686744556162E-5
6271	5.638774016147584E-5
6272	7.947795843742285E-5
6273	7.717484516142033E-5
6274	7.725599202189823E-5
6275	7.857275839600894E-5
6276	9.082581424327903E-5
6277	1.313610075401175E-4
6278	7.238788914198424E-5
6279	1.2049274403387746E-4
6280	9.344675881596158E-5
6281	6.758687624816036E-5
6282	1.143137402501527E-4
6283	7.760985387548736E-5
6284	1.0516220666710381E-4
6285	1.1203472837016894E-4
6286	1.3168235354397482E-4
6287	9.0185361099093E-5
6288	5.889163310445537E-5
6289	9.988904448201374E-5
6290	8.047274117496104E-5
6291	8.563954718049153E-5
6292	1.7047290687645896E-4
6293	1.3617519431806125E-4
6294	1.6191062643400268E-4
6295	1.0440358324147918E-4
6296	7.033018113362684E-5
6297	1.1758259377830625E-4
6298	1.2236288133025402E-4
6299	1.1711292600455555E-4
6300	9.028548177576413E-5
6301	1.0629339269037044E-4
6302	9.757410297923236E-5
6303	1.0824946046677228E-4
6304	1.538038167498495E-4
6305	9.038858998286899E-5
6306	7.245685285503497E-5
6307	1.402679838871124E-4
6308	6.934263909889256E-5
6309	1.4290710774848622E-4
6310	9.398165448716604E-5
6311	1.5259434542776865E-4
6312	1.1757643280310835E-4
6313	6.100787132907436E-5
6314	8.08861246747599E-5
6315	5.872706621063733E-5
6316	9.861210821207813E-5
6317	5.454364093487227E-5
6318	9.146522611929699E-5
6319	7.414250172915748E-5
6320	1.356691973202281E-4
6321	1.6721698620375959E-4
6322	1.1671971024643124E-4
6323	1.316720341556184E-4
6324	1.2682194365558778E-4
6325	1.1768381410333689E-4
6326	3.9496776102797726E-5
6327	1.4599361655480783E-4
6328	7.779500962052109E-5
6329	8.240885028163537E-5
6330	9.638638372763514E-5
6331	1.0296301424892777E-4
6332	9.944248974533963E-5
6333	8.652235132906713E-5
6334	7.447073419023455E-5
6335	1.123879364028807E-4
6336	5.9656374882734447E-5
6337	8.703643806550047E-5
6338	7.609869186562271E-5
6339	6.797828048772746E-5
6340	8.117623826095317E-5
6341	1.145040496130436E-4
6342	6.336596918260033E-5
6343	8.914664924198438E-5
6344	9.271025191491068E-5
6345	1.0448279990884895E-4
6346	1.0358714787604775E-4
6347	1.562766625087888E-4
6348	9.252077172527128E-5
6349	1.0304289663661701E-4
6350	9.429299628706302E-5
6351	9.413728590674507E-5
6352	7.145389622437336E-5
6353	1.1593606911608137E-4
6354	1.1100246784045483E-4
6355	8.46271000164362E-5
6356	1.2142521975357239E-4
6357	8.999965439292153E-5
6358	1.3059510481092424E-4
6359	8.31672721366165E-5
6360	1.292611540378088E-4
6361	1.3141503045939793E-4
6362	1.2551376518007154E-4
6363	5.590470135572181E-5
6364	7.431056734692497E-5
6365	1.4933031203523037E-4
6366	7.500376855280899E-5
6367	9.565448113173251E-5
6368	1.3369463693057367E-4
6369	1.1874748457921563E-4
6370	6.45469602145943E-5
6371	1.1232533935293663E-4
6372	1.2297146304350446E-4
6373	1.0463497099069802E-4
6374	9.882315594117829E-5
6375	7.029076860558106E-5
6376	7.823410169599655E-5
6377	7.494188503052014E-5
6378	9.270314600389978E-5
6379	8.805549534800066E-5
6380	1.0431940129116946E-4
6381	8.097675667106934E-5
6382	3.933492587955804E-5
6383	1.8321366193900623E-4
6384	9.065372151867295E-5
6385	8.578521264455116E-5
6386	1.165627202929616E-4
6387	1.125568623391864E-4
6388	9.397968268612123E-5
6389	9.115831062217952E-5
6390	7.162553431838087E-5
6391	9.545730116919152E-5
6392	1.003546174920961E-4
6393	1.807073861648737E-4
6394	9.011375297075325E-5
6395	1.6727327203134657E-4
6396	1.1886654832094939E-4
6397	5.8005401645848366E-5
6398	9.732713567638373E-5
6399	1.1798739383315772E-4
6400	1.3162098009678532E-4
6401	1.240593724120285E-4
6402	1.2504236875251037E-4
6403	1.1663926612568362E-4
6404	1.1757006590347688E-4
6405	1.1327077104435837E-4
6406	1.1391086778829023E-4
6407	1.3817526797184403E-4
6408	4.556148020865929E-5
6409	1.2295019816540315E-4
6410	1.277870191452686E-4
6411	1.2141467879754485E-4
6412	1.2728218774433738E-4
6413	8.836044323796422E-5
6414	8.199496401056921E-5
6415	6.596784489623596E-5
6416	7.044504398626107E-5
6417	9.74794720401348E-5
6418	7.821162674813358E-5
6419	7.047785254603515E-5
6420	9.717377282899686E-5
6421	1.7204651917507443E-4
6422	6.438225915918632E-5
6423	1.4714887115461567E-4
6424	8.771622281629799E-5
6425	1.5480139932349502E-4
6426	1.3598559651873166E-4
6427	1.3464717174652285E-4
6428	8.893323160200855E-5
6429	9.601196624888273E-5
6430	1.1743312385236296E-4
6431	1.2356972401541955E-4
6432	1.073303712391421E-4
6433	9.947886196159196E-5
6434	1.4948965845004475E-4
6435	1.1486381162051736E-4
6436	1.0267507625678744E-4
6437	1.6419906818247832E-4
6438	1.414967477165792E-4
6439	1.2547712781017356E-4
6440	6.731967081561219E-5
6441	1.1232971841069073E-4
6442	9.517781395562865E-5
6443	1.57051517846835E-4
6444	1.2096312079273942E-4
6445	1.0203713193587906E-4
6446	1.1637891714920256E-4
6447	5.886126727979138E-5
6448	7.502118125650792E-5
6449	9.900174797740385E-5
6450	5.680011798565445E-5
6451	1.3534538866295174E-4
6452	1.1843432252188664E-4
6453	8.2712634627747E-5
6454	1.5181249544298796E-4
6455	1.0593926907797091E-4
6456	9.280477097725461E-5
6457	8.396708796902783E-5
6458	1.0646373684961965E-4
6459	1.0476797359859856E-4
6460	1.0007440688082991E-4
6461	1.1724755159984636E-4
6462	9.041215071905967E-5
6463	5.6876776727933466E-5
6464	1.4809726789937833E-4
6465	8.783864262481253E-5
6466	4.1552007147692456E-5
6467	6.227504252150159E-5
6468	1.1704612459145565E-4
6469	8.476388660608408E-5
6470	1.0778285599641135E-4
6471	9.180200367426163E-5
6472	1.0815704200322338E-4
6473	1.3171569491711625E-4
6474	1.1461523069332498E-4
6475	9.387781836735947E-5
6476	1.0122985757439572E-4
6477	5.0043197517162716E-5
6478	8.78081202149851E-5
6479	1.0157522730140037E-4
6480	6.722866180668324E-5
6481	9.684950133254126E-5
6482	1.0140601138249469E-4
6483	1.4592315160020478E-4
6484	6.128657882300851E-5
6485	9.595766666147189E-5
6486	1.2216641779967983E-4
6487	7.77902597403416E-5
6488	1.45840206101026E-4
6489	1.1209158093877089E-4
6490	1.3375991936878534E-4
6491	9.970353596799167E-5
6492	7.74396516417655E-5
6493	2.3810102237836587E-4
6494	4.361235921764546E-5
6495	1.0105276772935763E-4
6496	8.559565868588642E-5
6497	8.5902202557234E-5
6498	1.0801831307274773E-4
6499	1.097459237347386E-4
6500	6.583028073102443E-5
6501	1.1090845959772269E-4
6502	6.00368892033649E-5
6503	1.184919703130048E-4
6504	1.1243599986508819E-4
6505	1.2269045328855503E-4
6506	7.676951317214826E-5
6507	1.055983102458447E-4
6508	1.134992114068654E-4
6509	1.0728477209865533E-4
6510	1.1560530625183433E-4
6511	8.042126336286696E-5
6512	8.597550095464784E-5
6513	7.398444997834724E-5
6514	7.609943844328917E-5
6515	1.1863438826432479E-4
6516	6.47973694488393E-5
6517	8.645078131264144E-5
6518	1.0179997531299049E-4
6519	1.0719783338982661E-4
6520	5.911077618628426E-5
6521	1.164382732955813E-4
6522	9.825049550783915E-5
6523	1.1830879762952214E-4
6524	7.880712525722017E-5
6525	1.139818193898422E-4
6526	6.960007872242799E-5
6527	1.2738566771096303E-4
6528	5.7065877648729316E-5
6529	7.613679701657227E-5
6530	7.377734491946179E-5
6531	8.103401064611571E-5
6532	6.589362134255435E-5
6533	6.684669761514182E-5
6534	1.3313249751671568E-4
6535	1.1288774217518964E-4
6536	1.104934245101928E-4
6537	6.90313650275634E-5
6538	1.097144177048676E-4
6539	6.314456100868001E-5
6540	1.156443515553736E-4
6541	1.0544314139656061E-4
6542	1.4607780861376684E-4
6543	5.445701133281793E-5
6544	1.1805099654672553E-4
6545	9.715153480597815E-5
6546	1.2360317256565872E-4
6547	1.2414034853907763E-4
6548	1.3684562843418798E-4
6549	6.116804402548624E-5
6550	8.12447399651372E-5
6551	9.181475703162848E-5
6552	6.220139509858948E-5
6553	7.057541563719622E-5
6554	9.429963584873082E-5
6555	8.458688386620526E-5
6556	1.2524383375682634E-4
6557	9.850003016506842E-5
6558	1.4083642206008694E-4
6559	7.307010678996935E-5
6560	7.011937554295628E-5
6561	6.464726445257497E-5
6562	9.008055134439733E-5
6563	1.0797743110963127E-4
6564	7.59848746855121E-5
6565	2.1287046475217644E-5
6566	1.1175257580114565E-4
6567	8.001081319243012E-5
6568	7.91589851719913E-5
6569	9.829053801181263E-5
6570	1.1033764080581755E-4
6571	9.11374848267484E-5
6572	9.786851728660636E-5
6573	1.2799554613008516E-4
6574	1.0494260876904288E-4
6575	1.1267164710670812E-4
6576	7.44309948196967E-5
6577	1.1349643431909273E-4
6578	7.051677970703222E-5
6579	1.251196062307556E-4
6580	1.0216529633531446E-4
6581	1.1936524337878851E-4
6582	8.139293256495258E-5
6583	1.2172306399226719E-4
6584	9.611070266969457E-5
6585	9.093332803202112E-5
6586	1.0362795275618172E-4
6587	1.3615058585833036E-4
6588	1.251230727532755E-4
6589	9.934971614054029E-5
6590	9.369163502398375E-5
6591	1.1328889517143594E-4
6592	1.1455989276063415E-4
6593	4.738963567985583E-5
6594	1.1638463434044019E-4
6595	1.0925372985100295E-4
6596	1.0132384473143235E-4
6597	8.155310660092997E-5
6598	1.0919524896754074E-4
6599	1.2077675881420788E-4
6600	9.272109037891519E-5
6601	8.989508726918521E-5
6602	7.254510086008973E-5
6603	7.791436776693152E-5
6604	8.445488983664105E-5
6605	1.0766902601827292E-4
6606	6.404047069942952E-5
6607	5.642685974746519E-5
6608	1.0419423591860502E-4
6609	9.396559704155278E-5
6610	9.979136374970525E-5
6611	1.0480120825243444E-4
6612	1.3822762116558914E-4
6613	1.2446431806071797E-4
6614	9.299972553936562E-5
6615	9.565399681265926E-5
6616	1.1502033724757608E-4
6617	7.952989049631195E-5
6618	1.255395636722097E-4
6619	7.657969077135404E-5
6620	2.0753666007030703E-4
6621	1.0981100552645453E-4
6622	9.535620666251752E-5
6623	1.1945494015679122E-4
6624	7.068342032410775E-5
6625	1.2210514630006986E-4
6626	6.022461788778054E-5
6627	7.031545599961675E-5
6628	1.0985409481182935E-4
6629	6.868431422764027E-5
6630	1.090817835589627E-4
6631	1.5724259507727298E-4
6632	3.795160065454199E-5
6633	9.945359772845241E-5
6634	5.802106040630634E-5
6635	1.0981041303393309E-4
6636	1.6023145069461045E-4
6637	6.127514588249631E-5
6638	1.233244600970793E-4
6639	8.492491986292658E-5
6640	9.000820312551788E-5
6641	8.337962996552533E-5
6642	1.3772553911689368E-4
6643	1.4620694648270448E-4
6644	6.245487317547506E-5
6645	6.942908342736982E-5
6646	8.498860528171728E-5
6647	1.2229048172471556E-4
6648	1.290667810803987E-4
6649	8.308825334856469E-5
6650	1.0455806120382326E-4
6651	5.791578087846741E-5
6652	1.364162742607543E-4
6653	7.990826936022197E-5
6654	6.301887862994427E-5
6655	1.0565221411192536E-4
6656	7.631897601898027E-5
6657	1.0860656034622303E-4
6658	7.952121476493626E-5
6659	6.586642543658118E-5
6660	1.1668447203867297E-4
6661	1.1594535793164803E-4
6662	6.115264095314691E-5
6663	1.4138612492382797E-4
6664	1.2723353362927245E-4
6665	5.8953482496623645E-5
6666	6.25929162899864E-5
6667	7.353627470171267E-5
6668	1.068829114824206E-4
6669	1.2271217858422588E-4
6670	8.702115438123134E-5
6671	1.1434184401669976E-4
6672	7.964047037348383E-5
6673	5.373749348362791E-5
6674	1.026615789106353E-4
6675	1.020882556640285E-4
6676	1.1594297561401368E-4
6677	1.23909283990113E-4
6678	1.505240418459535E-4
6679	8.323065421071568E-5
6680	1.5844435604964828E-4
6681	6.76716595584804E-5
6682	8.206239500722783E-5
6683	8.103111432018268E-5
6684	7.074083086476061E-5
6685	9.624329392491416E-5
6686	7.231307285658381E-5
6687	1.106157715535874E-4
6688	1.9890635716329506E-4
6689	1.1548179802218776E-4
6690	1.3786464253786064E-4
6691	5.550636130970647E-5
6692	9.896507764390446E-5
6693	1.2084045920994632E-4
6694	1.6014406159694063E-4
6695	1.5183801483219358E-4
6696	4.080841697409435E-5
6697	1.7063995140383236E-4
6698	1.267524494297203E-4
6699	6.0934178004668835E-5
6700	9.09989838011336E-5
6701	8.262547519733443E-5
6702	8.431562697319388E-5
6703	1.1632474959295385E-4
6704	1.0794572614617114E-4
6705	1.1047766357714166E-4
6706	9.774332332330485E-5
6707	1.3692826716721142E-4
6708	7.749591805789032E-5
6709	8.010197962575067E-5
6710	1.1841356859670876E-4
6711	8.616270495585036E-5
6712	1.1267454563272506E-4
6713	8.075530091732796E-5
6714	9.883632473289413E-5
6715	1.1566374403458541E-4
6716	8.861878778283622E-5
6717	1.0466350074834543E-4
6718	1.7268517045157444E-4
6719	9.476504358251044E-5
6720	1.1869820807670773E-4
6721	1.1654733079932307E-4
6722	1.272158625563018E-4
6723	1.7289041690682417E-4
6724	1.6897444865429068E-4
6725	8.835287653368432E-5
6726	6.984140688534105E-5
6727	8.540952523767141E-5
6728	7.818281192894936E-5
6729	7.703404243281798E-5
6730	8.710565598359335E-5
6731	1.7633233568714886E-4
6732	1.2911229099164058E-4
6733	1.3318477158206875E-4
6734	1.5270374703122718E-4
6735	7.621823962886084E-5
6736	6.684039883701073E-5
6737	9.702471550492515E-5
6738	1.0803040453027001E-4
6739	1.6392954242227089E-4
6740	8.763555590323787E-5
6741	8.771664100395582E-5
6742	1.0329896506029655E-4
6743	9.273981505116493E-5
6744	1.2278244214584095E-4
6745	1.1617353609641845E-4
6746	1.1933018493065766E-4
6747	1.0878429547831734E-4
6748	1.0572448748871917E-4
6749	7.314449216000785E-5
6750	9.598566876821947E-5
6751	6.959392138410243E-5
6752	1.464289382534657E-4
6753	1.1021004875414633E-4
6754	2.0936978369179133E-5
6755	5.697621021117679E-5
6756	6.624010047263377E-5
6757	1.5179501309283222E-4
6758	7.563775015667966E-5
6759	7.385377527267299E-5
6760	1.1833513190642568E-4
6761	1.027131318571003E-4
6762	6.892008717077731E-5
6763	6.71389404738643E-5
6764	1.0773665904766383E-4
6765	1.2224466353344494E-4
6766	8.990285018397302E-5
6767	6.979265232825662E-5
6768	9.932395662612047E-5
6769	8.564943031541617E-5
6770	1.1157695588859307E-4
6771	1.3343521938978303E-4
6772	1.0595517515099222E-4
6773	1.1297355882589051E-4
6774	1.0438419947300632E-4
6775	6.675950674811693E-5
6776	9.056303270007149E-5
6777	9.318281265249439E-5
6778	5.7662953217783024E-5
6779	1.0022607874931039E-4
6780	6.555095428275638E-5
6781	1.6360882099000402E-4
6782	7.479759739885064E-5
6783	8.808012760023296E-5
6784	6.92639270818608E-5
6785	2.8996620890769752E-5
6786	8.192094726936324E-5
6787	1.409560487477075E-4
6788	9.650740493089258E-5
6789	1.303399946428451E-4
6790	8.635579160471478E-5
6791	1.2714159085166766E-4
6792	5.0307220162254216E-5
6793	1.292720045007235E-4
6794	1.0186134036225489E-4
6795	7.21532235089865E-5
6796	6.511917542165287E-5
6797	1.2327574411583354E-4
6798	9.86525282149217E-5
6799	1.3576001280942514E-4
6800	1.2963462149506543E-4
6801	4.108282397313761E-5
6802	1.0163897173095626E-4
6803	6.51052661998017E-5
6804	9.904798198481772E-5
6805	8.736760376179425E-5
6806	8.176685062562728E-5
6807	1.097370502954261E-4
6808	6.824929396326094E-5
6809	7.857320936080793E-5
6810	1.6590378656876418E-4
6811	1.1026230641563846E-4
6812	5.875914327033692E-5
6813	1.1450574339513115E-4
6814	9.477172355512653E-5
6815	1.3838997402460727E-4
6816	6.410348621065699E-5
6817	1.050984936363805E-4
6818	9.120281413791102E-5
6819	9.515098625667574E-5
6820	1.3130250287837013E-4
6821	8.391753236326293E-5
6822	1.351196165466196E-4
6823	5.911299558826786E-5
6824	9.920514490113835E-5
6825	1.838281298867265E-4
6826	1.5957777600585348E-4
6827	4.940929052613054E-5
6828	8.078932939583021E-5
6829	1.1895947111641554E-4
6830	6.972973036367886E-5
6831	9.463613401079348E-5
6832	1.235461939446233E-4
6833	1.115843114127974E-4
6834	1.3566741526387037E-4
6835	1.0146033326683083E-4
6836	1.0036579927958646E-4
6837	4.605164635833102E-5
6838	7.509014677692175E-5
6839	8.180111770929687E-5
6840	8.02236358479014E-5
6841	9.531917978449889E-5
6842	8.47530292618846E-5
6843	8.238293257562711E-5
6844	8.091393619155229E-5
6845	8.527133125793005E-5
6846	9.180452639515284E-5
6847	1.0075304260767898E-4
6848	1.2031805958622263E-4
6849	8.459427392982228E-5
6850	8.72766466685977E-5
6851	1.0453604385537477E-4
6852	9.691933997107512E-5
6853	7.932179741992238E-5
6854	1.1195165512936921E-4
6855	7.17546415136881E-5
6856	1.0688094950873327E-4
6857	7.250618074923046E-5
6858	1.4726094668828164E-4
6859	8.96201585347625E-5
6860	1.1241188589858666E-4
6861	1.0225939422546851E-4
6862	9.871002713588208E-5
6863	8.652128365864617E-5
6864	1.1060780385488188E-4
6865	1.3585926353864043E-4
6866	1.0574866733483227E-4
6867	8.821852227292901E-5
6868	1.1699090687045124E-4
6869	4.872126652973259E-5
6870	8.433048611826255E-5
6871	9.985044061792591E-5
6872	9.553911214011963E-5
6873	1.0138978545445574E-4
6874	1.0783874089348759E-4
6875	1.0682599028780566E-4
6876	1.0885655771533145E-4
6877	5.399635668873482E-5
6878	1.4908822467286443E-4
6879	1.1519367469472204E-4
6880	1.3009504277968948E-4
6881	1.5983961900099052E-4
6882	5.22845358977482E-5
6883	1.0469662122229939E-4
6884	4.5496876547024105E-5
6885	1.0658946033944102E-4
6886	8.756865371619844E-5
6887	8.069363395519637E-5
6888	1.1811583541651123E-4
6889	6.61544898348667E-5
6890	1.2550114711010129E-4
6891	9.724338409634952E-5
6892	7.468935112116761E-5
6893	9.807809709082443E-5
6894	1.4337093313013805E-4
6895	4.597873594781391E-5
6896	1.3620996628906922E-4
6897	1.239808652115446E-4
6898	5.9589852386874816E-5
6899	9.871901338120958E-5
6900	1.3005723174499783E-4
6901	7.978893261823251E-5
6902	1.0061440416682705E-4
6903	7.296013244858875E-5
6904	3.473115355856242E-5
6905	8.812942341146928E-5
6906	8.066064616907546E-5
6907	1.2919269239083686E-4
6908	6.385457259038253E-5
6909	1.2219887264928536E-4
6910	4.939605021155094E-5
6911	9.518661577680321E-5
6912	1.3519521163928968E-4
6913	1.2709542865201317E-4
6914	1.0238435446223101E-4
6915	8.791700019628263E-5
6916	1.1464895709081909E-4
6917	9.244449044166662E-5
6918	9.034623911757306E-5
6919	1.6612418976959196E-4
6920	7.619572095277677E-5
6921	1.2404877657351394E-4
6922	7.893824799508331E-5
6923	1.2058344007362903E-4
6924	7.467842727505983E-5
6925	9.380572080495698E-5
6926	1.6007067199541797E-4
6927	1.2267041565126315E-4
6928	9.930971391327185E-5
6929	1.2234226377531342E-4
6930	4.69909420191566E-5
6931	1.0478871239248138E-4
6932	7.641513559542147E-5
6933	6.288310164277513E-5
6934	6.754241259853112E-5
6935	6.868383738408413E-5
6936	1.1026765506407564E-4
6937	6.792936299658707E-5
6938	9.134670681766487E-5
6939	1.56553591202795E-4
6940	8.544569600907231E-5
6941	1.1320134764047564E-4
6942	9.836120469461331E-5
6943	1.355634950555337E-4
6944	6.842843172271936E-5
6945	1.5477925041962846E-4
6946	1.2184286384388171E-4
6947	1.1130859687324855E-4
6948	1.305964341607107E-4
6949	9.26197413066262E-5
6950	1.0040721589912866E-4
6951	1.5896374038941403E-4
6952	9.845768763013188E-5
6953	1.0110209270442558E-4
6954	6.254895163940021E-5
6955	9.339155990793047E-5
6956	5.569544979159983E-5
6957	1.2730623883738782E-4
6958	8.091185263865529E-5
6959	8.432953292936009E-5
6960	1.4244793691159827E-4
6961	1.286065897245606E-4
6962	1.5263569153212936E-4
6963	9.65645099572714E-5
6964	1.2247967965951545E-4
6965	6.290934941866733E-5
6966	1.0600974487843623E-4
6967	6.388524220077993E-5
6968	8.896289305661005E-5
6969	6.975756796655236E-5
6970	1.172673657020485E-4
6971	1.0925689427386005E-4
6972	1.4995617801718625E-4
6973	8.601335719205025E-5
6974	8.826231892494375E-5
6975	7.513679517562993E-5
6976	1.452682826274577E-4
6977	9.428007081513983E-5
6978	1.2778201808214397E-4
6979	1.059126540155627E-4
6980	1.3062201435680621E-4
6981	9.708348975526255E-5
6982	1.1987767311708389E-4
6983	9.621812624042639E-5
6984	1.1284005236879033E-4
6985	7.983142302875745E-5
6986	9.847182605997713E-5
6987	5.168741914731568E-5
6988	7.999892781811838E-5
6989	1.0822392824368263E-4
6990	1.3968459583308038E-4
6991	8.425696800332421E-5
6992	1.1816702810497059E-4
6993	9.129737471246818E-5
6994	1.1596590970863739E-4
6995	9.196094977085247E-5
6996	4.3015223691855445E-5
6997	1.1285652941833113E-4
6998	1.1650740834154795E-4
6999	1.1631195851636622E-4
7000	1.2133523791657447E-4
7001	7.951442895528091E-5
7002	8.040627554046966E-5
7003	1.1363621970329181E-4
7004	8.946791970588025E-5
7005	1.1912642135406478E-4
7006	1.1141878075731439E-4
7007	6.155073991402667E-5
7008	8.864969265489485E-5
7009	8.769995240126353E-5
7010	1.635436863383924E-4
7011	8.77171850868926E-5
7012	1.1472831373718135E-4
7013	7.100548451040166E-5
7014	1.1023598004728647E-4
7015	9.034001175937209E-5
7016	9.68933293433543E-5
7017	1.379776115952881E-4
7018	8.314711489045526E-5
7019	8.607425478551665E-5
7020	9.66057123239719E-5
7021	1.3755623153987773E-4
7022	1.4916435440480173E-4
7023	7.87405637268017E-5
7024	9.516083040014221E-5
7025	8.960428446258183E-5
7026	3.7253289975116324E-5
7027	7.803403691212955E-5
7028	6.633655237690768E-5
7029	1.1444864516124942E-4
7030	1.0116285340003891E-4
7031	1.2389208889935883E-4
7032	6.879701496933708E-5
7033	5.961986682153529E-5
7034	1.372829117006486E-4
7035	1.621025242343637E-4
7036	8.600248287699907E-5
7037	9.627423474053465E-5
7038	5.644965569016128E-5
7039	7.474722282801612E-5
7040	7.471725650855838E-5
7041	1.3836102067267845E-4
7042	9.490127195370582E-5
7043	6.056381846722052E-5
7044	1.0133734774737787E-4
7045	1.0538929368110181E-4
7046	1.0167081619247987E-4
7047	6.555747916032479E-5
7048	9.986985327199385E-5
7049	1.8866112966376027E-4
7050	9.165309045938586E-5
7051	6.024124507364359E-5
7052	9.732763912622084E-5
7053	8.412853176379472E-5
7054	7.753513528826247E-5
7055	9.715570254939685E-5
7056	1.174530590578723E-4
7057	1.0825340174888441E-4
7058	9.587925947095641E-5
7059	5.5512011047118996E-5
7060	8.547277856405204E-5
7061	6.42939443010845E-5
7062	1.556387671328992E-4
7063	7.050389356607774E-5
7064	6.428316721043116E-5
7065	9.752542093591171E-5
7066	1.6236100610461673E-4
7067	9.210810025593733E-5
7068	6.325093295676167E-5
7069	6.0823742733735426E-5
7070	1.1286592079141249E-4
7071	1.0336561014362841E-4
7072	8.73601638552132E-5
7073	8.316387279748052E-5
7074	5.554157782888798E-5
7075	9.982694123934576E-5
7076	1.0928316171453285E-4
7077	1.3143271856371944E-4
7078	1.1322846829074271E-4
7079	8.19538148421138E-5
7080	9.379086970715594E-5
7081	6.366975336366295E-5
7082	8.809810710567946E-5
7083	9.357177285056148E-5
7084	1.0051214103234131E-4
7085	1.3603647965150165E-4
7086	9.004907145780164E-5
7087	1.0085981630687942E-4
7088	8.36745719403576E-5
7089	1.075998637916533E-4
7090	8.983948311055082E-5
7091	1.3694374862751463E-4
7092	1.1224650953364943E-4
7093	8.872025689486915E-5
7094	1.1405748800394472E-4
7095	8.71882424019963E-5
7096	1.3812612310043444E-4
7097	9.391996912167944E-5
7098	1.1354667753568768E-4
7099	1.0164795033032573E-4
7100	1.2292057120114646E-4
7101	7.865351288634718E-5
7102	1.5334721399918463E-4
7103	1.1356064230426935E-4
7104	1.0105869094349162E-4
7105	4.275513974815254E-5
7106	1.1972840935947832E-4
7107	9.93816909244241E-5
7108	9.743646761851897E-5
7109	1.2121721275923292E-4
7110	1.0609672226449545E-4
7111	6.157040045520545E-5
7112	1.8207351000832593E-4
7113	1.0312693116206666E-4
7114	5.813541346154192E-5
7115	1.265917199483418E-4
7116	1.226347217402461E-4
7117	5.5255223976607286E-5
7118	9.367533397189895E-5
7119	1.2845881851474762E-4
7120	7.339252800446077E-5
7121	1.702867784041911E-4
7122	1.2464115216144717E-4
7123	1.0693617437440384E-4
7124	1.0211265546331753E-4
7125	9.275712590609322E-5
7126	9.541777253480521E-5
7127	6.905595650803194E-5
7128	9.609125732685835E-5
7129	1.1010869930106451E-4
7130	7.140132173647358E-5
7131	1.0960423712613893E-4
7132	6.217367084704659E-5
7133	1.0741641793294371E-4
7134	6.817672134506618E-5
7135	4.431917110546919E-5
7136	6.340279177342108E-5
7137	1.47955279175665E-4
7138	7.134617944311837E-5
7139	1.0906853309713904E-4
7140	9.990977818562942E-5
7141	6.757360796872774E-5
7142	9.719040878930939E-5
7143	9.06165214863356E-5
7144	8.143892303758078E-5
7145	1.2892924745597898E-4
7146	8.701386075317082E-5
7147	6.854874128906996E-5
7148	8.112747240275285E-5
7149	1.063922062817264E-4
7150	1.6009411326627513E-4
7151	5.3055724945288654E-5
7152	5.133717711492863E-5
7153	1.2460489031398617E-4
7154	7.025074637584305E-5
7155	1.3509681480185768E-4
7156	9.81151446605416E-5
7157	4.2540480191455205E-5
7158	1.23302557623645E-4
7159	1.3292483802078702E-4
7160	3.2572723155933E-5
7161	4.1030544740604714E-5
7162	1.3681125768022061E-4
7163	9.690204112344809E-5
7164	8.83402051212678E-5
7165	1.0030523722399122E-4
7166	1.3833064454425031E-4
7167	8.335377876675859E-5
7168	8.91345366652899E-5
7169	1.0759422414697436E-4
7170	6.462579683757894E-5
7171	1.1003713713556688E-4
7172	1.7740533608526617E-4
7173	9.021881544988867E-5
7174	4.5262490737275775E-5
7175	5.657996577071145E-5
7176	7.38655175697376E-5
7177	8.950152466357417E-5
7178	9.381938295689501E-5
7179	9.361880773161189E-5
7180	1.1733966559161626E-4
7181	7.932208482297018E-5
7182	1.0404477304115309E-4
7183	1.2087413268792156E-4
7184	1.0284933142155504E-4
7185	1.0233634351083298E-4
7186	8.909527629651254E-5
7187	5.478857071330087E-5
7188	1.595245727127142E-4
7189	1.1928975938435126E-4
7190	6.691624018822366E-5
7191	5.068242045256373E-5
7192	1.106243509745859E-4
7193	6.679610483909203E-5
7194	1.3420686189093015E-4
7195	7.96895061662532E-5
7196	8.625209514915138E-5
7197	9.780100194723885E-5
7198	7.520415581546353E-5
7199	6.0882556632448E-5
7200	1.3049903285372632E-4
7201	6.862964080873567E-5
7202	1.355156242949815E-4
7203	4.8066543556546944E-5
7204	1.1890086726180018E-4
7205	1.0153629123135371E-4
7206	6.757772124775779E-5
7207	1.1584279381822309E-4
7208	1.1226080002151586E-4
7209	9.583560172504363E-5
7210	1.0637319961173314E-4
7211	8.189578591709968E-5
7212	1.2444506120135853E-4
7213	7.993933515727377E-5
7214	9.195376803324378E-5
7215	1.0697358790064201E-4
7216	1.6365258523077148E-4
7217	7.7928435384683E-5
7218	1.1043207835341944E-4
7219	1.6572115444706134E-4
7220	8.501321633360224E-5
7221	7.360441172880319E-5
7222	1.6235347611870336E-4
7223	1.5419362620632557E-4
7224	1.1557082963912807E-4
7225	1.0792242348278453E-4
7226	8.720778923449311E-5
7227	8.547958876286026E-5
7228	8.882710655589012E-5
7229	1.5571611278037675E-4
7230	7.836053518461483E-5
7231	1.0930228656464469E-4
7232	8.137591994198809E-5
7233	8.862088040605671E-5
7234	6.498939131080301E-5
7235	6.479491961205551E-5
7236	1.0077940714104849E-4
7237	6.92576635702719E-5
7238	1.2308596391528745E-4
7239	1.0364943195633089E-4
7240	1.2412252178074486E-4
7241	7.907971388160103E-5
7242	1.5002529933665854E-4
7243	8.913496296277207E-5
7244	1.175548275549757E-4
7245	9.707219360254908E-5
7246	5.677064827740577E-5
7247	1.370266573347427E-4
7248	8.239494761436946E-5
7249	1.527216917502545E-4
7250	6.667382028094617E-5
7251	8.64614457819599E-5
7252	6.559603399106207E-5
7253	5.8332040951491245E-5
7254	1.749337975222098E-4
7255	9.067361060515927E-5
7256	1.3073899239167085E-4
7257	1.0613824433043575E-4
7258	1.1956228636256191E-4
7259	1.055768006222752E-4
7260	1.1125762902273837E-4
7261	1.3246602921656306E-4
7262	1.294780574546278E-4
7263	1.8572220326929566E-4
7264	1.0162071348572914E-4
7265	8.300071667448274E-5
7266	5.062587257582596E-5
7267	4.7625957655359505E-5
7268	1.0467999793839512E-4
7269	8.498418868425106E-5
7270	8.662454733581655E-5
7271	8.935695623381423E-5
7272	1.280687353838917E-4
7273	9.762979242876834E-5
7274	1.0446966535708947E-4
7275	1.2339494079882134E-4
7276	1.9041068160327384E-4
7277	6.813240026743372E-5
7278	1.2727420910184728E-4
7279	1.044779957156593E-4
7280	1.6168105985553231E-4
7281	7.198199310835907E-5
7282	1.0548069859353621E-4
7283	6.321556742172766E-5
7284	1.2151546919411983E-4
7285	1.143969158437593E-4
7286	7.317795020183911E-5
7287	6.627590576716032E-5
7288	8.081046777505462E-5
7289	1.3569943066489627E-4
7290	9.149402865546296E-5
7291	9.011294957873724E-5
7292	1.0606443165466863E-4
7293	1.024461889097139E-4
7294	5.095881602785363E-5
7295	1.577014331137274E-4
7296	9.220364148074046E-5
7297	1.2804966465209436E-4
7298	7.925416913413924E-5
7299	7.767979097421675E-5
7300	1.1841662605275078E-4
7301	7.662805931257547E-5
7302	1.1138424250088952E-4
7303	9.69498680073618E-5
7304	1.0093636339768534E-4
7305	1.200445053581964E-4
7306	1.0243701365356548E-4
7307	1.2430683970034265E-4
7308	1.2954093161208124E-4
7309	1.0258469386766393E-4
7310	1.2181997291830612E-4
7311	8.138479587961024E-5
7312	1.7361528955115102E-4
7313	1.4383931472901123E-4
7314	1.365998813028726E-4
7315	1.264550840514696E-4
7316	7.68914061827237E-5
7317	6.30975488796213E-5
7318	8.70655274333216E-5
7319	1.1164417409580666E-4
7320	8.774420531681117E-5
7321	9.573867951339904E-5
7322	1.1463441175114859E-4
7323	6.379978855622968E-5
7324	9.051537975161448E-5
7325	7.119991241607596E-5
7326	1.1133942033371132E-4
7327	6.24270664044253E-5
7328	1.1318363688477435E-4
7329	6.803483928620479E-5
7330	5.6078330684945776E-5
7331	1.1521472032177186E-4
7332	4.741588382736336E-5
7333	7.895921674088162E-5
7334	1.118265600454778E-4
7335	1.3264652830848031E-4
7336	7.521711025422235E-5
7337	1.1686906981521738E-4
7338	8.859669427264193E-5
7339	1.523210864644592E-4
7340	1.4345051130610283E-4
7341	1.249667546987911E-4
7342	5.195772797792458E-5
7343	1.2191370052665738E-4
7344	5.870335539029564E-5
7345	1.027084965965032E-4
7346	8.917904746886973E-5
7347	1.294673011534565E-4
7348	7.62760848053762E-5
7349	9.999082659412344E-5
7350	9.09858461951319E-5
7351	1.1072285969322056E-4
7352	6.085461474008777E-5
7353	1.046555177484257E-4
7354	5.605743254238975E-5
7355	7.348227661730193E-5
7356	9.506336315154564E-5
7357	9.697113352391646E-5
7358	7.312423764351397E-5
7359	1.099082143580984E-4
7360	8.941466600457704E-5
7361	9.833646578862768E-5
7362	8.581120660935298E-5
7363	7.59753080449682E-5
7364	7.863331608590705E-5
7365	1.5617629238925056E-4
7366	7.37500757661362E-5
7367	1.1591346419199692E-4
7368	8.856825817347382E-5
7369	8.588189345981969E-5
7370	7.979884820982463E-5
7371	9.914476315597423E-5
7372	1.1077073253510008E-4
7373	1.1220742468640016E-4
7374	1.5157534928258583E-4
7375	1.5187274617683118E-4
7376	1.1804356979287923E-4
7377	1.1193306593012326E-4
7378	1.0188397788685873E-4
7379	1.287242143242494E-4
7380	6.755170646168283E-5
7381	4.8648927348502756E-5
7382	1.1218098299069489E-4
7383	9.670182208032369E-5
7384	9.668872643856826E-5
7385	8.669010644924961E-5
7386	1.2118914333997736E-4
7387	1.179720560697742E-4
7388	1.4743413347947606E-4
7389	1.242889869024618E-4
7390	7.398493559780332E-5
7391	5.5232254636171E-5
7392	8.931399961696866E-5
7393	1.6514174666590429E-4
7394	6.82789735699528E-5
7395	1.0192161445401351E-4
7396	1.4702943524468046E-4
7397	9.448063227648414E-5
7398	1.738714035651295E-4
7399	9.846910606320581E-5
7400	1.1198921447532934E-4
7401	9.170906351314098E-5
7402	8.630407625953413E-5
7403	1.1317426277012846E-4
7404	9.426361951645174E-5
7405	1.0085417786026914E-4
7406	1.1568397211099849E-4
7407	6.0182890986702286E-5
7408	1.0887912386359047E-4
7409	1.2350191780227153E-4
7410	1.1386961690010166E-4
7411	9.454105662942942E-5
7412	1.5589129964484986E-4
7413	1.0962366165844181E-4
7414	9.128803792936693E-5
7415	4.64918217445799E-5
7416	5.231140580880405E-5
7417	8.842692768049722E-5
7418	1.1743304781385112E-4
7419	1.0732504227998319E-4
7420	1.5136676514181243E-4
7421	1.1032747452652802E-4
7422	9.131907407220865E-5
7423	7.855817815838965E-5
7424	1.1513327182178106E-4
7425	7.027025448600932E-5
7426	1.1414045946332679E-4
7427	1.0642991662212966E-4
7428	8.920254055411925E-5
7429	8.715625291043979E-5
7430	1.48156715579957E-4
7431	6.579573898846401E-5
7432	1.4006296585025835E-4
7433	6.806116512374965E-5
7434	1.296359379083784E-4
7435	1.7137496050792433E-4
7436	1.224175455576584E-4
7437	1.2612499181556788E-4
7438	1.2538292914932606E-4
7439	1.0914155177615895E-4
7440	1.2925639251749017E-4
7441	1.4431787307234414E-4
7442	1.0497947972322412E-4
7443	8.406421099512751E-5
7444	1.0846015334845756E-4
7445	7.798371951318576E-5
7446	6.170048991288285E-5
7447	5.8914316793695536E-5
7448	1.244226697516706E-4
7449	7.121358195679159E-5
7450	1.1187192507440748E-4
7451	9.260513374586455E-5
7452	8.505623805226724E-5
7453	8.79715956043877E-5
7454	7.553071756461934E-5
7455	1.256602739064648E-4
7456	1.177039072160367E-4
7457	8.878294980559537E-5
7458	9.464337980850262E-5
7459	9.784642121235056E-5
7460	1.2969473788759594E-4
7461	8.141174927308346E-5
7462	7.743918630270115E-5
7463	1.0291865454274033E-4
7464	8.11245083075027E-5
7465	7.056643321281519E-5
7466	6.761535486525858E-5
7467	1.308821597912953E-4
7468	7.48566911347788E-5
7469	8.261366508950676E-5
7470	5.6572068012867995E-5
7471	7.638945877893778E-5
7472	1.3021963936393196E-4
7473	1.1649784814378943E-4
7474	1.0566345172691627E-4
7475	1.0212960257247679E-4
7476	1.6041852358518786E-4
7477	7.563167168177776E-5
7478	7.825923498008965E-5
7479	9.390462473114555E-5
7480	1.027027915968359E-4
7481	6.610811006586469E-5
7482	1.1143699417836742E-4
7483	8.603319430712796E-5
7484	6.006990827357048E-5
7485	6.808968334266829E-5
7486	5.511970667808897E-5
7487	1.0936857916170697E-4
7488	1.2063953822578929E-4
7489	5.396719681459296E-5
7490	8.79161541974782E-5
7491	5.1495889737024285E-5
7492	1.1161755393090433E-4
7493	9.565255482109504E-5
7494	1.0239355106155891E-4
7495	1.2445880759847492E-4
7496	1.2604919123440522E-4
7497	1.2908185366668752E-4
7498	7.321545075853249E-5
7499	6.719271542644502E-5
7500	9.933158483544391E-5
7501	1.385042255542898E-4
7502	7.207607434277596E-5
7503	1.251518256523884E-4
7504	1.1026438070249018E-4
7505	8.566532561987434E-5
7506	6.072705620884266E-5
7507	8.554631275730692E-5
7508	1.3462577251623122E-4
7509	1.5975907592275245E-4
7510	9.992784632171684E-5
7511	8.468632546074904E-5
7512	9.101785677488116E-5
7513	1.1747363732311131E-4
7514	1.3612750838440108E-4
7515	6.557815868976631E-5
7516	1.0673377959900572E-4
7517	7.087645236056878E-5
7518	1.401405356528394E-4
7519	9.574970138092196E-5
7520	1.0396380512048858E-4
7521	1.260462847148387E-4
7522	5.4502682830022025E-5
7523	7.288556238256777E-5
7524	1.3706866376178554E-4
7525	5.9972037177898666E-5
7526	5.363953453749895E-5
7527	1.1151569560414959E-4
7528	5.240318462023423E-5
7529	1.5155220591926488E-4
7530	1.6611488939041082E-4
7531	8.705506715978571E-5
7532	4.638627008374697E-5
7533	1.1002419085673291E-4
7534	4.016881105969709E-5
7535	1.187272105232097E-4
7536	1.4537280923653158E-4
7537	1.451752648954798E-4
7538	7.165118985915048E-5
7539	1.1599896075023609E-4
7540	8.133514452615028E-5
7541	1.381837768965279E-4
7542	8.05854409960359E-5
7543	9.083954119171712E-5
7544	4.943502837552177E-5
7545	1.2729769217967326E-4
7546	1.0236803461811494E-4
7547	1.0811668131746194E-4
7548	9.50444115160746E-5
7549	8.573795923899098E-5
7550	5.35673953477234E-5
7551	1.366493987967064E-4
7552	1.3211527038192703E-4
7553	1.2533874532531577E-4
7554	1.074132056686125E-4
7555	8.354370804877807E-5
7556	5.240057666564553E-5
7557	1.527349657650887E-4
7558	1.0260872545519775E-4
7559	9.942419064661582E-5
7560	9.094850663296206E-5
7561	9.116924617687555E-5
7562	8.398051485009868E-5
7563	9.753445433424276E-5
7564	8.232667329025314E-5
7565	8.549956028496114E-5
7566	1.255037321236873E-4
7567	6.879621391380599E-5
7568	1.2130243721295018E-4
7569	9.481448821768006E-5
7570	1.2146021186897345E-4
7571	8.638245981194304E-5
7572	7.637441490907407E-5
7573	9.916709256618412E-5
7574	3.0110210799553182E-5
7575	1.1265908912382386E-4
7576	7.254258966229313E-5
7577	1.4707062364237286E-4
7578	6.249698532913754E-5
7579	1.1375485444243055E-4
7580	9.244073674614864E-5
7581	7.760726904381422E-5
7582	9.987929665125656E-5
7583	1.3039065357372596E-4
7584	1.3207794401919303E-4
7585	1.0655008570864698E-4
7586	1.354027021357816E-4
7587	7.551187435699873E-5
7588	1.3660344379629846E-4
7589	9.022892611460458E-5
7590	6.624578069130946E-5
7591	9.966153074123757E-5
7592	4.721182850368726E-5
7593	9.85953413032661E-5
7594	9.80972711471446E-5
7595	8.908893182237824E-5
7596	1.2308466620964445E-4
7597	7.787587895356405E-5
7598	5.3403656392473114E-5
7599	8.485375052796457E-5
7600	8.429353220672995E-5
7601	1.5151953460169153E-4
7602	5.415078268336694E-5
7603	7.712898022850336E-5
7604	9.02248118418551E-5
7605	1.1598367206226146E-4
7606	1.2721251362651556E-4
7607	1.2491274388174345E-4
7608	6.195445603070052E-5
7609	9.331119653275493E-5
7610	9.248704901734458E-5
7611	1.0554188801664238E-4
7612	1.3533867319009133E-4
7613	9.055120037661288E-5
7614	1.3997634585721327E-4
7615	1.2553511669788733E-4
7616	9.344465554006435E-5
7617	8.638061456451559E-5
7618	1.2407007695897074E-4
7619	9.078101103210062E-5
7620	1.3277382898915717E-4
7621	1.319481667176596E-4
7622	9.562889483046679E-5
7623	1.4830349124239943E-4
7624	5.3679402724824414E-5
7625	1.3490144898719003E-4
7626	6.129818060200607E-5
7627	1.0700616021477606E-4
7628	7.39825059473011E-5
7629	8.939527062559398E-5
7630	8.893914238159658E-5
7631	1.575662661313364E-4
7632	7.354919723660298E-5
7633	8.713037378698926E-5
7634	1.1670529775511141E-4
7635	1.1302470302259474E-4
7636	7.485305422907755E-5
7637	1.1228699821562115E-4
7638	1.2917661814508075E-4
7639	1.7365708453563074E-4
7640	9.474711306613754E-5
7641	1.4018418283306662E-4
7642	8.775942520593697E-5
7643	1.0979464320474984E-4
7644	1.0843301152709216E-4
7645	4.83285221422824E-5
7646	6.0589885528215085E-5
7647	7.63027022016887E-5
7648	9.398707829589369E-5
7649	9.966386757487804E-5
7650	7.3121209964568E-5
7651	1.0640792388192193E-4
7652	8.88566093294013E-5
7653	9.956615203491877E-5
7654	7.461201132953775E-5
7655	9.96637014126062E-5
7656	1.4376188329984015E-4
7657	5.750303077444951E-5
7658	9.875815793106699E-5
7659	1.1739935591138349E-4
7660	7.78484562523752E-5
7661	8.657683055748171E-5
7662	1.38073531870971E-4
7663	7.943293737863505E-5
7664	8.762135649128063E-5
7665	1.2672867852837354E-4
7666	1.1522511669432942E-4
7667	1.5145963510895195E-4
7668	1.1721292153734933E-4
7669	7.510433183947093E-5
7670	9.807046226825578E-5
7671	4.9843311824454906E-5
7672	1.3500079681070807E-4
7673	2.137208540444803E-4
7674	1.411493903262107E-4
7675	5.444588590259614E-5
7676	1.5707868598502768E-4
7677	1.0534912073780839E-4
7678	6.90470769398215E-5
7679	7.105714138428784E-5
7680	1.59096995736305E-4
7681	1.2461752466865947E-4
7682	1.0665563576567286E-4
7683	7.973608116590472E-5
7684	8.697675129616379E-5
7685	1.1828988927338355E-4
7686	8.206533743257561E-5
7687	1.3899736138606845E-4
7688	5.433697037939017E-5
7689	6.925684617381701E-5
7690	6.918345883440171E-5
7691	1.2921956241076818E-4
7692	7.333711888660356E-5
7693	1.5556051230288778E-4
7694	1.0371689849138464E-4
7695	9.248160634860797E-5
7696	1.6368749150912922E-4
7697	1.060418471537296E-4
7698	7.532881992021546E-5
7699	1.1791369900218333E-4
7700	1.2007605956353072E-4
7701	4.8319090485607637E-5
7702	9.82690337820159E-5
7703	1.0817665921687303E-4
7704	1.223303881277114E-4
7705	9.653112404131737E-5
7706	9.46592736136781E-5
7707	1.2358365169317615E-4
7708	1.4291294928130388E-4
7709	9.213722818454297E-5
7710	7.796428113939285E-5
7711	1.3005528945940153E-4
7712	7.790902666938952E-5
7713	5.618364021380256E-5
7714	1.194699504598252E-4
7715	1.0633152168165515E-4
7716	1.869253327207378E-4
7717	9.122068701764473E-5
7718	5.556379619994442E-5
7719	1.0824533148960449E-4
7720	9.382929649681149E-5
7721	9.232096629169015E-5
7722	1.1791162047479611E-4
7723	1.2536950524766766E-4
7724	9.355158374750979E-5
7725	6.126881215610797E-5
7726	9.608924429368873E-5
7727	8.020009057031237E-5
7728	1.0301699055920397E-4
7729	7.236024397949945E-5
7730	1.3237500040128472E-4
7731	1.08169468909953E-4
7732	8.360027791654992E-5
7733	8.485417332118714E-5
7734	1.3037203579068716E-4
7735	1.6558603784245314E-4
7736	1.1987997462588177E-4
7737	8.234226625499225E-5
7738	1.0766036222038213E-4
7739	1.4139454905946264E-4
7740	6.864171085389634E-5
7741	1.0923658591283523E-4
7742	7.418769134626332E-5
7743	1.523316845982336E-4
7744	7.862136241549038E-5
7745	8.826949213653791E-5
7746	6.456796895289304E-5
7747	1.3994240781348258E-4
7748	7.918016585690023E-5
7749	1.0735527097334269E-4
7750	9.95121069938493E-5
7751	1.1450016463004185E-4
7752	1.1522994161228672E-4
7753	1.1752079108872022E-4
7754	6.98703201048503E-5
7755	1.2533257093876653E-4
7756	1.5459250163107102E-4
7757	9.393358493228582E-5
7758	6.760707688284202E-5
7759	8.813279112885867E-5
7760	6.993091266172533E-5
7761	1.1940372568154029E-4
7762	1.093720562866034E-4
7763	6.278091165622126E-5
7764	1.1389181494728188E-4
7765	4.2266970785133275E-5
7766	1.247690730277334E-4
7767	1.7856187229164016E-4
7768	1.0132976969109789E-4
7769	1.237361828612611E-4
7770	7.847581573796898E-5
7771	1.0508136777474321E-4
7772	1.1913733088866675E-4
7773	9.020066807760718E-5
7774	1.9551643116932257E-4
7775	9.73967325793843E-5
7776	1.3000225980056343E-4
7777	1.0841599122444676E-4
7778	1.4256388626821315E-4
7779	1.5000222386588743E-4
7780	8.475739943493795E-5
7781	1.1571258140107874E-4
7782	9.590058218864445E-5
7783	1.0573082338737363E-4
7784	9.478836273103052E-5
7785	1.0121794432704968E-4
7786	5.762699446482648E-5
7787	7.454250878039481E-5
7788	1.4692193115736326E-4
7789	1.583400889500731E-4
7790	9.829123640688898E-5
7791	6.219255752222213E-5
7792	8.020743909017476E-5
7793	7.69244916892209E-5
7794	1.0145805712810553E-4
7795	8.797545945243463E-5
7796	1.0281902839193456E-4
7797	9.343854659093637E-5
7798	1.0186919308982886E-4
7799	1.164934946482565E-4
7800	1.3731017055812955E-4
7801	9.840290205060809E-5
7802	1.2988672367596638E-4
7803	6.830429739328379E-5
7804	1.0333415688322109E-4
7805	5.3462483568268724E-5
7806	4.649162890036184E-5
7807	4.617230328692379E-5
7808	7.229835721321176E-5
7809	1.051847845174253E-4
7810	9.891687403433577E-5
7811	1.1737482300277199E-4
7812	1.642193819521037E-4
7813	1.1111185855646556E-4
7814	1.0176385872848683E-4
7815	1.0500019448822121E-4
7816	9.550533059645326E-5
7817	1.378998132984697E-4
7818	6.871405214128082E-5
7819	1.864838721747659E-4
7820	1.1364512410360006E-4
7821	1.0020373845587634E-4
7822	8.014389372796156E-5
7823	1.4942153744471214E-4
7824	6.079813773106924E-5
7825	1.0662132355135699E-4
7826	1.2810998975284116E-4
7827	1.0157803163761619E-4
7828	1.3363069541142615E-4
7829	6.969089973438406E-5
7830	7.730949685521211E-5
7831	9.538827368820642E-5
7832	6.435906415487136E-5
7833	9.745527112162429E-5
7834	8.587967106705624E-5
7835	7.27958960176486E-5
7836	9.20498783189628E-5
7837	6.478345651592289E-5
7838	1.497099078591698E-4
7839	1.1582076369287955E-4
7840	9.828896745877149E-5
7841	1.3048261481708376E-4
7842	1.0861431670933922E-4
7843	7.860164278646121E-5
7844	3.945122740040917E-5
7845	8.531917791500464E-5
7846	1.2586737663731944E-4
7847	1.0070704089411711E-4
7848	8.82782696764246E-5
7849	1.38062248809965E-4
7850	1.5103835257125888E-4
7851	8.224538105469627E-5
7852	1.0549548375121342E-4
7853	9.072772032947768E-5
7854	1.1984097435793008E-4
7855	1.0001545388642862E-4
7856	1.0159464334451269E-4
7857	6.388845838491597E-5
7858	8.385861074919592E-5
7859	5.9349718805087315E-5
7860	8.13369695570856E-5
7861	1.1069119278202616E-4
7862	1.7328648081018432E-4
7863	1.1054643336749001E-4
7864	1.2580447725657977E-4
7865	4.781458751574944E-5
7866	4.5661395311333386E-5
7867	1.358355972454862E-4
7868	6.16833008023168E-5
7869	8.729105089821948E-5
7870	1.327608064117454E-4
7871	1.2931327418695758E-4
7872	6.78822292982159E-5
7873	1.7914067092926939E-4
7874	7.279388728528662E-5
7875	1.2283286850568332E-4
7876	1.0825827544561623E-4
7877	8.241344353695038E-5
7878	6.440966268880978E-5
7879	8.279950534175872E-5
7880	1.304858369128513E-4
7881	7.595126868097641E-5
7882	9.397262574591263E-5
7883	1.0670514691784196E-4
7884	5.0853524848306806E-5
7885	1.2900445841652734E-4
7886	1.4401141873316616E-4
7887	1.3592203988981404E-4
7888	5.6241012327117116E-5
7889	1.6240685393060825E-4
7890	6.300237910413006E-5
7891	7.969059756682921E-5
7892	1.2013360314377521E-4
7893	1.2487661001170982E-4
7894	9.597651731667438E-5
7895	1.1693207884273093E-4
7896	1.1071049599313415E-4
7897	1.4537955227175408E-4
7898	1.109379710324431E-4
7899	3.6268106519020356E-5
7900	6.814817689143872E-5
7901	5.877229338558326E-5
7902	1.1597852061056192E-4
7903	6.879737682890258E-5
7904	1.7028436754942046E-4
7905	1.1534131642891324E-4
7906	1.2122064383560215E-4
7907	7.880133651631158E-5
7908	6.699117989549231E-5
7909	1.213529536096801E-4
7910	8.204952062759858E-5
7911	9.566518006160144E-5
7912	1.2632736191767852E-4
7913	9.681374449019483E-5
7914	1.3805280424218947E-4
7915	1.1275052516491766E-4
7916	1.0855520695490019E-4
7917	1.1158284570377462E-4
7918	5.7545366454410496E-5
7919	1.0052040214858565E-4
7920	1.1604539989072607E-4
7921	8.375945050694765E-5
7922	1.8992992260082468E-4
7923	9.05405124630213E-5
7924	1.2761725944618308E-4
7925	4.356456506104889E-5
7926	7.965847778680231E-5
7927	1.0143810012686638E-4
7928	1.439537082754129E-4
7929	6.118190104238813E-5
7930	1.0290752575608364E-4
7931	1.1830704730607052E-4
7932	1.2039222914461152E-4
7933	7.996132871280497E-5
7934	1.1821244929887436E-4
7935	1.155849053824244E-4
7936	1.0668178731618582E-4
7937	1.1345076802614055E-4
7938	1.1416309892220347E-4
7939	7.443033638189595E-5
7940	1.1847594361164643E-4
7941	6.233920682002825E-5
7942	9.41118872438993E-5
7943	1.4007264717441688E-4
7944	1.0267722460517134E-4
7945	7.160051529456108E-5
7946	1.2915215520492275E-4
7947	5.068408806550117E-5
7948	9.69771478015749E-5
7949	1.0524656686743941E-4
7950	7.034588596712118E-5
7951	1.2513297117220268E-4
7952	7.894555263143272E-5
7953	1.15869139125371E-4
7954	9.006978355960099E-5
7955	1.3500023827906922E-4
7956	1.1765930851428413E-4
7957	8.52857017907904E-5
7958	1.0430833543448542E-4
7959	8.872488983950918E-5
7960	7.61731118098211E-5
7961	9.627695568239176E-5
7962	1.312718543920324E-4
7963	1.105130898099599E-4
7964	1.44899365762988E-4
7965	1.3577603818120434E-4
7966	1.5413078160588973E-4
7967	1.0549182722026346E-4
7968	7.507334762578064E-5
7969	7.656849293146247E-5
7970	6.501682375438437E-5
7971	7.365329215410769E-5
7972	4.418971354815183E-5
7973	9.218061855120046E-5
7974	1.2725473980048244E-4
7975	8.395895632131227E-5
7976	9.782493181258426E-5
7977	1.614953700786258E-4
7978	9.911224705259656E-5
7979	1.1885043089485059E-4
7980	8.641354700616234E-5
7981	9.841197315852574E-5
7982	8.49087859155409E-5
7983	1.1397936216568301E-4
7984	5.518197041701786E-5
7985	1.622596150523847E-4
7986	7.208626701928331E-5
7987	1.4525876410763702E-4
7988	9.14914500658898E-5
7989	8.779488470703043E-5
7990	1.2384412641319956E-4
7991	4.6145178349311786E-5
7992	1.284166281862256E-4
7993	9.595061595594124E-5
7994	8.081133091608671E-5
7995	9.634975189553887E-5
7996	1.2158635601395944E-4
7997	9.593708710657364E-5
7998	1.5084514832318474E-4
7999	1.3042572682673572E-4
8000	9.402587417396421E-5
8001	1.6647209148949228E-4
8002	8.66363746093014E-5
8003	8.152094718785539E-5
8004	1.2293799667706154E-4
8005	1.1386255640076687E-4
8006	7.84860597044013E-5
8007	1.1072071053290502E-4
8008	7.035820385907772E-5
8009	6.64102299458345E-5
8010	8.363172750691083E-5
8011	1.0908974171752822E-4
8012	9.09035139996755E-5
8013	1.1469386743169072E-4
8014	8.354867177098004E-5
8015	8.119991214732587E-5
8016	1.0749866964670921E-4
8017	9.702866730685594E-5
8018	1.2632274310988867E-4
8019	6.055108728260623E-5
8020	7.714543889340492E-5
8021	7.551843340563425E-5
8022	1.044141535594774E-4
8023	9.463472753977193E-5
8024	1.1034140720860799E-4
8025	6.700487436624602E-5
8026	1.1272172105134929E-4
8027	1.1256296000744275E-4
8028	4.635458091689225E-5
8029	1.3457750383525903E-4
8030	6.390376050209689E-5
8031	8.696133309619103E-5
8032	7.77867659811284E-5
8033	1.0660873917081336E-4
8034	1.745566489302092E-4
8035	1.0864725486993952E-4
8036	1.7493765089466554E-4
8037	8.447601661467177E-5
8038	1.7718583631421363E-4
8039	7.142272299408362E-5
8040	1.0500941453467992E-4
8041	9.678719548963752E-5
8042	1.8160500250995833E-4
8043	1.23528235797477E-4
8044	1.0204179101435457E-4
8045	3.800623980867181E-5
8046	9.656825051196794E-5
8047	1.154176604509934E-4
8048	1.161649566329911E-4
8049	1.0720884884578458E-4
8050	1.1730767416428003E-4
8051	9.314184819120676E-5
8052	9.119822410850942E-5
8053	7.822137087698057E-5
8054	8.818247690385956E-5
8055	9.294710670049649E-5
8056	6.268454074188188E-5
8057	1.0174012900087241E-4
8058	9.852226481028946E-5
8059	1.1599982876636756E-4
8060	6.995116293405261E-5
8061	1.1220438699465034E-4
8062	1.562439083853428E-4
8063	8.400189265937868E-5
8064	8.03105014503522E-5
8065	1.0982207687747965E-4
8066	4.784639019477243E-5
8067	5.481510618551608E-5
8068	5.0130172193350707E-5
8069	8.466675409918737E-5
8070	1.2846898847297583E-4
8071	6.422168856635292E-5
8072	1.5920264236981554E-4
8073	1.1511169871408353E-4
8074	6.431613800143307E-5
8075	9.546125776759024E-5
8076	9.756369857948513E-5
8077	1.2949304763057998E-4
8078	8.558550739819479E-5
8079	1.2754047021419477E-4
8080	1.1561669788447106E-4
8081	8.031868040538473E-5
8082	6.698911969600158E-5
8083	6.68612963463193E-5
8084	1.1998092476218022E-4
8085	6.864015228020051E-5
8086	6.485693962747297E-5
8087	9.820903301188673E-5
8088	9.577712749912351E-5
8089	9.193206441078851E-5
8090	1.2164228166948331E-4
8091	1.2463947272135445E-4
8092	1.3357202387210038E-4
8093	9.532434998997065E-5
8094	1.0815967614128224E-4
8095	1.4617313770310728E-4
8096	1.0240406813813327E-4
8097	1.0015367122425531E-4
8098	6.04579444189915E-5
8099	8.119969811400606E-5
8100	1.199107925476958E-4
8101	1.3635692983126544E-4
8102	7.352201115757255E-5
8103	9.608933463445693E-5
8104	1.2184753276777135E-4
8105	1.3098804323535875E-4
8106	1.4298466109422854E-4
8107	1.4978357917441485E-4
8108	1.1969824103079049E-4
8109	8.062370444329858E-5
8110	1.104974341356752E-4
8111	1.1633735740259524E-4
8112	7.458879639559855E-5
8113	1.0996879632933178E-4
8114	6.178395421700272E-5
8115	1.371664777270345E-4
8116	7.90329240549214E-5
8117	1.0423570166181243E-4
8118	1.2124596134881714E-4
8119	8.348110155838053E-5
8120	1.0917389466685872E-4
8121	1.1970673734864846E-4
8122	1.134519712302839E-4
8123	7.164328775295675E-5
8124	1.0796370559312201E-4
8125	1.3336637436672056E-4
8126	6.645361637478717E-5
8127	8.331878121394288E-5
8128	1.1583257925887559E-4
8129	1.19400954253868E-4
8130	5.685951700179647E-5
8131	1.461853101471938E-4
8132	8.206627873021855E-5
8133	1.108590382993879E-4
8134	1.3588014773563919E-4
8135	9.693320673900889E-5
8136	1.2211930160084834E-4
8137	5.584795302982873E-5
8138	1.0484225524392037E-4
8139	1.427779505968601E-4
8140	7.108561032518842E-5
8141	1.467640053281227E-4
8142	1.3394949127837157E-4
8143	1.052499202237215E-4
8144	1.447515334759929E-4
8145	8.999484195578976E-5
8146	3.838010068100133E-5
8147	8.967544653746377E-5
8148	9.168121596730072E-5
8149	9.63622341100821E-5
8150	7.767486446887971E-5
8151	1.2631428004266274E-4
8152	1.5343446293268045E-4
8153	6.074451413202318E-5
8154	1.2350333074553124E-4
8155	1.0123732343551059E-4
8156	7.518050452330044E-5
8157	1.1041349015733365E-4
8158	8.039935172191598E-5
8159	9.139811781709027E-5
8160	7.369386541872669E-5
8161	1.031156805553905E-4
8162	8.165881779883935E-5
8163	1.020425352694499E-4
8164	1.0426239195233044E-4
8165	1.4578892132949603E-4
8166	1.1159879286357084E-4
8167	1.6066876844452753E-4
8168	1.1414892796930196E-4
8169	7.08900316929924E-5
8170	1.0653343458521759E-4
8171	2.206654812617433E-5
8172	1.73146487680334E-4
8173	1.2193420181380452E-4
8174	1.5846315224623113E-4
8175	8.286193913430945E-5
8176	7.604782937912522E-5
8177	5.203500507381089E-5
8178	1.060999521914057E-4
8179	1.1137401905454613E-4
8180	7.904056568381846E-5
8181	1.258823653995141E-4
8182	5.930600705112556E-5
8183	8.221756584957214E-5
8184	9.567321619904237E-5
8185	1.3209232629748325E-4
8186	1.2232901187410192E-4
8187	5.2506506208348834E-5
8188	7.404784988374395E-5
8189	1.0022756852880726E-4
8190	8.067824445292157E-5
8191	3.264767565578491E-5
8192	1.0188650431468003E-4
8193	4.84334672576886E-5
8194	1.2084213613501277E-4
8195	1.0613162252451735E-4
8196	1.1371886232226441E-4
8197	1.522487725734225E-4
8198	1.1966682155969909E-4
8199	1.64063713846311E-4
8200	1.2285389168520833E-4
8201	9.926080932005044E-5
8202	1.4114702740131797E-4
8203	1.2009436575159648E-4
8204	1.0967812848781921E-4
8205	8.08692255737507E-5
8206	1.0651097360763346E-4
8207	1.283770671359726E-4
8208	9.690588357844848E-5
8209	1.1321314603883597E-4
8210	6.928372113806115E-5
8211	1.3395036543288936E-4
8212	1.1791936955288465E-4
8213	6.947701918854288E-5
8214	3.685868961577943E-5
8215	1.323910047548795E-4
8216	1.1954351402186315E-4
8217	9.696225826081123E-5
8218	1.0829997863745193E-4
8219	6.868837049986598E-5
8220	3.859021336454206E-5
8221	7.111204838330992E-5
8222	1.1026964075215976E-4
8223	1.1281735857428996E-4
8224	1.0027112630203004E-4
8225	1.6986485689872885E-4
8226	9.255773115404168E-5
8227	9.494638854489256E-5
8228	3.1590683576002397E-5
8229	5.8545782686938626E-5
8230	9.374133906613243E-5
8231	1.3278689241692668E-4
8232	1.1703800408176828E-4
8233	8.3745079519396E-5
8234	9.730831702385538E-5
8235	1.054717889259373E-4
8236	1.1332615481988776E-4
8237	1.5715613588459517E-4
8238	6.244384017574646E-5
8239	1.0428036394934694E-4
8240	6.659419465096537E-5
8241	8.497930729133825E-5
8242	1.223180974725288E-4
8243	1.2463109562913595E-4
8244	9.19141201056729E-5
8245	1.6271913103722737E-4
8246	5.2015542183922876E-5
8247	1.549876504346573E-4
8248	5.364167557788309E-5
8249	7.482494264866304E-5
8250	1.1437757415638631E-4
8251	1.1081313419959737E-4
8252	1.3903861615812885E-4
8253	7.537165294761355E-5
8254	9.928601003250517E-5
8255	1.27457066698542E-4
8256	1.2162073124727166E-4
8257	1.3263483199529348E-4
8258	6.0825604802993224E-5
8259	6.081276530587606E-5
8260	7.676770422509761E-5
8261	1.1099617668404556E-4
8262	7.916025937573218E-5
8263	5.8564171850157447E-5
8264	1.1717182442690358E-4
8265	4.6697930058117005E-5
8266	9.29006776524694E-5
8267	8.657150964524949E-5
8268	8.448783536827479E-5
8269	7.573900318102833E-5
8270	1.162517494550755E-4
8271	1.1567818660574507E-4
8272	1.4075420287267383E-4
8273	1.067582591961961E-4
8274	1.3216895750891048E-4
8275	2.258588630885936E-4
8276	1.322229232201787E-4
8277	1.1945357265447107E-4
8278	1.2750908563621588E-4
8279	1.384535681424553E-4
8280	7.078842140323524E-5
8281	6.946619541144819E-5
8282	5.165797949724831E-5
8283	1.756851421345742E-4
8284	5.661288833140403E-5
8285	1.0096231701097666E-4
8286	7.771182422380471E-5
8287	1.1960342383342756E-4
8288	1.2213325197827304E-4
8289	1.0460621027411878E-4
8290	3.6987206674092117E-5
8291	2.2097036693858173E-4
8292	7.855267111166102E-5
8293	9.473774922849096E-5
8294	9.753490610493263E-5
8295	6.023507459097086E-5
8296	1.0635997308838037E-4
8297	1.1809336613203807E-4
8298	1.6307720621513803E-4
8299	1.3668255456899015E-4
8300	4.663237877501823E-5
8301	9.423999124920651E-5
8302	9.359834190833383E-5
8303	1.1165791619016202E-4
8304	9.600284234076725E-5
8305	8.154054800861499E-5
8306	8.066442482599929E-5
8307	8.887210896040847E-5
8308	5.097784189255519E-5
8309	1.2696659384924932E-4
8310	8.041014452276924E-5
8311	1.1884307414093631E-4
8312	6.41679564527359E-5
8313	1.3348257810469552E-4
8314	7.845708159750078E-5
8315	8.754293213207886E-5
8316	9.734292197536392E-5
8317	7.854108078214494E-5
8318	1.095517241763458E-4
8319	1.2125325170930573E-4
8320	6.514443374170226E-5
8321	1.3073183667127925E-4
8322	8.398408621180724E-5
8323	4.906889937784243E-5
8324	7.086402589132664E-5
8325	1.0050033817179739E-4
8326	1.2001259477289286E-4
8327	8.934298219957005E-5
8328	5.366163031314467E-5
8329	1.3327003535955505E-4
8330	3.898423696037356E-5
8331	1.0808707975738938E-4
8332	7.963678909696847E-5
8333	1.2956626104695728E-4
8334	1.1971148537442425E-4
8335	7.139409607519133E-5
8336	1.0557810591014017E-4
8337	1.862592324982989E-4
8338	8.084191726424945E-5
8339	9.777576098737804E-5
8340	5.7719713806580176E-5
8341	8.20588125369628E-5
8342	1.2353816156889454E-4
8343	8.983339768599268E-5
8344	9.846016637017679E-5
8345	1.0069371468515332E-4
8346	1.0799695716523408E-4
8347	7.41559860522663E-5
8348	8.983191726940525E-5
8349	1.0266816936525947E-4
8350	1.2901133378978577E-4
8351	1.3958622859145206E-4
8352	6.590488141031124E-5
8353	8.233839127857376E-5
8354	8.936562111404642E-5
8355	1.0395471701760413E-4
8356	7.482303559045716E-5
8357	8.921528218457E-5
8358	1.3412299159700945E-4
8359	7.988424114798457E-5
8360	6.357867199284063E-5
8361	5.976245747790085E-5
8362	1.0559166721410445E-4
8363	7.830855520990168E-5
8364	1.4719384621796367E-4
8365	5.6392373108481175E-5
8366	9.27711068940544E-5
8367	1.0524829323553486E-4
8368	1.1373718695768219E-4
8369	8.505620693554226E-5
8370	9.654781099510668E-5
8371	1.5655641932320818E-4
8372	7.235034899206819E-5
8373	9.733981986890623E-5
8374	1.0264465269670779E-4
8375	6.270952790325344E-5
8376	9.163855275645574E-5
8377	1.0447083198574704E-4
8378	1.3379916141906918E-4
8379	7.490633013537199E-5
8380	1.4180647214613772E-4
8381	9.623231165254438E-5
8382	3.4730585196014105E-5
8383	8.677985345768349E-5
8384	1.1353047453717555E-4
8385	8.296479232825898E-5
8386	1.283903667663814E-4
8387	9.390248924043352E-5
8388	6.764843063377942E-5
8389	8.685613677638825E-5
8390	8.80843223819268E-5
8391	1.9220027708550874E-4
8392	1.0435212152033928E-4
8393	1.1618260073805738E-4
8394	1.0503377618060916E-4
8395	1.0679022907169077E-4
8396	1.0669041042427765E-4
8397	1.3457798852494927E-4
8398	7.10563825142617E-5
8399	1.240032247640279E-4
8400	1.1162147894615978E-4
8401	6.740477368688814E-5
8402	7.727915862058157E-5
8403	8.817029853166346E-5
8404	1.2067692719194748E-4
8405	8.918152711941731E-5
8406	9.166381859440842E-5
8407	6.331570515446165E-5
8408	1.0063126072845593E-4
8409	1.0023594049278679E-4
8410	8.969647182009397E-5
8411	1.332828398832811E-4
8412	6.411426948446722E-5
8413	1.1849026476391782E-4
8414	6.886152965661355E-5
8415	5.981414273814182E-5
8416	7.597695592638288E-5
8417	1.5646285318547096E-4
8418	6.474861146025883E-5
8419	1.357218929631625E-4
8420	9.378833171416485E-5
8421	1.0863919419461293E-4
8422	1.281129624774422E-4
8423	1.166883738734798E-4
8424	1.2030141353337044E-4
8425	5.742883293253716E-5
8426	7.68877325961521E-5
8427	1.1428521070648668E-4
8428	6.108937700890486E-5
8429	8.476679292163347E-5
8430	6.990836898471547E-5
8431	1.1815960692902256E-4
8432	1.0319394190833514E-4
8433	1.7303170331722063E-4
8434	7.670483141373444E-5
8435	5.1689622167865316E-5
8436	1.1667438698669509E-4
8437	1.0147793825725344E-4
8438	1.1995134248421638E-4
8439	4.6094681372679656E-5
8440	1.2544260601534427E-4
8441	9.285351886874176E-5
8442	1.225811463671357E-4
8443	7.119566492733403E-5
8444	1.545652708206077E-4
8445	1.0894683210060955E-4
8446	1.5149048221651835E-4
8447	1.2456190517291303E-4
8448	5.8577448467816856E-5
8449	1.3157135767106362E-4
8450	1.6092890650930812E-4
8451	8.200845818829043E-5
8452	8.617030009611951E-5
8453	1.466945432820201E-4
8454	7.043103795631701E-5
8455	9.098883685516285E-5
8456	1.468728682952791E-4
8457	1.2159793821207011E-4
8458	1.1243498751281034E-4
8459	1.2630347382459086E-4
8460	1.4908805999776104E-4
8461	1.2629106457420699E-4
8462	1.1420034677154988E-4
8463	1.4724390755878672E-4
8464	1.2352243273396974E-4
8465	7.088333629888631E-5
8466	5.371261946323531E-5
8467	1.0200141168553157E-4
8468	6.142521723809717E-5
8469	5.235276710343871E-5
8470	1.1286481086543813E-4
8471	7.228091228163415E-5
8472	1.081747719166515E-4
8473	1.1925727854055259E-4
8474	9.453822734894728E-5
8475	1.0656339728407867E-4
8476	4.329199785795615E-5
8477	6.697529762861076E-5
8478	8.760293193344859E-5
8479	1.4303856282091754E-4
8480	7.051906139720045E-5
8481	8.091196486822656E-5
8482	1.0902773759731219E-4
8483	9.101052930738092E-5
8484	6.576916369862048E-5
8485	1.1007340081079374E-4
8486	5.6215411691021636E-5
8487	6.796008276890064E-5
8488	6.84682528939684E-5
8489	1.3187277984818554E-4
8490	1.072823105338486E-4
8491	8.815274410698534E-5
8492	1.447064826527803E-4
8493	1.1374849710327434E-4
8494	1.0588591918643464E-4
8495	6.596209114625022E-5
8496	1.0341411636113246E-4
8497	8.590212536555025E-5
8498	1.3053467238104726E-4
8499	7.330540789772961E-5
8500	8.372403967983934E-5
8501	6.665840683659013E-5
8502	1.410783428721325E-4
8503	7.602255779671034E-5
8504	8.63792783533856E-5
8505	1.3825794762526214E-4
8506	8.114676783879917E-5
8507	9.246577268033724E-5
8508	8.802953915646387E-5
8509	1.254500814239506E-4
8510	1.2113361458697137E-4
8511	1.0515311198009271E-4
8512	1.1924472271057284E-4
8513	1.2143566989589682E-4
8514	8.817453340945166E-5
8515	1.0784623290703473E-4
8516	7.4084219347524E-5
8517	8.433180240813922E-5
8518	6.71392029751181E-5
8519	6.690249176507283E-5
8520	1.0239819189600507E-4
8521	1.31158851908876E-4
8522	1.1224913116410708E-4
8523	9.866076205175757E-5
8524	1.1553641984870096E-4
8525	1.0702209414811847E-4
8526	1.1493406466650514E-4
8527	8.009222529346001E-5
8528	1.2636729500085936E-4
8529	6.945513288245744E-5
8530	6.732682552597379E-5
8531	1.219975509954172E-4
8532	1.0465009182040612E-4
8533	9.226610167671857E-5
8534	1.0548620739510319E-4
8535	8.986295819654006E-5
8536	1.2101485026570889E-4
8537	1.2360897183501701E-4
8538	8.47716228213427E-5
8539	1.1886137605722529E-4
8540	9.293267596900302E-5
8541	1.2173762464179925E-4
8542	1.0924521482284802E-4
8543	1.6908142442855794E-4
8544	7.448789265764463E-5
8545	8.665876640881596E-5
8546	7.968899332419388E-5
8547	6.672209088723313E-5
8548	5.86630998541923E-5
8549	1.0038715466809584E-4
8550	1.104849214809133E-4
8551	5.444087289627236E-5
8552	1.0132187726672483E-4
8553	1.4218752863484748E-4
8554	1.0682817666189995E-4
8555	6.69589536913291E-5
8556	1.008583729158931E-4
8557	7.974434444124579E-5
8558	1.2956540317417509E-4
8559	1.0920833689361725E-4
8560	1.1480303093272562E-4
8561	1.2002220050245689E-4
8562	8.361611559360392E-5
8563	8.615924467390211E-5
8564	1.0264846294295212E-4
8565	9.523492082145189E-5
8566	9.552961936338428E-5
8567	1.2058794147792689E-4
8568	8.871247485591938E-5
8569	5.856260907031033E-5
8570	1.0485449078971E-4
8571	1.1529308580429955E-4
8572	1.4073509568436615E-4
8573	1.0688342368074031E-4
8574	1.0569736862208617E-4
8575	1.3894123913016295E-4
8576	7.669901477722738E-5
8577	4.5927511577383926E-5
8578	1.0815209738109612E-4
8579	1.5648341815322918E-4
8580	1.4162479930398893E-4
8581	1.242126500017986E-4
8582	1.2677858459659878E-4
8583	1.1510497035386105E-4
8584	7.746996891355757E-5
8585	1.853511214719879E-4
8586	9.167952415854236E-5
8587	1.297211088739726E-4
8588	9.730689438709926E-5
8589	8.08082437458543E-5
8590	1.1570259372751909E-4
8591	1.1258523992768741E-4
8592	1.1065114348363937E-4
8593	1.0781068072764042E-4
8594	1.1438796320887139E-4
8595	6.675127412904439E-5
8596	1.0951490281064705E-4
8597	1.2079560708699985E-4
8598	1.2237256896138708E-4
8599	7.804820094437359E-5
8600	6.808796167483075E-5
8601	7.76714547252853E-5
8602	1.1105819136379572E-4
8603	1.0389679308146322E-4
8604	1.5603519737947377E-4
8605	1.4724901363764994E-4
8606	7.228185710555634E-5
8607	1.698814207851909E-4
8608	7.00978604877651E-5
8609	1.5149941292202874E-4
8610	1.4209048201055285E-4
8611	1.7564158367481904E-4
8612	1.2067770805809396E-4
8613	1.6515687773598737E-4
8614	8.383887593666864E-5
8615	1.447599803212127E-4
8616	8.329794838364615E-5
8617	1.2087929961522614E-4
8618	7.880914857597894E-5
8619	1.1244306813442531E-4
8620	1.3321051076558603E-4
8621	1.0846792112715257E-4
8622	1.077323926059096E-4
8623	8.34891410725249E-5
8624	1.3867156111768518E-4
8625	6.28475262081353E-5
8626	8.025216657221588E-5
8627	6.089347794792756E-5
8628	9.228433659264824E-5
8629	8.447597074981908E-5
8630	1.227229682054206E-4
8631	9.534234811686502E-5
8632	1.1391205232266267E-4
8633	9.926944367565183E-5
8634	1.4769422432680802E-4
8635	9.572097441038499E-5
8636	8.657513807863673E-5
8637	7.465813714834729E-5
8638	8.994151613184006E-5
8639	7.179230411199853E-5
8640	8.26690370592419E-5
8641	1.4274468752207816E-4
8642	9.925493218467687E-5
8643	8.875800625077094E-5
8644	1.0597570086061926E-4
8645	5.8282747019672264E-5
8646	1.2109698982676457E-4
8647	6.877001188171934E-5
8648	1.3461959340240254E-4
8649	1.0963061949845585E-4
8650	7.834306450661983E-5
8651	9.416813655263191E-5
8652	1.3167448130669578E-4
8653	1.3129650138025606E-4
8654	3.9737362341856514E-5
8655	1.0051100513241324E-4
8656	1.0044719198371179E-4
8657	7.603503981978478E-5
8658	9.638928741460057E-5
8659	1.118757291581578E-4
8660	7.515740661093154E-5
8661	1.254259285000074E-4
8662	1.1403209099662942E-4
8663	9.63301239612733E-5
8664	7.792378949401264E-5
8665	9.507585981227756E-5
8666	5.883053621165075E-5
8667	9.333259224070286E-5
8668	8.5673719680977E-5
8669	1.240147079633837E-4
8670	7.832066459210303E-5
8671	9.88931332876409E-5
8672	9.537116900095171E-5
8673	6.642704553212585E-5
8674	7.642551182949452E-5
8675	1.0657129923495992E-4
8676	7.907363027941779E-5
8677	1.0129507516098636E-4
8678	5.984489818012849E-5
8679	9.243052704021898E-5
8680	1.0605793019583806E-4
8681	8.923622860463618E-5
8682	1.2930910449838207E-4
8683	6.270570299936063E-5
8684	1.1329461563121436E-4
8685	1.0299922099714542E-4
8686	1.2361618840491212E-4
8687	8.883599802000605E-5
8688	1.1257007694483686E-4
8689	7.140679596922354E-5
8690	6.519643295226419E-5
8691	8.504992748446781E-5
8692	1.2762702374590157E-4
8693	1.0275609795945507E-4
8694	8.961543113882816E-5
8695	7.005008064063463E-5
8696	1.2301316433530434E-4
8697	1.1706575820113547E-4
8698	8.032166307295707E-5
8699	1.2445227736319854E-4
8700	7.541636941263878E-5
8701	1.4458170087020193E-4
8702	9.731270027115021E-5
8703	1.0692907146476403E-4
8704	1.0156035864788287E-4
8705	6.208132931421819E-5
8706	7.385241733644956E-5
8707	7.010374519260659E-5
8708	1.0748349864836818E-4
8709	9.274362651583119E-5
8710	8.977558354550138E-5
8711	1.3860302111280305E-4
8712	5.8990479927746926E-5
8713	7.578658303363245E-5
8714	1.3486473477293466E-4
8715	5.21614387960695E-5
8716	6.360237579213659E-5
8717	9.244414796386903E-5
8718	9.520496015260829E-5
8719	1.0286077053000895E-4
8720	9.939437043236296E-5
8721	1.0452652223424568E-4
8722	1.4230022158203526E-4
8723	6.663620623127743E-5
8724	4.97386907758221E-5
8725	1.2071597476852345E-4
8726	1.220905284186962E-4
8727	9.089500218670873E-5
8728	1.1086999404566811E-4
8729	6.138161433170023E-5
8730	9.006328698894623E-5
8731	1.2799694816351874E-4
8732	1.070683017045292E-4
8733	1.1591537820481017E-4
8734	9.321894425990594E-5
8735	1.1900980036196392E-4
8736	7.794601200076975E-5
8737	1.395067492804451E-4
8738	8.974445908059275E-5
8739	1.3349974416292427E-4
8740	6.550186115164398E-5
8741	9.555435921033097E-5
8742	1.029637528203677E-4
8743	1.433839770620668E-4
8744	7.721016403481037E-5
8745	1.4050400756085817E-4
8746	1.160336441846297E-4
8747	7.297591755750323E-5
8748	1.9152941754333193E-4
8749	4.954476298241734E-5
8750	9.738427339723707E-5
8751	1.3125527669938017E-4
8752	9.481483544804076E-5
8753	6.96678583318647E-5
8754	1.3145238023173943E-4
8755	1.0893345143059806E-4
8756	1.1433746255319129E-4
8757	1.0531397495354142E-4
8758	5.107074982747416E-5
8759	1.3484433604102615E-4
8760	7.70284322521313E-5
8761	7.264923789005813E-5
8762	1.1538842665718032E-4
8763	7.397328146312897E-5
8764	8.42025401683904E-5
8765	5.000130148209506E-5
8766	1.034827955853973E-4
8767	7.048561147847621E-5
8768	8.7603307695553E-5
8769	7.28564929976298E-5
8770	1.1184614210960677E-4
8771	1.0142454501144205E-4
8772	1.1969424374212467E-4
8773	1.3667478031964106E-4
8774	1.0470402504591729E-4
8775	6.87163919412925E-5
8776	6.568295396663382E-5
8777	7.095352010466915E-5
8778	1.2439262037954098E-4
8779	1.1471173337823797E-4
8780	9.079202157156904E-5
8781	1.027120509933429E-4
8782	9.155439214317672E-5
8783	8.614096581710087E-5
8784	1.0124770565017664E-4
8785	1.079659661349003E-4
8786	9.226825926030493E-5
8787	1.2596179181686873E-4
8788	8.807939200985987E-5
8789	9.513916335241012E-5
8790	7.400920038184606E-5
8791	1.3759060514900766E-4
8792	6.386298228978001E-5
8793	7.24877634889155E-5
8794	7.350879395027738E-5
8795	8.415552799438642E-5
8796	5.3194797010067345E-5
8797	8.442966774909189E-5
8798	8.175103200317605E-5
8799	7.988547665301933E-5
8800	1.0133549443512429E-4
8801	1.0009973078490928E-4
8802	1.0512263555635912E-4
8803	1.0488562885649426E-4
8804	1.1899063164592514E-4
8805	6.238041178197112E-5
8806	5.538061856148841E-5
8807	8.667477954438175E-5
8808	1.1039649666904365E-4
8809	1.5578075529321822E-4
8810	1.216526252976596E-4
8811	6.629321384670828E-5
8812	9.689353142690238E-5
8813	8.077664181912465E-5
8814	5.1697864783166826E-5
8815	1.4664730674722261E-4
8816	1.6728516673634832E-4
8817	1.1060414763872206E-4
8818	7.095708214882165E-5
8819	6.373407528586429E-5
8820	7.463406031463624E-5
8821	8.588904879878342E-5
8822	9.69999987327817E-5
8823	1.2535674725567945E-4
8824	1.5240397660513312E-4
8825	9.313850753802325E-5
8826	1.3504275115599573E-4
8827	1.222148411871996E-4
8828	1.2074317771206774E-4
8829	1.0563137092480216E-4
8830	9.8877155916931E-5
8831	9.997602373292466E-5
8832	6.863294852978541E-5
8833	1.0987344042542616E-4
8834	5.337231117867907E-5
8835	1.6629247932921148E-4
8836	1.3515008454849072E-4
8837	1.1326334150158E-4
8838	8.985311422126086E-5
8839	7.172727280960595E-5
8840	9.767450011733197E-5
8841	4.431502131675791E-5
8842	1.2806382492732912E-4
8843	9.731001821567035E-5
8844	8.881059837482746E-5
8845	9.820020216371147E-5
8846	9.083536937918167E-5
8847	1.8496002508568935E-4
8848	8.676984990646947E-5
8849	4.342617972702516E-5
8850	7.243483916869321E-5
8851	1.2299120043642026E-4
8852	1.1605598693581001E-4
8853	6.767538400001517E-5
8854	1.4822231738630316E-4
8855	8.677396099748197E-5
8856	1.059675761838065E-4
8857	6.573732556095215E-5
8858	9.610883272381259E-5
8859	8.294490259760321E-5
8860	1.464980606247986E-4
8861	9.348174579569177E-5
8862	1.0069129309383597E-4
8863	9.10802467709171E-5
8864	1.765712936821963E-4
8865	1.035387447708216E-4
8866	4.942933441008857E-5
8867	1.0212330152024167E-4
8868	1.4400189163674737E-4
8869	1.3671419105046152E-4
8870	1.1876852521347006E-4
8871	9.686414141510654E-5
8872	9.256525274236589E-5
8873	1.2973138733259867E-4
8874	1.1757298870773697E-4
8875	9.334633066848432E-5
8876	1.3221308480247817E-4
8877	1.0446567814134932E-4
8878	1.1866924153159175E-4
8879	8.820033753025252E-5
8880	5.4546234593145646E-5
8881	1.394713984429106E-4
8882	9.873313854459281E-5
8883	9.997500996125592E-5
8884	1.076271140201903E-4
8885	1.2572952010412382E-4
8886	5.862775581491516E-5
8887	1.4711066224185708E-4
8888	1.0290867918204234E-4
8889	1.0366728266928633E-4
8890	6.322078407500824E-5
8891	1.3682244413700098E-4
8892	7.901205440205854E-5
8893	2.0196701968102493E-4
8894	7.733082321002042E-5
8895	1.6306489212321895E-4
8896	1.0119211600395482E-4
8897	1.6718053769036856E-4
8898	1.0701460378858265E-4
8899	1.5268719071788822E-4
8900	7.118737945778642E-5
8901	1.0036131817913725E-4
8902	1.127075572518052E-4
8903	8.438821767137979E-5
8904	1.0277048896529465E-4
8905	8.498669490848547E-5
8906	6.618759905144859E-5
8907	7.197368718588504E-5
8908	8.913595440939473E-5
8909	1.139092517708576E-4
8910	1.2357273953152048E-4
8911	7.916598434001715E-5
8912	9.799541709676232E-5
8913	5.6014141945255195E-5
8914	9.180085105941909E-5
8915	9.477423752510792E-5
8916	1.1589450792283374E-4
8917	1.1236130223287721E-4
8918	8.748943992903237E-5
8919	1.0275810046191504E-4
8920	1.0484564543549291E-4
8921	1.0722851509671812E-4
8922	1.2156526026118575E-4
8923	1.0138527456184228E-4
8924	8.089123104158596E-5
8925	9.183440970160972E-5
8926	7.996746812983886E-5
8927	5.1853634854718695E-5
8928	1.3883100852557053E-4
8929	1.0431621361261952E-4
8930	1.2417523739634477E-4
8931	7.588815282226059E-5
8932	1.3564897146129727E-4
8933	1.1355071403090062E-4
8934	6.94908190439975E-5
8935	9.673164692577489E-5
8936	5.28728709143189E-5
8937	9.618134325928853E-5
8938	1.014606649060231E-4
8939	5.146470606567206E-5
8940	9.306412546109315E-5
8941	1.1247171235242785E-4
8942	6.480440267388292E-5
8943	8.551357913834223E-5
8944	4.7573963990168364E-5
8945	8.820835962783857E-5
8946	1.045057871827899E-4
8947	1.0169640673798312E-4
8948	4.7242653110550247E-5
8949	1.3990483466035653E-4
8950	1.1508699773882665E-4
8951	1.1421251967446532E-4
8952	9.74443702744845E-5
8953	5.80701844342435E-5
8954	8.689655335837432E-5
8955	8.256760241044837E-5
8956	6.903591930506292E-5
8957	1.0282579990752264E-4
8958	6.87795020588145E-5
8959	1.2675135484171705E-4
8960	1.506532104801404E-4
8961	1.0695981191281292E-4
8962	1.1401390787045493E-4
8963	8.58809983811343E-5
8964	9.795661059008988E-5
8965	9.535349747089009E-5
8966	4.710305375279882E-5
8967	9.944153437034664E-5
8968	1.3311434466176488E-4
8969	1.2625121474775955E-4
8970	1.1581814792608305E-4
8971	1.1089753075686994E-4
8972	1.338214444319147E-4
8973	3.6719610432763275E-5
8974	1.4392101389321308E-4
8975	9.150751915080733E-5
8976	9.574305855027844E-5
8977	1.1510791635058384E-4
8978	1.293499611528459E-4
8979	1.5255319714629139E-4
8980	1.3266858470427684E-4
8981	1.3534542521610661E-4
8982	6.482670817216257E-5
8983	7.040472833429084E-5
8984	9.136923815182272E-5
8985	9.315532901341154E-5
8986	1.3352236789465968E-4
8987	1.1996804026976802E-4
8988	1.0180466974462474E-4
8989	8.569496653011759E-5
8990	9.741672429836521E-5
8991	1.322619614914578E-4
8992	1.065559390815199E-4
8993	6.928815005475347E-5
8994	9.858409880448746E-5
8995	8.91690546066645E-5
8996	8.367081442757578E-5
8997	7.202346454856244E-5
8998	6.631891761527544E-5
8999	1.198117109576307E-4
9000	1.264498244571148E-4
9001	7.91164950415277E-5
9002	1.3678356532509448E-4
9003	1.2794275149128655E-4
9004	1.1598923933188403E-4
9005	1.465734315873297E-4
9006	9.515620371215043E-5
9007	1.0556895168123489E-4
9008	5.93662043467896E-5
9009	6.971362822625712E-5
9010	9.627496913548164E-5
9011	1.1194234145720572E-4
9012	6.822799906987168E-5
9013	1.076779934575147E-4
9014	5.906733326581376E-5
9015	1.4099346947603269E-4
9016	8.26473715818012E-5
9017	8.31862206430282E-5
9018	7.284275213517113E-5
9019	6.723363993196211E-5
9020	1.2557720794632442E-4
9021	6.188990182961008E-5
9022	1.2145888091166166E-4
9023	9.686545923866472E-5
9024	6.756103725387698E-5
9025	1.2937419628095102E-4
9026	1.3262932828450857E-4
9027	1.1356910585186981E-4
9028	1.373610171136147E-4
9029	1.0135154993946774E-4
9030	1.2712951060561014E-4
9031	5.122828080323006E-5
9032	1.2923564194864304E-4
9033	7.952314214551467E-5
9034	1.5222813759968178E-4
9035	7.978257619456893E-5
9036	5.1979804100279815E-5
9037	8.646145692074959E-5
9038	8.028114903816308E-5
9039	9.855371652996983E-5
9040	1.2283181697490957E-4
9041	1.6638674993754205E-4
9042	7.255688251805297E-5
9043	7.491789759268955E-5
9044	7.168892545222932E-5
9045	9.556485341158609E-5
9046	1.4341528014310997E-4
9047	1.0844390162965428E-4
9048	1.1248940714764268E-4
9049	6.615077993358489E-5
9050	1.3461521268352833E-4
9051	9.346007488708746E-5
9052	5.88769883185285E-5
9053	7.442608406073753E-5
9054	6.06413847382896E-5
9055	9.972077446150724E-5
9056	1.0984660875089693E-4
9057	8.874313516314626E-5
9058	6.0830156453446836E-5
9059	1.416871298042562E-4
9060	9.40258049717345E-5
9061	9.636308762289947E-5
9062	9.3660578641395E-5
9063	9.055147232322007E-5
9064	1.0346731958849101E-4
9065	6.80868174411684E-5
9066	1.0164593508274713E-4
9067	7.10302585123758E-5
9068	1.0876357261647506E-4
9069	1.0359395055418725E-4
9070	1.4953531812128863E-4
9071	1.1830814507347696E-4
9072	7.566077898949254E-5
9073	1.0873096364083064E-4
9074	1.400944093133883E-4
9075	1.2234419933125442E-4
9076	1.6930217444703887E-4
9077	1.0906033794552371E-4
9078	8.732078392467552E-5
9079	9.86206118701514E-5
9080	8.281411256607091E-5
9081	1.5016293575327103E-4
9082	9.885302073467506E-5
9083	6.944552773208757E-5
9084	1.0214225725004004E-4
9085	1.1404695265765746E-4
9086	1.6114123799501043E-4
9087	9.459539617722168E-5
9088	7.630087059288107E-5
9089	5.0144934788790435E-5
9090	1.1153256679497615E-4
9091	9.42035988180535E-5
9092	1.0405421881494555E-4
9093	7.348606776472208E-5
9094	9.94279261779056E-5
9095	4.8419707194623186E-5
9096	1.1461544938473484E-4
9097	9.810869357608917E-5
9098	6.55379329244059E-5
9099	8.276309832522678E-5
9100	9.322950902307322E-5
9101	8.229887166210445E-5
9102	1.3968041481340605E-4
9103	1.0745760610569795E-4
9104	8.749276509861017E-5
9105	1.1650604117932388E-4
9106	1.149425187176954E-4
9107	8.541116817411188E-5
9108	1.3355816733905148E-4
9109	9.834365723666875E-5
9110	6.151715530504487E-5
9111	1.6207950828809776E-4
9112	6.886481887085246E-5
9113	5.448597830443274E-5
9114	1.2645171912487152E-4
9115	1.656361232757868E-4
9116	9.434707065267818E-5
9117	1.30025193176763E-4
9118	1.1800753208631234E-4
9119	6.319528756699953E-5
9120	1.3513195165885825E-4
9121	1.4009904282791927E-4
9122	1.0476149747576257E-4
9123	1.0508521072980963E-4
9124	8.899768580921739E-5
9125	1.7305554328333933E-4
9126	5.690759833838588E-5
9127	9.289002228689161E-5
9128	1.1189298769337775E-4
9129	7.640305822520854E-5
9130	1.5460350137918747E-4
9131	1.2947574959856344E-4
9132	4.2175717730948264E-5
9133	6.353487997935221E-5
9134	9.373654468021412E-5
9135	1.1057594040979793E-4
9136	7.879342380584433E-5
9137	1.0318326218624978E-4
9138	9.011279918539398E-5
9139	1.1046460334279758E-4
9140	7.372816999548593E-5
9141	1.5153652207366435E-4
9142	1.1656943583606025E-4
9143	1.0716091317522706E-4
9144	6.0065313128698306E-5
9145	1.5746501493387125E-4
9146	8.538848793232893E-5
9147	1.0758783732044408E-4
9148	8.405045191463338E-5
9149	1.1992211305975021E-4
9150	9.667197376680079E-5
9151	9.459987644122054E-5
9152	8.682979592568828E-5
9153	6.319513986275494E-5
9154	7.383949682975203E-5
9155	4.680629108658623E-5
9156	6.669843403217228E-5
9157	1.4290905220341128E-4
9158	7.662160136755902E-5
9159	1.2085559882445417E-4
9160	8.439571853959461E-5
9161	1.290608747933654E-4
9162	1.1089670532729436E-4
9163	1.4649087923912735E-4
9164	1.4017862917341806E-4
9165	4.740489691777546E-5
9166	5.164155522640858E-5
9167	1.1826078224808333E-4
9168	1.1429396019534164E-4
9169	9.73700459391916E-5
9170	1.1808221114691623E-4
9171	9.04657711387765E-5
9172	1.0478464247471563E-4
9173	6.913732867223225E-5
9174	1.0224907181992597E-4
9175	7.189315941471202E-5
9176	1.1500466442781658E-4
9177	7.000776571791282E-5
9178	1.1089002786001341E-4
9179	9.844391334044954E-5
9180	8.715931318455903E-5
9181	6.708619339893893E-5
9182	1.278369996840072E-4
9183	9.073973950159956E-5
9184	9.457583689428566E-5
9185	6.0019861781327366E-5
9186	5.476189343715888E-5
9187	1.7513235527131943E-4
9188	9.018966320881991E-5
9189	8.635063831828505E-5
9190	1.277910058217558E-4
9191	1.0440417074416171E-4
9192	8.457058892485882E-5
9193	5.110099126636965E-5
9194	1.4031184055240278E-4
9195	7.452307424402977E-5
9196	4.866778616025567E-5
9197	6.977509719134798E-5
9198	9.670978258070143E-5
9199	9.893367320412843E-5
9200	4.764037915918602E-5
9201	1.1422376319289107E-4
9202	1.495527773686531E-4
9203	1.3049573963071532E-4
9204	1.0214300635575727E-4
9205	8.625945750169538E-5
9206	7.202556495498418E-5
9207	1.0589609526842083E-4
9208	9.769336706081654E-5
9209	4.5262078038138636E-5
9210	7.62007810995448E-5
9211	1.0988662143216689E-4
9212	6.950826487736463E-5
9213	9.168797015746953E-5
9214	8.217584748479116E-5
9215	6.393522536839773E-5
9216	8.598525221295343E-5
9217	7.688100164594702E-5
9218	1.1519118766666425E-4
9219	1.0201735687520809E-4
9220	1.4907117470614286E-4
9221	1.097344833421529E-4
9222	1.1299159321732809E-4
9223	4.272838101038354E-5
9224	8.023192446556443E-5
9225	8.120537410547065E-5
9226	1.2845427671539782E-4
9227	1.360862067953469E-4
9228	1.2013245845973575E-4
9229	1.440746233618346E-4
9230	1.0022958739801847E-4
9231	1.5079373861355783E-4
9232	1.1911503286668858E-4
9233	1.350043196388464E-4
9234	8.480179477201093E-5
9235	9.175746522072618E-5
9236	9.237792064413193E-5
9237	1.852596152365869E-4
9238	6.504258163050638E-5
9239	5.743372846399078E-5
9240	7.57296701171529E-5
9241	8.506439947429708E-5
9242	6.0192766875016664E-5
9243	1.289172429116568E-4
9244	1.2996759622023796E-4
9245	1.0284252326729415E-4
9246	9.160833883620141E-5
9247	9.32430272126844E-5
9248	1.1031906596022704E-4
9249	5.3783900858454656E-5
9250	9.679277981306036E-5
9251	1.0544324257679414E-4
9252	1.207629240995885E-4
9253	9.990619239283818E-5
9254	7.311831019516503E-5
9255	8.696860170155621E-5
9256	1.0411172038136515E-4
9257	1.2397767986645225E-4
9258	1.0189519781349823E-4
9259	4.8133238626874E-5
9260	1.1398781982388656E-4
9261	4.9044145449470746E-5
9262	8.484446314024472E-5
9263	9.153814897087713E-5
9264	9.561491039769008E-5
9265	1.0439918628679827E-4
9266	9.680598233283646E-5
9267	1.5739092884232682E-4
9268	9.851251499740688E-5
9269	1.440782594812583E-4
9270	1.4161444695776358E-4
9271	1.129149773518054E-4
9272	1.2303234303649287E-4
9273	1.0785257961378112E-4
9274	9.665986008514878E-5
9275	1.3109133412367272E-4
9276	6.137766408064526E-5
9277	1.3025733414002245E-4
9278	7.81353048159134E-5
9279	1.0042670278986026E-4
9280	8.824917079939688E-5
9281	9.798703923261088E-5
9282	7.780442452231821E-5
9283	8.880178147625563E-5
9284	8.341327479056995E-5
9285	1.0281178392656365E-4
9286	1.3036002720636953E-4
9287	9.831155834768018E-5
9288	8.90080448126694E-5
9289	6.955226030497172E-5
9290	1.1777238314724631E-4
9291	1.1850648962746877E-4
9292	8.715481090025425E-5
9293	1.3596427442702546E-4
9294	1.3325654490449102E-4
9295	1.4982170142983795E-4
9296	1.1072362534536096E-4
9297	1.4079467280314205E-4
9298	9.67065421425032E-5
9299	9.286455143779255E-5
9300	8.572163415074749E-5
9301	7.737557851471864E-5
9302	9.715885454776193E-5
9303	1.0268569615909539E-4
9304	1.6684695268207316E-4
9305	1.8474264459475043E-4
9306	8.461851766501678E-5
9307	7.450471624542258E-5
9308	1.0306572798238588E-4
9309	1.2152108814763487E-4
9310	8.885815506463326E-5
9311	1.292258232782827E-4
9312	6.391837161751781E-5
9313	8.726114177662091E-5
9314	1.019427128636844E-4
9315	1.1136316355328819E-4
9316	1.6048464559357306E-4
9317	1.2841006138050582E-4
9318	1.0092757251735726E-4
9319	1.2813325101874109E-4
9320	1.1419083908813504E-4
9321	5.721859440711851E-5
9322	1.1616898776847911E-4
9323	1.1239784445524428E-4
9324	7.65447911634548E-5
9325	7.845276648979932E-5
9326	1.1923902213440197E-4
9327	8.039424057017244E-5
9328	8.322241035756818E-5
9329	1.0693023884077109E-4
9330	1.1098511802714686E-4
9331	1.0916651506277019E-4
9332	1.1409282170694602E-4
9333	9.560630185345608E-5
9334	1.122955817650169E-4
9335	1.0829483928730407E-4
9336	9.774841534102392E-5
9337	1.014883969664612E-4
9338	8.845223057800648E-5
9339	1.0413398894896924E-4
9340	8.88100192550376E-5
9341	8.01326626241368E-5
9342	1.242064266494852E-4
9343	7.674193754464445E-5
9344	1.478721631397608E-4
9345	9.155693556266769E-5
9346	7.906319135768923E-5
9347	1.7034998541478355E-4
9348	8.956234559918479E-5
9349	1.0128640266553907E-4
9350	8.963135623386334E-5
9351	3.298447649963474E-5
9352	9.422394027578017E-5
9353	9.945771929791354E-5
9354	9.443454274431538E-5
9355	1.0072878241197175E-4
9356	7.330810616964581E-5
9357	1.1353907626083224E-4
9358	1.1648420185224316E-4
9359	1.5460961365366737E-4
9360	6.171461359758485E-5
9361	8.719189291280565E-5
9362	5.894321267480368E-5
9363	5.3353090414172394E-5
9364	7.070797295073621E-5
9365	1.0861671950058184E-4
9366	6.026161773559501E-5
9367	9.603597652614815E-5
9368	1.408336221646084E-4
9369	4.8713123006043894E-5
9370	1.0845143857397477E-4
9371	9.048280268061548E-5
9372	6.662201734044126E-5
9373	6.0189447686038044E-5
9374	8.278713791674021E-5
9375	8.027706191540175E-5
9376	1.5921666110103736E-4
9377	7.18257294082572E-5
9378	1.617656485371748E-4
9379	9.349580365127632E-5
9380	1.459977002715511E-4
9381	8.697689153690393E-5
9382	8.81277482928191E-5
9383	1.153914633204734E-4
9384	5.110971691936633E-5
9385	9.98204205256982E-5
9386	1.1438087153175025E-4
9387	1.376550397594809E-4
9388	8.935998221442202E-5
9389	9.230640587347329E-5
9390	1.180038250769656E-4
9391	9.629986548440335E-5
9392	8.103227422449043E-5
9393	1.3056372180068605E-4
9394	1.0017030493314889E-4
9395	9.537143954217203E-5
9396	7.414839082815858E-5
9397	7.241039889744591E-5
9398	7.44005110617097E-5
9399	1.0129811667300689E-4
9400	8.647176834378959E-5
9401	4.6840767675745664E-5
9402	1.3412996431027391E-4
9403	1.3991737410709516E-4
9404	1.3381271162516122E-4
9405	1.2147094366567035E-4
9406	7.991979179068321E-5
9407	7.532733436930222E-5
9408	7.169812605530604E-5
9409	1.216184073528739E-4
9410	7.046527521976597E-5
9411	1.0158585012842794E-4
9412	1.480288578492995E-4
9413	9.453476790235601E-5
9414	1.005955275169038E-4
9415	1.0754899268157344E-4
9416	7.228522818909333E-5
9417	1.547996247225583E-4
9418	6.435158709808176E-5
9419	1.3185534206899176E-4
9420	1.6427643894782292E-4
9421	6.704589840608812E-5
9422	1.1858194994654223E-4
9423	7.494989014006791E-5
9424	9.80656158483812E-5
9425	1.1757632686874541E-4
9426	1.0916081770244036E-4
9427	1.0668433240948355E-4
9428	1.0520929604478564E-4
9429	1.1545624626166995E-4
9430	8.116631174266418E-5
9431	1.0274777721069956E-4
9432	1.0597797656072954E-4
9433	1.0501319984824819E-4
9434	1.0244348104406116E-4
9435	5.2189610970961694E-5
9436	8.676771642311971E-5
9437	3.8919520528390056E-5
9438	8.606217091391218E-5
9439	9.397674617991768E-5
9440	1.233839103456127E-4
9441	1.1611476046539522E-4
9442	9.661797446247172E-5
9443	1.2911622230996154E-4
9444	6.638479171579054E-5
9445	6.161261925828223E-5
9446	6.84145771711642E-5
9447	9.267430364615735E-5
9448	6.616753633681108E-5
9449	7.371877763582794E-5
9450	1.1944666791507001E-4
9451	9.650560600867115E-5
9452	1.0275527665603817E-4
9453	6.868809285281144E-5
9454	1.5573609281292132E-4
9455	6.853852263109708E-5
9456	1.2053145761292222E-4
9457	8.004544411543037E-5
9458	1.2570623208596647E-4
9459	1.6106997126351394E-4
9460	1.8903282945088756E-4
9461	8.673782361566588E-5
9462	1.0357030897917886E-4
9463	6.689093214299161E-5
9464	1.0341913043759106E-4
9465	1.0267352376008763E-4
9466	1.0533289507765467E-4
9467	7.93426711251072E-5
9468	5.799163872083285E-5
9469	1.4999731553357577E-4
9470	1.1723576762012892E-4
9471	1.3282444893048854E-4
9472	8.309278227279993E-5
9473	1.0670617472268737E-4
9474	8.060789790131203E-5
9475	1.0438174292858943E-4
9476	6.746371068903082E-5
9477	9.072013046007514E-5
9478	1.5282168690528618E-4
9479	1.3157739983618686E-4
9480	9.224810185867425E-5
9481	9.935840674391923E-5
9482	9.554268967256107E-5
9483	1.700996559848129E-4
9484	1.1799751425691177E-4
9485	9.91080811486852E-5
9486	9.783920114463404E-5
9487	7.833215818530864E-5
9488	7.555759774930239E-5
9489	9.170322661965369E-5
9490	1.43385229669853E-4
9491	7.484905553238403E-5
9492	1.017948367515916E-4
9493	1.583285438496068E-4
9494	1.0782203770799562E-4
9495	9.183908812841796E-5
9496	1.1273520586514855E-4
9497	1.1029207434358319E-4
9498	6.065460368248404E-5
9499	7.833689130290448E-5
9500	7.698024520932936E-5
9501	6.482542576556274E-5
9502	1.520131805731922E-4
9503	1.0398174998178422E-4
9504	9.3233397242356E-5
9505	1.4147423418637862E-4
9506	9.955288974323403E-5
9507	9.191005730452565E-5
9508	5.420258341084346E-5
9509	1.443073636840261E-4
9510	1.2651006464118111E-4
9511	1.1014818004343439E-4
9512	9.176194172330454E-5
9513	7.26441980340892E-5
9514	2.123966404330854E-4
9515	1.3878748323254547E-4
9516	1.1505577159529513E-4
9517	1.33509412971792E-4
9518	8.44666032160435E-5
9519	1.1993658713349202E-4
9520	7.50327097333285E-5
9521	1.1727098291395919E-4
9522	1.1214921377612034E-4
9523	1.3740612203864136E-4
9524	1.273279159428307E-4
9525	1.0287136288864707E-4
9526	1.1331102632431942E-4
9527	4.3534440185491275E-5
9528	9.607581052017396E-5
9529	1.0804230767108921E-4
9530	5.217166907877825E-5
9531	8.80908871947289E-5
9532	8.507628460642721E-5
9533	1.3041878106019093E-4
9534	9.789443874390207E-5
9535	8.745841475293659E-5
9536	1.2346756470833144E-4
9537	1.5512320773107823E-4
9538	7.118832704781821E-5
9539	1.0828621559921852E-4
9540	7.590171872881548E-5
9541	1.179968027834118E-4
9542	1.1826061102458666E-4
9543	6.499957225092122E-5
9544	1.1634108821664015E-4
9545	6.437314782426418E-5
9546	8.768452182550903E-5
9547	7.235133769468522E-5
9548	8.931746428112262E-5
9549	1.219531878093152E-4
9550	8.355922875073709E-5
9551	6.657166750268039E-5
9552	1.1000751612743512E-4
9553	1.3769682670812706E-4
9554	1.2048778586323354E-4
9555	1.0503062694138026E-4
9556	8.637783402801485E-5
9557	7.975511090638955E-5
9558	8.149293575544851E-5
9559	8.722367544509347E-5
9560	7.123454545680059E-5
9561	1.6286265129085054E-4
9562	4.445071341457121E-5
9563	1.2069677335972164E-4
9564	2.2982688582987067E-4
9565	1.1132727285813488E-4
9566	1.1805727522467657E-4
9567	7.39180344821338E-5
9568	7.360994131324415E-5
9569	1.32278183139358E-4
9570	6.318260821024273E-5
9571	9.388117537712385E-5
9572	1.470049374888635E-4
9573	1.399078588235464E-4
9574	1.0742580293672072E-4
9575	1.0056215237975808E-4
9576	1.0702435279810019E-4
9577	7.316779850017597E-5
9578	7.709692815312354E-5
9579	1.3595511394352909E-4
9580	1.0222724704691057E-4
9581	4.260085024926638E-5
9582	8.227225923450913E-5
9583	1.0379779643165052E-4
9584	1.012787296320145E-4
9585	6.581705308492472E-5
9586	1.1467604110060854E-4
9587	4.7623548053163854E-5
9588	5.0595255073435836E-5
9589	1.0152531709888601E-4
9590	8.148899093360282E-5
9591	1.2216575102966097E-4
9592	1.250319092393786E-4
9593	1.1667948722240589E-4
9594	1.0534850890367106E-4
9595	8.25121306533062E-5
9596	1.7970939552068257E-4
9597	1.1722738387370734E-4
9598	8.009387046882702E-5
9599	1.1177201987101437E-4
9600	6.18036547355759E-5
9601	1.2832414703950904E-4
9602	8.078287881912008E-5
9603	6.201215104035854E-5
9604	6.955850237934865E-5
9605	1.1983989792983834E-4
9606	7.033847670107391E-5
9607	1.2041226571888475E-4
9608	1.0004716432272357E-4
9609	7.375090691744706E-5
9610	9.957255484495492E-5
9611	7.376439041117327E-5
9612	7.474543303467656E-5
9613	1.5287824134074585E-4
9614	8.744100476759504E-5
9615	5.277408908133963E-5
9616	1.4695022566295205E-4
9617	1.1786741851967001E-4
9618	8.108586900856963E-5
9619	1.3301280528827045E-4
9620	1.2200775808586197E-4
9621	1.1193554016838544E-4
9622	7.207951950291814E-5
9623	9.102709493128071E-5
9624	1.0736569689925875E-4
9625	1.4512022325567154E-4
9626	9.117690014935299E-5
9627	8.612833732860186E-5
9628	6.90116048343251E-5
9629	1.012868031556145E-4
9630	1.2189328290354386E-4
9631	9.472943138751369E-5
9632	5.9392943583153523E-5
9633	7.413408663171522E-5
9634	1.50162297767212E-4
9635	9.94813351061321E-5
9636	1.221669509001321E-4
9637	1.1031902620412208E-4
9638	7.007757433370187E-5
9639	6.839323843790712E-5
9640	7.473183234504288E-5
9641	1.2356480525878687E-4
9642	8.047754043734067E-5
9643	1.2280733956257205E-4
9644	9.73115118963425E-5
9645	1.1865342279965633E-4
9646	9.376898368472641E-5
9647	1.417356972584256E-4
9648	1.3531438318767358E-4
9649	7.721850124451596E-5
9650	1.0163286574570767E-4
9651	9.376394465137122E-5
9652	8.743375590265038E-5
9653	1.0484505198082854E-4
9654	1.534139384646893E-4
9655	5.997516262103093E-5
9656	1.204654352314162E-4
9657	9.855094302273469E-5
9658	8.977578675996654E-5
9659	8.55142344758655E-5
9660	7.706706907852742E-5
9661	7.119765864271376E-5
9662	1.1942773890460237E-4
9663	9.40069435230779E-5
9664	5.066851688570208E-5
9665	1.02180138839999E-4
9666	6.543182506418722E-5
9667	8.219955887456199E-5
9668	7.22103366106569E-5
9669	9.518214720265135E-5
9670	8.212164047016858E-5
9671	6.289283111456239E-5
9672	7.897275509421212E-5
9673	1.3562284228950646E-4
9674	1.169691111115744E-4
9675	1.0982497301257002E-4
9676	1.2693560383483614E-4
9677	1.670874715830747E-4
9678	1.1257062151767833E-4
9679	8.321481081555029E-5
9680	6.622697398363036E-5
9681	8.993748722732194E-5
9682	1.122248726495088E-4
9683	9.065764097075169E-5
9684	5.5934180195840505E-5
9685	1.2399724601556088E-4
9686	5.4517297201573525E-5
9687	8.991482077717457E-5
9688	8.377066137158577E-5
9689	9.740309409520064E-5
9690	7.325013089660969E-5
9691	8.804292046774861E-5
9692	1.1758276743459169E-4
9693	5.812338247457874E-5
9694	1.0487893019339859E-4
9695	1.1108872770819416E-4
9696	1.1868467149710025E-4
9697	6.166512614744042E-5
9698	9.054748979861563E-5
9699	1.8677406370111967E-4
9700	8.487225574649863E-5
9701	1.1994858308691917E-4
9702	6.72909227385746E-5
9703	1.6495286727785552E-4
9704	6.880797486190045E-5
9705	1.0166296702082854E-4
9706	6.504180003697333E-5
9707	5.388041768859275E-5
9708	9.464374948060133E-5
9709	1.4851035904286337E-4
9710	6.390847805963245E-5
9711	3.780579678714261E-5
9712	1.1973548137728495E-4
9713	8.000703057317925E-5
9714	7.128635699573969E-5
9715	5.9676992295846595E-5
9716	1.21930076228919E-4
9717	7.060519354915953E-5
9718	1.3322609544502237E-4
9719	8.021102097689547E-5
9720	1.1806926039817492E-4
9721	8.229409984367395E-5
9722	1.3415373680122835E-4
9723	1.1818038212462292E-4
9724	1.3742654349027843E-4
9725	9.334087702017492E-5
9726	1.017558565305512E-4
9727	1.200420087653103E-4
9728	9.570046738104109E-5
9729	1.033760701172774E-4
9730	1.0478796193846428E-4
9731	7.838286969211513E-5
9732	1.4807330448957445E-4
9733	7.113743297842643E-5
9734	7.203443054359551E-5
9735	9.186894436306414E-5
9736	6.91858130016811E-5
9737	7.88638543867648E-5
9738	9.698836930643668E-5
9739	8.88408283747131E-5
9740	1.1516051894937918E-4
9741	8.58228517016773E-5
9742	8.30939035341764E-5
9743	1.296911673313745E-4
9744	1.0716946455415112E-4
9745	1.196334614958412E-4
9746	6.727345676952771E-5
9747	1.2922979013132446E-4
9748	1.351101122285834E-4
9749	6.72315448177989E-5
9750	8.7379161823407E-5
9751	1.2330109463840736E-4
9752	8.460998849256112E-5
9753	8.473458741509873E-5
9754	8.630707510282031E-5
9755	8.789616871919592E-5
9756	8.661946377073994E-5
9757	1.0395259475866284E-4
9758	6.93703443275997E-5
9759	1.0212895475349538E-4
9760	9.37784566925521E-5
9761	1.4480082560102984E-4
9762	6.900235240234217E-5
9763	5.907020685517288E-5
9764	1.4341316437796732E-4
9765	7.59550703331016E-5
9766	6.751940802702303E-5
9767	1.234913404641347E-4
9768	9.421721739219082E-5
9769	1.2106371774895038E-4
9770	6.051893123225128E-5
9771	7.919953270622285E-5
9772	1.494280897493484E-4
9773	8.695944115046543E-5
9774	1.2362745032570813E-4
9775	9.454977163211566E-5
9776	1.4797572473659125E-4
9777	1.415552081175614E-4
9778	1.1824205348901393E-4
9779	2.0846650158902705E-4
9780	1.4585231587797297E-4
9781	5.638838383567681E-5
9782	9.696227985101988E-5
9783	9.865886698365357E-5
9784	1.0553221727011362E-4
9785	9.714545088958762E-5
9786	1.1464053406420424E-4
9787	8.584716117620626E-5
9788	1.2126413627227563E-4
9789	6.936892145199354E-5
9790	1.2309297298441506E-4
9791	1.1073559179057079E-4
9792	1.1850806320277388E-4
9793	6.893548084460283E-5
9794	6.384406304051291E-5
9795	9.709097549243986E-5
9796	1.3384985455425373E-4
9797	1.1455870241244387E-4
9798	9.043272531461894E-5
9799	7.957931191067492E-5
9800	1.400738646882912E-4
9801	9.955008348383724E-5
9802	1.1098231963318644E-4
9803	1.3636176539295989E-4
9804	1.516636023389695E-4
9805	8.354259317099207E-5
9806	9.555183668448064E-5
9807	8.163233351851991E-5
9808	9.135710005976553E-5
9809	9.281551397597223E-5
9810	1.4710462432625048E-4
9811	8.863940494930486E-5
9812	5.9967510235248506E-5
9813	7.568110821312373E-5
9814	4.6076532652304334E-5
9815	4.237679624909497E-5
9816	8.195032029161826E-5
9817	1.0815836481935294E-4
9818	9.140918973590156E-5
9819	6.893070012153055E-5
9820	1.3391364277037197E-4
9821	9.166630714778141E-5
9822	9.277465429692777E-5
9823	1.672136419996448E-4
9824	7.198688788428938E-5
9825	1.13762043390314E-4
9826	9.571158343334091E-5
9827	1.0099891963167811E-4
9828	6.546691455675102E-5
9829	1.1286944969173622E-4
9830	8.588658219164114E-5
9831	1.2035051633768929E-4
9832	1.1802693521639961E-4
9833	7.156491782012141E-5
9834	6.571243249237402E-5
9835	5.8234571689696313E-5
9836	9.497597074537717E-5
9837	1.4166639282844966E-4
9838	1.1437869156132436E-4
9839	5.2537963225087726E-5
9840	1.0963846181532045E-4
9841	1.50012006249076E-4
9842	6.586574943454317E-5
9843	1.0624173446530391E-4
9844	7.15334861226044E-5
9845	1.0534928523332797E-4
9846	1.3061527439673818E-4
9847	9.974111926989926E-5
9848	9.616404553702177E-5
9849	6.676908592939817E-5
9850	8.546635171191291E-5
9851	1.5743320877849244E-4
9852	1.1654752262030172E-4
9853	1.2371211649493848E-4
9854	1.2083564708499899E-4
9855	1.0175477294421531E-4
9856	7.917634644413887E-5
9857	9.492855110798926E-5
9858	1.0785733784581433E-4
9859	8.818835718453793E-5
9860	8.969689863683684E-5
9861	9.91593971930178E-5
9862	4.373232013953743E-5
9863	1.2359679897232554E-4
9864	7.797676118280399E-5
9865	1.0019998343754049E-4
9866	1.1267056632599772E-4
9867	8.297977876419589E-5
9868	1.4324774619780888E-4
9869	9.143257723980443E-5
9870	6.84508815853393E-5
9871	1.2057643346636711E-4
9872	1.0420159678925411E-4
9873	1.041982919512863E-4
9874	1.2060763221791503E-4
9875	9.442096060960779E-5
9876	7.97069361969864E-5
9877	4.9992401021646654E-5
9878	1.0345303846581845E-4
9879	1.053089611460519E-4
9880	9.261205842776878E-5
9881	1.3528573787666766E-4
9882	9.476297309825649E-5
9883	9.296986704670879E-5
9884	6.85489876256478E-5
9885	1.360958168793558E-4
9886	9.664037173995983E-5
9887	3.598973990407717E-5
9888	5.139618279103778E-5
9889	8.593605125418164E-5
9890	1.5942195647397425E-4
9891	1.1018084502389551E-4
9892	8.044762757774011E-5
9893	1.2712027239886121E-4
9894	1.4781723034928626E-4
9895	7.3670052783392E-5
9896	6.645651775695869E-5
9897	7.017724879823339E-5
9898	9.602456806397305E-5
9899	8.417385861319375E-5
9900	7.624074200859532E-5
9901	9.945793034868572E-5
9902	7.049793360415099E-5
9903	8.673830927038387E-5
9904	1.3202047548321964E-4
9905	8.74940226904328E-5
9906	9.934771504255118E-5
9907	1.3631298996408624E-4
9908	4.3520435176563306E-5
9909	8.612491891004656E-5
9910	8.877048900952364E-5
9911	8.78317541237489E-5
9912	1.1602714178151842E-4
9913	7.652808403085722E-5
9914	1.105434309689882E-4
9915	1.4138478475406695E-4
9916	7.382297171135041E-5
9917	1.2058015593978257E-4
9918	1.3146149771882615E-4
9919	1.3087434637653537E-4
9920	1.1033727395848682E-4
9921	6.444848439599257E-5
9922	9.05311607560594E-5
9923	9.025230892039076E-5
9924	9.635878589611366E-5
9925	1.9354750516333949E-4
9926	1.1174098472123765E-4
9927	1.7837147860554374E-4
9928	8.365591624637749E-5
9929	1.0095451685023875E-4
9930	1.024707275328565E-4
9931	1.3964066089702088E-4
9932	7.299003960792148E-5
9933	7.54025127353076E-5
9934	1.5223596864947893E-4
9935	8.054894998659913E-5
9936	1.2766206028437923E-4
9937	4.837933837434085E-5
9938	1.8221205517797827E-4
9939	1.097979435806237E-4
9940	1.220299523331846E-4
9941	7.616791448488585E-5
9942	6.51346828195955E-5
9943	7.886204920478809E-5
9944	1.0062092541951971E-4
9945	8.955020364605097E-5
9946	9.182228710690438E-5
9947	8.49952885696555E-5
9948	1.0798403015491455E-4
9949	1.1572591043426076E-4
9950	1.5594684587508448E-4
9951	7.851751348666361E-5
9952	8.202566207131074E-5
9953	1.0400488726767792E-4
9954	6.566892920715714E-5
9955	1.2104702823998382E-4
9956	9.579908996653876E-5
9957	1.102039800498756E-4
9958	7.835358139216062E-5
9959	1.0024868872609308E-4
9960	1.4967521233084176E-4
9961	1.0104843351494345E-4
9962	8.013144602028488E-5
9963	1.407933530446651E-4
9964	8.455231070877539E-5
9965	1.2352339404419514E-4
9966	4.925499652433465E-5
9967	1.208250181516646E-4
9968	7.437684453602347E-5
9969	8.814371093872426E-5
9970	7.716132201135931E-5
9971	9.933112650232127E-5
9972	9.152950715572158E-5
9973	1.0253585254404124E-4
9974	1.1823997346213869E-4
9975	6.749155859931362E-5
9976	1.150431706910695E-4
9977	1.253870838485534E-4
9978	8.244116640063976E-5
9979	9.123130111653578E-5
9980	1.3233435832266138E-4
9981	1.0442365804117434E-4
9982	9.381122554719273E-5
9983	1.0273887740134071E-4
9984	9.535036752528695E-5
9985	9.13854102677755E-5
9986	7.101686500157395E-5
9987	8.840166285100638E-5
9988	1.179268119549625E-4
9989	1.7985690661216053E-4
9990	9.946133928503862E-5
9991	1.1186973099021776E-4
9992	1.385430068103492E-4
9993	1.0086382522750169E-4
9994	1.0413102135960625E-4
9995	1.462509909954398E-4
9996	1.2318586829551954E-4
9997	1.4774901798320447E-4
9998	9.834901116530645E-5
9999	5.979404233173978E-5
